case_id,cse_id,alert_id,created_at,investigation_started_at,closed_at,priority,investigation_summary,evidence_count,closure_reason,root_cause,remediation_status,reviewer_id
CSE-01-CASE-0001,CSE-01,CSE-01-ALT-0001,2026-08-09T00:38:00Z,2026-08-09T00:42:00Z,2026-08-09T02:29:00Z,Medium,"Investigated suspicious Malware activity on CSE-01-AST-002. Host quarantine verified, memory strings analyzed, credentials rotated for user domain accounts. Incident mitigated cleanly.",5,Resolved by Standard Triage,Root vulnerability in service module on CSE-01-AST-002,Completed,LEAD-REV-01
CSE-01-CASE-0002,CSE-01,CSE-01-ALT-0002,2026-08-16T02:17:00Z,2026-08-16T02:20:00Z,2026-08-16T02:57:00Z,Medium,"Investigated suspicious Denial of Service activity on CSE-01-AST-003. Host quarantine verified, memory strings analyzed, credentials rotated for user domain accounts. Incident mitigated cleanly.",5,Resolved by Standard Triage,Root vulnerability in service module on CSE-01-AST-003,Completed,LEAD-REV-01
CSE-01-CASE-0003,CSE-01,CSE-01-ALT-0003,2026-08-09T12:13:00Z,2026-08-09T12:15:00Z,2026-08-09T13:36:00Z,High,"Investigated suspicious Denial of Service activity on CSE-01-AST-004. Host quarantine verified, memory strings analyzed, credentials rotated for user domain accounts. Incident mitigated cleanly.",5,Resolved by Standard Triage,Root vulnerability in service module on CSE-01-AST-004,Completed,LEAD-REV-01
CSE-01-CASE-0004,CSE-01,CSE-01-ALT-0004,2026-08-12T19:38:00Z,2026-08-12T19:46:00Z,2026-08-12T20:23:00Z,Medium,"Investigated suspicious Lateral Movement activity on CSE-01-AST-005. Host quarantine verified, memory strings analyzed, credentials rotated for user domain accounts. Incident mitigated cleanly.",2,Resolved by Standard Triage,Root vulnerability in service module on CSE-01-AST-005,Completed,LEAD-REV-01
CSE-01-CASE-0005,CSE-01,CSE-01-ALT-0005,2026-08-04T01:18:00Z,2026-08-04T01:28:00Z,2026-08-04T03:18:00Z,Critical,"Investigated suspicious Denial of Service activity on CSE-01-AST-001. Host quarantine verified, memory strings analyzed, credentials rotated for user domain accounts. Incident mitigated cleanly.",3,Resolved by Standard Triage,Root vulnerability in service module on CSE-01-AST-001,Completed,LEAD-REV-01
CSE-01-CASE-0006,CSE-01,CSE-01-ALT-0006,2026-08-03T09:42:00Z,2026-08-03T09:44:00Z,2026-08-03T10:59:00Z,High,"Investigated suspicious Identity/Credential Access activity on CSE-01-AST-002. Host quarantine verified, memory strings analyzed, credentials rotated for user domain accounts. Incident mitigated cleanly.",2,Resolved by Standard Triage,Root vulnerability in service module on CSE-01-AST-002,Completed,LEAD-REV-01
CSE-01-CASE-0007,CSE-01,CSE-01-ALT-0007,2026-08-09T22:40:00Z,2026-08-09T22:43:00Z,2026-08-10T00:06:00Z,Medium,"Investigated suspicious Denial of Service activity on CSE-01-AST-003. Host quarantine verified, memory strings analyzed, credentials rotated for user domain accounts. Incident mitigated cleanly.",4,Resolved by Standard Triage,Root vulnerability in service module on CSE-01-AST-003,Completed,LEAD-REV-01
CSE-01-CASE-0008,CSE-01,CSE-01-ALT-0008,2026-08-22T16:44:00Z,2026-08-22T16:54:00Z,2026-08-22T17:33:00Z,Medium,"Investigated suspicious Reconnaissance activity on CSE-01-AST-004. Host quarantine verified, memory strings analyzed, credentials rotated for user domain accounts. Incident mitigated cleanly.",3,Resolved by Standard Triage,Root vulnerability in service module on CSE-01-AST-004,Completed,LEAD-REV-01
CSE-01-CASE-0009,CSE-01,CSE-01-ALT-0009,2026-08-24T15:10:00Z,2026-08-24T15:15:00Z,2026-08-24T16:38:00Z,High,"Investigated suspicious Data Exfiltration activity on CSE-01-AST-005. Host quarantine verified, memory strings analyzed, credentials rotated for user domain accounts. Incident mitigated cleanly.",3,Resolved by Standard Triage,Root vulnerability in service module on CSE-01-AST-005,Completed,LEAD-REV-01
CSE-01-CASE-0010,CSE-01,CSE-01-ALT-0010,2026-08-11T09:14:00Z,2026-08-11T09:20:00Z,2026-08-11T09:58:00Z,Critical,"Investigated suspicious Denial of Service activity on CSE-01-AST-001. Host quarantine verified, memory strings analyzed, credentials rotated for user domain accounts. Incident mitigated cleanly.",4,Resolved by Standard Triage,Root vulnerability in service module on CSE-01-AST-001,Completed,LEAD-REV-01
CSE-01-CASE-0011,CSE-01,CSE-01-ALT-0011,2026-08-08T02:56:00Z,2026-08-08T03:00:00Z,2026-08-08T04:16:00Z,Medium,"Investigated suspicious Reconnaissance activity on CSE-01-AST-002. Host quarantine verified, memory strings analyzed, credentials rotated for user domain accounts. Incident mitigated cleanly.",5,Resolved by Standard Triage,Root vulnerability in service module on CSE-01-AST-002,Completed,LEAD-REV-01
CSE-01-CASE-0012,CSE-01,CSE-01-ALT-0012,2026-08-30T04:29:00Z,2026-08-30T04:32:00Z,2026-08-30T05:42:00Z,High,"Investigated suspicious Identity/Credential Access activity on CSE-01-AST-003. Host quarantine verified, memory strings analyzed, credentials rotated for user domain accounts. Incident mitigated cleanly.",4,Resolved by Standard Triage,Root vulnerability in service module on CSE-01-AST-003,Completed,LEAD-REV-01
CSE-01-CASE-0013,CSE-01,CSE-01-ALT-0013,2026-08-19T21:57:00Z,2026-08-19T22:03:00Z,2026-08-19T23:28:00Z,Medium,"Investigated suspicious Privilege Escalation activity on CSE-01-AST-004. Host quarantine verified, memory strings analyzed, credentials rotated for user domain accounts. Incident mitigated cleanly.",3,Resolved by Standard Triage,Root vulnerability in service module on CSE-01-AST-004,Completed,LEAD-REV-01
CSE-01-CASE-0014,CSE-01,CSE-01-ALT-0014,2026-08-16T10:48:00Z,2026-08-16T10:51:00Z,2026-08-16T11:42:00Z,Medium,"Investigated suspicious Malware activity on CSE-01-AST-005. Host quarantine verified, memory strings analyzed, credentials rotated for user domain accounts. Incident mitigated cleanly.",3,Resolved by Standard Triage,Root vulnerability in service module on CSE-01-AST-005,Completed,LEAD-REV-01
CSE-01-CASE-0015,CSE-01,CSE-01-ALT-0015,2026-08-15T03:04:00Z,2026-08-15T03:14:00Z,2026-08-15T04:32:00Z,Critical,"Investigated suspicious Data Exfiltration activity on CSE-01-AST-001. Host quarantine verified, memory strings analyzed, credentials rotated for user domain accounts. Incident mitigated cleanly.",4,Resolved by Standard Triage,Root vulnerability in service module on CSE-01-AST-001,Completed,LEAD-REV-01
CSE-01-CASE-0016,CSE-01,CSE-01-ALT-0016,2026-08-28T08:43:00Z,2026-08-28T08:52:00Z,2026-08-28T09:37:00Z,Medium,"Investigated suspicious Reconnaissance activity on CSE-01-AST-002. Host quarantine verified, memory strings analyzed, credentials rotated for user domain accounts. Incident mitigated cleanly.",4,Resolved by Standard Triage,Root vulnerability in service module on CSE-01-AST-002,Completed,LEAD-REV-01
CSE-01-CASE-0017,CSE-01,CSE-01-ALT-0017,2026-08-10T21:10:00Z,2026-08-10T21:15:00Z,2026-08-10T21:50:00Z,Medium,"Investigated suspicious Data Exfiltration activity on CSE-01-AST-003. Host quarantine verified, memory strings analyzed, credentials rotated for user domain accounts. Incident mitigated cleanly.",3,Resolved by Standard Triage,Root vulnerability in service module on CSE-01-AST-003,Completed,LEAD-REV-01
CSE-01-CASE-0018,CSE-01,CSE-01-ALT-0018,2026-08-05T04:19:00Z,2026-08-05T04:29:00Z,2026-08-05T06:03:00Z,High,"Investigated suspicious Denial of Service activity on CSE-01-AST-004. Host quarantine verified, memory strings analyzed, credentials rotated for user domain accounts. Incident mitigated cleanly.",3,Resolved by Standard Triage,Root vulnerability in service module on CSE-01-AST-004,Completed,LEAD-REV-01
CSE-01-CASE-0019,CSE-01,CSE-01-ALT-0019,2026-08-25T13:34:00Z,2026-08-25T13:35:00Z,2026-08-25T15:21:00Z,Medium,"Investigated suspicious Denial of Service activity on CSE-01-AST-005. Host quarantine verified, memory strings analyzed, credentials rotated for user domain accounts. Incident mitigated cleanly.",4,Resolved by Standard Triage,Root vulnerability in service module on CSE-01-AST-005,Completed,LEAD-REV-01
CSE-01-CASE-0020,CSE-01,CSE-01-ALT-0020,2026-08-01T11:59:00Z,2026-08-01T12:03:00Z,2026-08-01T13:18:00Z,Critical,"Investigated suspicious Lateral Movement activity on CSE-01-AST-001. Host quarantine verified, memory strings analyzed, credentials rotated for user domain accounts. Incident mitigated cleanly.",3,Resolved by Standard Triage,Root vulnerability in service module on CSE-01-AST-001,Completed,LEAD-REV-01
CSE-01-CASE-0021,CSE-01,CSE-01-ALT-0021,2026-08-03T10:46:00Z,2026-08-03T10:55:00Z,2026-08-03T11:34:00Z,High,"Investigated suspicious Data Exfiltration activity on CSE-01-AST-002. Host quarantine verified, memory strings analyzed, credentials rotated for user domain accounts. Incident mitigated cleanly.",3,Resolved by Standard Triage,Root vulnerability in service module on CSE-01-AST-002,Completed,LEAD-REV-01
CSE-01-CASE-0022,CSE-01,CSE-01-ALT-0022,2026-08-17T01:10:00Z,2026-08-17T01:20:00Z,2026-08-17T02:57:00Z,Medium,"Investigated suspicious Lateral Movement activity on CSE-01-AST-003. Host quarantine verified, memory strings analyzed, credentials rotated for user domain accounts. Incident mitigated cleanly.",3,Resolved by Standard Triage,Root vulnerability in service module on CSE-01-AST-003,Completed,LEAD-REV-01
CSE-01-CASE-0023,CSE-01,CSE-01-ALT-0023,2026-08-26T07:44:00Z,2026-08-26T07:51:00Z,2026-08-26T09:03:00Z,Medium,"Investigated suspicious Identity/Credential Access activity on CSE-01-AST-004. Host quarantine verified, memory strings analyzed, credentials rotated for user domain accounts. Incident mitigated cleanly.",4,Resolved by Standard Triage,Root vulnerability in service module on CSE-01-AST-004,Completed,LEAD-REV-01
CSE-01-CASE-0024,CSE-01,CSE-01-ALT-0024,2026-08-30T00:28:00Z,2026-08-30T00:32:00Z,2026-08-30T01:39:00Z,High,"Investigated suspicious Malware activity on CSE-01-AST-005. Host quarantine verified, memory strings analyzed, credentials rotated for user domain accounts. Incident mitigated cleanly.",4,Resolved by Standard Triage,Root vulnerability in service module on CSE-01-AST-005,Completed,LEAD-REV-01
CSE-01-CASE-0025,CSE-01,CSE-01-ALT-0025,2026-08-20T01:14:00Z,2026-08-20T01:15:00Z,2026-08-20T02:22:00Z,Critical,"Investigated suspicious Privilege Escalation activity on CSE-01-AST-001. Host quarantine verified, memory strings analyzed, credentials rotated for user domain accounts. Incident mitigated cleanly.",2,Resolved by Standard Triage,Root vulnerability in service module on CSE-01-AST-001,Completed,LEAD-REV-01
CSE-01-CASE-0026,CSE-01,CSE-01-ALT-0026,2026-08-03T09:55:00Z,2026-08-03T10:04:00Z,2026-08-03T10:44:00Z,Medium,"Investigated suspicious Lateral Movement activity on CSE-01-AST-002. Host quarantine verified, memory strings analyzed, credentials rotated for user domain accounts. Incident mitigated cleanly.",4,Resolved by Standard Triage,Root vulnerability in service module on CSE-01-AST-002,Completed,LEAD-REV-01
CSE-01-CASE-0027,CSE-01,CSE-01-ALT-0027,2026-08-16T14:34:00Z,2026-08-16T14:44:00Z,2026-08-16T16:27:00Z,High,"Investigated suspicious Identity/Credential Access activity on CSE-01-AST-003. Host quarantine verified, memory strings analyzed, credentials rotated for user domain accounts. Incident mitigated cleanly.",3,Resolved by Standard Triage,Root vulnerability in service module on CSE-01-AST-003,Completed,LEAD-REV-01
CSE-01-CASE-0028,CSE-01,CSE-01-ALT-0028,2026-08-26T21:12:00Z,2026-08-26T21:19:00Z,2026-08-26T22:04:00Z,Medium,"Investigated suspicious Malware activity on CSE-01-AST-004. Host quarantine verified, memory strings analyzed, credentials rotated for user domain accounts. Incident mitigated cleanly.",5,Resolved by Standard Triage,Root vulnerability in service module on CSE-01-AST-004,Completed,LEAD-REV-01
CSE-01-CASE-0029,CSE-01,CSE-01-ALT-0029,2026-08-16T07:03:00Z,2026-08-16T07:04:00Z,2026-08-16T07:55:00Z,Medium,"Investigated suspicious Reconnaissance activity on CSE-01-AST-005. Host quarantine verified, memory strings analyzed, credentials rotated for user domain accounts. Incident mitigated cleanly.",4,Resolved by Standard Triage,Root vulnerability in service module on CSE-01-AST-005,Completed,LEAD-REV-01
CSE-01-CASE-0030,CSE-01,CSE-01-ALT-0030,2026-08-08T14:12:00Z,2026-08-08T14:15:00Z,2026-08-08T15:49:00Z,Critical,"Investigated suspicious Privilege Escalation activity on CSE-01-AST-001. Host quarantine verified, memory strings analyzed, credentials rotated for user domain accounts. Incident mitigated cleanly.",3,Resolved by Standard Triage,Root vulnerability in service module on CSE-01-AST-001,Completed,LEAD-REV-01
CSE-01-CASE-0031,CSE-01,CSE-01-ALT-0031,2026-08-15T15:55:00Z,2026-08-15T16:04:00Z,2026-08-15T17:31:00Z,Medium,"Investigated suspicious Malware activity on CSE-01-AST-002. Host quarantine verified, memory strings analyzed, credentials rotated for user domain accounts. Incident mitigated cleanly.",2,Resolved by Standard Triage,Root vulnerability in service module on CSE-01-AST-002,Completed,LEAD-REV-01
CSE-01-CASE-0032,CSE-01,CSE-01-ALT-0032,2026-08-18T08:05:00Z,2026-08-18T08:08:00Z,2026-08-18T09:15:00Z,Medium,"Investigated suspicious Denial of Service activity on CSE-01-AST-003. Host quarantine verified, memory strings analyzed, credentials rotated for user domain accounts. Incident mitigated cleanly.",5,Resolved by Standard Triage,Root vulnerability in service module on CSE-01-AST-003,Completed,LEAD-REV-01
CSE-01-CASE-0033,CSE-01,CSE-01-ALT-0033,2026-08-07T20:57:00Z,2026-08-07T21:04:00Z,2026-08-07T21:58:00Z,High,"Investigated suspicious Malware activity on CSE-01-AST-004. Host quarantine verified, memory strings analyzed, credentials rotated for user domain accounts. Incident mitigated cleanly.",5,Resolved by Standard Triage,Root vulnerability in service module on CSE-01-AST-004,Completed,LEAD-REV-01
CSE-01-CASE-0034,CSE-01,CSE-01-ALT-0034,2026-08-26T22:18:00Z,2026-08-26T22:26:00Z,2026-08-27T00:09:00Z,Medium,"Investigated suspicious Data Exfiltration activity on CSE-01-AST-005. Host quarantine verified, memory strings analyzed, credentials rotated for user domain accounts. Incident mitigated cleanly.",3,Resolved by Standard Triage,Root vulnerability in service module on CSE-01-AST-005,Completed,LEAD-REV-01
CSE-01-CASE-0035,CSE-01,CSE-01-ALT-0035,2026-08-07T09:37:00Z,2026-08-07T09:38:00Z,2026-08-07T11:26:00Z,Critical,"Investigated suspicious Reconnaissance activity on CSE-01-AST-001. Host quarantine verified, memory strings analyzed, credentials rotated for user domain accounts. Incident mitigated cleanly.",4,Resolved by Standard Triage,Root vulnerability in service module on CSE-01-AST-001,Completed,LEAD-REV-01
CSE-01-CASE-0036,CSE-01,CSE-01-ALT-0036,2026-08-03T02:30:00Z,2026-08-03T02:33:00Z,2026-08-03T04:17:00Z,High,"Investigated suspicious Privilege Escalation activity on CSE-01-AST-002. Host quarantine verified, memory strings analyzed, credentials rotated for user domain accounts. Incident mitigated cleanly.",2,Resolved by Standard Triage,Root vulnerability in service module on CSE-01-AST-002,Completed,LEAD-REV-01
CSE-01-CASE-0037,CSE-01,CSE-01-ALT-0037,2026-08-04T03:04:00Z,2026-08-04T03:11:00Z,2026-08-04T04:14:00Z,Medium,"Investigated suspicious Reconnaissance activity on CSE-01-AST-003. Host quarantine verified, memory strings analyzed, credentials rotated for user domain accounts. Incident mitigated cleanly.",3,Resolved by Standard Triage,Root vulnerability in service module on CSE-01-AST-003,Completed,LEAD-REV-01
CSE-01-CASE-0038,CSE-01,CSE-01-ALT-0038,2026-08-20T09:39:00Z,2026-08-20T09:49:00Z,2026-08-20T11:12:00Z,Medium,"Investigated suspicious Malware activity on CSE-01-AST-004. Host quarantine verified, memory strings analyzed, credentials rotated for user domain accounts. Incident mitigated cleanly.",4,Resolved by Standard Triage,Root vulnerability in service module on CSE-01-AST-004,Completed,LEAD-REV-01
CSE-01-CASE-0039,CSE-01,CSE-01-ALT-0039,2026-08-08T05:45:00Z,2026-08-08T05:50:00Z,2026-08-08T06:55:00Z,High,"Investigated suspicious Lateral Movement activity on CSE-01-AST-005. Host quarantine verified, memory strings analyzed, credentials rotated for user domain accounts. Incident mitigated cleanly.",3,Resolved by Standard Triage,Root vulnerability in service module on CSE-01-AST-005,Completed,LEAD-REV-01
CSE-01-CASE-0040,CSE-01,CSE-01-ALT-0040,2026-08-21T17:29:00Z,2026-08-21T17:30:00Z,2026-08-21T18:18:00Z,Critical,"Investigated suspicious Lateral Movement activity on CSE-01-AST-001. Host quarantine verified, memory strings analyzed, credentials rotated for user domain accounts. Incident mitigated cleanly.",2,Resolved by Standard Triage,Root vulnerability in service module on CSE-01-AST-001,Completed,LEAD-REV-01
CSE-01-CASE-0041,CSE-01,CSE-01-ALT-0041,2026-08-18T14:32:00Z,2026-08-18T14:38:00Z,2026-08-18T15:28:00Z,Medium,"Investigated suspicious Lateral Movement activity on CSE-01-AST-002. Host quarantine verified, memory strings analyzed, credentials rotated for user domain accounts. Incident mitigated cleanly.",3,Resolved by Standard Triage,Root vulnerability in service module on CSE-01-AST-002,Completed,LEAD-REV-01
CSE-01-CASE-0042,CSE-01,CSE-01-ALT-0042,2026-08-10T13:28:00Z,2026-08-10T13:33:00Z,2026-08-10T15:17:00Z,High,"Investigated suspicious Denial of Service activity on CSE-01-AST-003. Host quarantine verified, memory strings analyzed, credentials rotated for user domain accounts. Incident mitigated cleanly.",2,Resolved by Standard Triage,Root vulnerability in service module on CSE-01-AST-003,Completed,LEAD-REV-01
CSE-01-CASE-0043,CSE-01,CSE-01-ALT-0043,2026-08-28T01:19:00Z,2026-08-28T01:22:00Z,2026-08-28T02:12:00Z,Medium,"Investigated suspicious Reconnaissance activity on CSE-01-AST-004. Host quarantine verified, memory strings analyzed, credentials rotated for user domain accounts. Incident mitigated cleanly.",2,Resolved by Standard Triage,Root vulnerability in service module on CSE-01-AST-004,Completed,LEAD-REV-01
CSE-01-CASE-0044,CSE-01,CSE-01-ALT-0044,2026-08-25T01:09:00Z,2026-08-25T01:19:00Z,2026-08-25T02:25:00Z,Medium,"Investigated suspicious Lateral Movement activity on CSE-01-AST-005. Host quarantine verified, memory strings analyzed, credentials rotated for user domain accounts. Incident mitigated cleanly.",4,Resolved by Standard Triage,Root vulnerability in service module on CSE-01-AST-005,Completed,LEAD-REV-01
CSE-01-CASE-0045,CSE-01,CSE-01-ALT-0045,2026-08-23T04:54:00Z,2026-08-23T05:02:00Z,2026-08-23T06:38:00Z,Critical,"Investigated suspicious Lateral Movement activity on CSE-01-AST-001. Host quarantine verified, memory strings analyzed, credentials rotated for user domain accounts. Incident mitigated cleanly.",2,Resolved by Standard Triage,Root vulnerability in service module on CSE-01-AST-001,Completed,LEAD-REV-01
CSE-01-CASE-0046,CSE-01,CSE-01-ALT-0046,2026-08-21T21:53:00Z,2026-08-21T21:54:00Z,2026-08-21T22:38:00Z,Medium,"Investigated suspicious Lateral Movement activity on CSE-01-AST-002. Host quarantine verified, memory strings analyzed, credentials rotated for user domain accounts. Incident mitigated cleanly.",3,Resolved by Standard Triage,Root vulnerability in service module on CSE-01-AST-002,Completed,LEAD-REV-01
CSE-01-CASE-0047,CSE-01,CSE-01-ALT-0047,2026-08-09T13:47:00Z,2026-08-09T13:54:00Z,2026-08-09T15:37:00Z,Medium,"Investigated suspicious Data Exfiltration activity on CSE-01-AST-003. Host quarantine verified, memory strings analyzed, credentials rotated for user domain accounts. Incident mitigated cleanly.",2,Resolved by Standard Triage,Root vulnerability in service module on CSE-01-AST-003,Completed,LEAD-REV-01
CSE-01-CASE-0048,CSE-01,CSE-01-ALT-0048,2026-08-04T06:57:00Z,2026-08-04T06:58:00Z,2026-08-04T08:46:00Z,High,"Investigated suspicious Identity/Credential Access activity on CSE-01-AST-004. Host quarantine verified, memory strings analyzed, credentials rotated for user domain accounts. Incident mitigated cleanly.",3,Resolved by Standard Triage,Root vulnerability in service module on CSE-01-AST-004,Completed,LEAD-REV-01
CSE-01-CASE-0049,CSE-01,CSE-01-ALT-0049,2026-08-05T09:19:00Z,2026-08-05T09:25:00Z,2026-08-05T10:04:00Z,Medium,"Investigated suspicious Lateral Movement activity on CSE-01-AST-005. Host quarantine verified, memory strings analyzed, credentials rotated for user domain accounts. Incident mitigated cleanly.",3,Resolved by Standard Triage,Root vulnerability in service module on CSE-01-AST-005,Completed,LEAD-REV-01
CSE-01-CASE-0050,CSE-01,CSE-01-ALT-0050,2026-08-04T19:49:00Z,2026-08-04T19:59:00Z,2026-08-04T21:21:00Z,Critical,"Investigated suspicious Privilege Escalation activity on CSE-01-AST-001. Host quarantine verified, memory strings analyzed, credentials rotated for user domain accounts. Incident mitigated cleanly.",3,Resolved by Standard Triage,Root vulnerability in service module on CSE-01-AST-001,Completed,LEAD-REV-01
CSE-01-CASE-0051,CSE-01,CSE-01-ALT-0051,2026-08-28T13:51:00Z,2026-08-28T13:58:00Z,2026-08-28T14:53:00Z,High,"Investigated suspicious Denial of Service activity on CSE-01-AST-002. Host quarantine verified, memory strings analyzed, credentials rotated for user domain accounts. Incident mitigated cleanly.",3,Resolved by Standard Triage,Root vulnerability in service module on CSE-01-AST-002,Completed,LEAD-REV-01
CSE-01-CASE-0052,CSE-01,CSE-01-ALT-0052,2026-08-11T21:51:00Z,2026-08-11T21:56:00Z,2026-08-11T23:02:00Z,Medium,"Investigated suspicious Reconnaissance activity on CSE-01-AST-003. Host quarantine verified, memory strings analyzed, credentials rotated for user domain accounts. Incident mitigated cleanly.",2,Resolved by Standard Triage,Root vulnerability in service module on CSE-01-AST-003,Completed,LEAD-REV-01
CSE-01-CASE-0053,CSE-01,CSE-01-ALT-0053,2026-08-28T09:54:00Z,2026-08-28T09:58:00Z,2026-08-28T11:02:00Z,Medium,"Investigated suspicious Data Exfiltration activity on CSE-01-AST-004. Host quarantine verified, memory strings analyzed, credentials rotated for user domain accounts. Incident mitigated cleanly.",4,Resolved by Standard Triage,Root vulnerability in service module on CSE-01-AST-004,Completed,LEAD-REV-01
CSE-01-CASE-0054,CSE-01,CSE-01-ALT-0054,2026-08-27T15:14:00Z,2026-08-27T15:21:00Z,2026-08-27T16:18:00Z,High,"Investigated suspicious Malware activity on CSE-01-AST-005. Host quarantine verified, memory strings analyzed, credentials rotated for user domain accounts. Incident mitigated cleanly.",4,Resolved by Standard Triage,Root vulnerability in service module on CSE-01-AST-005,Completed,LEAD-REV-01
CSE-01-CASE-0055,CSE-01,CSE-01-ALT-0055,2026-08-25T16:22:00Z,2026-08-25T16:29:00Z,2026-08-25T18:07:00Z,Critical,"Investigated suspicious Reconnaissance activity on CSE-01-AST-001. Host quarantine verified, memory strings analyzed, credentials rotated for user domain accounts. Incident mitigated cleanly.",4,Resolved by Standard Triage,Root vulnerability in service module on CSE-01-AST-001,Completed,LEAD-REV-01
CSE-01-CASE-0056,CSE-01,CSE-01-ALT-0056,2026-08-04T16:11:00Z,2026-08-04T16:12:00Z,2026-08-04T17:24:00Z,Medium,"Investigated suspicious Privilege Escalation activity on CSE-01-AST-002. Host quarantine verified, memory strings analyzed, credentials rotated for user domain accounts. Incident mitigated cleanly.",5,Resolved by Standard Triage,Root vulnerability in service module on CSE-01-AST-002,Completed,LEAD-REV-01
CSE-01-CASE-0057,CSE-01,CSE-01-ALT-0057,2026-08-24T18:27:00Z,2026-08-24T18:29:00Z,2026-08-24T20:12:00Z,High,"Investigated suspicious Privilege Escalation activity on CSE-01-AST-003. Host quarantine verified, memory strings analyzed, credentials rotated for user domain accounts. Incident mitigated cleanly.",3,Resolved by Standard Triage,Root vulnerability in service module on CSE-01-AST-003,Completed,LEAD-REV-01
CSE-01-CASE-0058,CSE-01,CSE-01-ALT-0058,2026-08-03T06:27:00Z,2026-08-03T06:36:00Z,2026-08-03T08:13:00Z,Medium,"Investigated suspicious Malware activity on CSE-01-AST-004. Host quarantine verified, memory strings analyzed, credentials rotated for user domain accounts. Incident mitigated cleanly.",3,Resolved by Standard Triage,Root vulnerability in service module on CSE-01-AST-004,Completed,LEAD-REV-01
CSE-01-CASE-0059,CSE-01,CSE-01-ALT-0059,2026-08-14T10:42:00Z,2026-08-14T10:48:00Z,2026-08-14T12:41:00Z,Medium,"Investigated suspicious Lateral Movement activity on CSE-01-AST-005. Host quarantine verified, memory strings analyzed, credentials rotated for user domain accounts. Incident mitigated cleanly.",2,Resolved by Standard Triage,Root vulnerability in service module on CSE-01-AST-005,Completed,LEAD-REV-01
CSE-01-CASE-0060,CSE-01,CSE-01-ALT-0060,2026-08-29T17:32:00Z,2026-08-29T17:38:00Z,2026-08-29T19:04:00Z,Critical,"Investigated suspicious Lateral Movement activity on CSE-01-AST-001. Host quarantine verified, memory strings analyzed, credentials rotated for user domain accounts. Incident mitigated cleanly.",4,Resolved by Standard Triage,Root vulnerability in service module on CSE-01-AST-001,Completed,LEAD-REV-01
CSE-02-CASE-0001,CSE-02,CSE-02-ALT-0001,2026-08-22T17:14:00Z,2026-08-22T17:17:00Z,2026-08-22T18:19:00Z,Medium,"Investigated suspicious Denial of Service activity on CSE-02-AST-002. Host quarantine verified, memory strings analyzed, credentials rotated for user domain accounts. Incident mitigated cleanly.",2,Resolved by Standard Triage,Root vulnerability in service module on CSE-02-AST-002,Completed,LEAD-REV-01
CSE-02-CASE-0002,CSE-02,CSE-02-ALT-0002,2026-08-17T03:54:00Z,2026-08-17T04:02:00Z,2026-08-17T04:43:00Z,Medium,"Investigated suspicious Denial of Service activity on CSE-02-AST-003. Host quarantine verified, memory strings analyzed, credentials rotated for user domain accounts. Incident mitigated cleanly.",3,Resolved by Standard Triage,Root vulnerability in service module on CSE-02-AST-003,Completed,LEAD-REV-01
CSE-02-CASE-0003,CSE-02,CSE-02-ALT-0003,2026-08-23T20:31:00Z,2026-08-23T20:34:00Z,2026-08-23T21:42:00Z,High,"Investigated suspicious Data Exfiltration activity on CSE-02-AST-004. Host quarantine verified, memory strings analyzed, credentials rotated for user domain accounts. Incident mitigated cleanly.",2,Resolved by Standard Triage,Root vulnerability in service module on CSE-02-AST-004,Completed,LEAD-REV-01
CSE-02-CASE-0004,CSE-02,CSE-02-ALT-0004,2026-08-25T21:14:00Z,2026-08-25T21:22:00Z,2026-08-25T23:00:00Z,Medium,"Investigated suspicious Identity/Credential Access activity on CSE-02-AST-005. Host quarantine verified, memory strings analyzed, credentials rotated for user domain accounts. Incident mitigated cleanly.",3,Resolved by Standard Triage,Root vulnerability in service module on CSE-02-AST-005,Completed,LEAD-REV-01
CSE-02-CASE-0005,CSE-02,CSE-02-ALT-0005,2026-08-15T12:51:00Z,2026-08-15T13:00:00Z,2026-08-15T14:38:00Z,Critical,"Investigated suspicious Data Exfiltration activity on CSE-02-AST-001. Host quarantine verified, memory strings analyzed, credentials rotated for user domain accounts. Incident mitigated cleanly.",4,Resolved by Standard Triage,Root vulnerability in service module on CSE-02-AST-001,Completed,LEAD-REV-01
CSE-02-CASE-0006,CSE-02,CSE-02-ALT-0006,2026-08-21T07:57:00Z,2026-08-21T08:06:00Z,2026-08-21T09:31:00Z,High,"Investigated suspicious Privilege Escalation activity on CSE-02-AST-002. Host quarantine verified, memory strings analyzed, credentials rotated for user domain accounts. Incident mitigated cleanly.",3,Resolved by Standard Triage,Root vulnerability in service module on CSE-02-AST-002,Completed,LEAD-REV-01
CSE-02-CASE-0007,CSE-02,CSE-02-ALT-0007,2026-08-28T23:28:00Z,2026-08-28T23:33:00Z,2026-08-29T00:39:00Z,Medium,"Investigated suspicious Lateral Movement activity on CSE-02-AST-003. Host quarantine verified, memory strings analyzed, credentials rotated for user domain accounts. Incident mitigated cleanly.",5,Resolved by Standard Triage,Root vulnerability in service module on CSE-02-AST-003,Completed,LEAD-REV-01
CSE-02-CASE-0008,CSE-02,CSE-02-ALT-0008,2026-08-08T16:28:00Z,2026-08-08T16:32:00Z,2026-08-08T17:44:00Z,Medium,"Investigated suspicious Malware activity on CSE-02-AST-004. Host quarantine verified, memory strings analyzed, credentials rotated for user domain accounts. Incident mitigated cleanly.",4,Resolved by Standard Triage,Root vulnerability in service module on CSE-02-AST-004,Completed,LEAD-REV-01
CSE-02-CASE-0009,CSE-02,CSE-02-ALT-0009,2026-08-30T01:05:00Z,2026-08-30T01:09:00Z,2026-08-30T02:04:00Z,High,"Investigated suspicious Identity/Credential Access activity on CSE-02-AST-005. Host quarantine verified, memory strings analyzed, credentials rotated for user domain accounts. Incident mitigated cleanly.",3,Resolved by Standard Triage,Root vulnerability in service module on CSE-02-AST-005,Completed,LEAD-REV-01
CSE-02-CASE-0010,CSE-02,CSE-02-ALT-0010,2026-08-07T10:26:00Z,2026-08-07T10:35:00Z,2026-08-07T11:48:00Z,Critical,"Investigated suspicious Data Exfiltration activity on CSE-02-AST-001. Host quarantine verified, memory strings analyzed, credentials rotated for user domain accounts. Incident mitigated cleanly.",5,Resolved by Standard Triage,Root vulnerability in service module on CSE-02-AST-001,Completed,LEAD-REV-01
CSE-02-CASE-0011,CSE-02,CSE-02-ALT-0011,2026-08-07T21:24:00Z,2026-08-07T21:25:00Z,2026-08-07T23:18:00Z,Medium,"Investigated suspicious Denial of Service activity on CSE-02-AST-002. Host quarantine verified, memory strings analyzed, credentials rotated for user domain accounts. Incident mitigated cleanly.",5,Resolved by Standard Triage,Root vulnerability in service module on CSE-02-AST-002,Completed,LEAD-REV-01
CSE-02-CASE-0012,CSE-02,CSE-02-ALT-0012,2026-08-01T19:19:00Z,2026-08-01T19:26:00Z,2026-08-01T20:48:00Z,High,"Investigated suspicious Denial of Service activity on CSE-02-AST-003. Host quarantine verified, memory strings analyzed, credentials rotated for user domain accounts. Incident mitigated cleanly.",3,Resolved by Standard Triage,Root vulnerability in service module on CSE-02-AST-003,Completed,LEAD-REV-01
CSE-02-CASE-0013,CSE-02,CSE-02-ALT-0013,2026-08-08T16:27:00Z,2026-08-08T16:34:00Z,2026-08-08T17:10:00Z,Medium,"Investigated suspicious Data Exfiltration activity on CSE-02-AST-004. Host quarantine verified, memory strings analyzed, credentials rotated for user domain accounts. Incident mitigated cleanly.",5,Resolved by Standard Triage,Root vulnerability in service module on CSE-02-AST-004,Completed,LEAD-REV-01
CSE-02-CASE-0014,CSE-02,CSE-02-ALT-0014,2026-08-06T22:58:00Z,2026-08-06T23:07:00Z,2026-08-07T00:57:00Z,Medium,"Investigated suspicious Identity/Credential Access activity on CSE-02-AST-005. Host quarantine verified, memory strings analyzed, credentials rotated for user domain accounts. Incident mitigated cleanly.",5,Resolved by Standard Triage,Root vulnerability in service module on CSE-02-AST-005,Completed,LEAD-REV-01
CSE-02-CASE-0015,CSE-02,CSE-02-ALT-0015,2026-08-20T05:01:00Z,2026-08-20T05:04:00Z,2026-08-20T06:35:00Z,Critical,"Investigated suspicious Malware activity on CSE-02-AST-001. Host quarantine verified, memory strings analyzed, credentials rotated for user domain accounts. Incident mitigated cleanly.",3,Resolved by Standard Triage,Root vulnerability in service module on CSE-02-AST-001,Completed,LEAD-REV-01
CSE-02-CASE-0016,CSE-02,CSE-02-ALT-0016,2026-08-09T20:20:00Z,2026-08-09T20:26:00Z,2026-08-09T21:58:00Z,Medium,"Investigated suspicious Identity/Credential Access activity on CSE-02-AST-002. Host quarantine verified, memory strings analyzed, credentials rotated for user domain accounts. Incident mitigated cleanly.",5,Resolved by Standard Triage,Root vulnerability in service module on CSE-02-AST-002,Completed,LEAD-REV-01
CSE-02-CASE-0017,CSE-02,CSE-02-ALT-0017,2026-08-25T21:16:00Z,2026-08-25T21:24:00Z,2026-08-25T22:06:00Z,Medium,"Investigated suspicious Denial of Service activity on CSE-02-AST-003. Host quarantine verified, memory strings analyzed, credentials rotated for user domain accounts. Incident mitigated cleanly.",2,Resolved by Standard Triage,Root vulnerability in service module on CSE-02-AST-003,Completed,LEAD-REV-01
CSE-02-CASE-0018,CSE-02,CSE-02-ALT-0018,2026-08-09T04:04:00Z,2026-08-09T04:05:00Z,2026-08-09T04:49:00Z,High,"Investigated suspicious Denial of Service activity on CSE-02-AST-004. Host quarantine verified, memory strings analyzed, credentials rotated for user domain accounts. Incident mitigated cleanly.",3,Resolved by Standard Triage,Root vulnerability in service module on CSE-02-AST-004,Completed,LEAD-REV-01
CSE-02-CASE-0019,CSE-02,CSE-02-ALT-0019,2026-08-20T12:15:00Z,2026-08-20T12:17:00Z,2026-08-20T13:55:00Z,Medium,"Investigated suspicious Identity/Credential Access activity on CSE-02-AST-005. Host quarantine verified, memory strings analyzed, credentials rotated for user domain accounts. Incident mitigated cleanly.",3,Resolved by Standard Triage,Root vulnerability in service module on CSE-02-AST-005,Completed,LEAD-REV-01
CSE-02-CASE-0020,CSE-02,CSE-02-ALT-0020,2026-08-23T16:49:00Z,2026-08-23T16:59:00Z,2026-08-23T17:50:00Z,Critical,"Investigated suspicious Lateral Movement activity on CSE-02-AST-001. Host quarantine verified, memory strings analyzed, credentials rotated for user domain accounts. Incident mitigated cleanly.",2,Resolved by Standard Triage,Root vulnerability in service module on CSE-02-AST-001,Completed,LEAD-REV-01
CSE-02-CASE-0021,CSE-02,CSE-02-ALT-0021,2026-08-10T11:37:00Z,2026-08-10T11:47:00Z,2026-08-10T12:56:00Z,High,"Investigated suspicious Malware activity on CSE-02-AST-002. Host quarantine verified, memory strings analyzed, credentials rotated for user domain accounts. Incident mitigated cleanly.",5,Resolved by Standard Triage,Root vulnerability in service module on CSE-02-AST-002,Completed,LEAD-REV-01
CSE-02-CASE-0022,CSE-02,CSE-02-ALT-0022,2026-08-23T14:04:00Z,2026-08-23T14:08:00Z,2026-08-23T16:04:00Z,Medium,"Investigated suspicious Privilege Escalation activity on CSE-02-AST-003. Host quarantine verified, memory strings analyzed, credentials rotated for user domain accounts. Incident mitigated cleanly.",4,Resolved by Standard Triage,Root vulnerability in service module on CSE-02-AST-003,Completed,LEAD-REV-01
CSE-02-CASE-0023,CSE-02,CSE-02-ALT-0023,2026-08-20T11:50:00Z,2026-08-20T11:56:00Z,2026-08-20T12:35:00Z,Medium,"Investigated suspicious Privilege Escalation activity on CSE-02-AST-004. Host quarantine verified, memory strings analyzed, credentials rotated for user domain accounts. Incident mitigated cleanly.",5,Resolved by Standard Triage,Root vulnerability in service module on CSE-02-AST-004,Completed,LEAD-REV-01
CSE-02-CASE-0024,CSE-02,CSE-02-ALT-0024,2026-08-12T10:32:00Z,2026-08-12T10:33:00Z,2026-08-12T11:55:00Z,High,"Investigated suspicious Reconnaissance activity on CSE-02-AST-005. Host quarantine verified, memory strings analyzed, credentials rotated for user domain accounts. Incident mitigated cleanly.",5,Resolved by Standard Triage,Root vulnerability in service module on CSE-02-AST-005,Completed,LEAD-REV-01
CSE-02-CASE-0025,CSE-02,CSE-02-ALT-0025,2026-08-14T19:40:00Z,2026-08-14T19:43:00Z,2026-08-14T21:18:00Z,Critical,"Investigated suspicious Denial of Service activity on CSE-02-AST-001. Host quarantine verified, memory strings analyzed, credentials rotated for user domain accounts. Incident mitigated cleanly.",3,Resolved by Standard Triage,Root vulnerability in service module on CSE-02-AST-001,Completed,LEAD-REV-01
CSE-02-CASE-0026,CSE-02,CSE-02-ALT-0026,2026-08-18T04:17:00Z,2026-08-18T04:25:00Z,2026-08-18T06:05:00Z,Medium,"Investigated suspicious Privilege Escalation activity on CSE-02-AST-002. Host quarantine verified, memory strings analyzed, credentials rotated for user domain accounts. Incident mitigated cleanly.",5,Resolved by Standard Triage,Root vulnerability in service module on CSE-02-AST-002,Completed,LEAD-REV-01
CSE-02-CASE-0027,CSE-02,CSE-02-ALT-0027,2026-08-19T16:20:00Z,2026-08-19T16:22:00Z,2026-08-19T17:31:00Z,High,"Investigated suspicious Denial of Service activity on CSE-02-AST-003. Host quarantine verified, memory strings analyzed, credentials rotated for user domain accounts. Incident mitigated cleanly.",5,Resolved by Standard Triage,Root vulnerability in service module on CSE-02-AST-003,Completed,LEAD-REV-01
CSE-02-CASE-0028,CSE-02,CSE-02-ALT-0028,2026-08-25T22:36:00Z,2026-08-25T22:42:00Z,2026-08-26T00:04:00Z,Medium,"Investigated suspicious Privilege Escalation activity on CSE-02-AST-004. Host quarantine verified, memory strings analyzed, credentials rotated for user domain accounts. Incident mitigated cleanly.",5,Resolved by Standard Triage,Root vulnerability in service module on CSE-02-AST-004,Completed,LEAD-REV-01
CSE-02-CASE-0029,CSE-02,CSE-02-ALT-0029,2026-08-06T23:13:00Z,2026-08-06T23:19:00Z,2026-08-07T00:26:00Z,Medium,"Investigated suspicious Lateral Movement activity on CSE-02-AST-005. Host quarantine verified, memory strings analyzed, credentials rotated for user domain accounts. Incident mitigated cleanly.",4,Resolved by Standard Triage,Root vulnerability in service module on CSE-02-AST-005,Completed,LEAD-REV-01
CSE-02-CASE-0030,CSE-02,CSE-02-ALT-0030,2026-08-02T00:12:00Z,2026-08-02T00:19:00Z,2026-08-02T01:22:00Z,Critical,"Investigated suspicious Malware activity on CSE-02-AST-001. Host quarantine verified, memory strings analyzed, credentials rotated for user domain accounts. Incident mitigated cleanly.",3,Resolved by Standard Triage,Root vulnerability in service module on CSE-02-AST-001,Completed,LEAD-REV-01
CSE-02-CASE-0031,CSE-02,CSE-02-ALT-0031,2026-08-17T04:45:00Z,2026-08-17T04:46:00Z,2026-08-17T06:22:00Z,Medium,"Investigated suspicious Data Exfiltration activity on CSE-02-AST-002. Host quarantine verified, memory strings analyzed, credentials rotated for user domain accounts. Incident mitigated cleanly.",4,Resolved by Standard Triage,Root vulnerability in service module on CSE-02-AST-002,Completed,LEAD-REV-01
CSE-02-CASE-0032,CSE-02,CSE-02-ALT-0032,2026-08-14T06:15:00Z,2026-08-14T06:21:00Z,2026-08-14T08:09:00Z,Medium,"Investigated suspicious Lateral Movement activity on CSE-02-AST-003. Host quarantine verified, memory strings analyzed, credentials rotated for user domain accounts. Incident mitigated cleanly.",4,Resolved by Standard Triage,Root vulnerability in service module on CSE-02-AST-003,Completed,LEAD-REV-01
CSE-02-CASE-0033,CSE-02,CSE-02-ALT-0033,2026-08-25T01:21:00Z,2026-08-25T01:26:00Z,2026-08-25T02:59:00Z,High,"Investigated suspicious Lateral Movement activity on CSE-02-AST-004. Host quarantine verified, memory strings analyzed, credentials rotated for user domain accounts. Incident mitigated cleanly.",4,Resolved by Standard Triage,Root vulnerability in service module on CSE-02-AST-004,Completed,LEAD-REV-01
CSE-02-CASE-0034,CSE-02,CSE-02-ALT-0034,2026-08-05T07:12:00Z,2026-08-05T07:21:00Z,2026-08-05T08:07:00Z,Medium,"Investigated suspicious Lateral Movement activity on CSE-02-AST-005. Host quarantine verified, memory strings analyzed, credentials rotated for user domain accounts. Incident mitigated cleanly.",3,Resolved by Standard Triage,Root vulnerability in service module on CSE-02-AST-005,Completed,LEAD-REV-01
CSE-02-CASE-0035,CSE-02,CSE-02-ALT-0035,2026-08-08T07:30:00Z,2026-08-08T07:39:00Z,2026-08-08T09:25:00Z,Critical,"Investigated suspicious Lateral Movement activity on CSE-02-AST-001. Host quarantine verified, memory strings analyzed, credentials rotated for user domain accounts. Incident mitigated cleanly.",4,Resolved by Standard Triage,Root vulnerability in service module on CSE-02-AST-001,Completed,LEAD-REV-01
CSE-02-CASE-0036,CSE-02,CSE-02-ALT-0036,2026-08-27T14:18:00Z,2026-08-27T14:21:00Z,2026-08-27T15:44:00Z,High,"Investigated suspicious Identity/Credential Access activity on CSE-02-AST-002. Host quarantine verified, memory strings analyzed, credentials rotated for user domain accounts. Incident mitigated cleanly.",2,Resolved by Standard Triage,Root vulnerability in service module on CSE-02-AST-002,Completed,LEAD-REV-01
CSE-02-CASE-0037,CSE-02,CSE-02-ALT-0037,2026-08-18T12:17:00Z,2026-08-18T12:26:00Z,2026-08-18T13:03:00Z,Medium,"Investigated suspicious Malware activity on CSE-02-AST-003. Host quarantine verified, memory strings analyzed, credentials rotated for user domain accounts. Incident mitigated cleanly.",3,Resolved by Standard Triage,Root vulnerability in service module on CSE-02-AST-003,Completed,LEAD-REV-01
CSE-02-CASE-0038,CSE-02,CSE-02-ALT-0038,2026-08-28T23:06:00Z,2026-08-28T23:16:00Z,2026-08-28T23:47:00Z,Medium,"Investigated suspicious Denial of Service activity on CSE-02-AST-004. Host quarantine verified, memory strings analyzed, credentials rotated for user domain accounts. Incident mitigated cleanly.",5,Resolved by Standard Triage,Root vulnerability in service module on CSE-02-AST-004,Completed,LEAD-REV-01
CSE-02-CASE-0039,CSE-02,CSE-02-ALT-0039,2026-08-15T18:11:00Z,2026-08-15T18:19:00Z,2026-08-15T19:23:00Z,High,"Investigated suspicious Malware activity on CSE-02-AST-005. Host quarantine verified, memory strings analyzed, credentials rotated for user domain accounts. Incident mitigated cleanly.",2,Resolved by Standard Triage,Root vulnerability in service module on CSE-02-AST-005,Completed,LEAD-REV-01
CSE-02-CASE-0040,CSE-02,CSE-02-ALT-0040,2026-08-16T10:36:00Z,2026-08-16T10:39:00Z,2026-08-16T11:22:00Z,Critical,"Investigated suspicious Reconnaissance activity on CSE-02-AST-001. Host quarantine verified, memory strings analyzed, credentials rotated for user domain accounts. Incident mitigated cleanly.",4,Resolved by Standard Triage,Root vulnerability in service module on CSE-02-AST-001,Completed,LEAD-REV-01
CSE-02-CASE-0041,CSE-02,CSE-02-ALT-0041,2026-08-08T11:35:00Z,2026-08-08T11:45:00Z,2026-08-08T13:08:00Z,Medium,"Investigated suspicious Denial of Service activity on CSE-02-AST-002. Host quarantine verified, memory strings analyzed, credentials rotated for user domain accounts. Incident mitigated cleanly.",3,Resolved by Standard Triage,Root vulnerability in service module on CSE-02-AST-002,Completed,LEAD-REV-01
CSE-02-CASE-0042,CSE-02,CSE-02-ALT-0042,2026-08-13T22:58:00Z,2026-08-13T23:08:00Z,2026-08-14T00:16:00Z,High,"Investigated suspicious Data Exfiltration activity on CSE-02-AST-003. Host quarantine verified, memory strings analyzed, credentials rotated for user domain accounts. Incident mitigated cleanly.",4,Resolved by Standard Triage,Root vulnerability in service module on CSE-02-AST-003,Completed,LEAD-REV-01
CSE-02-CASE-0043,CSE-02,CSE-02-ALT-0043,2026-08-20T09:39:00Z,2026-08-20T09:43:00Z,2026-08-20T10:31:00Z,Medium,"Investigated suspicious Reconnaissance activity on CSE-02-AST-004. Host quarantine verified, memory strings analyzed, credentials rotated for user domain accounts. Incident mitigated cleanly.",3,Resolved by Standard Triage,Root vulnerability in service module on CSE-02-AST-004,Completed,LEAD-REV-01
CSE-02-CASE-0044,CSE-02,CSE-02-ALT-0044,2026-08-22T10:10:00Z,2026-08-22T10:19:00Z,2026-08-22T11:12:00Z,Medium,"Investigated suspicious Identity/Credential Access activity on CSE-02-AST-005. Host quarantine verified, memory strings analyzed, credentials rotated for user domain accounts. Incident mitigated cleanly.",3,Resolved by Standard Triage,Root vulnerability in service module on CSE-02-AST-005,Completed,LEAD-REV-01
CSE-02-CASE-0045,CSE-02,CSE-02-ALT-0045,2026-08-14T22:44:00Z,2026-08-14T22:49:00Z,2026-08-15T00:24:00Z,Critical,"Investigated suspicious Privilege Escalation activity on CSE-02-AST-001. Host quarantine verified, memory strings analyzed, credentials rotated for user domain accounts. Incident mitigated cleanly.",3,Resolved by Standard Triage,Root vulnerability in service module on CSE-02-AST-001,Completed,LEAD-REV-01
CSE-02-CASE-0046,CSE-02,CSE-02-ALT-0046,2026-08-23T17:44:00Z,2026-08-23T17:46:00Z,2026-08-23T19:22:00Z,Medium,"Investigated suspicious Denial of Service activity on CSE-02-AST-002. Host quarantine verified, memory strings analyzed, credentials rotated for user domain accounts. Incident mitigated cleanly.",3,Resolved by Standard Triage,Root vulnerability in service module on CSE-02-AST-002,Completed,LEAD-REV-01
CSE-02-CASE-0047,CSE-02,CSE-02-ALT-0047,2026-08-27T04:37:00Z,2026-08-27T04:44:00Z,2026-08-27T05:42:00Z,Medium,"Investigated suspicious Reconnaissance activity on CSE-02-AST-003. Host quarantine verified, memory strings analyzed, credentials rotated for user domain accounts. Incident mitigated cleanly.",3,Resolved by Standard Triage,Root vulnerability in service module on CSE-02-AST-003,Completed,LEAD-REV-01
CSE-02-CASE-0048,CSE-02,CSE-02-ALT-0048,2026-08-05T16:52:00Z,2026-08-05T16:53:00Z,2026-08-05T17:41:00Z,High,"Investigated suspicious Identity/Credential Access activity on CSE-02-AST-004. Host quarantine verified, memory strings analyzed, credentials rotated for user domain accounts. Incident mitigated cleanly.",4,Resolved by Standard Triage,Root vulnerability in service module on CSE-02-AST-004,Completed,LEAD-REV-01
CSE-02-CASE-0049,CSE-02,CSE-02-ALT-0049,2026-08-25T02:58:00Z,2026-08-25T03:00:00Z,2026-08-25T04:34:00Z,Medium,"Investigated suspicious Lateral Movement activity on CSE-02-AST-005. Host quarantine verified, memory strings analyzed, credentials rotated for user domain accounts. Incident mitigated cleanly.",4,Resolved by Standard Triage,Root vulnerability in service module on CSE-02-AST-005,Completed,LEAD-REV-01
CSE-02-CASE-0050,CSE-02,CSE-02-ALT-0050,2026-08-13T16:32:00Z,2026-08-13T16:40:00Z,2026-08-13T18:15:00Z,Critical,"Investigated suspicious Privilege Escalation activity on CSE-02-AST-001. Host quarantine verified, memory strings analyzed, credentials rotated for user domain accounts. Incident mitigated cleanly.",2,Resolved by Standard Triage,Root vulnerability in service module on CSE-02-AST-001,Completed,LEAD-REV-01
CSE-02-CASE-0051,CSE-02,CSE-02-ALT-0051,2026-08-24T18:38:00Z,2026-08-24T18:40:00Z,2026-08-24T19:21:00Z,High,"Investigated suspicious Lateral Movement activity on CSE-02-AST-002. Host quarantine verified, memory strings analyzed, credentials rotated for user domain accounts. Incident mitigated cleanly.",2,Resolved by Standard Triage,Root vulnerability in service module on CSE-02-AST-002,Completed,LEAD-REV-01
CSE-02-CASE-0052,CSE-02,CSE-02-ALT-0052,2026-08-27T16:36:00Z,2026-08-27T16:44:00Z,2026-08-27T17:38:00Z,Medium,"Investigated suspicious Malware activity on CSE-02-AST-003. Host quarantine verified, memory strings analyzed, credentials rotated for user domain accounts. Incident mitigated cleanly.",5,Resolved by Standard Triage,Root vulnerability in service module on CSE-02-AST-003,Completed,LEAD-REV-01
CSE-02-CASE-0053,CSE-02,CSE-02-ALT-0053,2026-08-07T02:27:00Z,2026-08-07T02:29:00Z,2026-08-07T04:09:00Z,Medium,"Investigated suspicious Reconnaissance activity on CSE-02-AST-004. Host quarantine verified, memory strings analyzed, credentials rotated for user domain accounts. Incident mitigated cleanly.",4,Resolved by Standard Triage,Root vulnerability in service module on CSE-02-AST-004,Completed,LEAD-REV-01
CSE-02-CASE-0054,CSE-02,CSE-02-ALT-0054,2026-08-11T18:42:00Z,2026-08-11T18:48:00Z,2026-08-11T19:42:00Z,High,"Investigated suspicious Malware activity on CSE-02-AST-005. Host quarantine verified, memory strings analyzed, credentials rotated for user domain accounts. Incident mitigated cleanly.",5,Resolved by Standard Triage,Root vulnerability in service module on CSE-02-AST-005,Completed,LEAD-REV-01
CSE-02-CASE-0055,CSE-02,CSE-02-ALT-0055,2026-08-22T20:52:00Z,2026-08-22T20:53:00Z,2026-08-22T22:42:00Z,Critical,"Investigated suspicious Denial of Service activity on CSE-02-AST-001. Host quarantine verified, memory strings analyzed, credentials rotated for user domain accounts. Incident mitigated cleanly.",2,Resolved by Standard Triage,Root vulnerability in service module on CSE-02-AST-001,Completed,LEAD-REV-01
CSE-02-CASE-0056,CSE-02,CSE-02-ALT-0056,2026-08-09T18:07:00Z,2026-08-09T18:16:00Z,2026-08-09T19:38:00Z,Medium,"Investigated suspicious Denial of Service activity on CSE-02-AST-002. Host quarantine verified, memory strings analyzed, credentials rotated for user domain accounts. Incident mitigated cleanly.",5,Resolved by Standard Triage,Root vulnerability in service module on CSE-02-AST-002,Completed,LEAD-REV-01
CSE-02-CASE-0057,CSE-02,CSE-02-ALT-0057,2026-08-02T14:33:00Z,2026-08-02T14:41:00Z,2026-08-02T16:32:00Z,High,"Investigated suspicious Lateral Movement activity on CSE-02-AST-003. Host quarantine verified, memory strings analyzed, credentials rotated for user domain accounts. Incident mitigated cleanly.",5,Resolved by Standard Triage,Root vulnerability in service module on CSE-02-AST-003,Completed,LEAD-REV-01
CSE-02-CASE-0058,CSE-02,CSE-02-ALT-0058,2026-08-07T16:35:00Z,2026-08-07T16:43:00Z,2026-08-07T17:51:00Z,Medium,"Investigated suspicious Identity/Credential Access activity on CSE-02-AST-004. Host quarantine verified, memory strings analyzed, credentials rotated for user domain accounts. Incident mitigated cleanly.",5,Resolved by Standard Triage,Root vulnerability in service module on CSE-02-AST-004,Completed,LEAD-REV-01
CSE-02-CASE-0059,CSE-02,CSE-02-ALT-0059,2026-08-02T04:38:00Z,2026-08-02T04:41:00Z,2026-08-02T05:48:00Z,Medium,"Investigated suspicious Denial of Service activity on CSE-02-AST-005. Host quarantine verified, memory strings analyzed, credentials rotated for user domain accounts. Incident mitigated cleanly.",2,Resolved by Standard Triage,Root vulnerability in service module on CSE-02-AST-005,Completed,LEAD-REV-01
CSE-02-CASE-0060,CSE-02,CSE-02-ALT-0060,2026-08-14T10:14:00Z,2026-08-14T10:22:00Z,2026-08-14T11:08:00Z,Critical,"Investigated suspicious Denial of Service activity on CSE-02-AST-001. Host quarantine verified, memory strings analyzed, credentials rotated for user domain accounts. Incident mitigated cleanly.",3,Resolved by Standard Triage,Root vulnerability in service module on CSE-02-AST-001,Completed,LEAD-REV-01
CSE-02-CASE-0061,CSE-02,CSE-02-ALT-0061,2026-08-23T17:32:00Z,2026-08-23T17:39:00Z,2026-08-23T18:46:00Z,Medium,"Investigated suspicious Reconnaissance activity on CSE-02-AST-002. Host quarantine verified, memory strings analyzed, credentials rotated for user domain accounts. Incident mitigated cleanly.",5,Resolved by Standard Triage,Root vulnerability in service module on CSE-02-AST-002,Completed,LEAD-REV-01
CSE-02-CASE-0062,CSE-02,CSE-02-ALT-0062,2026-08-16T01:09:00Z,2026-08-16T01:19:00Z,2026-08-16T02:13:00Z,Medium,"Investigated suspicious Data Exfiltration activity on CSE-02-AST-003. Host quarantine verified, memory strings analyzed, credentials rotated for user domain accounts. Incident mitigated cleanly.",3,Resolved by Standard Triage,Root vulnerability in service module on CSE-02-AST-003,Completed,LEAD-REV-01
CSE-02-CASE-0063,CSE-02,CSE-02-ALT-0063,2026-08-09T21:21:00Z,2026-08-09T21:26:00Z,2026-08-09T23:05:00Z,High,"Investigated suspicious Denial of Service activity on CSE-02-AST-004. Host quarantine verified, memory strings analyzed, credentials rotated for user domain accounts. Incident mitigated cleanly.",4,Resolved by Standard Triage,Root vulnerability in service module on CSE-02-AST-004,Completed,LEAD-REV-01
CSE-02-CASE-0064,CSE-02,CSE-02-ALT-0064,2026-08-11T02:37:00Z,2026-08-11T02:40:00Z,2026-08-11T04:19:00Z,Medium,"Investigated suspicious Reconnaissance activity on CSE-02-AST-005. Host quarantine verified, memory strings analyzed, credentials rotated for user domain accounts. Incident mitigated cleanly.",5,Resolved by Standard Triage,Root vulnerability in service module on CSE-02-AST-005,Completed,LEAD-REV-01
CSE-02-CASE-0065,CSE-02,CSE-02-ALT-0065,2026-08-12T01:48:00Z,2026-08-12T01:56:00Z,2026-08-12T03:16:00Z,Critical,"Investigated suspicious Privilege Escalation activity on CSE-02-AST-001. Host quarantine verified, memory strings analyzed, credentials rotated for user domain accounts. Incident mitigated cleanly.",3,Resolved by Standard Triage,Root vulnerability in service module on CSE-02-AST-001,Completed,LEAD-REV-01
CSE-02-CASE-0066,CSE-02,CSE-02-ALT-0066,2026-08-09T02:24:00Z,2026-08-09T02:25:00Z,2026-08-09T03:56:00Z,High,"Investigated suspicious Identity/Credential Access activity on CSE-02-AST-002. Host quarantine verified, memory strings analyzed, credentials rotated for user domain accounts. Incident mitigated cleanly.",5,Resolved by Standard Triage,Root vulnerability in service module on CSE-02-AST-002,Completed,LEAD-REV-01
CSE-02-CASE-0067,CSE-02,CSE-02-ALT-0067,2026-08-26T20:24:00Z,2026-08-26T20:32:00Z,2026-08-26T21:23:00Z,Medium,"Investigated suspicious Reconnaissance activity on CSE-02-AST-003. Host quarantine verified, memory strings analyzed, credentials rotated for user domain accounts. Incident mitigated cleanly.",3,Resolved by Standard Triage,Root vulnerability in service module on CSE-02-AST-003,Completed,LEAD-REV-01
CSE-02-CASE-0068,CSE-02,CSE-02-ALT-0068,2026-08-19T18:55:00Z,2026-08-19T18:57:00Z,2026-08-19T20:31:00Z,Medium,"Investigated suspicious Malware activity on CSE-02-AST-004. Host quarantine verified, memory strings analyzed, credentials rotated for user domain accounts. Incident mitigated cleanly.",5,Resolved by Standard Triage,Root vulnerability in service module on CSE-02-AST-004,Completed,LEAD-REV-01
CSE-02-CASE-0069,CSE-02,CSE-02-ALT-0069,2026-08-24T12:26:00Z,2026-08-24T12:28:00Z,2026-08-24T13:25:00Z,High,"Investigated suspicious Denial of Service activity on CSE-02-AST-005. Host quarantine verified, memory strings analyzed, credentials rotated for user domain accounts. Incident mitigated cleanly.",4,Resolved by Standard Triage,Root vulnerability in service module on CSE-02-AST-005,Completed,LEAD-REV-01
CSE-02-CASE-0070,CSE-02,CSE-02-ALT-0070,2026-08-21T06:25:00Z,2026-08-21T06:31:00Z,2026-08-21T07:15:00Z,Critical,"Investigated suspicious Reconnaissance activity on CSE-02-AST-001. Host quarantine verified, memory strings analyzed, credentials rotated for user domain accounts. Incident mitigated cleanly.",5,Resolved by Standard Triage,Root vulnerability in service module on CSE-02-AST-001,Completed,LEAD-REV-01
CSE-02-CASE-0071,CSE-02,CSE-02-ALT-0071,2026-08-22T06:56:00Z,2026-08-22T07:05:00Z,2026-08-22T08:38:00Z,Medium,"Investigated suspicious Denial of Service activity on CSE-02-AST-002. Host quarantine verified, memory strings analyzed, credentials rotated for user domain accounts. Incident mitigated cleanly.",2,Resolved by Standard Triage,Root vulnerability in service module on CSE-02-AST-002,Completed,LEAD-REV-01
CSE-02-CASE-0072,CSE-02,CSE-02-ALT-0072,2026-08-22T05:58:00Z,2026-08-22T06:00:00Z,2026-08-22T07:07:00Z,High,"Investigated suspicious Lateral Movement activity on CSE-02-AST-003. Host quarantine verified, memory strings analyzed, credentials rotated for user domain accounts. Incident mitigated cleanly.",2,Resolved by Standard Triage,Root vulnerability in service module on CSE-02-AST-003,Completed,LEAD-REV-01
CSE-02-CASE-0073,CSE-02,CSE-02-ALT-0073,2026-08-23T11:28:00Z,2026-08-23T11:29:00Z,2026-08-23T12:46:00Z,Medium,"Investigated suspicious Identity/Credential Access activity on CSE-02-AST-004. Host quarantine verified, memory strings analyzed, credentials rotated for user domain accounts. Incident mitigated cleanly.",4,Resolved by Standard Triage,Root vulnerability in service module on CSE-02-AST-004,Completed,LEAD-REV-01
CSE-02-CASE-0074,CSE-02,CSE-02-ALT-0074,2026-08-10T19:23:00Z,2026-08-10T19:27:00Z,2026-08-10T20:21:00Z,Medium,"Investigated suspicious Data Exfiltration activity on CSE-02-AST-005. Host quarantine verified, memory strings analyzed, credentials rotated for user domain accounts. Incident mitigated cleanly.",5,Resolved by Standard Triage,Root vulnerability in service module on CSE-02-AST-005,Completed,LEAD-REV-01
CSE-02-CASE-0075,CSE-02,CSE-02-ALT-0075,2026-08-22T13:10:00Z,2026-08-22T13:20:00Z,2026-08-22T14:00:00Z,Critical,"Investigated suspicious Identity/Credential Access activity on CSE-02-AST-001. Host quarantine verified, memory strings analyzed, credentials rotated for user domain accounts. Incident mitigated cleanly.",3,Resolved by Standard Triage,Root vulnerability in service module on CSE-02-AST-001,Completed,LEAD-REV-01
CSE-02-CASE-0076,CSE-02,CSE-02-ALT-0076,2026-08-19T12:14:00Z,2026-08-19T12:22:00Z,2026-08-19T13:26:00Z,Medium,"Investigated suspicious Data Exfiltration activity on CSE-02-AST-002. Host quarantine verified, memory strings analyzed, credentials rotated for user domain accounts. Incident mitigated cleanly.",2,Resolved by Standard Triage,Root vulnerability in service module on CSE-02-AST-002,Completed,LEAD-REV-01
CSE-02-CASE-0077,CSE-02,CSE-02-ALT-0077,2026-08-29T17:43:00Z,2026-08-29T17:45:00Z,2026-08-29T18:43:00Z,Medium,"Investigated suspicious Privilege Escalation activity on CSE-02-AST-003. Host quarantine verified, memory strings analyzed, credentials rotated for user domain accounts. Incident mitigated cleanly.",4,Resolved by Standard Triage,Root vulnerability in service module on CSE-02-AST-003,Completed,LEAD-REV-01
CSE-02-CASE-0078,CSE-02,CSE-02-ALT-0078,2026-08-11T04:27:00Z,2026-08-11T04:35:00Z,2026-08-11T05:39:00Z,High,"Investigated suspicious Reconnaissance activity on CSE-02-AST-004. Host quarantine verified, memory strings analyzed, credentials rotated for user domain accounts. Incident mitigated cleanly.",3,Resolved by Standard Triage,Root vulnerability in service module on CSE-02-AST-004,Completed,LEAD-REV-01
CSE-02-CASE-0079,CSE-02,CSE-02-ALT-0079,2026-08-28T23:06:00Z,2026-08-28T23:16:00Z,2026-08-29T00:34:00Z,Medium,"Investigated suspicious Identity/Credential Access activity on CSE-02-AST-005. Host quarantine verified, memory strings analyzed, credentials rotated for user domain accounts. Incident mitigated cleanly.",4,Resolved by Standard Triage,Root vulnerability in service module on CSE-02-AST-005,Completed,LEAD-REV-01
CSE-02-CASE-0080,CSE-02,CSE-02-ALT-0080,2026-08-10T08:53:00Z,2026-08-10T08:58:00Z,2026-08-10T10:23:00Z,Critical,"Investigated suspicious Reconnaissance activity on CSE-02-AST-001. Host quarantine verified, memory strings analyzed, credentials rotated for user domain accounts. Incident mitigated cleanly.",2,Resolved by Standard Triage,Root vulnerability in service module on CSE-02-AST-001,Completed,LEAD-REV-01
CSE-02-CASE-0081,CSE-02,CSE-02-ALT-0081,2026-08-24T23:53:00Z,2026-08-25T00:03:00Z,2026-08-25T01:02:00Z,High,"Investigated suspicious Lateral Movement activity on CSE-02-AST-002. Host quarantine verified, memory strings analyzed, credentials rotated for user domain accounts. Incident mitigated cleanly.",3,Resolved by Standard Triage,Root vulnerability in service module on CSE-02-AST-002,Completed,LEAD-REV-01
CSE-02-CASE-0082,CSE-02,CSE-02-ALT-0082,2026-08-08T03:16:00Z,2026-08-08T03:18:00Z,2026-08-08T04:13:00Z,Medium,"Investigated suspicious Reconnaissance activity on CSE-02-AST-003. Host quarantine verified, memory strings analyzed, credentials rotated for user domain accounts. Incident mitigated cleanly.",2,Resolved by Standard Triage,Root vulnerability in service module on CSE-02-AST-003,Completed,LEAD-REV-01
CSE-02-CASE-0083,CSE-02,CSE-02-ALT-0083,2026-08-26T22:02:00Z,2026-08-26T22:05:00Z,2026-08-26T23:28:00Z,Medium,"Investigated suspicious Privilege Escalation activity on CSE-02-AST-004. Host quarantine verified, memory strings analyzed, credentials rotated for user domain accounts. Incident mitigated cleanly.",4,Resolved by Standard Triage,Root vulnerability in service module on CSE-02-AST-004,Completed,LEAD-REV-01
CSE-02-CASE-0084,CSE-02,CSE-02-ALT-0084,2026-08-24T21:11:00Z,2026-08-24T21:20:00Z,2026-08-24T22:07:00Z,High,"Investigated suspicious Identity/Credential Access activity on CSE-02-AST-005. Host quarantine verified, memory strings analyzed, credentials rotated for user domain accounts. Incident mitigated cleanly.",4,Resolved by Standard Triage,Root vulnerability in service module on CSE-02-AST-005,Completed,LEAD-REV-01
CSE-02-CASE-0085,CSE-02,CSE-02-ALT-0085,2026-08-09T23:51:00Z,2026-08-09T23:53:00Z,2026-08-10T01:14:00Z,Critical,"Investigated suspicious Lateral Movement activity on CSE-02-AST-001. Host quarantine verified, memory strings analyzed, credentials rotated for user domain accounts. Incident mitigated cleanly.",2,Resolved by Standard Triage,Root vulnerability in service module on CSE-02-AST-001,Completed,LEAD-REV-01
CSE-02-CASE-0086,CSE-02,CSE-02-ALT-0086,2026-08-25T15:55:00Z,2026-08-25T16:04:00Z,2026-08-25T17:25:00Z,Medium,"Investigated suspicious Reconnaissance activity on CSE-02-AST-002. Host quarantine verified, memory strings analyzed, credentials rotated for user domain accounts. Incident mitigated cleanly.",2,Resolved by Standard Triage,Root vulnerability in service module on CSE-02-AST-002,Completed,LEAD-REV-01
CSE-02-CASE-0087,CSE-02,CSE-02-ALT-0087,2026-08-01T16:34:00Z,2026-08-01T16:40:00Z,2026-08-01T18:12:00Z,High,"Investigated suspicious Malware activity on CSE-02-AST-003. Host quarantine verified, memory strings analyzed, credentials rotated for user domain accounts. Incident mitigated cleanly.",4,Resolved by Standard Triage,Root vulnerability in service module on CSE-02-AST-003,Completed,LEAD-REV-01
CSE-02-CASE-0088,CSE-02,CSE-02-ALT-0088,2026-08-14T04:23:00Z,2026-08-14T04:31:00Z,2026-08-14T05:32:00Z,Medium,"Investigated suspicious Malware activity on CSE-02-AST-004. Host quarantine verified, memory strings analyzed, credentials rotated for user domain accounts. Incident mitigated cleanly.",4,Resolved by Standard Triage,Root vulnerability in service module on CSE-02-AST-004,Completed,LEAD-REV-01
CSE-02-CASE-0089,CSE-02,CSE-02-ALT-0089,2026-08-09T04:04:00Z,2026-08-09T04:09:00Z,2026-08-09T05:43:00Z,Medium,"Investigated suspicious Reconnaissance activity on CSE-02-AST-005. Host quarantine verified, memory strings analyzed, credentials rotated for user domain accounts. Incident mitigated cleanly.",5,Resolved by Standard Triage,Root vulnerability in service module on CSE-02-AST-005,Completed,LEAD-REV-01
CSE-02-CASE-0090,CSE-02,CSE-02-ALT-0090,2026-08-05T09:02:00Z,2026-08-05T09:04:00Z,2026-08-05T10:45:00Z,Critical,"Investigated suspicious Lateral Movement activity on CSE-02-AST-001. Host quarantine verified, memory strings analyzed, credentials rotated for user domain accounts. Incident mitigated cleanly.",3,Resolved by Standard Triage,Root vulnerability in service module on CSE-02-AST-001,Completed,LEAD-REV-01
CSE-02-CASE-0091,CSE-02,CSE-02-ALT-0091,2026-08-05T20:29:00Z,2026-08-05T20:36:00Z,2026-08-05T22:18:00Z,Medium,"Investigated suspicious Lateral Movement activity on CSE-02-AST-002. Host quarantine verified, memory strings analyzed, credentials rotated for user domain accounts. Incident mitigated cleanly.",3,Resolved by Standard Triage,Root vulnerability in service module on CSE-02-AST-002,Completed,LEAD-REV-01
CSE-02-CASE-0092,CSE-02,CSE-02-ALT-0092,2026-08-21T11:53:00Z,2026-08-21T12:00:00Z,2026-08-21T13:51:00Z,Medium,"Investigated suspicious Data Exfiltration activity on CSE-02-AST-003. Host quarantine verified, memory strings analyzed, credentials rotated for user domain accounts. Incident mitigated cleanly.",2,Resolved by Standard Triage,Root vulnerability in service module on CSE-02-AST-003,Completed,LEAD-REV-01
CSE-02-CASE-0093,CSE-02,CSE-02-ALT-0093,2026-08-12T14:28:00Z,2026-08-12T14:34:00Z,2026-08-12T15:38:00Z,High,"Investigated suspicious Data Exfiltration activity on CSE-02-AST-004. Host quarantine verified, memory strings analyzed, credentials rotated for user domain accounts. Incident mitigated cleanly.",4,Resolved by Standard Triage,Root vulnerability in service module on CSE-02-AST-004,Completed,LEAD-REV-01
CSE-02-CASE-0094,CSE-02,CSE-02-ALT-0094,2026-08-30T04:22:00Z,2026-08-30T04:27:00Z,2026-08-30T05:52:00Z,Medium,"Investigated suspicious Malware activity on CSE-02-AST-005. Host quarantine verified, memory strings analyzed, credentials rotated for user domain accounts. Incident mitigated cleanly.",2,Resolved by Standard Triage,Root vulnerability in service module on CSE-02-AST-005,Completed,LEAD-REV-01
CSE-02-CASE-0095,CSE-02,CSE-02-ALT-0095,2026-08-04T05:13:00Z,2026-08-04T05:14:00Z,2026-08-04T07:09:00Z,Critical,"Investigated suspicious Reconnaissance activity on CSE-02-AST-001. Host quarantine verified, memory strings analyzed, credentials rotated for user domain accounts. Incident mitigated cleanly.",4,Resolved by Standard Triage,Root vulnerability in service module on CSE-02-AST-001,Completed,LEAD-REV-01
CSE-02-CASE-0096,CSE-02,CSE-02-ALT-0096,2026-08-06T02:13:00Z,2026-08-06T02:17:00Z,2026-08-06T04:03:00Z,High,"Investigated suspicious Malware activity on CSE-02-AST-002. Host quarantine verified, memory strings analyzed, credentials rotated for user domain accounts. Incident mitigated cleanly.",3,Resolved by Standard Triage,Root vulnerability in service module on CSE-02-AST-002,Completed,LEAD-REV-01
CSE-02-CASE-0097,CSE-02,CSE-02-ALT-0097,2026-08-11T12:50:00Z,2026-08-11T12:55:00Z,2026-08-11T13:30:00Z,Medium,"Investigated suspicious Privilege Escalation activity on CSE-02-AST-003. Host quarantine verified, memory strings analyzed, credentials rotated for user domain accounts. Incident mitigated cleanly.",3,Resolved by Standard Triage,Root vulnerability in service module on CSE-02-AST-003,Completed,LEAD-REV-01
CSE-02-CASE-0098,CSE-02,CSE-02-ALT-0098,2026-08-09T13:07:00Z,2026-08-09T13:10:00Z,2026-08-09T13:50:00Z,Medium,"Investigated suspicious Reconnaissance activity on CSE-02-AST-004. Host quarantine verified, memory strings analyzed, credentials rotated for user domain accounts. Incident mitigated cleanly.",4,Resolved by Standard Triage,Root vulnerability in service module on CSE-02-AST-004,Completed,LEAD-REV-01
CSE-02-CASE-0099,CSE-02,CSE-02-ALT-0099,2026-08-19T18:01:00Z,2026-08-19T18:02:00Z,2026-08-19T19:14:00Z,High,"Investigated suspicious Identity/Credential Access activity on CSE-02-AST-005. Host quarantine verified, memory strings analyzed, credentials rotated for user domain accounts. Incident mitigated cleanly.",5,Resolved by Standard Triage,Root vulnerability in service module on CSE-02-AST-005,Completed,LEAD-REV-01
CSE-02-CASE-0100,CSE-02,CSE-02-ALT-0100,2026-08-05T07:04:00Z,2026-08-05T07:10:00Z,2026-08-05T08:41:00Z,Critical,"Investigated suspicious Data Exfiltration activity on CSE-02-AST-001. Host quarantine verified, memory strings analyzed, credentials rotated for user domain accounts. Incident mitigated cleanly.",2,Resolved by Standard Triage,Root vulnerability in service module on CSE-02-AST-001,Completed,LEAD-REV-01
CSE-02-CASE-0101,CSE-02,CSE-02-ALT-0101,2026-08-17T15:39:00Z,2026-08-17T15:44:00Z,2026-08-17T17:25:00Z,Medium,"Investigated suspicious Malware activity on CSE-02-AST-002. Host quarantine verified, memory strings analyzed, credentials rotated for user domain accounts. Incident mitigated cleanly.",2,Resolved by Standard Triage,Root vulnerability in service module on CSE-02-AST-002,Completed,LEAD-REV-01
CSE-02-CASE-0102,CSE-02,CSE-02-ALT-0102,2026-08-16T20:27:00Z,2026-08-16T20:35:00Z,2026-08-16T21:20:00Z,High,"Investigated suspicious Reconnaissance activity on CSE-02-AST-003. Host quarantine verified, memory strings analyzed, credentials rotated for user domain accounts. Incident mitigated cleanly.",5,Resolved by Standard Triage,Root vulnerability in service module on CSE-02-AST-003,Completed,LEAD-REV-01
CSE-02-CASE-0103,CSE-02,CSE-02-ALT-0103,2026-08-29T10:20:00Z,2026-08-29T10:22:00Z,2026-08-29T11:18:00Z,Medium,"Investigated suspicious Privilege Escalation activity on CSE-02-AST-004. Host quarantine verified, memory strings analyzed, credentials rotated for user domain accounts. Incident mitigated cleanly.",4,Resolved by Standard Triage,Root vulnerability in service module on CSE-02-AST-004,Completed,LEAD-REV-01
CSE-02-CASE-0104,CSE-02,CSE-02-ALT-0104,2026-08-22T02:35:00Z,2026-08-22T02:42:00Z,2026-08-22T03:56:00Z,Medium,"Investigated suspicious Reconnaissance activity on CSE-02-AST-005. Host quarantine verified, memory strings analyzed, credentials rotated for user domain accounts. Incident mitigated cleanly.",4,Resolved by Standard Triage,Root vulnerability in service module on CSE-02-AST-005,Completed,LEAD-REV-01
CSE-02-CASE-0105,CSE-02,CSE-02-ALT-0105,2026-08-18T03:27:00Z,2026-08-18T03:36:00Z,2026-08-18T04:21:00Z,Critical,"Investigated suspicious Malware activity on CSE-02-AST-001. Host quarantine verified, memory strings analyzed, credentials rotated for user domain accounts. Incident mitigated cleanly.",3,Resolved by Standard Triage,Root vulnerability in service module on CSE-02-AST-001,Completed,LEAD-REV-01
CSE-02-CASE-0106,CSE-02,CSE-02-ALT-0106,2026-08-15T15:26:00Z,2026-08-15T15:33:00Z,2026-08-15T17:04:00Z,Medium,"Investigated suspicious Lateral Movement activity on CSE-02-AST-002. Host quarantine verified, memory strings analyzed, credentials rotated for user domain accounts. Incident mitigated cleanly.",2,Resolved by Standard Triage,Root vulnerability in service module on CSE-02-AST-002,Completed,LEAD-REV-01
CSE-02-CASE-0107,CSE-02,CSE-02-ALT-0107,2026-08-14T18:42:00Z,2026-08-14T18:45:00Z,2026-08-14T20:09:00Z,Medium,"Investigated suspicious Lateral Movement activity on CSE-02-AST-003. Host quarantine verified, memory strings analyzed, credentials rotated for user domain accounts. Incident mitigated cleanly.",5,Resolved by Standard Triage,Root vulnerability in service module on CSE-02-AST-003,Completed,LEAD-REV-01
CSE-02-CASE-0108,CSE-02,CSE-02-ALT-0108,2026-08-03T10:05:00Z,2026-08-03T10:11:00Z,2026-08-03T10:57:00Z,High,"Investigated suspicious Data Exfiltration activity on CSE-02-AST-004. Host quarantine verified, memory strings analyzed, credentials rotated for user domain accounts. Incident mitigated cleanly.",2,Resolved by Standard Triage,Root vulnerability in service module on CSE-02-AST-004,Completed,LEAD-REV-01
CSE-02-CASE-0109,CSE-02,CSE-02-ALT-0109,2026-08-19T01:21:00Z,2026-08-19T01:28:00Z,2026-08-19T02:16:00Z,Medium,"Investigated suspicious Reconnaissance activity on CSE-02-AST-005. Host quarantine verified, memory strings analyzed, credentials rotated for user domain accounts. Incident mitigated cleanly.",5,Resolved by Standard Triage,Root vulnerability in service module on CSE-02-AST-005,Completed,LEAD-REV-01
CSE-02-CASE-0110,CSE-02,CSE-02-ALT-0110,2026-08-02T17:38:00Z,2026-08-02T17:40:00Z,2026-08-02T19:03:00Z,Critical,"Investigated suspicious Lateral Movement activity on CSE-02-AST-001. Host quarantine verified, memory strings analyzed, credentials rotated for user domain accounts. Incident mitigated cleanly.",3,Resolved by Standard Triage,Root vulnerability in service module on CSE-02-AST-001,Completed,LEAD-REV-01
CSE-02-CASE-0111,CSE-02,CSE-02-ALT-0111,2026-08-22T23:14:00Z,2026-08-22T23:20:00Z,2026-08-23T00:07:00Z,High,"Investigated suspicious Denial of Service activity on CSE-02-AST-002. Host quarantine verified, memory strings analyzed, credentials rotated for user domain accounts. Incident mitigated cleanly.",4,Resolved by Standard Triage,Root vulnerability in service module on CSE-02-AST-002,Completed,LEAD-REV-01
CSE-02-CASE-0112,CSE-02,CSE-02-ALT-0112,2026-08-25T16:36:00Z,2026-08-25T16:45:00Z,2026-08-25T18:10:00Z,Medium,"Investigated suspicious Identity/Credential Access activity on CSE-02-AST-003. Host quarantine verified, memory strings analyzed, credentials rotated for user domain accounts. Incident mitigated cleanly.",2,Resolved by Standard Triage,Root vulnerability in service module on CSE-02-AST-003,Completed,LEAD-REV-01
CSE-02-CASE-0113,CSE-02,CSE-02-ALT-0113,2026-08-23T06:17:00Z,2026-08-23T06:22:00Z,2026-08-23T07:20:00Z,Medium,"Investigated suspicious Malware activity on CSE-02-AST-004. Host quarantine verified, memory strings analyzed, credentials rotated for user domain accounts. Incident mitigated cleanly.",4,Resolved by Standard Triage,Root vulnerability in service module on CSE-02-AST-004,Completed,LEAD-REV-01
CSE-02-CASE-0114,CSE-02,CSE-02-ALT-0114,2026-08-12T08:11:00Z,2026-08-12T08:21:00Z,2026-08-12T09:09:00Z,High,"Investigated suspicious Denial of Service activity on CSE-02-AST-005. Host quarantine verified, memory strings analyzed, credentials rotated for user domain accounts. Incident mitigated cleanly.",5,Resolved by Standard Triage,Root vulnerability in service module on CSE-02-AST-005,Completed,LEAD-REV-01
CSE-02-CASE-0115,CSE-02,CSE-02-ALT-0115,2026-08-06T07:40:00Z,2026-08-06T07:49:00Z,2026-08-06T08:31:00Z,Critical,"Investigated suspicious Malware activity on CSE-02-AST-001. Host quarantine verified, memory strings analyzed, credentials rotated for user domain accounts. Incident mitigated cleanly.",5,Resolved by Standard Triage,Root vulnerability in service module on CSE-02-AST-001,Completed,LEAD-REV-01
CSE-02-CASE-0116,CSE-02,CSE-02-ALT-0116,2026-08-15T18:10:00Z,2026-08-15T18:16:00Z,2026-08-15T19:29:00Z,Medium,"Investigated suspicious Lateral Movement activity on CSE-02-AST-002. Host quarantine verified, memory strings analyzed, credentials rotated for user domain accounts. Incident mitigated cleanly.",2,Resolved by Standard Triage,Root vulnerability in service module on CSE-02-AST-002,Completed,LEAD-REV-01
CSE-02-CASE-0117,CSE-02,CSE-02-ALT-0117,2026-08-05T13:48:00Z,2026-08-05T13:50:00Z,2026-08-05T14:34:00Z,High,"Investigated suspicious Privilege Escalation activity on CSE-02-AST-003. Host quarantine verified, memory strings analyzed, credentials rotated for user domain accounts. Incident mitigated cleanly.",5,Resolved by Standard Triage,Root vulnerability in service module on CSE-02-AST-003,Completed,LEAD-REV-01
CSE-02-CASE-0118,CSE-02,CSE-02-ALT-0118,2026-08-14T23:38:00Z,2026-08-14T23:43:00Z,2026-08-15T01:11:00Z,Medium,"Investigated suspicious Data Exfiltration activity on CSE-02-AST-004. Host quarantine verified, memory strings analyzed, credentials rotated for user domain accounts. Incident mitigated cleanly.",2,Resolved by Standard Triage,Root vulnerability in service module on CSE-02-AST-004,Completed,LEAD-REV-01
CSE-02-CASE-0119,CSE-02,CSE-02-ALT-0119,2026-08-14T11:18:00Z,2026-08-14T11:26:00Z,2026-08-14T13:13:00Z,Medium,"Investigated suspicious Reconnaissance activity on CSE-02-AST-005. Host quarantine verified, memory strings analyzed, credentials rotated for user domain accounts. Incident mitigated cleanly.",4,Resolved by Standard Triage,Root vulnerability in service module on CSE-02-AST-005,Completed,LEAD-REV-01
CSE-02-CASE-0120,CSE-02,CSE-02-ALT-0120,2026-08-08T20:38:00Z,2026-08-08T20:42:00Z,2026-08-08T21:18:00Z,Critical,"Investigated suspicious Malware activity on CSE-02-AST-001. Host quarantine verified, memory strings analyzed, credentials rotated for user domain accounts. Incident mitigated cleanly.",3,Resolved by Standard Triage,Root vulnerability in service module on CSE-02-AST-001,Completed,LEAD-REV-01
CSE-02-CASE-0121,CSE-02,CSE-02-ALT-0121,2026-08-25T16:18:00Z,2026-08-25T16:19:00Z,2026-08-25T17:13:00Z,Medium,"Investigated suspicious Lateral Movement activity on CSE-02-AST-002. Host quarantine verified, memory strings analyzed, credentials rotated for user domain accounts. Incident mitigated cleanly.",5,Resolved by Standard Triage,Root vulnerability in service module on CSE-02-AST-002,Completed,LEAD-REV-01
CSE-02-CASE-0122,CSE-02,CSE-02-ALT-0122,2026-08-05T20:34:00Z,2026-08-05T20:43:00Z,2026-08-05T21:43:00Z,Medium,"Investigated suspicious Reconnaissance activity on CSE-02-AST-003. Host quarantine verified, memory strings analyzed, credentials rotated for user domain accounts. Incident mitigated cleanly.",4,Resolved by Standard Triage,Root vulnerability in service module on CSE-02-AST-003,Completed,LEAD-REV-01
CSE-02-CASE-0123,CSE-02,CSE-02-ALT-0123,2026-08-14T07:02:00Z,2026-08-14T07:10:00Z,2026-08-14T07:44:00Z,High,"Investigated suspicious Data Exfiltration activity on CSE-02-AST-004. Host quarantine verified, memory strings analyzed, credentials rotated for user domain accounts. Incident mitigated cleanly.",4,Resolved by Standard Triage,Root vulnerability in service module on CSE-02-AST-004,Completed,LEAD-REV-01
CSE-02-CASE-0124,CSE-02,CSE-02-ALT-0124,2026-08-15T02:25:00Z,2026-08-15T02:30:00Z,2026-08-15T03:58:00Z,Medium,"Investigated suspicious Reconnaissance activity on CSE-02-AST-005. Host quarantine verified, memory strings analyzed, credentials rotated for user domain accounts. Incident mitigated cleanly.",5,Resolved by Standard Triage,Root vulnerability in service module on CSE-02-AST-005,Completed,LEAD-REV-01
CSE-02-CASE-0125,CSE-02,CSE-02-ALT-0125,2026-08-11T13:51:00Z,2026-08-11T13:57:00Z,2026-08-11T15:29:00Z,Critical,"Investigated suspicious Privilege Escalation activity on CSE-02-AST-001. Host quarantine verified, memory strings analyzed, credentials rotated for user domain accounts. Incident mitigated cleanly.",5,Resolved by Standard Triage,Root vulnerability in service module on CSE-02-AST-001,Completed,LEAD-REV-01
CSE-02-CASE-0126,CSE-02,CSE-02-ALT-0126,2026-08-08T21:37:00Z,2026-08-08T21:39:00Z,2026-08-08T23:24:00Z,High,"Investigated suspicious Data Exfiltration activity on CSE-02-AST-002. Host quarantine verified, memory strings analyzed, credentials rotated for user domain accounts. Incident mitigated cleanly.",4,Resolved by Standard Triage,Root vulnerability in service module on CSE-02-AST-002,Completed,LEAD-REV-01
CSE-02-CASE-0127,CSE-02,CSE-02-ALT-0127,2026-08-11T15:21:00Z,2026-08-11T15:23:00Z,2026-08-11T16:22:00Z,Medium,"Investigated suspicious Denial of Service activity on CSE-02-AST-003. Host quarantine verified, memory strings analyzed, credentials rotated for user domain accounts. Incident mitigated cleanly.",2,Resolved by Standard Triage,Root vulnerability in service module on CSE-02-AST-003,Completed,LEAD-REV-01
CSE-02-CASE-0128,CSE-02,CSE-02-ALT-0128,2026-08-17T14:57:00Z,2026-08-17T15:03:00Z,2026-08-17T16:21:00Z,Medium,"Investigated suspicious Denial of Service activity on CSE-02-AST-004. Host quarantine verified, memory strings analyzed, credentials rotated for user domain accounts. Incident mitigated cleanly.",3,Resolved by Standard Triage,Root vulnerability in service module on CSE-02-AST-004,Completed,LEAD-REV-01
CSE-02-CASE-0129,CSE-02,CSE-02-ALT-0129,2026-08-04T12:16:00Z,2026-08-04T12:26:00Z,2026-08-04T13:18:00Z,High,"Investigated suspicious Identity/Credential Access activity on CSE-02-AST-005. Host quarantine verified, memory strings analyzed, credentials rotated for user domain accounts. Incident mitigated cleanly.",2,Resolved by Standard Triage,Root vulnerability in service module on CSE-02-AST-005,Completed,LEAD-REV-01
CSE-02-CASE-0130,CSE-02,CSE-02-ALT-0130,2026-08-26T04:31:00Z,2026-08-26T04:41:00Z,2026-08-26T06:23:00Z,Critical,"Investigated suspicious Data Exfiltration activity on CSE-02-AST-001. Host quarantine verified, memory strings analyzed, credentials rotated for user domain accounts. Incident mitigated cleanly.",4,Resolved by Standard Triage,Root vulnerability in service module on CSE-02-AST-001,Completed,LEAD-REV-01
CSE-02-CASE-0131,CSE-02,CSE-02-ALT-0131,2026-08-11T12:28:00Z,2026-08-11T12:36:00Z,2026-08-11T14:08:00Z,Medium,"Investigated suspicious Malware activity on CSE-02-AST-002. Host quarantine verified, memory strings analyzed, credentials rotated for user domain accounts. Incident mitigated cleanly.",4,Resolved by Standard Triage,Root vulnerability in service module on CSE-02-AST-002,Completed,LEAD-REV-01
CSE-02-CASE-0132,CSE-02,CSE-02-ALT-0132,2026-08-19T09:22:00Z,2026-08-19T09:27:00Z,2026-08-19T10:11:00Z,High,"Investigated suspicious Privilege Escalation activity on CSE-02-AST-003. Host quarantine verified, memory strings analyzed, credentials rotated for user domain accounts. Incident mitigated cleanly.",5,Resolved by Standard Triage,Root vulnerability in service module on CSE-02-AST-003,Completed,LEAD-REV-01
CSE-02-CASE-0133,CSE-02,CSE-02-ALT-0133,2026-08-02T19:53:00Z,2026-08-02T19:55:00Z,2026-08-02T20:42:00Z,Medium,"Investigated suspicious Lateral Movement activity on CSE-02-AST-004. Host quarantine verified, memory strings analyzed, credentials rotated for user domain accounts. Incident mitigated cleanly.",5,Resolved by Standard Triage,Root vulnerability in service module on CSE-02-AST-004,Completed,LEAD-REV-01
CSE-02-CASE-0134,CSE-02,CSE-02-ALT-0134,2026-08-20T01:50:00Z,2026-08-20T01:58:00Z,2026-08-20T02:35:00Z,Medium,"Investigated suspicious Reconnaissance activity on CSE-02-AST-005. Host quarantine verified, memory strings analyzed, credentials rotated for user domain accounts. Incident mitigated cleanly.",3,Resolved by Standard Triage,Root vulnerability in service module on CSE-02-AST-005,Completed,LEAD-REV-01
CSE-02-CASE-0135,CSE-02,CSE-02-ALT-0135,2026-08-20T23:32:00Z,2026-08-20T23:40:00Z,2026-08-21T00:19:00Z,Critical,"Investigated suspicious Identity/Credential Access activity on CSE-02-AST-001. Host quarantine verified, memory strings analyzed, credentials rotated for user domain accounts. Incident mitigated cleanly.",4,Resolved by Standard Triage,Root vulnerability in service module on CSE-02-AST-001,Completed,LEAD-REV-01
CSE-02-CASE-0136,CSE-02,CSE-02-ALT-0136,2026-08-04T00:41:00Z,2026-08-04T00:45:00Z,2026-08-04T01:26:00Z,Medium,"Investigated suspicious Identity/Credential Access activity on CSE-02-AST-002. Host quarantine verified, memory strings analyzed, credentials rotated for user domain accounts. Incident mitigated cleanly.",5,Resolved by Standard Triage,Root vulnerability in service module on CSE-02-AST-002,Completed,LEAD-REV-01
CSE-02-CASE-0137,CSE-02,CSE-02-ALT-0137,2026-08-18T00:39:00Z,2026-08-18T00:45:00Z,2026-08-18T02:05:00Z,Medium,"Investigated suspicious Identity/Credential Access activity on CSE-02-AST-003. Host quarantine verified, memory strings analyzed, credentials rotated for user domain accounts. Incident mitigated cleanly.",5,Resolved by Standard Triage,Root vulnerability in service module on CSE-02-AST-003,Completed,LEAD-REV-01
CSE-02-CASE-0138,CSE-02,CSE-02-ALT-0138,2026-08-25T18:43:00Z,2026-08-25T18:49:00Z,2026-08-25T19:29:00Z,High,"Investigated suspicious Privilege Escalation activity on CSE-02-AST-004. Host quarantine verified, memory strings analyzed, credentials rotated for user domain accounts. Incident mitigated cleanly.",4,Resolved by Standard Triage,Root vulnerability in service module on CSE-02-AST-004,Completed,LEAD-REV-01
CSE-02-CASE-0139,CSE-02,CSE-02-ALT-0139,2026-08-19T05:24:00Z,2026-08-19T05:34:00Z,2026-08-19T06:36:00Z,Medium,"Investigated suspicious Lateral Movement activity on CSE-02-AST-005. Host quarantine verified, memory strings analyzed, credentials rotated for user domain accounts. Incident mitigated cleanly.",4,Resolved by Standard Triage,Root vulnerability in service module on CSE-02-AST-005,Completed,LEAD-REV-01
CSE-02-CASE-0140,CSE-02,CSE-02-ALT-0140,2026-08-20T05:09:00Z,2026-08-20T05:16:00Z,2026-08-20T06:28:00Z,Critical,"Investigated suspicious Lateral Movement activity on CSE-02-AST-001. Host quarantine verified, memory strings analyzed, credentials rotated for user domain accounts. Incident mitigated cleanly.",2,Resolved by Standard Triage,Root vulnerability in service module on CSE-02-AST-001,Completed,LEAD-REV-01
CSE-02-CASE-0141,CSE-02,CSE-02-ALT-0141,2026-08-18T20:41:00Z,2026-08-18T20:44:00Z,2026-08-18T22:03:00Z,High,"Investigated suspicious Denial of Service activity on CSE-02-AST-002. Host quarantine verified, memory strings analyzed, credentials rotated for user domain accounts. Incident mitigated cleanly.",2,Resolved by Standard Triage,Root vulnerability in service module on CSE-02-AST-002,Completed,LEAD-REV-01
CSE-02-CASE-0142,CSE-02,CSE-02-ALT-0142,2026-08-22T21:32:00Z,2026-08-22T21:38:00Z,2026-08-22T22:14:00Z,Medium,"Investigated suspicious Lateral Movement activity on CSE-02-AST-003. Host quarantine verified, memory strings analyzed, credentials rotated for user domain accounts. Incident mitigated cleanly.",3,Resolved by Standard Triage,Root vulnerability in service module on CSE-02-AST-003,Completed,LEAD-REV-01
CSE-02-CASE-0143,CSE-02,CSE-02-ALT-0143,2026-08-11T23:12:00Z,2026-08-11T23:15:00Z,2026-08-12T00:09:00Z,Medium,"Investigated suspicious Identity/Credential Access activity on CSE-02-AST-004. Host quarantine verified, memory strings analyzed, credentials rotated for user domain accounts. Incident mitigated cleanly.",4,Resolved by Standard Triage,Root vulnerability in service module on CSE-02-AST-004,Completed,LEAD-REV-01
CSE-02-CASE-0144,CSE-02,CSE-02-ALT-0144,2026-08-18T01:53:00Z,2026-08-18T01:54:00Z,2026-08-18T03:40:00Z,High,"Investigated suspicious Reconnaissance activity on CSE-02-AST-005. Host quarantine verified, memory strings analyzed, credentials rotated for user domain accounts. Incident mitigated cleanly.",4,Resolved by Standard Triage,Root vulnerability in service module on CSE-02-AST-005,Completed,LEAD-REV-01
CSE-02-CASE-0145,CSE-02,CSE-02-ALT-0145,2026-08-06T03:24:00Z,2026-08-06T03:27:00Z,2026-08-06T04:24:00Z,Critical,"Investigated suspicious Identity/Credential Access activity on CSE-02-AST-001. Host quarantine verified, memory strings analyzed, credentials rotated for user domain accounts. Incident mitigated cleanly.",3,Resolved by Standard Triage,Root vulnerability in service module on CSE-02-AST-001,Completed,LEAD-REV-01
CSE-02-CASE-0146,CSE-02,CSE-02-ALT-0146,2026-08-15T09:26:00Z,2026-08-15T09:34:00Z,2026-08-15T10:36:00Z,Medium,"Investigated suspicious Lateral Movement activity on CSE-02-AST-002. Host quarantine verified, memory strings analyzed, credentials rotated for user domain accounts. Incident mitigated cleanly.",4,Resolved by Standard Triage,Root vulnerability in service module on CSE-02-AST-002,Completed,LEAD-REV-01
CSE-02-CASE-0147,CSE-02,CSE-02-ALT-0147,2026-08-26T22:14:00Z,2026-08-26T22:19:00Z,2026-08-26T23:24:00Z,High,"Investigated suspicious Privilege Escalation activity on CSE-02-AST-003. Host quarantine verified, memory strings analyzed, credentials rotated for user domain accounts. Incident mitigated cleanly.",3,Resolved by Standard Triage,Root vulnerability in service module on CSE-02-AST-003,Completed,LEAD-REV-01
CSE-02-CASE-0148,CSE-02,CSE-02-ALT-0148,2026-08-23T02:28:00Z,2026-08-23T02:35:00Z,2026-08-23T03:44:00Z,Medium,"Investigated suspicious Data Exfiltration activity on CSE-02-AST-004. Host quarantine verified, memory strings analyzed, credentials rotated for user domain accounts. Incident mitigated cleanly.",5,Resolved by Standard Triage,Root vulnerability in service module on CSE-02-AST-004,Completed,LEAD-REV-01
CSE-02-CASE-0149,CSE-02,CSE-02-ALT-0149,2026-08-27T14:51:00Z,2026-08-27T14:56:00Z,2026-08-27T15:48:00Z,Medium,"Investigated suspicious Privilege Escalation activity on CSE-02-AST-005. Host quarantine verified, memory strings analyzed, credentials rotated for user domain accounts. Incident mitigated cleanly.",5,Resolved by Standard Triage,Root vulnerability in service module on CSE-02-AST-005,Completed,LEAD-REV-01
CSE-02-CASE-0150,CSE-02,CSE-02-ALT-0150,2026-08-18T11:45:00Z,2026-08-18T11:47:00Z,2026-08-18T13:31:00Z,Critical,"Investigated suspicious Denial of Service activity on CSE-02-AST-001. Host quarantine verified, memory strings analyzed, credentials rotated for user domain accounts. Incident mitigated cleanly.",2,Resolved by Standard Triage,Root vulnerability in service module on CSE-02-AST-001,Completed,LEAD-REV-01
CSE-03-CASE-0001,CSE-03,CSE-03-ALT-0001,2026-08-08T20:05:00Z,2026-08-08T20:06:00Z,2026-08-08T21:13:00Z,Medium,"Investigated suspicious Lateral Movement activity on CSE-03-AST-002. Host quarantine verified, memory strings analyzed, credentials rotated for user domain accounts. Incident mitigated cleanly.",2,Resolved by Standard Triage,Root vulnerability in service module on CSE-03-AST-002,Completed,LEAD-REV-01
CSE-03-CASE-0002,CSE-03,CSE-03-ALT-0002,2026-08-21T18:50:00Z,2026-08-21T18:51:00Z,2026-08-21T19:47:00Z,Medium,"Investigated suspicious Identity/Credential Access activity on CSE-03-AST-003. Host quarantine verified, memory strings analyzed, credentials rotated for user domain accounts. Incident mitigated cleanly.",5,Resolved by Standard Triage,Root vulnerability in service module on CSE-03-AST-003,Completed,LEAD-REV-01
CSE-03-CASE-0003,CSE-03,CSE-03-ALT-0003,2026-08-27T12:48:00Z,2026-08-27T12:56:00Z,2026-08-27T14:28:00Z,High,"Investigated suspicious Reconnaissance activity on CSE-03-AST-004. Host quarantine verified, memory strings analyzed, credentials rotated for user domain accounts. Incident mitigated cleanly.",2,Resolved by Standard Triage,Root vulnerability in service module on CSE-03-AST-004,Completed,LEAD-REV-01
CSE-03-CASE-0004,CSE-03,CSE-03-ALT-0004,2026-08-01T16:13:00Z,2026-08-01T16:22:00Z,2026-08-01T17:12:00Z,Medium,"Investigated suspicious Denial of Service activity on CSE-03-AST-005. Host quarantine verified, memory strings analyzed, credentials rotated for user domain accounts. Incident mitigated cleanly.",5,Resolved by Standard Triage,Root vulnerability in service module on CSE-03-AST-005,Completed,LEAD-REV-01
CSE-03-CASE-0005,CSE-03,CSE-03-ALT-0005,2026-08-25T17:15:00Z,2026-08-25T17:16:00Z,2026-08-25T18:10:00Z,Critical,"Investigated suspicious Lateral Movement activity on CSE-03-AST-001. Host quarantine verified, memory strings analyzed, credentials rotated for user domain accounts. Incident mitigated cleanly.",5,Resolved by Standard Triage,Root vulnerability in service module on CSE-03-AST-001,Completed,LEAD-REV-01
CSE-03-CASE-0006,CSE-03,CSE-03-ALT-0006,2026-08-27T03:29:00Z,2026-08-27T03:37:00Z,2026-08-27T04:23:00Z,High,"Investigated suspicious Malware activity on CSE-03-AST-002. Host quarantine verified, memory strings analyzed, credentials rotated for user domain accounts. Incident mitigated cleanly.",2,Resolved by Standard Triage,Root vulnerability in service module on CSE-03-AST-002,Completed,LEAD-REV-01
CSE-03-CASE-0007,CSE-03,CSE-03-ALT-0007,2026-08-18T02:15:00Z,2026-08-18T02:20:00Z,2026-08-18T03:13:00Z,Medium,"Investigated suspicious Reconnaissance activity on CSE-03-AST-003. Host quarantine verified, memory strings analyzed, credentials rotated for user domain accounts. Incident mitigated cleanly.",2,Resolved by Standard Triage,Root vulnerability in service module on CSE-03-AST-003,Completed,LEAD-REV-01
CSE-03-CASE-0008,CSE-03,CSE-03-ALT-0008,2026-08-12T15:36:00Z,2026-08-12T15:38:00Z,2026-08-12T16:39:00Z,Medium,"Investigated suspicious Data Exfiltration activity on CSE-03-AST-004. Host quarantine verified, memory strings analyzed, credentials rotated for user domain accounts. Incident mitigated cleanly.",4,Resolved by Standard Triage,Root vulnerability in service module on CSE-03-AST-004,Completed,LEAD-REV-01
CSE-03-CASE-0009,CSE-03,CSE-03-ALT-0009,2026-08-18T01:32:00Z,2026-08-18T01:41:00Z,2026-08-18T03:16:00Z,High,"Investigated suspicious Denial of Service activity on CSE-03-AST-005. Host quarantine verified, memory strings analyzed, credentials rotated for user domain accounts. Incident mitigated cleanly.",5,Resolved by Standard Triage,Root vulnerability in service module on CSE-03-AST-005,Completed,LEAD-REV-01
CSE-03-CASE-0010,CSE-03,CSE-03-ALT-0010,2026-08-03T04:24:00Z,2026-08-03T04:25:00Z,2026-08-03T05:36:00Z,Critical,"Investigated suspicious Lateral Movement activity on CSE-03-AST-001. Host quarantine verified, memory strings analyzed, credentials rotated for user domain accounts. Incident mitigated cleanly.",2,Resolved by Standard Triage,Root vulnerability in service module on CSE-03-AST-001,Completed,LEAD-REV-01
CSE-03-CASE-0011,CSE-03,CSE-03-ALT-0011,2026-08-09T07:42:00Z,2026-08-09T07:52:00Z,2026-08-09T08:35:00Z,Medium,"Investigated suspicious Reconnaissance activity on CSE-03-AST-002. Host quarantine verified, memory strings analyzed, credentials rotated for user domain accounts. Incident mitigated cleanly.",4,Resolved by Standard Triage,Root vulnerability in service module on CSE-03-AST-002,Completed,LEAD-REV-01
CSE-03-CASE-0012,CSE-03,CSE-03-ALT-0012,2026-08-02T19:34:00Z,2026-08-02T19:42:00Z,2026-08-02T20:36:00Z,High,"Investigated suspicious Lateral Movement activity on CSE-03-AST-003. Host quarantine verified, memory strings analyzed, credentials rotated for user domain accounts. Incident mitigated cleanly.",5,Resolved by Standard Triage,Root vulnerability in service module on CSE-03-AST-003,Completed,LEAD-REV-01
CSE-03-CASE-0013,CSE-03,CSE-03-ALT-0013,2026-08-06T12:04:00Z,2026-08-06T12:05:00Z,2026-08-06T13:42:00Z,Medium,"Investigated suspicious Reconnaissance activity on CSE-03-AST-004. Host quarantine verified, memory strings analyzed, credentials rotated for user domain accounts. Incident mitigated cleanly.",3,Resolved by Standard Triage,Root vulnerability in service module on CSE-03-AST-004,Completed,LEAD-REV-01
CSE-03-CASE-0014,CSE-03,CSE-03-ALT-0014,2026-08-26T14:56:00Z,2026-08-26T15:01:00Z,2026-08-26T16:16:00Z,Medium,"Investigated suspicious Malware activity on CSE-03-AST-005. Host quarantine verified, memory strings analyzed, credentials rotated for user domain accounts. Incident mitigated cleanly.",5,Resolved by Standard Triage,Root vulnerability in service module on CSE-03-AST-005,Completed,LEAD-REV-01
CSE-03-CASE-0015,CSE-03,CSE-03-ALT-0015,2026-08-16T16:02:00Z,2026-08-16T16:07:00Z,2026-08-16T17:06:00Z,Critical,"Investigated suspicious Denial of Service activity on CSE-03-AST-001. Host quarantine verified, memory strings analyzed, credentials rotated for user domain accounts. Incident mitigated cleanly.",2,Resolved by Standard Triage,Root vulnerability in service module on CSE-03-AST-001,Completed,LEAD-REV-01
CSE-03-CASE-0016,CSE-03,CSE-03-ALT-0016,2026-08-11T16:07:00Z,2026-08-11T16:14:00Z,2026-08-11T17:34:00Z,Medium,"Investigated suspicious Denial of Service activity on CSE-03-AST-002. Host quarantine verified, memory strings analyzed, credentials rotated for user domain accounts. Incident mitigated cleanly.",5,Resolved by Standard Triage,Root vulnerability in service module on CSE-03-AST-002,Completed,LEAD-REV-01
CSE-03-CASE-0017,CSE-03,CSE-03-ALT-0017,2026-08-11T13:31:00Z,2026-08-11T13:37:00Z,2026-08-11T15:14:00Z,Medium,"Investigated suspicious Reconnaissance activity on CSE-03-AST-003. Host quarantine verified, memory strings analyzed, credentials rotated for user domain accounts. Incident mitigated cleanly.",4,Resolved by Standard Triage,Root vulnerability in service module on CSE-03-AST-003,Completed,LEAD-REV-01
CSE-03-CASE-0018,CSE-03,CSE-03-ALT-0018,2026-08-24T21:05:00Z,2026-08-24T21:08:00Z,2026-08-24T23:02:00Z,High,"Investigated suspicious Data Exfiltration activity on CSE-03-AST-004. Host quarantine verified, memory strings analyzed, credentials rotated for user domain accounts. Incident mitigated cleanly.",4,Resolved by Standard Triage,Root vulnerability in service module on CSE-03-AST-004,Completed,LEAD-REV-01
CSE-03-CASE-0019,CSE-03,CSE-03-ALT-0019,2026-08-04T10:20:00Z,2026-08-04T10:25:00Z,2026-08-04T11:37:00Z,Medium,"Investigated suspicious Reconnaissance activity on CSE-03-AST-005. Host quarantine verified, memory strings analyzed, credentials rotated for user domain accounts. Incident mitigated cleanly.",5,Resolved by Standard Triage,Root vulnerability in service module on CSE-03-AST-005,Completed,LEAD-REV-01
CSE-03-CASE-0020,CSE-03,CSE-03-ALT-0020,2026-08-23T22:22:00Z,2026-08-23T22:28:00Z,2026-08-23T23:07:00Z,Critical,"Investigated suspicious Data Exfiltration activity on CSE-03-AST-001. Host quarantine verified, memory strings analyzed, credentials rotated for user domain accounts. Incident mitigated cleanly.",5,Resolved by Standard Triage,Root vulnerability in service module on CSE-03-AST-001,Completed,LEAD-REV-01
CSE-03-CASE-0021,CSE-03,CSE-03-ALT-0021,2026-08-21T09:04:00Z,2026-08-21T09:10:00Z,2026-08-21T10:35:00Z,High,"Investigated suspicious Reconnaissance activity on CSE-03-AST-002. Host quarantine verified, memory strings analyzed, credentials rotated for user domain accounts. Incident mitigated cleanly.",3,Resolved by Standard Triage,Root vulnerability in service module on CSE-03-AST-002,Completed,LEAD-REV-01
CSE-03-CASE-0022,CSE-03,CSE-03-ALT-0022,2026-08-06T03:43:00Z,2026-08-06T03:44:00Z,2026-08-06T05:19:00Z,Medium,"Investigated suspicious Denial of Service activity on CSE-03-AST-003. Host quarantine verified, memory strings analyzed, credentials rotated for user domain accounts. Incident mitigated cleanly.",2,Resolved by Standard Triage,Root vulnerability in service module on CSE-03-AST-003,Completed,LEAD-REV-01
CSE-03-CASE-0023,CSE-03,CSE-03-ALT-0023,2026-08-26T04:23:00Z,2026-08-26T04:33:00Z,2026-08-26T05:52:00Z,Medium,"Investigated suspicious Lateral Movement activity on CSE-03-AST-004. Host quarantine verified, memory strings analyzed, credentials rotated for user domain accounts. Incident mitigated cleanly.",3,Resolved by Standard Triage,Root vulnerability in service module on CSE-03-AST-004,Completed,LEAD-REV-01
CSE-03-CASE-0024,CSE-03,CSE-03-ALT-0024,2026-08-15T19:23:00Z,2026-08-15T19:33:00Z,2026-08-15T20:12:00Z,High,"Investigated suspicious Data Exfiltration activity on CSE-03-AST-005. Host quarantine verified, memory strings analyzed, credentials rotated for user domain accounts. Incident mitigated cleanly.",4,Resolved by Standard Triage,Root vulnerability in service module on CSE-03-AST-005,Completed,LEAD-REV-01
CSE-03-CASE-0025,CSE-03,CSE-03-ALT-0025,2026-08-12T04:17:00Z,2026-08-12T04:18:00Z,2026-08-12T05:11:00Z,Critical,"Investigated suspicious Identity/Credential Access activity on CSE-03-AST-001. Host quarantine verified, memory strings analyzed, credentials rotated for user domain accounts. Incident mitigated cleanly.",3,Resolved by Standard Triage,Root vulnerability in service module on CSE-03-AST-001,Completed,LEAD-REV-01
CSE-03-CASE-0026,CSE-03,CSE-03-ALT-0026,2026-08-17T20:58:00Z,2026-08-17T21:03:00Z,2026-08-17T21:53:00Z,Medium,"Investigated suspicious Privilege Escalation activity on CSE-03-AST-002. Host quarantine verified, memory strings analyzed, credentials rotated for user domain accounts. Incident mitigated cleanly.",5,Resolved by Standard Triage,Root vulnerability in service module on CSE-03-AST-002,Completed,LEAD-REV-01
CSE-03-CASE-0027,CSE-03,CSE-03-ALT-0027,2026-08-20T17:44:00Z,2026-08-20T17:46:00Z,2026-08-20T18:49:00Z,High,"Investigated suspicious Data Exfiltration activity on CSE-03-AST-003. Host quarantine verified, memory strings analyzed, credentials rotated for user domain accounts. Incident mitigated cleanly.",2,Resolved by Standard Triage,Root vulnerability in service module on CSE-03-AST-003,Completed,LEAD-REV-01
CSE-03-CASE-0028,CSE-03,CSE-03-ALT-0028,2026-08-07T06:28:00Z,2026-08-07T06:34:00Z,2026-08-07T07:48:00Z,Medium,"Investigated suspicious Malware activity on CSE-03-AST-004. Host quarantine verified, memory strings analyzed, credentials rotated for user domain accounts. Incident mitigated cleanly.",2,Resolved by Standard Triage,Root vulnerability in service module on CSE-03-AST-004,Completed,LEAD-REV-01
CSE-03-CASE-0029,CSE-03,CSE-03-ALT-0029,2026-08-18T17:57:00Z,2026-08-18T18:00:00Z,2026-08-18T18:57:00Z,Medium,"Investigated suspicious Lateral Movement activity on CSE-03-AST-005. Host quarantine verified, memory strings analyzed, credentials rotated for user domain accounts. Incident mitigated cleanly.",3,Resolved by Standard Triage,Root vulnerability in service module on CSE-03-AST-005,Completed,LEAD-REV-01
CSE-03-CASE-0030,CSE-03,CSE-03-ALT-0030,2026-08-07T12:15:00Z,2026-08-07T12:16:00Z,2026-08-07T13:58:00Z,Critical,"Investigated suspicious Denial of Service activity on CSE-03-AST-001. Host quarantine verified, memory strings analyzed, credentials rotated for user domain accounts. Incident mitigated cleanly.",4,Resolved by Standard Triage,Root vulnerability in service module on CSE-03-AST-001,Completed,LEAD-REV-01
CSE-03-CASE-0031,CSE-03,CSE-03-ALT-0031,2026-08-27T01:08:00Z,2026-08-27T01:10:00Z,2026-08-27T01:59:00Z,Medium,"Investigated suspicious Privilege Escalation activity on CSE-03-AST-002. Host quarantine verified, memory strings analyzed, credentials rotated for user domain accounts. Incident mitigated cleanly.",5,Resolved by Standard Triage,Root vulnerability in service module on CSE-03-AST-002,Completed,LEAD-REV-01
CSE-03-CASE-0032,CSE-03,CSE-03-ALT-0032,2026-08-24T23:33:00Z,2026-08-24T23:43:00Z,2026-08-25T01:05:00Z,Medium,"Investigated suspicious Data Exfiltration activity on CSE-03-AST-003. Host quarantine verified, memory strings analyzed, credentials rotated for user domain accounts. Incident mitigated cleanly.",3,Resolved by Standard Triage,Root vulnerability in service module on CSE-03-AST-003,Completed,LEAD-REV-01
CSE-03-CASE-0033,CSE-03,CSE-03-ALT-0033,2026-08-21T10:28:00Z,2026-08-21T10:34:00Z,2026-08-21T12:14:00Z,High,"Investigated suspicious Data Exfiltration activity on CSE-03-AST-004. Host quarantine verified, memory strings analyzed, credentials rotated for user domain accounts. Incident mitigated cleanly.",3,Resolved by Standard Triage,Root vulnerability in service module on CSE-03-AST-004,Completed,LEAD-REV-01
CSE-03-CASE-0034,CSE-03,CSE-03-ALT-0034,2026-08-15T00:58:00Z,2026-08-15T01:00:00Z,2026-08-15T01:45:00Z,Medium,"Investigated suspicious Denial of Service activity on CSE-03-AST-005. Host quarantine verified, memory strings analyzed, credentials rotated for user domain accounts. Incident mitigated cleanly.",3,Resolved by Standard Triage,Root vulnerability in service module on CSE-03-AST-005,Completed,LEAD-REV-01
CSE-03-CASE-0035,CSE-03,CSE-03-ALT-0035,2026-08-06T13:20:00Z,2026-08-06T13:26:00Z,2026-08-06T14:28:00Z,Critical,"Investigated suspicious Reconnaissance activity on CSE-03-AST-001. Host quarantine verified, memory strings analyzed, credentials rotated for user domain accounts. Incident mitigated cleanly.",4,Resolved by Standard Triage,Root vulnerability in service module on CSE-03-AST-001,Completed,LEAD-REV-01
CSE-03-CASE-0036,CSE-03,CSE-03-ALT-0036,2026-08-09T14:40:00Z,2026-08-09T14:43:00Z,2026-08-09T15:55:00Z,High,"Investigated suspicious Privilege Escalation activity on CSE-03-AST-002. Host quarantine verified, memory strings analyzed, credentials rotated for user domain accounts. Incident mitigated cleanly.",4,Resolved by Standard Triage,Root vulnerability in service module on CSE-03-AST-002,Completed,LEAD-REV-01
CSE-03-CASE-0037,CSE-03,CSE-03-ALT-0037,2026-08-18T10:32:00Z,2026-08-18T10:42:00Z,2026-08-18T11:33:00Z,Medium,"Investigated suspicious Reconnaissance activity on CSE-03-AST-003. Host quarantine verified, memory strings analyzed, credentials rotated for user domain accounts. Incident mitigated cleanly.",3,Resolved by Standard Triage,Root vulnerability in service module on CSE-03-AST-003,Completed,LEAD-REV-01
CSE-03-CASE-0038,CSE-03,CSE-03-ALT-0038,2026-08-23T03:46:00Z,2026-08-23T03:56:00Z,2026-08-23T05:09:00Z,Medium,"Investigated suspicious Privilege Escalation activity on CSE-03-AST-004. Host quarantine verified, memory strings analyzed, credentials rotated for user domain accounts. Incident mitigated cleanly.",2,Resolved by Standard Triage,Root vulnerability in service module on CSE-03-AST-004,Completed,LEAD-REV-01
CSE-03-CASE-0039,CSE-03,CSE-03-ALT-0039,2026-08-03T04:49:00Z,2026-08-03T04:53:00Z,2026-08-03T06:02:00Z,High,"Investigated suspicious Privilege Escalation activity on CSE-03-AST-005. Host quarantine verified, memory strings analyzed, credentials rotated for user domain accounts. Incident mitigated cleanly.",5,Resolved by Standard Triage,Root vulnerability in service module on CSE-03-AST-005,Completed,LEAD-REV-01
CSE-03-CASE-0040,CSE-03,CSE-03-ALT-0040,2026-08-21T08:31:00Z,2026-08-21T08:36:00Z,2026-08-21T10:20:00Z,Critical,"Investigated suspicious Reconnaissance activity on CSE-03-AST-001. Host quarantine verified, memory strings analyzed, credentials rotated for user domain accounts. Incident mitigated cleanly.",4,Resolved by Standard Triage,Root vulnerability in service module on CSE-03-AST-001,Completed,LEAD-REV-01
CSE-03-CASE-0041,CSE-03,CSE-03-ALT-0041,2026-08-09T05:25:00Z,2026-08-09T05:27:00Z,2026-08-09T07:03:00Z,Medium,"Investigated suspicious Lateral Movement activity on CSE-03-AST-002. Host quarantine verified, memory strings analyzed, credentials rotated for user domain accounts. Incident mitigated cleanly.",2,Resolved by Standard Triage,Root vulnerability in service module on CSE-03-AST-002,Completed,LEAD-REV-01
CSE-03-CASE-0042,CSE-03,CSE-03-ALT-0042,2026-08-15T21:30:00Z,2026-08-15T21:36:00Z,2026-08-15T22:36:00Z,High,"Investigated suspicious Data Exfiltration activity on CSE-03-AST-003. Host quarantine verified, memory strings analyzed, credentials rotated for user domain accounts. Incident mitigated cleanly.",3,Resolved by Standard Triage,Root vulnerability in service module on CSE-03-AST-003,Completed,LEAD-REV-01
CSE-03-CASE-0043,CSE-03,CSE-03-ALT-0043,2026-08-29T06:20:00Z,2026-08-29T06:27:00Z,2026-08-29T07:44:00Z,Medium,"Investigated suspicious Reconnaissance activity on CSE-03-AST-004. Host quarantine verified, memory strings analyzed, credentials rotated for user domain accounts. Incident mitigated cleanly.",4,Resolved by Standard Triage,Root vulnerability in service module on CSE-03-AST-004,Completed,LEAD-REV-01
CSE-03-CASE-0044,CSE-03,CSE-03-ALT-0044,2026-08-18T11:20:00Z,2026-08-18T11:22:00Z,2026-08-18T12:59:00Z,Medium,"Investigated suspicious Identity/Credential Access activity on CSE-03-AST-005. Host quarantine verified, memory strings analyzed, credentials rotated for user domain accounts. Incident mitigated cleanly.",5,Resolved by Standard Triage,Root vulnerability in service module on CSE-03-AST-005,Completed,LEAD-REV-01
CSE-03-CASE-0045,CSE-03,CSE-03-ALT-0045,2026-08-05T11:03:00Z,2026-08-05T11:13:00Z,2026-08-05T12:32:00Z,Critical,"Investigated suspicious Lateral Movement activity on CSE-03-AST-001. Host quarantine verified, memory strings analyzed, credentials rotated for user domain accounts. Incident mitigated cleanly.",3,Resolved by Standard Triage,Root vulnerability in service module on CSE-03-AST-001,Completed,LEAD-REV-01
CSE-03-CASE-0046,CSE-03,CSE-03-ALT-0046,2026-08-27T18:59:00Z,2026-08-27T19:03:00Z,2026-08-27T20:19:00Z,Medium,"Investigated suspicious Privilege Escalation activity on CSE-03-AST-002. Host quarantine verified, memory strings analyzed, credentials rotated for user domain accounts. Incident mitigated cleanly.",5,Resolved by Standard Triage,Root vulnerability in service module on CSE-03-AST-002,Completed,LEAD-REV-01
CSE-03-CASE-0047,CSE-03,CSE-03-ALT-0047,2026-08-15T23:56:00Z,2026-08-15T23:57:00Z,2026-08-16T01:39:00Z,Medium,"Investigated suspicious Lateral Movement activity on CSE-03-AST-003. Host quarantine verified, memory strings analyzed, credentials rotated for user domain accounts. Incident mitigated cleanly.",5,Resolved by Standard Triage,Root vulnerability in service module on CSE-03-AST-003,Completed,LEAD-REV-01
CSE-03-CASE-0048,CSE-03,CSE-03-ALT-0048,2026-08-15T15:13:00Z,2026-08-15T15:14:00Z,2026-08-15T16:38:00Z,High,"Investigated suspicious Privilege Escalation activity on CSE-03-AST-004. Host quarantine verified, memory strings analyzed, credentials rotated for user domain accounts. Incident mitigated cleanly.",4,Resolved by Standard Triage,Root vulnerability in service module on CSE-03-AST-004,Completed,LEAD-REV-01
CSE-03-CASE-0049,CSE-03,CSE-03-ALT-0049,2026-08-21T04:43:00Z,2026-08-21T04:52:00Z,2026-08-21T05:59:00Z,Medium,"Investigated suspicious Data Exfiltration activity on CSE-03-AST-005. Host quarantine verified, memory strings analyzed, credentials rotated for user domain accounts. Incident mitigated cleanly.",2,Resolved by Standard Triage,Root vulnerability in service module on CSE-03-AST-005,Completed,LEAD-REV-01
CSE-03-CASE-0050,CSE-03,CSE-03-ALT-0050,2026-08-05T16:46:00Z,2026-08-05T16:52:00Z,2026-08-05T18:17:00Z,Critical,"Investigated suspicious Lateral Movement activity on CSE-03-AST-001. Host quarantine verified, memory strings analyzed, credentials rotated for user domain accounts. Incident mitigated cleanly.",5,Resolved by Standard Triage,Root vulnerability in service module on CSE-03-AST-001,Completed,LEAD-REV-01
CSE-03-CASE-0051,CSE-03,CSE-03-ALT-0051,2026-08-20T01:12:00Z,2026-08-20T01:17:00Z,2026-08-20T03:02:00Z,High,"Investigated suspicious Lateral Movement activity on CSE-03-AST-002. Host quarantine verified, memory strings analyzed, credentials rotated for user domain accounts. Incident mitigated cleanly.",5,Resolved by Standard Triage,Root vulnerability in service module on CSE-03-AST-002,Completed,LEAD-REV-01
CSE-03-CASE-0052,CSE-03,CSE-03-ALT-0052,2026-08-16T01:17:00Z,2026-08-16T01:27:00Z,2026-08-16T03:16:00Z,Medium,"Investigated suspicious Denial of Service activity on CSE-03-AST-003. Host quarantine verified, memory strings analyzed, credentials rotated for user domain accounts. Incident mitigated cleanly.",3,Resolved by Standard Triage,Root vulnerability in service module on CSE-03-AST-003,Completed,LEAD-REV-01
CSE-03-CASE-0053,CSE-03,CSE-03-ALT-0053,2026-08-13T19:50:00Z,2026-08-13T19:56:00Z,2026-08-13T21:41:00Z,Medium,"Investigated suspicious Lateral Movement activity on CSE-03-AST-004. Host quarantine verified, memory strings analyzed, credentials rotated for user domain accounts. Incident mitigated cleanly.",3,Resolved by Standard Triage,Root vulnerability in service module on CSE-03-AST-004,Completed,LEAD-REV-01
CSE-03-CASE-0054,CSE-03,CSE-03-ALT-0054,2026-08-17T20:32:00Z,2026-08-17T20:33:00Z,2026-08-17T21:17:00Z,High,"Investigated suspicious Malware activity on CSE-03-AST-005. Host quarantine verified, memory strings analyzed, credentials rotated for user domain accounts. Incident mitigated cleanly.",4,Resolved by Standard Triage,Root vulnerability in service module on CSE-03-AST-005,Completed,LEAD-REV-01
CSE-03-CASE-0055,CSE-03,CSE-03-ALT-0055,2026-08-17T22:09:00Z,2026-08-17T22:12:00Z,2026-08-17T23:54:00Z,Critical,"Investigated suspicious Privilege Escalation activity on CSE-03-AST-001. Host quarantine verified, memory strings analyzed, credentials rotated for user domain accounts. Incident mitigated cleanly.",4,Resolved by Standard Triage,Root vulnerability in service module on CSE-03-AST-001,Completed,LEAD-REV-01
CSE-03-CASE-0056,CSE-03,CSE-03-ALT-0056,2026-08-14T03:47:00Z,2026-08-14T03:57:00Z,2026-08-14T05:05:00Z,Medium,"Investigated suspicious Denial of Service activity on CSE-03-AST-002. Host quarantine verified, memory strings analyzed, credentials rotated for user domain accounts. Incident mitigated cleanly.",5,Resolved by Standard Triage,Root vulnerability in service module on CSE-03-AST-002,Completed,LEAD-REV-01
CSE-03-CASE-0057,CSE-03,CSE-03-ALT-0057,2026-08-19T17:30:00Z,2026-08-19T17:36:00Z,2026-08-19T18:12:00Z,High,"Investigated suspicious Denial of Service activity on CSE-03-AST-003. Host quarantine verified, memory strings analyzed, credentials rotated for user domain accounts. Incident mitigated cleanly.",2,Resolved by Standard Triage,Root vulnerability in service module on CSE-03-AST-003,Completed,LEAD-REV-01
CSE-03-CASE-0058,CSE-03,CSE-03-ALT-0058,2026-08-19T17:50:00Z,2026-08-19T17:51:00Z,2026-08-19T19:50:00Z,Medium,"Investigated suspicious Reconnaissance activity on CSE-03-AST-004. Host quarantine verified, memory strings analyzed, credentials rotated for user domain accounts. Incident mitigated cleanly.",5,Resolved by Standard Triage,Root vulnerability in service module on CSE-03-AST-004,Completed,LEAD-REV-01
CSE-03-CASE-0059,CSE-03,CSE-03-ALT-0059,2026-08-22T02:36:00Z,2026-08-22T02:46:00Z,2026-08-22T03:22:00Z,Medium,"Investigated suspicious Identity/Credential Access activity on CSE-03-AST-005. Host quarantine verified, memory strings analyzed, credentials rotated for user domain accounts. Incident mitigated cleanly.",3,Resolved by Standard Triage,Root vulnerability in service module on CSE-03-AST-005,Completed,LEAD-REV-01
CSE-03-CASE-0060,CSE-03,CSE-03-ALT-0060,2026-08-22T07:39:00Z,2026-08-22T07:42:00Z,2026-08-22T09:07:00Z,Critical,"Investigated suspicious Denial of Service activity on CSE-03-AST-001. Host quarantine verified, memory strings analyzed, credentials rotated for user domain accounts. Incident mitigated cleanly.",3,Resolved by Standard Triage,Root vulnerability in service module on CSE-03-AST-001,Completed,LEAD-REV-01
CSE-04-CASE-0001,CSE-04,CSE-04-ALT-0001,2026-08-17T14:35:00Z,2026-08-17T14:44:00Z,2026-08-17T16:16:00Z,Medium,"Investigated suspicious Lateral Movement activity on CSE-04-AST-002. Host quarantine verified, memory strings analyzed, credentials rotated for user domain accounts. Incident mitigated cleanly.",4,Resolved by Standard Triage,Root vulnerability in service module on CSE-04-AST-002,Completed,LEAD-REV-01
CSE-04-CASE-0002,CSE-04,CSE-04-ALT-0002,2026-08-16T01:21:00Z,2026-08-16T01:26:00Z,2026-08-16T02:46:00Z,Medium,"Investigated suspicious Privilege Escalation activity on CSE-04-AST-003. Host quarantine verified, memory strings analyzed, credentials rotated for user domain accounts. Incident mitigated cleanly.",5,Resolved by Standard Triage,Root vulnerability in service module on CSE-04-AST-003,Completed,LEAD-REV-01
CSE-04-CASE-0003,CSE-04,CSE-04-ALT-0003,2026-08-08T16:35:00Z,2026-08-08T16:37:00Z,2026-08-08T16:38:00Z,High,Closed per review. No action needed.,0,Generic closure,,Completed,LEAD-REV-01
CSE-04-CASE-0004,CSE-04,CSE-04-ALT-0004,2026-08-23T14:44:00Z,2026-08-23T14:50:00Z,2026-08-23T16:26:00Z,Medium,"Investigated suspicious Reconnaissance activity on CSE-04-AST-005. Host quarantine verified, memory strings analyzed, credentials rotated for user domain accounts. Incident mitigated cleanly.",4,Resolved by Standard Triage,Root vulnerability in service module on CSE-04-AST-005,Completed,LEAD-REV-01
CSE-04-CASE-0005,CSE-04,CSE-04-ALT-0005,2026-08-27T07:17:00Z,2026-08-27T07:18:00Z,2026-08-27T07:19:00Z,Critical,Closed per review. No action needed.,0,Generic closure,,Completed,LEAD-REV-01
CSE-04-CASE-0006,CSE-04,CSE-04-ALT-0006,2026-08-18T20:57:00Z,2026-08-18T21:00:00Z,2026-08-18T21:01:00Z,High,Closed per review. No action needed.,0,Generic closure,,Completed,LEAD-REV-01
CSE-04-CASE-0007,CSE-04,CSE-04-ALT-0007,2026-08-02T17:45:00Z,2026-08-02T17:53:00Z,2026-08-02T19:09:00Z,Medium,"Investigated suspicious Malware activity on CSE-04-AST-003. Host quarantine verified, memory strings analyzed, credentials rotated for user domain accounts. Incident mitigated cleanly.",4,Resolved by Standard Triage,Root vulnerability in service module on CSE-04-AST-003,Completed,LEAD-REV-01
CSE-04-CASE-0008,CSE-04,CSE-04-ALT-0008,2026-08-16T14:12:00Z,2026-08-16T14:17:00Z,2026-08-16T16:00:00Z,Medium,"Investigated suspicious Denial of Service activity on CSE-04-AST-004. Host quarantine verified, memory strings analyzed, credentials rotated for user domain accounts. Incident mitigated cleanly.",4,Resolved by Standard Triage,Root vulnerability in service module on CSE-04-AST-004,Completed,LEAD-REV-01
CSE-04-CASE-0009,CSE-04,CSE-04-ALT-0009,2026-08-05T03:47:00Z,2026-08-05T03:49:00Z,2026-08-05T03:50:00Z,High,Closed per review. No action needed.,0,Generic closure,,Completed,LEAD-REV-01
CSE-04-CASE-0010,CSE-04,CSE-04-ALT-0010,2026-08-23T00:14:00Z,2026-08-23T00:15:00Z,2026-08-23T00:17:00Z,Critical,Closed per review. No action needed.,0,Generic closure,,Completed,LEAD-REV-01
CSE-04-CASE-0011,CSE-04,CSE-04-ALT-0011,2026-08-14T18:45:00Z,2026-08-14T18:48:00Z,2026-08-14T19:37:00Z,Medium,"Investigated suspicious Data Exfiltration activity on CSE-04-AST-002. Host quarantine verified, memory strings analyzed, credentials rotated for user domain accounts. Incident mitigated cleanly.",3,Resolved by Standard Triage,Root vulnerability in service module on CSE-04-AST-002,Completed,LEAD-REV-01
CSE-04-CASE-0012,CSE-04,CSE-04-ALT-0012,2026-08-21T23:30:00Z,2026-08-21T23:32:00Z,2026-08-21T23:33:00Z,High,Closed per review. No action needed.,0,Generic closure,,Completed,LEAD-REV-01
CSE-04-CASE-0013,CSE-04,CSE-04-ALT-0013,2026-08-11T04:03:00Z,2026-08-11T04:13:00Z,2026-08-11T04:54:00Z,Medium,"Investigated suspicious Denial of Service activity on CSE-04-AST-004. Host quarantine verified, memory strings analyzed, credentials rotated for user domain accounts. Incident mitigated cleanly.",2,Resolved by Standard Triage,Root vulnerability in service module on CSE-04-AST-004,Completed,LEAD-REV-01
CSE-04-CASE-0014,CSE-04,CSE-04-ALT-0014,2026-08-14T13:59:00Z,2026-08-14T14:07:00Z,2026-08-14T15:29:00Z,Medium,"Investigated suspicious Malware activity on CSE-04-AST-005. Host quarantine verified, memory strings analyzed, credentials rotated for user domain accounts. Incident mitigated cleanly.",4,Resolved by Standard Triage,Root vulnerability in service module on CSE-04-AST-005,Completed,LEAD-REV-01
CSE-04-CASE-0015,CSE-04,CSE-04-ALT-0015,2026-08-01T17:36:00Z,2026-08-01T17:37:00Z,2026-08-01T17:38:00Z,Critical,Closed per review. No action needed.,0,Generic closure,,Completed,LEAD-REV-01
CSE-04-CASE-0016,CSE-04,CSE-04-ALT-0016,2026-08-16T04:34:00Z,2026-08-16T04:37:00Z,2026-08-16T06:17:00Z,Medium,"Investigated suspicious Privilege Escalation activity on CSE-04-AST-002. Host quarantine verified, memory strings analyzed, credentials rotated for user domain accounts. Incident mitigated cleanly.",5,Resolved by Standard Triage,Root vulnerability in service module on CSE-04-AST-002,Completed,LEAD-REV-01
CSE-04-CASE-0017,CSE-04,CSE-04-ALT-0017,2026-08-07T11:21:00Z,2026-08-07T11:26:00Z,2026-08-07T12:59:00Z,Medium,"Investigated suspicious Identity/Credential Access activity on CSE-04-AST-003. Host quarantine verified, memory strings analyzed, credentials rotated for user domain accounts. Incident mitigated cleanly.",3,Resolved by Standard Triage,Root vulnerability in service module on CSE-04-AST-003,Completed,LEAD-REV-01
CSE-04-CASE-0018,CSE-04,CSE-04-ALT-0018,2026-08-24T18:50:00Z,2026-08-24T18:54:00Z,2026-08-24T18:56:00Z,High,Closed per review. No action needed.,0,Generic closure,,Completed,LEAD-REV-01
CSE-04-CASE-0019,CSE-04,CSE-04-ALT-0019,2026-08-21T04:57:00Z,2026-08-21T05:06:00Z,2026-08-21T06:31:00Z,Medium,"Investigated suspicious Data Exfiltration activity on CSE-04-AST-005. Host quarantine verified, memory strings analyzed, credentials rotated for user domain accounts. Incident mitigated cleanly.",2,Resolved by Standard Triage,Root vulnerability in service module on CSE-04-AST-005,Completed,LEAD-REV-01
CSE-04-CASE-0020,CSE-04,CSE-04-ALT-0020,2026-08-22T11:11:00Z,2026-08-22T11:15:00Z,2026-08-22T11:16:00Z,Critical,Closed per review. No action needed.,0,Generic closure,,Completed,LEAD-REV-01
CSE-04-CASE-0021,CSE-04,CSE-04-ALT-0021,2026-08-01T16:24:00Z,2026-08-01T16:28:00Z,2026-08-01T16:29:00Z,High,Closed per review. No action needed.,0,Generic closure,,Completed,LEAD-REV-01
CSE-04-CASE-0022,CSE-04,CSE-04-ALT-0022,2026-08-11T02:46:00Z,2026-08-11T02:51:00Z,2026-08-11T03:27:00Z,Medium,"Investigated suspicious Privilege Escalation activity on CSE-04-AST-003. Host quarantine verified, memory strings analyzed, credentials rotated for user domain accounts. Incident mitigated cleanly.",4,Resolved by Standard Triage,Root vulnerability in service module on CSE-04-AST-003,Completed,LEAD-REV-01
CSE-04-CASE-0023,CSE-04,CSE-04-ALT-0023,2026-08-08T09:42:00Z,2026-08-08T09:47:00Z,2026-08-08T11:21:00Z,Medium,"Investigated suspicious Malware activity on CSE-04-AST-004. Host quarantine verified, memory strings analyzed, credentials rotated for user domain accounts. Incident mitigated cleanly.",5,Resolved by Standard Triage,Root vulnerability in service module on CSE-04-AST-004,Completed,LEAD-REV-01
CSE-04-CASE-0024,CSE-04,CSE-04-ALT-0024,2026-08-18T06:49:00Z,2026-08-18T06:50:00Z,2026-08-18T06:51:00Z,High,Closed per review. No action needed.,0,Generic closure,,Completed,LEAD-REV-01
CSE-04-CASE-0025,CSE-04,CSE-04-ALT-0025,2026-08-20T15:14:00Z,2026-08-20T15:17:00Z,2026-08-20T15:19:00Z,Critical,Closed per review. No action needed.,0,Generic closure,,Completed,LEAD-REV-01
CSE-04-CASE-0026,CSE-04,CSE-04-ALT-0026,2026-08-25T03:23:00Z,2026-08-25T03:31:00Z,2026-08-25T05:13:00Z,Medium,"Investigated suspicious Data Exfiltration activity on CSE-04-AST-002. Host quarantine verified, memory strings analyzed, credentials rotated for user domain accounts. Incident mitigated cleanly.",3,Resolved by Standard Triage,Root vulnerability in service module on CSE-04-AST-002,Completed,LEAD-REV-01
CSE-04-CASE-0027,CSE-04,CSE-04-ALT-0027,2026-08-23T03:55:00Z,2026-08-23T03:56:00Z,2026-08-23T03:57:00Z,High,Closed per review. No action needed.,0,Generic closure,,Completed,LEAD-REV-01
CSE-04-CASE-0028,CSE-04,CSE-04-ALT-0028,2026-08-18T06:23:00Z,2026-08-18T06:25:00Z,2026-08-18T08:15:00Z,Medium,"Investigated suspicious Malware activity on CSE-04-AST-004. Host quarantine verified, memory strings analyzed, credentials rotated for user domain accounts. Incident mitigated cleanly.",3,Resolved by Standard Triage,Root vulnerability in service module on CSE-04-AST-004,Completed,LEAD-REV-01
CSE-04-CASE-0029,CSE-04,CSE-04-ALT-0029,2026-08-18T12:10:00Z,2026-08-18T12:18:00Z,2026-08-18T13:56:00Z,Medium,"Investigated suspicious Lateral Movement activity on CSE-04-AST-005. Host quarantine verified, memory strings analyzed, credentials rotated for user domain accounts. Incident mitigated cleanly.",3,Resolved by Standard Triage,Root vulnerability in service module on CSE-04-AST-005,Completed,LEAD-REV-01
CSE-04-CASE-0030,CSE-04,CSE-04-ALT-0030,2026-08-19T23:05:00Z,2026-08-19T23:06:00Z,2026-08-19T23:10:00Z,Critical,Closed per review. No action needed.,0,Generic closure,,Completed,LEAD-REV-01
CSE-04-CASE-0031,CSE-04,CSE-04-ALT-0031,2026-08-06T00:26:00Z,2026-08-06T00:27:00Z,2026-08-06T02:18:00Z,Medium,"Investigated suspicious Data Exfiltration activity on CSE-04-AST-002. Host quarantine verified, memory strings analyzed, credentials rotated for user domain accounts. Incident mitigated cleanly.",5,Resolved by Standard Triage,Root vulnerability in service module on CSE-04-AST-002,Completed,LEAD-REV-01
CSE-04-CASE-0032,CSE-04,CSE-04-ALT-0032,2026-08-26T17:46:00Z,2026-08-26T17:51:00Z,2026-08-26T19:16:00Z,Medium,"Investigated suspicious Malware activity on CSE-04-AST-003. Host quarantine verified, memory strings analyzed, credentials rotated for user domain accounts. Incident mitigated cleanly.",3,Resolved by Standard Triage,Root vulnerability in service module on CSE-04-AST-003,Completed,LEAD-REV-01
CSE-04-CASE-0033,CSE-04,CSE-04-ALT-0033,2026-08-03T09:27:00Z,2026-08-03T09:28:00Z,2026-08-03T09:29:00Z,High,Closed per review. No action needed.,0,Generic closure,,Completed,LEAD-REV-01
CSE-04-CASE-0034,CSE-04,CSE-04-ALT-0034,2026-08-29T10:59:00Z,2026-08-29T11:04:00Z,2026-08-29T11:43:00Z,Medium,"Investigated suspicious Data Exfiltration activity on CSE-04-AST-005. Host quarantine verified, memory strings analyzed, credentials rotated for user domain accounts. Incident mitigated cleanly.",3,Resolved by Standard Triage,Root vulnerability in service module on CSE-04-AST-005,Completed,LEAD-REV-01
CSE-04-CASE-0035,CSE-04,CSE-04-ALT-0035,2026-08-26T04:46:00Z,2026-08-26T04:50:00Z,2026-08-26T04:51:00Z,Critical,Closed per review. No action needed.,0,Generic closure,,Completed,LEAD-REV-01
CSE-04-CASE-0036,CSE-04,CSE-04-ALT-0036,2026-08-15T20:24:00Z,2026-08-15T20:27:00Z,2026-08-15T20:30:00Z,High,Closed per review. No action needed.,0,Generic closure,,Completed,LEAD-REV-01
CSE-04-CASE-0037,CSE-04,CSE-04-ALT-0037,2026-08-28T19:07:00Z,2026-08-28T19:14:00Z,2026-08-28T20:55:00Z,Medium,"Investigated suspicious Identity/Credential Access activity on CSE-04-AST-003. Host quarantine verified, memory strings analyzed, credentials rotated for user domain accounts. Incident mitigated cleanly.",3,Resolved by Standard Triage,Root vulnerability in service module on CSE-04-AST-003,Completed,LEAD-REV-01
CSE-04-CASE-0038,CSE-04,CSE-04-ALT-0038,2026-08-08T08:48:00Z,2026-08-08T08:56:00Z,2026-08-08T10:06:00Z,Medium,"Investigated suspicious Malware activity on CSE-04-AST-004. Host quarantine verified, memory strings analyzed, credentials rotated for user domain accounts. Incident mitigated cleanly.",5,Resolved by Standard Triage,Root vulnerability in service module on CSE-04-AST-004,Completed,LEAD-REV-01
CSE-04-CASE-0039,CSE-04,CSE-04-ALT-0039,2026-08-13T15:15:00Z,2026-08-13T15:18:00Z,2026-08-13T15:19:00Z,High,Closed per review. No action needed.,0,Generic closure,,Completed,LEAD-REV-01
CSE-04-CASE-0040,CSE-04,CSE-04-ALT-0040,2026-08-08T07:48:00Z,2026-08-08T07:49:00Z,2026-08-08T07:50:00Z,Critical,Closed per review. No action needed.,0,Generic closure,,Completed,LEAD-REV-01
CSE-04-CASE-0041,CSE-04,CSE-04-ALT-0041,2026-08-25T08:15:00Z,2026-08-25T08:17:00Z,2026-08-25T09:03:00Z,Medium,"Investigated suspicious Identity/Credential Access activity on CSE-04-AST-002. Host quarantine verified, memory strings analyzed, credentials rotated for user domain accounts. Incident mitigated cleanly.",2,Resolved by Standard Triage,Root vulnerability in service module on CSE-04-AST-002,Completed,LEAD-REV-01
CSE-04-CASE-0042,CSE-04,CSE-04-ALT-0042,2026-08-21T05:45:00Z,2026-08-21T05:46:00Z,2026-08-21T05:47:00Z,High,Closed per review. No action needed.,0,Generic closure,,Completed,LEAD-REV-01
CSE-04-CASE-0043,CSE-04,CSE-04-ALT-0043,2026-08-02T20:28:00Z,2026-08-02T20:32:00Z,2026-08-02T22:17:00Z,Medium,"Investigated suspicious Identity/Credential Access activity on CSE-04-AST-004. Host quarantine verified, memory strings analyzed, credentials rotated for user domain accounts. Incident mitigated cleanly.",3,Resolved by Standard Triage,Root vulnerability in service module on CSE-04-AST-004,Completed,LEAD-REV-01
CSE-04-CASE-0044,CSE-04,CSE-04-ALT-0044,2026-08-10T15:52:00Z,2026-08-10T15:58:00Z,2026-08-10T17:45:00Z,Medium,"Investigated suspicious Reconnaissance activity on CSE-04-AST-005. Host quarantine verified, memory strings analyzed, credentials rotated for user domain accounts. Incident mitigated cleanly.",4,Resolved by Standard Triage,Root vulnerability in service module on CSE-04-AST-005,Completed,LEAD-REV-01
CSE-04-CASE-0045,CSE-04,CSE-04-ALT-0045,2026-08-10T12:42:00Z,2026-08-10T12:44:00Z,2026-08-10T12:45:00Z,Critical,Closed per review. No action needed.,0,Generic closure,,Completed,LEAD-REV-01
CSE-04-CASE-0046,CSE-04,CSE-04-ALT-0046,2026-08-09T09:35:00Z,2026-08-09T09:42:00Z,2026-08-09T10:37:00Z,Medium,"Investigated suspicious Privilege Escalation activity on CSE-04-AST-002. Host quarantine verified, memory strings analyzed, credentials rotated for user domain accounts. Incident mitigated cleanly.",5,Resolved by Standard Triage,Root vulnerability in service module on CSE-04-AST-002,Completed,LEAD-REV-01
CSE-04-CASE-0047,CSE-04,CSE-04-ALT-0047,2026-08-13T04:42:00Z,2026-08-13T04:48:00Z,2026-08-13T06:29:00Z,Medium,"Investigated suspicious Data Exfiltration activity on CSE-04-AST-003. Host quarantine verified, memory strings analyzed, credentials rotated for user domain accounts. Incident mitigated cleanly.",5,Resolved by Standard Triage,Root vulnerability in service module on CSE-04-AST-003,Completed,LEAD-REV-01
CSE-04-CASE-0048,CSE-04,CSE-04-ALT-0048,2026-08-05T17:24:00Z,2026-08-05T17:29:00Z,2026-08-05T17:30:00Z,High,Closed per review. No action needed.,0,Generic closure,,Completed,LEAD-REV-01
CSE-04-CASE-0049,CSE-04,CSE-04-ALT-0049,2026-08-28T15:19:00Z,2026-08-28T15:27:00Z,2026-08-28T16:17:00Z,Medium,"Investigated suspicious Denial of Service activity on CSE-04-AST-005. Host quarantine verified, memory strings analyzed, credentials rotated for user domain accounts. Incident mitigated cleanly.",5,Resolved by Standard Triage,Root vulnerability in service module on CSE-04-AST-005,Completed,LEAD-REV-01
CSE-04-CASE-0050,CSE-04,CSE-04-ALT-0050,2026-08-19T00:08:00Z,2026-08-19T00:10:00Z,2026-08-19T00:11:00Z,Critical,Closed per review. No action needed.,0,Generic closure,,Completed,LEAD-REV-01
CSE-04-CASE-0051,CSE-04,CSE-04-ALT-0051,2026-08-12T04:05:00Z,2026-08-12T04:07:00Z,2026-08-12T04:09:00Z,High,Closed per review. No action needed.,0,Generic closure,,Completed,LEAD-REV-01
CSE-04-CASE-0052,CSE-04,CSE-04-ALT-0052,2026-08-24T14:03:00Z,2026-08-24T14:13:00Z,2026-08-24T15:31:00Z,Medium,"Investigated suspicious Lateral Movement activity on CSE-04-AST-003. Host quarantine verified, memory strings analyzed, credentials rotated for user domain accounts. Incident mitigated cleanly.",2,Resolved by Standard Triage,Root vulnerability in service module on CSE-04-AST-003,Completed,LEAD-REV-01
CSE-04-CASE-0053,CSE-04,CSE-04-ALT-0053,2026-08-08T02:46:00Z,2026-08-08T02:50:00Z,2026-08-08T04:37:00Z,Medium,"Investigated suspicious Reconnaissance activity on CSE-04-AST-004. Host quarantine verified, memory strings analyzed, credentials rotated for user domain accounts. Incident mitigated cleanly.",3,Resolved by Standard Triage,Root vulnerability in service module on CSE-04-AST-004,Completed,LEAD-REV-01
CSE-04-CASE-0054,CSE-04,CSE-04-ALT-0054,2026-08-10T08:13:00Z,2026-08-10T08:14:00Z,2026-08-10T08:15:00Z,High,Closed per review. No action needed.,0,Generic closure,,Completed,LEAD-REV-01
CSE-04-CASE-0055,CSE-04,CSE-04-ALT-0055,2026-08-24T03:45:00Z,2026-08-24T03:49:00Z,2026-08-24T03:50:00Z,Critical,Closed per review. No action needed.,0,Generic closure,,Completed,LEAD-REV-01
CSE-04-CASE-0056,CSE-04,CSE-04-ALT-0056,2026-08-11T17:24:00Z,2026-08-11T17:30:00Z,2026-08-11T19:12:00Z,Medium,"Investigated suspicious Data Exfiltration activity on CSE-04-AST-002. Host quarantine verified, memory strings analyzed, credentials rotated for user domain accounts. Incident mitigated cleanly.",4,Resolved by Standard Triage,Root vulnerability in service module on CSE-04-AST-002,Completed,LEAD-REV-01
CSE-04-CASE-0057,CSE-04,CSE-04-ALT-0057,2026-08-17T23:29:00Z,2026-08-17T23:33:00Z,2026-08-17T23:34:00Z,High,Closed per review. No action needed.,0,Generic closure,,Completed,LEAD-REV-01
CSE-04-CASE-0058,CSE-04,CSE-04-ALT-0058,2026-08-12T18:26:00Z,2026-08-12T18:30:00Z,2026-08-12T20:18:00Z,Medium,"Investigated suspicious Malware activity on CSE-04-AST-004. Host quarantine verified, memory strings analyzed, credentials rotated for user domain accounts. Incident mitigated cleanly.",3,Resolved by Standard Triage,Root vulnerability in service module on CSE-04-AST-004,Completed,LEAD-REV-01
CSE-04-CASE-0059,CSE-04,CSE-04-ALT-0059,2026-08-10T01:59:00Z,2026-08-10T02:06:00Z,2026-08-10T03:53:00Z,Medium,"Investigated suspicious Privilege Escalation activity on CSE-04-AST-005. Host quarantine verified, memory strings analyzed, credentials rotated for user domain accounts. Incident mitigated cleanly.",3,Resolved by Standard Triage,Root vulnerability in service module on CSE-04-AST-005,Completed,LEAD-REV-01
CSE-04-CASE-0060,CSE-04,CSE-04-ALT-0060,2026-08-11T15:24:00Z,2026-08-11T15:26:00Z,2026-08-11T15:27:00Z,Critical,Closed per review. No action needed.,0,Generic closure,,Completed,LEAD-REV-01
CSE-05-CASE-0001,CSE-05,CSE-05-ALT-0001,2026-08-02T10:52:00Z,2026-08-02T10:53:00Z,2026-08-02T11:38:00Z,Medium,Alert inspected by shift analyst. Verified host logs and network traces. No persistence mechanisms or lateral movement observed. Host rebooted and restored to baseline operating condition. Benign event.,3,Resolved by Standard Triage,Root vulnerability in service module on CSE-05-AST-002,Completed,LEAD-REV-01
CSE-05-CASE-0002,CSE-05,CSE-05-ALT-0002,2026-08-08T10:45:00Z,2026-08-08T10:49:00Z,2026-08-08T11:26:00Z,Medium,Alert inspected by shift analyst. Verified host logs and network traces. No persistence mechanisms or lateral movement observed. Host rebooted and restored to baseline operating condition. Benign event.,5,Resolved by Standard Triage,Root vulnerability in service module on CSE-05-AST-003,Completed,LEAD-REV-01
CSE-05-CASE-0003,CSE-05,CSE-05-ALT-0003,2026-08-03T03:40:00Z,2026-08-03T03:48:00Z,2026-08-03T05:38:00Z,High,Alert inspected by shift analyst. Verified host logs and network traces. No persistence mechanisms or lateral movement observed. Host rebooted and restored to baseline operating condition. Benign event.,5,Resolved by Standard Triage,Root vulnerability in service module on CSE-05-AST-004,Completed,LEAD-REV-01
CSE-05-CASE-0004,CSE-05,CSE-05-ALT-0004,2026-08-02T01:35:00Z,2026-08-02T01:36:00Z,2026-08-02T02:16:00Z,Medium,Alert inspected by shift analyst. Verified host logs and network traces. No persistence mechanisms or lateral movement observed. Host rebooted and restored to baseline operating condition. Benign event.,4,Resolved by Standard Triage,Root vulnerability in service module on CSE-05-AST-005,Completed,LEAD-REV-01
CSE-05-CASE-0005,CSE-05,CSE-05-ALT-0005,2026-08-10T08:32:00Z,2026-08-10T08:35:00Z,2026-08-10T10:07:00Z,Critical,Alert inspected by shift analyst. Verified host logs and network traces. No persistence mechanisms or lateral movement observed. Host rebooted and restored to baseline operating condition. Benign event.,2,Resolved by Standard Triage,Root vulnerability in service module on CSE-05-AST-001,Completed,LEAD-REV-01
CSE-05-CASE-0006,CSE-05,CSE-05-ALT-0006,2026-08-05T15:12:00Z,2026-08-05T15:17:00Z,2026-08-05T16:59:00Z,High,Alert inspected by shift analyst. Verified host logs and network traces. No persistence mechanisms or lateral movement observed. Host rebooted and restored to baseline operating condition. Benign event.,4,Resolved by Standard Triage,Root vulnerability in service module on CSE-05-AST-002,Completed,LEAD-REV-01
CSE-05-CASE-0007,CSE-05,CSE-05-ALT-0007,2026-08-03T19:25:00Z,2026-08-03T19:29:00Z,2026-08-03T21:17:00Z,Medium,Alert inspected by shift analyst. Verified host logs and network traces. No persistence mechanisms or lateral movement observed. Host rebooted and restored to baseline operating condition. Benign event.,3,Resolved by Standard Triage,Root vulnerability in service module on CSE-05-AST-003,Completed,LEAD-REV-01
CSE-05-CASE-0008,CSE-05,CSE-05-ALT-0008,2026-08-22T10:41:00Z,2026-08-22T10:43:00Z,2026-08-22T11:25:00Z,Medium,Alert inspected by shift analyst. Verified host logs and network traces. No persistence mechanisms or lateral movement observed. Host rebooted and restored to baseline operating condition. Benign event.,5,Resolved by Standard Triage,Root vulnerability in service module on CSE-05-AST-004,Completed,LEAD-REV-01
CSE-05-CASE-0009,CSE-05,CSE-05-ALT-0009,2026-08-18T23:03:00Z,2026-08-18T23:06:00Z,2026-08-18T23:44:00Z,High,Alert inspected by shift analyst. Verified host logs and network traces. No persistence mechanisms or lateral movement observed. Host rebooted and restored to baseline operating condition. Benign event.,5,Resolved by Standard Triage,Root vulnerability in service module on CSE-05-AST-005,Completed,LEAD-REV-01
CSE-05-CASE-0010,CSE-05,CSE-05-ALT-0010,2026-08-21T18:36:00Z,2026-08-21T18:45:00Z,2026-08-21T19:28:00Z,Critical,Alert inspected by shift analyst. Verified host logs and network traces. No persistence mechanisms or lateral movement observed. Host rebooted and restored to baseline operating condition. Benign event.,3,Resolved by Standard Triage,Root vulnerability in service module on CSE-05-AST-001,Completed,LEAD-REV-01
CSE-05-CASE-0011,CSE-05,CSE-05-ALT-0011,2026-08-30T06:56:00Z,2026-08-30T07:01:00Z,2026-08-30T08:36:00Z,Medium,Alert inspected by shift analyst. Verified host logs and network traces. No persistence mechanisms or lateral movement observed. Host rebooted and restored to baseline operating condition. Benign event.,2,Resolved by Standard Triage,Root vulnerability in service module on CSE-05-AST-002,Completed,LEAD-REV-01
CSE-05-CASE-0012,CSE-05,CSE-05-ALT-0012,2026-08-10T01:36:00Z,2026-08-10T01:39:00Z,2026-08-10T02:20:00Z,High,Alert inspected by shift analyst. Verified host logs and network traces. No persistence mechanisms or lateral movement observed. Host rebooted and restored to baseline operating condition. Benign event.,2,Resolved by Standard Triage,Root vulnerability in service module on CSE-05-AST-003,Completed,LEAD-REV-01
CSE-05-CASE-0013,CSE-05,CSE-05-ALT-0013,2026-08-19T12:48:00Z,2026-08-19T12:50:00Z,2026-08-19T14:18:00Z,Medium,Alert inspected by shift analyst. Verified host logs and network traces. No persistence mechanisms or lateral movement observed. Host rebooted and restored to baseline operating condition. Benign event.,3,Resolved by Standard Triage,Root vulnerability in service module on CSE-05-AST-004,Completed,LEAD-REV-01
CSE-05-CASE-0014,CSE-05,CSE-05-ALT-0014,2026-08-09T02:53:00Z,2026-08-09T03:02:00Z,2026-08-09T04:22:00Z,Medium,Alert inspected by shift analyst. Verified host logs and network traces. No persistence mechanisms or lateral movement observed. Host rebooted and restored to baseline operating condition. Benign event.,5,Resolved by Standard Triage,Root vulnerability in service module on CSE-05-AST-005,Completed,LEAD-REV-01
CSE-05-CASE-0015,CSE-05,CSE-05-ALT-0015,2026-08-06T06:46:00Z,2026-08-06T06:52:00Z,2026-08-06T08:30:00Z,Critical,Alert inspected by shift analyst. Verified host logs and network traces. No persistence mechanisms or lateral movement observed. Host rebooted and restored to baseline operating condition. Benign event.,2,Resolved by Standard Triage,Root vulnerability in service module on CSE-05-AST-001,Completed,LEAD-REV-01
CSE-05-CASE-0016,CSE-05,CSE-05-ALT-0016,2026-08-08T10:21:00Z,2026-08-08T10:31:00Z,2026-08-08T12:19:00Z,Medium,Alert inspected by shift analyst. Verified host logs and network traces. No persistence mechanisms or lateral movement observed. Host rebooted and restored to baseline operating condition. Benign event.,4,Resolved by Standard Triage,Root vulnerability in service module on CSE-05-AST-002,Completed,LEAD-REV-01
CSE-05-CASE-0017,CSE-05,CSE-05-ALT-0017,2026-08-21T16:50:00Z,2026-08-21T16:54:00Z,2026-08-21T18:32:00Z,Medium,Alert inspected by shift analyst. Verified host logs and network traces. No persistence mechanisms or lateral movement observed. Host rebooted and restored to baseline operating condition. Benign event.,5,Resolved by Standard Triage,Root vulnerability in service module on CSE-05-AST-003,Completed,LEAD-REV-01
CSE-05-CASE-0018,CSE-05,CSE-05-ALT-0018,2026-08-07T05:37:00Z,2026-08-07T05:39:00Z,2026-08-07T07:05:00Z,High,Alert inspected by shift analyst. Verified host logs and network traces. No persistence mechanisms or lateral movement observed. Host rebooted and restored to baseline operating condition. Benign event.,4,Resolved by Standard Triage,Root vulnerability in service module on CSE-05-AST-004,Completed,LEAD-REV-01
CSE-05-CASE-0019,CSE-05,CSE-05-ALT-0019,2026-08-23T10:05:00Z,2026-08-23T10:12:00Z,2026-08-23T11:04:00Z,Medium,Alert inspected by shift analyst. Verified host logs and network traces. No persistence mechanisms or lateral movement observed. Host rebooted and restored to baseline operating condition. Benign event.,3,Resolved by Standard Triage,Root vulnerability in service module on CSE-05-AST-005,Completed,LEAD-REV-01
CSE-05-CASE-0020,CSE-05,CSE-05-ALT-0020,2026-08-13T18:23:00Z,2026-08-13T18:24:00Z,2026-08-13T19:14:00Z,Critical,Alert inspected by shift analyst. Verified host logs and network traces. No persistence mechanisms or lateral movement observed. Host rebooted and restored to baseline operating condition. Benign event.,5,Resolved by Standard Triage,Root vulnerability in service module on CSE-05-AST-001,Completed,LEAD-REV-01
CSE-05-CASE-0021,CSE-05,CSE-05-ALT-0021,2026-08-25T16:06:00Z,2026-08-25T16:09:00Z,2026-08-25T16:57:00Z,High,Alert inspected by shift analyst. Verified host logs and network traces. No persistence mechanisms or lateral movement observed. Host rebooted and restored to baseline operating condition. Benign event.,5,Resolved by Standard Triage,Root vulnerability in service module on CSE-05-AST-002,Completed,LEAD-REV-01
CSE-05-CASE-0022,CSE-05,CSE-05-ALT-0022,2026-08-19T00:26:00Z,2026-08-19T00:28:00Z,2026-08-19T01:09:00Z,Medium,Alert inspected by shift analyst. Verified host logs and network traces. No persistence mechanisms or lateral movement observed. Host rebooted and restored to baseline operating condition. Benign event.,2,Resolved by Standard Triage,Root vulnerability in service module on CSE-05-AST-003,Completed,LEAD-REV-01
CSE-05-CASE-0023,CSE-05,CSE-05-ALT-0023,2026-08-20T18:55:00Z,2026-08-20T19:00:00Z,2026-08-20T19:36:00Z,Medium,Alert inspected by shift analyst. Verified host logs and network traces. No persistence mechanisms or lateral movement observed. Host rebooted and restored to baseline operating condition. Benign event.,5,Resolved by Standard Triage,Root vulnerability in service module on CSE-05-AST-004,Completed,LEAD-REV-01
CSE-05-CASE-0024,CSE-05,CSE-05-ALT-0024,2026-08-25T01:57:00Z,2026-08-25T02:06:00Z,2026-08-25T03:50:00Z,High,Alert inspected by shift analyst. Verified host logs and network traces. No persistence mechanisms or lateral movement observed. Host rebooted and restored to baseline operating condition. Benign event.,5,Resolved by Standard Triage,Root vulnerability in service module on CSE-05-AST-005,Completed,LEAD-REV-01
CSE-05-CASE-0025,CSE-05,CSE-05-ALT-0025,2026-08-05T16:19:00Z,2026-08-05T16:22:00Z,2026-08-05T18:02:00Z,Critical,Alert inspected by shift analyst. Verified host logs and network traces. No persistence mechanisms or lateral movement observed. Host rebooted and restored to baseline operating condition. Benign event.,3,Resolved by Standard Triage,Root vulnerability in service module on CSE-05-AST-001,Completed,LEAD-REV-01
CSE-05-CASE-0026,CSE-05,CSE-05-ALT-0026,2026-08-09T21:19:00Z,2026-08-09T21:25:00Z,2026-08-09T22:08:00Z,Medium,Alert inspected by shift analyst. Verified host logs and network traces. No persistence mechanisms or lateral movement observed. Host rebooted and restored to baseline operating condition. Benign event.,3,Resolved by Standard Triage,Root vulnerability in service module on CSE-05-AST-002,Completed,LEAD-REV-01
CSE-05-CASE-0027,CSE-05,CSE-05-ALT-0027,2026-08-21T23:38:00Z,2026-08-21T23:46:00Z,2026-08-22T00:43:00Z,High,Alert inspected by shift analyst. Verified host logs and network traces. No persistence mechanisms or lateral movement observed. Host rebooted and restored to baseline operating condition. Benign event.,3,Resolved by Standard Triage,Root vulnerability in service module on CSE-05-AST-003,Completed,LEAD-REV-01
CSE-05-CASE-0028,CSE-05,CSE-05-ALT-0028,2026-08-01T20:21:00Z,2026-08-01T20:28:00Z,2026-08-01T22:20:00Z,Medium,Alert inspected by shift analyst. Verified host logs and network traces. No persistence mechanisms or lateral movement observed. Host rebooted and restored to baseline operating condition. Benign event.,5,Resolved by Standard Triage,Root vulnerability in service module on CSE-05-AST-004,Completed,LEAD-REV-01
CSE-05-CASE-0029,CSE-05,CSE-05-ALT-0029,2026-08-15T04:38:00Z,2026-08-15T04:44:00Z,2026-08-15T05:56:00Z,Medium,Alert inspected by shift analyst. Verified host logs and network traces. No persistence mechanisms or lateral movement observed. Host rebooted and restored to baseline operating condition. Benign event.,3,Resolved by Standard Triage,Root vulnerability in service module on CSE-05-AST-005,Completed,LEAD-REV-01
CSE-05-CASE-0030,CSE-05,CSE-05-ALT-0030,2026-08-11T13:25:00Z,2026-08-11T13:33:00Z,2026-08-11T14:42:00Z,Critical,Alert inspected by shift analyst. Verified host logs and network traces. No persistence mechanisms or lateral movement observed. Host rebooted and restored to baseline operating condition. Benign event.,3,Resolved by Standard Triage,Root vulnerability in service module on CSE-05-AST-001,Completed,LEAD-REV-01
CSE-05-CASE-0031,CSE-05,CSE-05-ALT-0031,2026-08-13T16:52:00Z,2026-08-13T16:58:00Z,2026-08-13T18:22:00Z,Medium,Alert inspected by shift analyst. Verified host logs and network traces. No persistence mechanisms or lateral movement observed. Host rebooted and restored to baseline operating condition. Benign event.,3,Resolved by Standard Triage,Root vulnerability in service module on CSE-05-AST-002,Completed,LEAD-REV-01
CSE-05-CASE-0032,CSE-05,CSE-05-ALT-0032,2026-08-18T13:43:00Z,2026-08-18T13:44:00Z,2026-08-18T15:33:00Z,Medium,Alert inspected by shift analyst. Verified host logs and network traces. No persistence mechanisms or lateral movement observed. Host rebooted and restored to baseline operating condition. Benign event.,5,Resolved by Standard Triage,Root vulnerability in service module on CSE-05-AST-003,Completed,LEAD-REV-01
CSE-05-CASE-0033,CSE-05,CSE-05-ALT-0033,2026-08-07T22:51:00Z,2026-08-07T22:58:00Z,2026-08-07T23:39:00Z,High,Alert inspected by shift analyst. Verified host logs and network traces. No persistence mechanisms or lateral movement observed. Host rebooted and restored to baseline operating condition. Benign event.,5,Resolved by Standard Triage,Root vulnerability in service module on CSE-05-AST-004,Completed,LEAD-REV-01
CSE-05-CASE-0034,CSE-05,CSE-05-ALT-0034,2026-08-21T17:15:00Z,2026-08-21T17:22:00Z,2026-08-21T18:14:00Z,Medium,Alert inspected by shift analyst. Verified host logs and network traces. No persistence mechanisms or lateral movement observed. Host rebooted and restored to baseline operating condition. Benign event.,2,Resolved by Standard Triage,Root vulnerability in service module on CSE-05-AST-005,Completed,LEAD-REV-01
CSE-05-CASE-0035,CSE-05,CSE-05-ALT-0035,2026-08-20T23:37:00Z,2026-08-20T23:46:00Z,2026-08-21T01:25:00Z,Critical,Alert inspected by shift analyst. Verified host logs and network traces. No persistence mechanisms or lateral movement observed. Host rebooted and restored to baseline operating condition. Benign event.,5,Resolved by Standard Triage,Root vulnerability in service module on CSE-05-AST-001,Completed,LEAD-REV-01
CSE-05-CASE-0036,CSE-05,CSE-05-ALT-0036,2026-08-02T19:44:00Z,2026-08-02T19:54:00Z,2026-08-02T21:32:00Z,High,Alert inspected by shift analyst. Verified host logs and network traces. No persistence mechanisms or lateral movement observed. Host rebooted and restored to baseline operating condition. Benign event.,2,Resolved by Standard Triage,Root vulnerability in service module on CSE-05-AST-002,Completed,LEAD-REV-01
CSE-05-CASE-0037,CSE-05,CSE-05-ALT-0037,2026-08-25T15:42:00Z,2026-08-25T15:45:00Z,2026-08-25T17:07:00Z,Medium,Alert inspected by shift analyst. Verified host logs and network traces. No persistence mechanisms or lateral movement observed. Host rebooted and restored to baseline operating condition. Benign event.,2,Resolved by Standard Triage,Root vulnerability in service module on CSE-05-AST-003,Completed,LEAD-REV-01
CSE-05-CASE-0038,CSE-05,CSE-05-ALT-0038,2026-08-22T05:41:00Z,2026-08-22T05:48:00Z,2026-08-22T07:03:00Z,Medium,Alert inspected by shift analyst. Verified host logs and network traces. No persistence mechanisms or lateral movement observed. Host rebooted and restored to baseline operating condition. Benign event.,2,Resolved by Standard Triage,Root vulnerability in service module on CSE-05-AST-004,Completed,LEAD-REV-01
CSE-05-CASE-0039,CSE-05,CSE-05-ALT-0039,2026-08-09T15:32:00Z,2026-08-09T15:41:00Z,2026-08-09T17:18:00Z,High,Alert inspected by shift analyst. Verified host logs and network traces. No persistence mechanisms or lateral movement observed. Host rebooted and restored to baseline operating condition. Benign event.,3,Resolved by Standard Triage,Root vulnerability in service module on CSE-05-AST-005,Completed,LEAD-REV-01
CSE-05-CASE-0040,CSE-05,CSE-05-ALT-0040,2026-08-12T20:29:00Z,2026-08-12T20:38:00Z,2026-08-12T22:24:00Z,Critical,Alert inspected by shift analyst. Verified host logs and network traces. No persistence mechanisms or lateral movement observed. Host rebooted and restored to baseline operating condition. Benign event.,4,Resolved by Standard Triage,Root vulnerability in service module on CSE-05-AST-001,Completed,LEAD-REV-01
CSE-05-CASE-0041,CSE-05,CSE-05-ALT-0041,2026-08-16T11:18:00Z,2026-08-16T11:20:00Z,2026-08-16T12:08:00Z,Medium,Alert inspected by shift analyst. Verified host logs and network traces. No persistence mechanisms or lateral movement observed. Host rebooted and restored to baseline operating condition. Benign event.,3,Resolved by Standard Triage,Root vulnerability in service module on CSE-05-AST-002,Completed,LEAD-REV-01
CSE-05-CASE-0042,CSE-05,CSE-05-ALT-0042,2026-08-10T18:29:00Z,2026-08-10T18:38:00Z,2026-08-10T19:35:00Z,High,Alert inspected by shift analyst. Verified host logs and network traces. No persistence mechanisms or lateral movement observed. Host rebooted and restored to baseline operating condition. Benign event.,4,Resolved by Standard Triage,Root vulnerability in service module on CSE-05-AST-003,Completed,LEAD-REV-01
CSE-05-CASE-0043,CSE-05,CSE-05-ALT-0043,2026-08-04T22:46:00Z,2026-08-04T22:52:00Z,2026-08-05T00:23:00Z,Medium,Alert inspected by shift analyst. Verified host logs and network traces. No persistence mechanisms or lateral movement observed. Host rebooted and restored to baseline operating condition. Benign event.,4,Resolved by Standard Triage,Root vulnerability in service module on CSE-05-AST-004,Completed,LEAD-REV-01
CSE-05-CASE-0044,CSE-05,CSE-05-ALT-0044,2026-08-27T06:07:00Z,2026-08-27T06:09:00Z,2026-08-27T07:30:00Z,Medium,Alert inspected by shift analyst. Verified host logs and network traces. No persistence mechanisms or lateral movement observed. Host rebooted and restored to baseline operating condition. Benign event.,3,Resolved by Standard Triage,Root vulnerability in service module on CSE-05-AST-005,Completed,LEAD-REV-01
CSE-05-CASE-0045,CSE-05,CSE-05-ALT-0045,2026-08-09T00:11:00Z,2026-08-09T00:17:00Z,2026-08-09T01:11:00Z,Critical,Alert inspected by shift analyst. Verified host logs and network traces. No persistence mechanisms or lateral movement observed. Host rebooted and restored to baseline operating condition. Benign event.,5,Resolved by Standard Triage,Root vulnerability in service module on CSE-05-AST-001,Completed,LEAD-REV-01
CSE-05-CASE-0046,CSE-05,CSE-05-ALT-0046,2026-08-08T20:40:00Z,2026-08-08T20:47:00Z,2026-08-08T21:43:00Z,Medium,Alert inspected by shift analyst. Verified host logs and network traces. No persistence mechanisms or lateral movement observed. Host rebooted and restored to baseline operating condition. Benign event.,2,Resolved by Standard Triage,Root vulnerability in service module on CSE-05-AST-002,Completed,LEAD-REV-01
CSE-05-CASE-0047,CSE-05,CSE-05-ALT-0047,2026-08-20T14:28:00Z,2026-08-20T14:35:00Z,2026-08-20T16:02:00Z,Medium,Alert inspected by shift analyst. Verified host logs and network traces. No persistence mechanisms or lateral movement observed. Host rebooted and restored to baseline operating condition. Benign event.,3,Resolved by Standard Triage,Root vulnerability in service module on CSE-05-AST-003,Completed,LEAD-REV-01
CSE-05-CASE-0048,CSE-05,CSE-05-ALT-0048,2026-08-10T06:51:00Z,2026-08-10T07:01:00Z,2026-08-10T07:39:00Z,High,Alert inspected by shift analyst. Verified host logs and network traces. No persistence mechanisms or lateral movement observed. Host rebooted and restored to baseline operating condition. Benign event.,3,Resolved by Standard Triage,Root vulnerability in service module on CSE-05-AST-004,Completed,LEAD-REV-01
CSE-05-CASE-0049,CSE-05,CSE-05-ALT-0049,2026-08-11T14:29:00Z,2026-08-11T14:37:00Z,2026-08-11T15:42:00Z,Medium,Alert inspected by shift analyst. Verified host logs and network traces. No persistence mechanisms or lateral movement observed. Host rebooted and restored to baseline operating condition. Benign event.,4,Resolved by Standard Triage,Root vulnerability in service module on CSE-05-AST-005,Completed,LEAD-REV-01
CSE-05-CASE-0050,CSE-05,CSE-05-ALT-0050,2026-08-14T03:25:00Z,2026-08-14T03:31:00Z,2026-08-14T04:19:00Z,Critical,Alert inspected by shift analyst. Verified host logs and network traces. No persistence mechanisms or lateral movement observed. Host rebooted and restored to baseline operating condition. Benign event.,5,Resolved by Standard Triage,Root vulnerability in service module on CSE-05-AST-001,Completed,LEAD-REV-01
CSE-05-CASE-0051,CSE-05,CSE-05-ALT-0051,2026-08-07T05:45:00Z,2026-08-07T05:55:00Z,2026-08-07T07:03:00Z,High,Alert inspected by shift analyst. Verified host logs and network traces. No persistence mechanisms or lateral movement observed. Host rebooted and restored to baseline operating condition. Benign event.,2,Resolved by Standard Triage,Root vulnerability in service module on CSE-05-AST-002,Completed,LEAD-REV-01
CSE-05-CASE-0052,CSE-05,CSE-05-ALT-0052,2026-08-05T18:07:00Z,2026-08-05T18:09:00Z,2026-08-05T19:26:00Z,Medium,Alert inspected by shift analyst. Verified host logs and network traces. No persistence mechanisms or lateral movement observed. Host rebooted and restored to baseline operating condition. Benign event.,4,Resolved by Standard Triage,Root vulnerability in service module on CSE-05-AST-003,Completed,LEAD-REV-01
CSE-05-CASE-0053,CSE-05,CSE-05-ALT-0053,2026-08-06T00:24:00Z,2026-08-06T00:27:00Z,2026-08-06T02:20:00Z,Medium,Alert inspected by shift analyst. Verified host logs and network traces. No persistence mechanisms or lateral movement observed. Host rebooted and restored to baseline operating condition. Benign event.,5,Resolved by Standard Triage,Root vulnerability in service module on CSE-05-AST-004,Completed,LEAD-REV-01
CSE-05-CASE-0054,CSE-05,CSE-05-ALT-0054,2026-08-06T23:40:00Z,2026-08-06T23:49:00Z,2026-08-07T00:42:00Z,High,Alert inspected by shift analyst. Verified host logs and network traces. No persistence mechanisms or lateral movement observed. Host rebooted and restored to baseline operating condition. Benign event.,5,Resolved by Standard Triage,Root vulnerability in service module on CSE-05-AST-005,Completed,LEAD-REV-01
CSE-05-CASE-0055,CSE-05,CSE-05-ALT-0055,2026-08-05T13:20:00Z,2026-08-05T13:30:00Z,2026-08-05T14:57:00Z,Critical,Alert inspected by shift analyst. Verified host logs and network traces. No persistence mechanisms or lateral movement observed. Host rebooted and restored to baseline operating condition. Benign event.,4,Resolved by Standard Triage,Root vulnerability in service module on CSE-05-AST-001,Completed,LEAD-REV-01
CSE-05-CASE-0056,CSE-05,CSE-05-ALT-0056,2026-08-16T12:12:00Z,2026-08-16T12:21:00Z,2026-08-16T13:41:00Z,Medium,Alert inspected by shift analyst. Verified host logs and network traces. No persistence mechanisms or lateral movement observed. Host rebooted and restored to baseline operating condition. Benign event.,5,Resolved by Standard Triage,Root vulnerability in service module on CSE-05-AST-002,Completed,LEAD-REV-01
CSE-05-CASE-0057,CSE-05,CSE-05-ALT-0057,2026-08-22T23:26:00Z,2026-08-22T23:34:00Z,2026-08-23T01:02:00Z,High,Alert inspected by shift analyst. Verified host logs and network traces. No persistence mechanisms or lateral movement observed. Host rebooted and restored to baseline operating condition. Benign event.,2,Resolved by Standard Triage,Root vulnerability in service module on CSE-05-AST-003,Completed,LEAD-REV-01
CSE-05-CASE-0058,CSE-05,CSE-05-ALT-0058,2026-08-01T15:18:00Z,2026-08-01T15:22:00Z,2026-08-01T16:33:00Z,Medium,Alert inspected by shift analyst. Verified host logs and network traces. No persistence mechanisms or lateral movement observed. Host rebooted and restored to baseline operating condition. Benign event.,4,Resolved by Standard Triage,Root vulnerability in service module on CSE-05-AST-004,Completed,LEAD-REV-01
CSE-05-CASE-0059,CSE-05,CSE-05-ALT-0059,2026-08-25T22:36:00Z,2026-08-25T22:45:00Z,2026-08-26T00:19:00Z,Medium,Alert inspected by shift analyst. Verified host logs and network traces. No persistence mechanisms or lateral movement observed. Host rebooted and restored to baseline operating condition. Benign event.,2,Resolved by Standard Triage,Root vulnerability in service module on CSE-05-AST-005,Completed,LEAD-REV-01
CSE-05-CASE-0060,CSE-05,CSE-05-ALT-0060,2026-08-04T16:49:00Z,2026-08-04T16:58:00Z,2026-08-04T18:15:00Z,Critical,Alert inspected by shift analyst. Verified host logs and network traces. No persistence mechanisms or lateral movement observed. Host rebooted and restored to baseline operating condition. Benign event.,5,Resolved by Standard Triage,Root vulnerability in service module on CSE-05-AST-001,Completed,LEAD-REV-01
CSE-06-CASE-0001,CSE-06,CSE-06-ALT-0001,2026-08-23T19:55:00Z,2026-08-23T20:02:00Z,2026-08-23T21:53:00Z,Medium,"Investigated suspicious Reconnaissance activity on CSE-06-AST-002. Host quarantine verified, memory strings analyzed, credentials rotated for user domain accounts. Incident mitigated cleanly.",3,Resolved by Standard Triage,Root vulnerability in service module on CSE-06-AST-002,Completed,LEAD-REV-01
CSE-06-CASE-0002,CSE-06,CSE-06-ALT-0002,2026-08-27T14:51:00Z,2026-08-27T14:57:00Z,2026-08-27T16:43:00Z,Medium,"Investigated suspicious Malware activity on CSE-06-AST-003. Host quarantine verified, memory strings analyzed, credentials rotated for user domain accounts. Incident mitigated cleanly.",4,Resolved by Standard Triage,Root vulnerability in service module on CSE-06-AST-003,Completed,LEAD-REV-01
CSE-06-CASE-0003,CSE-06,CSE-06-ALT-0003,2026-08-18T13:20:00Z,2026-08-18T13:25:00Z,2026-08-18T14:37:00Z,High,"Investigated suspicious Reconnaissance activity on CSE-06-AST-004. Host quarantine verified, memory strings analyzed, credentials rotated for user domain accounts. Incident mitigated cleanly.",4,Resolved by Standard Triage,Root vulnerability in service module on CSE-06-AST-004,Completed,LEAD-REV-01
CSE-06-CASE-0004,CSE-06,CSE-06-ALT-0004,2026-08-30T05:52:00Z,2026-08-30T05:59:00Z,2026-08-30T06:49:00Z,Medium,"Investigated suspicious Malware activity on CSE-06-AST-005. Host quarantine verified, memory strings analyzed, credentials rotated for user domain accounts. Incident mitigated cleanly.",4,Resolved by Standard Triage,Root vulnerability in service module on CSE-06-AST-005,Completed,LEAD-REV-01
CSE-06-CASE-0005,CSE-06,CSE-06-ALT-0005,2026-08-06T06:55:00Z,2026-08-06T06:58:00Z,2026-08-06T08:06:00Z,Critical,"Investigated suspicious Identity/Credential Access activity on CSE-06-AST-001. Host quarantine verified, memory strings analyzed, credentials rotated for user domain accounts. Incident mitigated cleanly.",4,Resolved by Standard Triage,Root vulnerability in service module on CSE-06-AST-001,None,LEAD-REV-01
CSE-06-CASE-0006,CSE-06,CSE-06-ALT-0006,2026-08-26T05:25:00Z,2026-08-26T05:35:00Z,2026-08-26T06:23:00Z,High,"Investigated suspicious Data Exfiltration activity on CSE-06-AST-002. Host quarantine verified, memory strings analyzed, credentials rotated for user domain accounts. Incident mitigated cleanly.",4,Resolved by Standard Triage,Root vulnerability in service module on CSE-06-AST-002,Completed,LEAD-REV-01
CSE-06-CASE-0007,CSE-06,CSE-06-ALT-0007,2026-08-14T20:28:00Z,2026-08-14T20:35:00Z,2026-08-14T21:19:00Z,Medium,"Investigated suspicious Malware activity on CSE-06-AST-003. Host quarantine verified, memory strings analyzed, credentials rotated for user domain accounts. Incident mitigated cleanly.",4,Resolved by Standard Triage,Root vulnerability in service module on CSE-06-AST-003,Completed,LEAD-REV-01
CSE-06-CASE-0008,CSE-06,CSE-06-ALT-0008,2026-08-29T19:29:00Z,2026-08-29T19:39:00Z,2026-08-29T20:50:00Z,Medium,"Investigated suspicious Data Exfiltration activity on CSE-06-AST-004. Host quarantine verified, memory strings analyzed, credentials rotated for user domain accounts. Incident mitigated cleanly.",2,Resolved by Standard Triage,Root vulnerability in service module on CSE-06-AST-004,Completed,LEAD-REV-01
CSE-06-CASE-0009,CSE-06,CSE-06-ALT-0009,2026-08-16T04:42:00Z,2026-08-16T04:44:00Z,2026-08-16T06:07:00Z,High,"Investigated suspicious Reconnaissance activity on CSE-06-AST-005. Host quarantine verified, memory strings analyzed, credentials rotated for user domain accounts. Incident mitigated cleanly.",5,Resolved by Standard Triage,Root vulnerability in service module on CSE-06-AST-005,Completed,LEAD-REV-01
CSE-06-CASE-0010,CSE-06,CSE-06-ALT-0010,2026-08-14T14:31:00Z,2026-08-14T14:36:00Z,2026-08-14T15:52:00Z,Critical,"Investigated suspicious Lateral Movement activity on CSE-06-AST-001. Host quarantine verified, memory strings analyzed, credentials rotated for user domain accounts. Incident mitigated cleanly.",3,Resolved by Standard Triage,Root vulnerability in service module on CSE-06-AST-001,None,LEAD-REV-01
CSE-06-CASE-0011,CSE-06,CSE-06-ALT-0011,2026-08-28T23:50:00Z,2026-08-28T23:51:00Z,2026-08-29T00:36:00Z,Medium,"Investigated suspicious Lateral Movement activity on CSE-06-AST-002. Host quarantine verified, memory strings analyzed, credentials rotated for user domain accounts. Incident mitigated cleanly.",5,Resolved by Standard Triage,Root vulnerability in service module on CSE-06-AST-002,Completed,LEAD-REV-01
CSE-06-CASE-0012,CSE-06,CSE-06-ALT-0012,2026-08-04T13:28:00Z,2026-08-04T13:35:00Z,2026-08-04T14:08:00Z,High,"Investigated suspicious Data Exfiltration activity on CSE-06-AST-003. Host quarantine verified, memory strings analyzed, credentials rotated for user domain accounts. Incident mitigated cleanly.",3,Resolved by Standard Triage,Root vulnerability in service module on CSE-06-AST-003,Completed,LEAD-REV-01
CSE-06-CASE-0013,CSE-06,CSE-06-ALT-0013,2026-08-10T13:55:00Z,2026-08-10T14:01:00Z,2026-08-10T14:46:00Z,Medium,"Investigated suspicious Lateral Movement activity on CSE-06-AST-004. Host quarantine verified, memory strings analyzed, credentials rotated for user domain accounts. Incident mitigated cleanly.",2,Resolved by Standard Triage,Root vulnerability in service module on CSE-06-AST-004,Completed,LEAD-REV-01
CSE-06-CASE-0014,CSE-06,CSE-06-ALT-0014,2026-08-23T04:10:00Z,2026-08-23T04:15:00Z,2026-08-23T05:40:00Z,Medium,"Investigated suspicious Malware activity on CSE-06-AST-005. Host quarantine verified, memory strings analyzed, credentials rotated for user domain accounts. Incident mitigated cleanly.",3,Resolved by Standard Triage,Root vulnerability in service module on CSE-06-AST-005,Completed,LEAD-REV-01
CSE-06-CASE-0015,CSE-06,CSE-06-ALT-0015,2026-08-21T10:45:00Z,2026-08-21T10:49:00Z,2026-08-21T11:25:00Z,Critical,"Investigated suspicious Malware activity on CSE-06-AST-001. Host quarantine verified, memory strings analyzed, credentials rotated for user domain accounts. Incident mitigated cleanly.",2,Resolved by Standard Triage,Root vulnerability in service module on CSE-06-AST-001,None,LEAD-REV-01
CSE-06-CASE-0016,CSE-06,CSE-06-ALT-0016,2026-08-19T15:33:00Z,2026-08-19T15:34:00Z,2026-08-19T17:09:00Z,Medium,"Investigated suspicious Reconnaissance activity on CSE-06-AST-002. Host quarantine verified, memory strings analyzed, credentials rotated for user domain accounts. Incident mitigated cleanly.",4,Resolved by Standard Triage,Root vulnerability in service module on CSE-06-AST-002,Completed,LEAD-REV-01
CSE-06-CASE-0017,CSE-06,CSE-06-ALT-0017,2026-08-28T21:44:00Z,2026-08-28T21:46:00Z,2026-08-28T23:25:00Z,Medium,"Investigated suspicious Identity/Credential Access activity on CSE-06-AST-003. Host quarantine verified, memory strings analyzed, credentials rotated for user domain accounts. Incident mitigated cleanly.",5,Resolved by Standard Triage,Root vulnerability in service module on CSE-06-AST-003,Completed,LEAD-REV-01
CSE-06-CASE-0018,CSE-06,CSE-06-ALT-0018,2026-08-24T11:06:00Z,2026-08-24T11:11:00Z,2026-08-24T12:33:00Z,High,"Investigated suspicious Lateral Movement activity on CSE-06-AST-004. Host quarantine verified, memory strings analyzed, credentials rotated for user domain accounts. Incident mitigated cleanly.",5,Resolved by Standard Triage,Root vulnerability in service module on CSE-06-AST-004,Completed,LEAD-REV-01
CSE-06-CASE-0019,CSE-06,CSE-06-ALT-0019,2026-08-22T05:09:00Z,2026-08-22T05:19:00Z,2026-08-22T06:56:00Z,Medium,"Investigated suspicious Malware activity on CSE-06-AST-005. Host quarantine verified, memory strings analyzed, credentials rotated for user domain accounts. Incident mitigated cleanly.",3,Resolved by Standard Triage,Root vulnerability in service module on CSE-06-AST-005,Completed,LEAD-REV-01
CSE-06-CASE-0020,CSE-06,CSE-06-ALT-0020,2026-08-13T07:13:00Z,2026-08-13T07:20:00Z,2026-08-13T08:12:00Z,Critical,"Investigated suspicious Reconnaissance activity on CSE-06-AST-001. Host quarantine verified, memory strings analyzed, credentials rotated for user domain accounts. Incident mitigated cleanly.",5,Resolved by Standard Triage,Root vulnerability in service module on CSE-06-AST-001,None,LEAD-REV-01
CSE-06-CASE-0021,CSE-06,CSE-06-ALT-0021,2026-08-03T11:08:00Z,2026-08-03T11:18:00Z,2026-08-03T12:03:00Z,High,"Investigated suspicious Denial of Service activity on CSE-06-AST-002. Host quarantine verified, memory strings analyzed, credentials rotated for user domain accounts. Incident mitigated cleanly.",5,Resolved by Standard Triage,Root vulnerability in service module on CSE-06-AST-002,Completed,LEAD-REV-01
CSE-06-CASE-0022,CSE-06,CSE-06-ALT-0022,2026-08-14T18:50:00Z,2026-08-14T18:55:00Z,2026-08-14T20:01:00Z,Medium,"Investigated suspicious Identity/Credential Access activity on CSE-06-AST-003. Host quarantine verified, memory strings analyzed, credentials rotated for user domain accounts. Incident mitigated cleanly.",2,Resolved by Standard Triage,Root vulnerability in service module on CSE-06-AST-003,Completed,LEAD-REV-01
CSE-06-CASE-0023,CSE-06,CSE-06-ALT-0023,2026-08-19T03:38:00Z,2026-08-19T03:43:00Z,2026-08-19T05:35:00Z,Medium,"Investigated suspicious Reconnaissance activity on CSE-06-AST-004. Host quarantine verified, memory strings analyzed, credentials rotated for user domain accounts. Incident mitigated cleanly.",2,Resolved by Standard Triage,Root vulnerability in service module on CSE-06-AST-004,Completed,LEAD-REV-01
CSE-06-CASE-0024,CSE-06,CSE-06-ALT-0024,2026-08-29T17:13:00Z,2026-08-29T17:22:00Z,2026-08-29T19:10:00Z,High,"Investigated suspicious Privilege Escalation activity on CSE-06-AST-005. Host quarantine verified, memory strings analyzed, credentials rotated for user domain accounts. Incident mitigated cleanly.",5,Resolved by Standard Triage,Root vulnerability in service module on CSE-06-AST-005,Completed,LEAD-REV-01
CSE-06-CASE-0025,CSE-06,CSE-06-ALT-0025,2026-08-21T09:50:00Z,2026-08-21T09:58:00Z,2026-08-21T11:00:00Z,Critical,"Investigated suspicious Denial of Service activity on CSE-06-AST-001. Host quarantine verified, memory strings analyzed, credentials rotated for user domain accounts. Incident mitigated cleanly.",2,Resolved by Standard Triage,Root vulnerability in service module on CSE-06-AST-001,None,LEAD-REV-01
CSE-06-CASE-0026,CSE-06,CSE-06-ALT-0026,2026-08-17T04:38:00Z,2026-08-17T04:39:00Z,2026-08-17T06:25:00Z,Medium,"Investigated suspicious Malware activity on CSE-06-AST-002. Host quarantine verified, memory strings analyzed, credentials rotated for user domain accounts. Incident mitigated cleanly.",4,Resolved by Standard Triage,Root vulnerability in service module on CSE-06-AST-002,Completed,LEAD-REV-01
CSE-06-CASE-0027,CSE-06,CSE-06-ALT-0027,2026-08-14T02:26:00Z,2026-08-14T02:29:00Z,2026-08-14T04:15:00Z,High,"Investigated suspicious Lateral Movement activity on CSE-06-AST-003. Host quarantine verified, memory strings analyzed, credentials rotated for user domain accounts. Incident mitigated cleanly.",2,Resolved by Standard Triage,Root vulnerability in service module on CSE-06-AST-003,Completed,LEAD-REV-01
CSE-06-CASE-0028,CSE-06,CSE-06-ALT-0028,2026-08-19T10:00:00Z,2026-08-19T10:01:00Z,2026-08-19T11:07:00Z,Medium,"Investigated suspicious Lateral Movement activity on CSE-06-AST-004. Host quarantine verified, memory strings analyzed, credentials rotated for user domain accounts. Incident mitigated cleanly.",5,Resolved by Standard Triage,Root vulnerability in service module on CSE-06-AST-004,Completed,LEAD-REV-01
CSE-06-CASE-0029,CSE-06,CSE-06-ALT-0029,2026-08-11T04:45:00Z,2026-08-11T04:52:00Z,2026-08-11T06:18:00Z,Medium,"Investigated suspicious Privilege Escalation activity on CSE-06-AST-005. Host quarantine verified, memory strings analyzed, credentials rotated for user domain accounts. Incident mitigated cleanly.",5,Resolved by Standard Triage,Root vulnerability in service module on CSE-06-AST-005,Completed,LEAD-REV-01
CSE-06-CASE-0030,CSE-06,CSE-06-ALT-0030,2026-08-22T01:34:00Z,2026-08-22T01:39:00Z,2026-08-22T02:33:00Z,Critical,"Investigated suspicious Privilege Escalation activity on CSE-06-AST-001. Host quarantine verified, memory strings analyzed, credentials rotated for user domain accounts. Incident mitigated cleanly.",4,Resolved by Standard Triage,Root vulnerability in service module on CSE-06-AST-001,None,LEAD-REV-01
CSE-06-CASE-0031,CSE-06,CSE-06-ALT-0031,2026-08-17T14:51:00Z,2026-08-17T14:57:00Z,2026-08-17T16:39:00Z,Medium,"Investigated suspicious Identity/Credential Access activity on CSE-06-AST-002. Host quarantine verified, memory strings analyzed, credentials rotated for user domain accounts. Incident mitigated cleanly.",2,Resolved by Standard Triage,Root vulnerability in service module on CSE-06-AST-002,Completed,LEAD-REV-01
CSE-06-CASE-0032,CSE-06,CSE-06-ALT-0032,2026-08-23T21:46:00Z,2026-08-23T21:47:00Z,2026-08-23T22:56:00Z,Medium,"Investigated suspicious Denial of Service activity on CSE-06-AST-003. Host quarantine verified, memory strings analyzed, credentials rotated for user domain accounts. Incident mitigated cleanly.",2,Resolved by Standard Triage,Root vulnerability in service module on CSE-06-AST-003,Completed,LEAD-REV-01
CSE-06-CASE-0033,CSE-06,CSE-06-ALT-0033,2026-08-04T22:39:00Z,2026-08-04T22:44:00Z,2026-08-04T23:26:00Z,High,"Investigated suspicious Privilege Escalation activity on CSE-06-AST-004. Host quarantine verified, memory strings analyzed, credentials rotated for user domain accounts. Incident mitigated cleanly.",3,Resolved by Standard Triage,Root vulnerability in service module on CSE-06-AST-004,Completed,LEAD-REV-01
CSE-06-CASE-0034,CSE-06,CSE-06-ALT-0034,2026-08-02T06:08:00Z,2026-08-02T06:11:00Z,2026-08-02T06:49:00Z,Medium,"Investigated suspicious Reconnaissance activity on CSE-06-AST-005. Host quarantine verified, memory strings analyzed, credentials rotated for user domain accounts. Incident mitigated cleanly.",4,Resolved by Standard Triage,Root vulnerability in service module on CSE-06-AST-005,Completed,LEAD-REV-01
CSE-06-CASE-0035,CSE-06,CSE-06-ALT-0035,2026-08-18T07:16:00Z,2026-08-18T07:19:00Z,2026-08-18T08:43:00Z,Critical,"Investigated suspicious Identity/Credential Access activity on CSE-06-AST-001. Host quarantine verified, memory strings analyzed, credentials rotated for user domain accounts. Incident mitigated cleanly.",4,Resolved by Standard Triage,Root vulnerability in service module on CSE-06-AST-001,None,LEAD-REV-01
CSE-06-CASE-0036,CSE-06,CSE-06-ALT-0036,2026-08-29T11:49:00Z,2026-08-29T11:56:00Z,2026-08-29T13:11:00Z,High,"Investigated suspicious Malware activity on CSE-06-AST-002. Host quarantine verified, memory strings analyzed, credentials rotated for user domain accounts. Incident mitigated cleanly.",2,Resolved by Standard Triage,Root vulnerability in service module on CSE-06-AST-002,Completed,LEAD-REV-01
CSE-06-CASE-0037,CSE-06,CSE-06-ALT-0037,2026-08-24T02:40:00Z,2026-08-24T02:48:00Z,2026-08-24T04:23:00Z,Medium,"Investigated suspicious Malware activity on CSE-06-AST-003. Host quarantine verified, memory strings analyzed, credentials rotated for user domain accounts. Incident mitigated cleanly.",4,Resolved by Standard Triage,Root vulnerability in service module on CSE-06-AST-003,Completed,LEAD-REV-01
CSE-06-CASE-0038,CSE-06,CSE-06-ALT-0038,2026-08-17T02:10:00Z,2026-08-17T02:15:00Z,2026-08-17T03:10:00Z,Medium,"Investigated suspicious Lateral Movement activity on CSE-06-AST-004. Host quarantine verified, memory strings analyzed, credentials rotated for user domain accounts. Incident mitigated cleanly.",2,Resolved by Standard Triage,Root vulnerability in service module on CSE-06-AST-004,Completed,LEAD-REV-01
CSE-06-CASE-0039,CSE-06,CSE-06-ALT-0039,2026-08-25T00:00:00Z,2026-08-25T00:04:00Z,2026-08-25T00:41:00Z,High,"Investigated suspicious Malware activity on CSE-06-AST-005. Host quarantine verified, memory strings analyzed, credentials rotated for user domain accounts. Incident mitigated cleanly.",5,Resolved by Standard Triage,Root vulnerability in service module on CSE-06-AST-005,Completed,LEAD-REV-01
CSE-06-CASE-0040,CSE-06,CSE-06-ALT-0040,2026-08-13T12:11:00Z,2026-08-13T12:20:00Z,2026-08-13T12:55:00Z,Critical,"Investigated suspicious Denial of Service activity on CSE-06-AST-001. Host quarantine verified, memory strings analyzed, credentials rotated for user domain accounts. Incident mitigated cleanly.",5,Resolved by Standard Triage,Root vulnerability in service module on CSE-06-AST-001,None,LEAD-REV-01
CSE-06-CASE-0041,CSE-06,CSE-06-ALT-0041,2026-08-11T15:26:00Z,2026-08-11T15:31:00Z,2026-08-11T16:46:00Z,Medium,"Investigated suspicious Reconnaissance activity on CSE-06-AST-002. Host quarantine verified, memory strings analyzed, credentials rotated for user domain accounts. Incident mitigated cleanly.",4,Resolved by Standard Triage,Root vulnerability in service module on CSE-06-AST-002,Completed,LEAD-REV-01
CSE-06-CASE-0042,CSE-06,CSE-06-ALT-0042,2026-08-18T05:57:00Z,2026-08-18T06:01:00Z,2026-08-18T06:59:00Z,High,"Investigated suspicious Malware activity on CSE-06-AST-003. Host quarantine verified, memory strings analyzed, credentials rotated for user domain accounts. Incident mitigated cleanly.",2,Resolved by Standard Triage,Root vulnerability in service module on CSE-06-AST-003,Completed,LEAD-REV-01
CSE-06-CASE-0043,CSE-06,CSE-06-ALT-0043,2026-08-03T22:55:00Z,2026-08-03T23:01:00Z,2026-08-04T00:14:00Z,Medium,"Investigated suspicious Lateral Movement activity on CSE-06-AST-004. Host quarantine verified, memory strings analyzed, credentials rotated for user domain accounts. Incident mitigated cleanly.",5,Resolved by Standard Triage,Root vulnerability in service module on CSE-06-AST-004,Completed,LEAD-REV-01
CSE-06-CASE-0044,CSE-06,CSE-06-ALT-0044,2026-08-12T14:18:00Z,2026-08-12T14:28:00Z,2026-08-12T15:36:00Z,Medium,"Investigated suspicious Privilege Escalation activity on CSE-06-AST-005. Host quarantine verified, memory strings analyzed, credentials rotated for user domain accounts. Incident mitigated cleanly.",5,Resolved by Standard Triage,Root vulnerability in service module on CSE-06-AST-005,Completed,LEAD-REV-01
CSE-06-CASE-0045,CSE-06,CSE-06-ALT-0045,2026-08-19T23:49:00Z,2026-08-19T23:58:00Z,2026-08-20T00:54:00Z,Critical,"Investigated suspicious Denial of Service activity on CSE-06-AST-001. Host quarantine verified, memory strings analyzed, credentials rotated for user domain accounts. Incident mitigated cleanly.",3,Resolved by Standard Triage,Root vulnerability in service module on CSE-06-AST-001,None,LEAD-REV-01
CSE-06-CASE-0046,CSE-06,CSE-06-ALT-0046,2026-08-14T08:14:00Z,2026-08-14T08:15:00Z,2026-08-14T09:38:00Z,Medium,"Investigated suspicious Privilege Escalation activity on CSE-06-AST-002. Host quarantine verified, memory strings analyzed, credentials rotated for user domain accounts. Incident mitigated cleanly.",2,Resolved by Standard Triage,Root vulnerability in service module on CSE-06-AST-002,Completed,LEAD-REV-01
CSE-06-CASE-0047,CSE-06,CSE-06-ALT-0047,2026-08-14T07:46:00Z,2026-08-14T07:50:00Z,2026-08-14T08:39:00Z,Medium,"Investigated suspicious Lateral Movement activity on CSE-06-AST-003. Host quarantine verified, memory strings analyzed, credentials rotated for user domain accounts. Incident mitigated cleanly.",3,Resolved by Standard Triage,Root vulnerability in service module on CSE-06-AST-003,Completed,LEAD-REV-01
CSE-06-CASE-0048,CSE-06,CSE-06-ALT-0048,2026-08-16T09:09:00Z,2026-08-16T09:11:00Z,2026-08-16T10:24:00Z,High,"Investigated suspicious Reconnaissance activity on CSE-06-AST-004. Host quarantine verified, memory strings analyzed, credentials rotated for user domain accounts. Incident mitigated cleanly.",3,Resolved by Standard Triage,Root vulnerability in service module on CSE-06-AST-004,Completed,LEAD-REV-01
CSE-06-CASE-0049,CSE-06,CSE-06-ALT-0049,2026-08-15T06:57:00Z,2026-08-15T06:59:00Z,2026-08-15T08:35:00Z,Medium,"Investigated suspicious Lateral Movement activity on CSE-06-AST-005. Host quarantine verified, memory strings analyzed, credentials rotated for user domain accounts. Incident mitigated cleanly.",2,Resolved by Standard Triage,Root vulnerability in service module on CSE-06-AST-005,Completed,LEAD-REV-01
CSE-06-CASE-0050,CSE-06,CSE-06-ALT-0050,2026-08-06T04:52:00Z,2026-08-06T05:02:00Z,2026-08-06T05:41:00Z,Critical,"Investigated suspicious Data Exfiltration activity on CSE-06-AST-001. Host quarantine verified, memory strings analyzed, credentials rotated for user domain accounts. Incident mitigated cleanly.",2,Resolved by Standard Triage,Root vulnerability in service module on CSE-06-AST-001,None,LEAD-REV-01
CSE-06-CASE-0051,CSE-06,CSE-06-ALT-0051,2026-08-22T12:15:00Z,2026-08-22T12:21:00Z,2026-08-22T13:28:00Z,High,"Investigated suspicious Lateral Movement activity on CSE-06-AST-002. Host quarantine verified, memory strings analyzed, credentials rotated for user domain accounts. Incident mitigated cleanly.",4,Resolved by Standard Triage,Root vulnerability in service module on CSE-06-AST-002,Completed,LEAD-REV-01
CSE-06-CASE-0052,CSE-06,CSE-06-ALT-0052,2026-08-15T16:14:00Z,2026-08-15T16:17:00Z,2026-08-15T17:19:00Z,Medium,"Investigated suspicious Malware activity on CSE-06-AST-003. Host quarantine verified, memory strings analyzed, credentials rotated for user domain accounts. Incident mitigated cleanly.",2,Resolved by Standard Triage,Root vulnerability in service module on CSE-06-AST-003,Completed,LEAD-REV-01
CSE-06-CASE-0053,CSE-06,CSE-06-ALT-0053,2026-08-04T13:28:00Z,2026-08-04T13:35:00Z,2026-08-04T14:48:00Z,Medium,"Investigated suspicious Data Exfiltration activity on CSE-06-AST-004. Host quarantine verified, memory strings analyzed, credentials rotated for user domain accounts. Incident mitigated cleanly.",4,Resolved by Standard Triage,Root vulnerability in service module on CSE-06-AST-004,Completed,LEAD-REV-01
CSE-06-CASE-0054,CSE-06,CSE-06-ALT-0054,2026-08-15T17:29:00Z,2026-08-15T17:31:00Z,2026-08-15T18:24:00Z,High,"Investigated suspicious Lateral Movement activity on CSE-06-AST-005. Host quarantine verified, memory strings analyzed, credentials rotated for user domain accounts. Incident mitigated cleanly.",4,Resolved by Standard Triage,Root vulnerability in service module on CSE-06-AST-005,Completed,LEAD-REV-01
CSE-06-CASE-0055,CSE-06,CSE-06-ALT-0055,2026-08-24T03:02:00Z,2026-08-24T03:05:00Z,2026-08-24T04:23:00Z,Critical,"Investigated suspicious Identity/Credential Access activity on CSE-06-AST-001. Host quarantine verified, memory strings analyzed, credentials rotated for user domain accounts. Incident mitigated cleanly.",3,Resolved by Standard Triage,Root vulnerability in service module on CSE-06-AST-001,None,LEAD-REV-01
CSE-06-CASE-0056,CSE-06,CSE-06-ALT-0056,2026-08-14T00:03:00Z,2026-08-14T00:08:00Z,2026-08-14T01:21:00Z,Medium,"Investigated suspicious Reconnaissance activity on CSE-06-AST-002. Host quarantine verified, memory strings analyzed, credentials rotated for user domain accounts. Incident mitigated cleanly.",2,Resolved by Standard Triage,Root vulnerability in service module on CSE-06-AST-002,Completed,LEAD-REV-01
CSE-06-CASE-0057,CSE-06,CSE-06-ALT-0057,2026-08-28T22:35:00Z,2026-08-28T22:39:00Z,2026-08-29T00:25:00Z,High,"Investigated suspicious Reconnaissance activity on CSE-06-AST-003. Host quarantine verified, memory strings analyzed, credentials rotated for user domain accounts. Incident mitigated cleanly.",5,Resolved by Standard Triage,Root vulnerability in service module on CSE-06-AST-003,Completed,LEAD-REV-01
CSE-06-CASE-0058,CSE-06,CSE-06-ALT-0058,2026-08-26T12:07:00Z,2026-08-26T12:11:00Z,2026-08-26T12:54:00Z,Medium,"Investigated suspicious Malware activity on CSE-06-AST-004. Host quarantine verified, memory strings analyzed, credentials rotated for user domain accounts. Incident mitigated cleanly.",3,Resolved by Standard Triage,Root vulnerability in service module on CSE-06-AST-004,Completed,LEAD-REV-01
CSE-06-CASE-0059,CSE-06,CSE-06-ALT-0059,2026-08-13T05:40:00Z,2026-08-13T05:50:00Z,2026-08-13T06:30:00Z,Medium,"Investigated suspicious Reconnaissance activity on CSE-06-AST-005. Host quarantine verified, memory strings analyzed, credentials rotated for user domain accounts. Incident mitigated cleanly.",4,Resolved by Standard Triage,Root vulnerability in service module on CSE-06-AST-005,Completed,LEAD-REV-01
CSE-06-CASE-0060,CSE-06,CSE-06-ALT-0060,2026-08-01T10:12:00Z,2026-08-01T10:15:00Z,2026-08-01T11:48:00Z,Critical,"Investigated suspicious Reconnaissance activity on CSE-06-AST-001. Host quarantine verified, memory strings analyzed, credentials rotated for user domain accounts. Incident mitigated cleanly.",4,Resolved by Standard Triage,Root vulnerability in service module on CSE-06-AST-001,None,LEAD-REV-01
CSE-07-CASE-0001,CSE-07,CSE-07-ALT-0001,2026-08-12T14:58:00Z,2026-08-12T15:03:00Z,2026-08-12T16:13:00Z,Medium,"Investigated suspicious Identity/Credential Access activity on CSE-07-AST-005. Host quarantine verified, memory strings analyzed, credentials rotated for user domain accounts. Incident mitigated cleanly.",3,Resolved by Standard Triage,Root vulnerability in service module on CSE-07-AST-005,Completed,LEAD-REV-01
CSE-07-CASE-0002,CSE-07,CSE-07-ALT-0002,2026-08-21T03:39:00Z,2026-08-21T03:47:00Z,2026-08-21T04:56:00Z,Medium,"Investigated suspicious Identity/Credential Access activity on CSE-07-AST-006. Host quarantine verified, memory strings analyzed, credentials rotated for user domain accounts. Incident mitigated cleanly.",5,Resolved by Standard Triage,Root vulnerability in service module on CSE-07-AST-006,Completed,LEAD-REV-01
CSE-07-CASE-0003,CSE-07,CSE-07-ALT-0003,2026-08-03T16:24:00Z,2026-08-03T16:28:00Z,2026-08-03T17:57:00Z,High,"Investigated suspicious Identity/Credential Access activity on CSE-07-AST-007. Host quarantine verified, memory strings analyzed, credentials rotated for user domain accounts. Incident mitigated cleanly.",3,Resolved by Standard Triage,Root vulnerability in service module on CSE-07-AST-007,Completed,LEAD-REV-01
CSE-07-CASE-0004,CSE-07,CSE-07-ALT-0004,2026-08-27T01:50:00Z,2026-08-27T01:56:00Z,2026-08-27T03:18:00Z,Medium,"Investigated suspicious Malware activity on CSE-07-AST-008. Host quarantine verified, memory strings analyzed, credentials rotated for user domain accounts. Incident mitigated cleanly.",5,Resolved by Standard Triage,Root vulnerability in service module on CSE-07-AST-008,Completed,LEAD-REV-01
CSE-07-CASE-0005,CSE-07,CSE-07-ALT-0005,2026-08-20T00:20:00Z,2026-08-20T00:23:00Z,2026-08-20T01:34:00Z,Critical,"Investigated suspicious Data Exfiltration activity on CSE-07-AST-004. Host quarantine verified, memory strings analyzed, credentials rotated for user domain accounts. Incident mitigated cleanly.",4,Resolved by Standard Triage,Root vulnerability in service module on CSE-07-AST-004,Completed,LEAD-REV-01
CSE-07-CASE-0006,CSE-07,CSE-07-ALT-0006,2026-08-08T08:57:00Z,2026-08-08T08:58:00Z,2026-08-08T10:12:00Z,High,"Investigated suspicious Denial of Service activity on CSE-07-AST-005. Host quarantine verified, memory strings analyzed, credentials rotated for user domain accounts. Incident mitigated cleanly.",4,Resolved by Standard Triage,Root vulnerability in service module on CSE-07-AST-005,Completed,LEAD-REV-01
CSE-07-CASE-0007,CSE-07,CSE-07-ALT-0007,2026-08-08T13:06:00Z,2026-08-08T13:11:00Z,2026-08-08T14:16:00Z,Medium,"Investigated suspicious Identity/Credential Access activity on CSE-07-AST-006. Host quarantine verified, memory strings analyzed, credentials rotated for user domain accounts. Incident mitigated cleanly.",2,Resolved by Standard Triage,Root vulnerability in service module on CSE-07-AST-006,Completed,LEAD-REV-01
CSE-07-CASE-0008,CSE-07,CSE-07-ALT-0008,2026-08-19T20:22:00Z,2026-08-19T20:25:00Z,2026-08-19T21:24:00Z,Medium,"Investigated suspicious Denial of Service activity on CSE-07-AST-007. Host quarantine verified, memory strings analyzed, credentials rotated for user domain accounts. Incident mitigated cleanly.",4,Resolved by Standard Triage,Root vulnerability in service module on CSE-07-AST-007,Completed,LEAD-REV-01
CSE-07-CASE-0009,CSE-07,CSE-07-ALT-0009,2026-08-23T19:58:00Z,2026-08-23T20:04:00Z,2026-08-23T20:41:00Z,High,"Investigated suspicious Privilege Escalation activity on CSE-07-AST-008. Host quarantine verified, memory strings analyzed, credentials rotated for user domain accounts. Incident mitigated cleanly.",3,Resolved by Standard Triage,Root vulnerability in service module on CSE-07-AST-008,Completed,LEAD-REV-01
CSE-07-CASE-0010,CSE-07,CSE-07-ALT-0010,2026-08-07T23:34:00Z,2026-08-07T23:42:00Z,2026-08-08T00:36:00Z,Critical,"Investigated suspicious Lateral Movement activity on CSE-07-AST-004. Host quarantine verified, memory strings analyzed, credentials rotated for user domain accounts. Incident mitigated cleanly.",2,Resolved by Standard Triage,Root vulnerability in service module on CSE-07-AST-004,Completed,LEAD-REV-01
CSE-07-CASE-0011,CSE-07,CSE-07-ALT-0011,2026-08-09T03:14:00Z,2026-08-09T03:22:00Z,2026-08-09T05:01:00Z,Medium,"Investigated suspicious Malware activity on CSE-07-AST-005. Host quarantine verified, memory strings analyzed, credentials rotated for user domain accounts. Incident mitigated cleanly.",4,Resolved by Standard Triage,Root vulnerability in service module on CSE-07-AST-005,Completed,LEAD-REV-01
CSE-07-CASE-0012,CSE-07,CSE-07-ALT-0012,2026-08-07T12:21:00Z,2026-08-07T12:27:00Z,2026-08-07T13:23:00Z,High,"Investigated suspicious Reconnaissance activity on CSE-07-AST-006. Host quarantine verified, memory strings analyzed, credentials rotated for user domain accounts. Incident mitigated cleanly.",2,Resolved by Standard Triage,Root vulnerability in service module on CSE-07-AST-006,Completed,LEAD-REV-01
CSE-07-CASE-0013,CSE-07,CSE-07-ALT-0013,2026-08-20T06:58:00Z,2026-08-20T07:07:00Z,2026-08-20T07:52:00Z,Medium,"Investigated suspicious Identity/Credential Access activity on CSE-07-AST-007. Host quarantine verified, memory strings analyzed, credentials rotated for user domain accounts. Incident mitigated cleanly.",2,Resolved by Standard Triage,Root vulnerability in service module on CSE-07-AST-007,Completed,LEAD-REV-01
CSE-07-CASE-0014,CSE-07,CSE-07-ALT-0014,2026-08-24T05:25:00Z,2026-08-24T05:31:00Z,2026-08-24T06:17:00Z,Medium,"Investigated suspicious Privilege Escalation activity on CSE-07-AST-008. Host quarantine verified, memory strings analyzed, credentials rotated for user domain accounts. Incident mitigated cleanly.",4,Resolved by Standard Triage,Root vulnerability in service module on CSE-07-AST-008,Completed,LEAD-REV-01
CSE-07-CASE-0015,CSE-07,CSE-07-ALT-0015,2026-08-07T07:27:00Z,2026-08-07T07:33:00Z,2026-08-07T09:09:00Z,Critical,"Investigated suspicious Denial of Service activity on CSE-07-AST-004. Host quarantine verified, memory strings analyzed, credentials rotated for user domain accounts. Incident mitigated cleanly.",4,Resolved by Standard Triage,Root vulnerability in service module on CSE-07-AST-004,Completed,LEAD-REV-01
CSE-07-CASE-0016,CSE-07,CSE-07-ALT-0016,2026-08-23T02:52:00Z,2026-08-23T02:57:00Z,2026-08-23T04:20:00Z,Medium,"Investigated suspicious Identity/Credential Access activity on CSE-07-AST-005. Host quarantine verified, memory strings analyzed, credentials rotated for user domain accounts. Incident mitigated cleanly.",4,Resolved by Standard Triage,Root vulnerability in service module on CSE-07-AST-005,Completed,LEAD-REV-01
CSE-07-CASE-0017,CSE-07,CSE-07-ALT-0017,2026-08-07T07:00:00Z,2026-08-07T07:07:00Z,2026-08-07T08:53:00Z,Medium,"Investigated suspicious Reconnaissance activity on CSE-07-AST-006. Host quarantine verified, memory strings analyzed, credentials rotated for user domain accounts. Incident mitigated cleanly.",2,Resolved by Standard Triage,Root vulnerability in service module on CSE-07-AST-006,Completed,LEAD-REV-01
CSE-07-CASE-0018,CSE-07,CSE-07-ALT-0018,2026-08-20T18:58:00Z,2026-08-20T19:02:00Z,2026-08-20T20:56:00Z,High,"Investigated suspicious Denial of Service activity on CSE-07-AST-007. Host quarantine verified, memory strings analyzed, credentials rotated for user domain accounts. Incident mitigated cleanly.",2,Resolved by Standard Triage,Root vulnerability in service module on CSE-07-AST-007,Completed,LEAD-REV-01
CSE-07-CASE-0019,CSE-07,CSE-07-ALT-0019,2026-08-05T18:47:00Z,2026-08-05T18:53:00Z,2026-08-05T19:57:00Z,Medium,"Investigated suspicious Malware activity on CSE-07-AST-008. Host quarantine verified, memory strings analyzed, credentials rotated for user domain accounts. Incident mitigated cleanly.",3,Resolved by Standard Triage,Root vulnerability in service module on CSE-07-AST-008,Completed,LEAD-REV-01
CSE-07-CASE-0020,CSE-07,CSE-07-ALT-0020,2026-08-29T10:52:00Z,2026-08-29T11:00:00Z,2026-08-29T12:14:00Z,Critical,"Investigated suspicious Reconnaissance activity on CSE-07-AST-004. Host quarantine verified, memory strings analyzed, credentials rotated for user domain accounts. Incident mitigated cleanly.",4,Resolved by Standard Triage,Root vulnerability in service module on CSE-07-AST-004,Completed,LEAD-REV-01
CSE-07-CASE-0021,CSE-07,CSE-07-ALT-0021,2026-08-09T06:04:00Z,2026-08-09T06:06:00Z,2026-08-09T07:16:00Z,High,"Investigated suspicious Lateral Movement activity on CSE-07-AST-005. Host quarantine verified, memory strings analyzed, credentials rotated for user domain accounts. Incident mitigated cleanly.",2,Resolved by Standard Triage,Root vulnerability in service module on CSE-07-AST-005,Completed,LEAD-REV-01
CSE-07-CASE-0022,CSE-07,CSE-07-ALT-0022,2026-08-13T22:46:00Z,2026-08-13T22:53:00Z,2026-08-13T23:47:00Z,Medium,"Investigated suspicious Data Exfiltration activity on CSE-07-AST-006. Host quarantine verified, memory strings analyzed, credentials rotated for user domain accounts. Incident mitigated cleanly.",5,Resolved by Standard Triage,Root vulnerability in service module on CSE-07-AST-006,Completed,LEAD-REV-01
CSE-07-CASE-0023,CSE-07,CSE-07-ALT-0023,2026-08-18T20:06:00Z,2026-08-18T20:16:00Z,2026-08-18T21:47:00Z,Medium,"Investigated suspicious Denial of Service activity on CSE-07-AST-007. Host quarantine verified, memory strings analyzed, credentials rotated for user domain accounts. Incident mitigated cleanly.",3,Resolved by Standard Triage,Root vulnerability in service module on CSE-07-AST-007,Completed,LEAD-REV-01
CSE-07-CASE-0024,CSE-07,CSE-07-ALT-0024,2026-08-15T10:51:00Z,2026-08-15T10:56:00Z,2026-08-15T11:35:00Z,High,"Investigated suspicious Denial of Service activity on CSE-07-AST-008. Host quarantine verified, memory strings analyzed, credentials rotated for user domain accounts. Incident mitigated cleanly.",4,Resolved by Standard Triage,Root vulnerability in service module on CSE-07-AST-008,Completed,LEAD-REV-01
CSE-07-CASE-0025,CSE-07,CSE-07-ALT-0025,2026-08-04T10:21:00Z,2026-08-04T10:24:00Z,2026-08-04T11:49:00Z,Critical,"Investigated suspicious Identity/Credential Access activity on CSE-07-AST-004. Host quarantine verified, memory strings analyzed, credentials rotated for user domain accounts. Incident mitigated cleanly.",2,Resolved by Standard Triage,Root vulnerability in service module on CSE-07-AST-004,Completed,LEAD-REV-01
CSE-07-CASE-0026,CSE-07,CSE-07-ALT-0026,2026-08-29T10:21:00Z,2026-08-29T10:29:00Z,2026-08-29T12:19:00Z,Medium,"Investigated suspicious Privilege Escalation activity on CSE-07-AST-005. Host quarantine verified, memory strings analyzed, credentials rotated for user domain accounts. Incident mitigated cleanly.",2,Resolved by Standard Triage,Root vulnerability in service module on CSE-07-AST-005,Completed,LEAD-REV-01
CSE-07-CASE-0027,CSE-07,CSE-07-ALT-0027,2026-08-21T13:38:00Z,2026-08-21T13:39:00Z,2026-08-21T14:38:00Z,High,"Investigated suspicious Data Exfiltration activity on CSE-07-AST-006. Host quarantine verified, memory strings analyzed, credentials rotated for user domain accounts. Incident mitigated cleanly.",4,Resolved by Standard Triage,Root vulnerability in service module on CSE-07-AST-006,Completed,LEAD-REV-01
CSE-07-CASE-0028,CSE-07,CSE-07-ALT-0028,2026-08-07T21:44:00Z,2026-08-07T21:49:00Z,2026-08-07T23:33:00Z,Medium,"Investigated suspicious Privilege Escalation activity on CSE-07-AST-007. Host quarantine verified, memory strings analyzed, credentials rotated for user domain accounts. Incident mitigated cleanly.",4,Resolved by Standard Triage,Root vulnerability in service module on CSE-07-AST-007,Completed,LEAD-REV-01
CSE-07-CASE-0029,CSE-07,CSE-07-ALT-0029,2026-08-08T11:03:00Z,2026-08-08T11:12:00Z,2026-08-08T12:56:00Z,Medium,"Investigated suspicious Data Exfiltration activity on CSE-07-AST-008. Host quarantine verified, memory strings analyzed, credentials rotated for user domain accounts. Incident mitigated cleanly.",3,Resolved by Standard Triage,Root vulnerability in service module on CSE-07-AST-008,Completed,LEAD-REV-01
CSE-07-CASE-0030,CSE-07,CSE-07-ALT-0030,2026-08-12T08:27:00Z,2026-08-12T08:37:00Z,2026-08-12T09:44:00Z,Critical,"Investigated suspicious Malware activity on CSE-07-AST-004. Host quarantine verified, memory strings analyzed, credentials rotated for user domain accounts. Incident mitigated cleanly.",3,Resolved by Standard Triage,Root vulnerability in service module on CSE-07-AST-004,Completed,LEAD-REV-01
CSE-07-CASE-0031,CSE-07,CSE-07-ALT-0031,2026-08-01T14:10:00Z,2026-08-01T14:12:00Z,2026-08-01T15:27:00Z,Medium,"Investigated suspicious Reconnaissance activity on CSE-07-AST-005. Host quarantine verified, memory strings analyzed, credentials rotated for user domain accounts. Incident mitigated cleanly.",2,Resolved by Standard Triage,Root vulnerability in service module on CSE-07-AST-005,Completed,LEAD-REV-01
CSE-07-CASE-0032,CSE-07,CSE-07-ALT-0032,2026-08-26T20:30:00Z,2026-08-26T20:32:00Z,2026-08-26T21:43:00Z,Medium,"Investigated suspicious Data Exfiltration activity on CSE-07-AST-006. Host quarantine verified, memory strings analyzed, credentials rotated for user domain accounts. Incident mitigated cleanly.",5,Resolved by Standard Triage,Root vulnerability in service module on CSE-07-AST-006,Completed,LEAD-REV-01
CSE-07-CASE-0033,CSE-07,CSE-07-ALT-0033,2026-08-12T20:23:00Z,2026-08-12T20:24:00Z,2026-08-12T22:00:00Z,High,"Investigated suspicious Identity/Credential Access activity on CSE-07-AST-007. Host quarantine verified, memory strings analyzed, credentials rotated for user domain accounts. Incident mitigated cleanly.",5,Resolved by Standard Triage,Root vulnerability in service module on CSE-07-AST-007,Completed,LEAD-REV-01
CSE-07-CASE-0034,CSE-07,CSE-07-ALT-0034,2026-08-09T15:53:00Z,2026-08-09T15:54:00Z,2026-08-09T17:45:00Z,Medium,"Investigated suspicious Lateral Movement activity on CSE-07-AST-008. Host quarantine verified, memory strings analyzed, credentials rotated for user domain accounts. Incident mitigated cleanly.",2,Resolved by Standard Triage,Root vulnerability in service module on CSE-07-AST-008,Completed,LEAD-REV-01
CSE-07-CASE-0035,CSE-07,CSE-07-ALT-0035,2026-08-22T19:51:00Z,2026-08-22T20:01:00Z,2026-08-22T21:23:00Z,Critical,"Investigated suspicious Privilege Escalation activity on CSE-07-AST-004. Host quarantine verified, memory strings analyzed, credentials rotated for user domain accounts. Incident mitigated cleanly.",2,Resolved by Standard Triage,Root vulnerability in service module on CSE-07-AST-004,Completed,LEAD-REV-01
CSE-07-CASE-0036,CSE-07,CSE-07-ALT-0036,2026-08-28T00:26:00Z,2026-08-28T00:36:00Z,2026-08-28T02:06:00Z,High,"Investigated suspicious Privilege Escalation activity on CSE-07-AST-005. Host quarantine verified, memory strings analyzed, credentials rotated for user domain accounts. Incident mitigated cleanly.",5,Resolved by Standard Triage,Root vulnerability in service module on CSE-07-AST-005,Completed,LEAD-REV-01
CSE-07-CASE-0037,CSE-07,CSE-07-ALT-0037,2026-08-03T20:57:00Z,2026-08-03T21:06:00Z,2026-08-03T21:41:00Z,Medium,"Investigated suspicious Denial of Service activity on CSE-07-AST-006. Host quarantine verified, memory strings analyzed, credentials rotated for user domain accounts. Incident mitigated cleanly.",3,Resolved by Standard Triage,Root vulnerability in service module on CSE-07-AST-006,Completed,LEAD-REV-01
CSE-07-CASE-0038,CSE-07,CSE-07-ALT-0038,2026-08-25T22:11:00Z,2026-08-25T22:15:00Z,2026-08-25T23:18:00Z,Medium,"Investigated suspicious Identity/Credential Access activity on CSE-07-AST-007. Host quarantine verified, memory strings analyzed, credentials rotated for user domain accounts. Incident mitigated cleanly.",2,Resolved by Standard Triage,Root vulnerability in service module on CSE-07-AST-007,Completed,LEAD-REV-01
CSE-07-CASE-0039,CSE-07,CSE-07-ALT-0039,2026-08-04T05:27:00Z,2026-08-04T05:30:00Z,2026-08-04T07:27:00Z,High,"Investigated suspicious Identity/Credential Access activity on CSE-07-AST-008. Host quarantine verified, memory strings analyzed, credentials rotated for user domain accounts. Incident mitigated cleanly.",4,Resolved by Standard Triage,Root vulnerability in service module on CSE-07-AST-008,Completed,LEAD-REV-01
CSE-07-CASE-0040,CSE-07,CSE-07-ALT-0040,2026-08-24T10:05:00Z,2026-08-24T10:12:00Z,2026-08-24T11:56:00Z,Critical,"Investigated suspicious Data Exfiltration activity on CSE-07-AST-004. Host quarantine verified, memory strings analyzed, credentials rotated for user domain accounts. Incident mitigated cleanly.",4,Resolved by Standard Triage,Root vulnerability in service module on CSE-07-AST-004,Completed,LEAD-REV-01
CSE-07-CASE-0041,CSE-07,CSE-07-ALT-0041,2026-08-17T22:58:00Z,2026-08-17T23:08:00Z,2026-08-17T23:39:00Z,Medium,"Investigated suspicious Denial of Service activity on CSE-07-AST-005. Host quarantine verified, memory strings analyzed, credentials rotated for user domain accounts. Incident mitigated cleanly.",5,Resolved by Standard Triage,Root vulnerability in service module on CSE-07-AST-005,Completed,LEAD-REV-01
CSE-07-CASE-0042,CSE-07,CSE-07-ALT-0042,2026-08-14T12:09:00Z,2026-08-14T12:19:00Z,2026-08-14T14:04:00Z,High,"Investigated suspicious Privilege Escalation activity on CSE-07-AST-006. Host quarantine verified, memory strings analyzed, credentials rotated for user domain accounts. Incident mitigated cleanly.",2,Resolved by Standard Triage,Root vulnerability in service module on CSE-07-AST-006,Completed,LEAD-REV-01
CSE-07-CASE-0043,CSE-07,CSE-07-ALT-0043,2026-08-25T11:50:00Z,2026-08-25T11:56:00Z,2026-08-25T13:38:00Z,Medium,"Investigated suspicious Lateral Movement activity on CSE-07-AST-007. Host quarantine verified, memory strings analyzed, credentials rotated for user domain accounts. Incident mitigated cleanly.",4,Resolved by Standard Triage,Root vulnerability in service module on CSE-07-AST-007,Completed,LEAD-REV-01
CSE-07-CASE-0044,CSE-07,CSE-07-ALT-0044,2026-08-21T23:36:00Z,2026-08-21T23:37:00Z,2026-08-22T01:16:00Z,Medium,"Investigated suspicious Privilege Escalation activity on CSE-07-AST-008. Host quarantine verified, memory strings analyzed, credentials rotated for user domain accounts. Incident mitigated cleanly.",4,Resolved by Standard Triage,Root vulnerability in service module on CSE-07-AST-008,Completed,LEAD-REV-01
CSE-07-CASE-0045,CSE-07,CSE-07-ALT-0045,2026-08-06T03:38:00Z,2026-08-06T03:39:00Z,2026-08-06T05:09:00Z,Critical,"Investigated suspicious Reconnaissance activity on CSE-07-AST-004. Host quarantine verified, memory strings analyzed, credentials rotated for user domain accounts. Incident mitigated cleanly.",4,Resolved by Standard Triage,Root vulnerability in service module on CSE-07-AST-004,Completed,LEAD-REV-01
CSE-07-CASE-0046,CSE-07,CSE-07-ALT-0046,2026-08-08T09:47:00Z,2026-08-08T09:53:00Z,2026-08-08T11:01:00Z,Medium,"Investigated suspicious Data Exfiltration activity on CSE-07-AST-005. Host quarantine verified, memory strings analyzed, credentials rotated for user domain accounts. Incident mitigated cleanly.",4,Resolved by Standard Triage,Root vulnerability in service module on CSE-07-AST-005,Completed,LEAD-REV-01
CSE-07-CASE-0047,CSE-07,CSE-07-ALT-0047,2026-08-10T16:53:00Z,2026-08-10T16:57:00Z,2026-08-10T17:45:00Z,Medium,"Investigated suspicious Data Exfiltration activity on CSE-07-AST-006. Host quarantine verified, memory strings analyzed, credentials rotated for user domain accounts. Incident mitigated cleanly.",4,Resolved by Standard Triage,Root vulnerability in service module on CSE-07-AST-006,Completed,LEAD-REV-01
CSE-07-CASE-0048,CSE-07,CSE-07-ALT-0048,2026-08-15T18:17:00Z,2026-08-15T18:27:00Z,2026-08-15T19:50:00Z,High,"Investigated suspicious Reconnaissance activity on CSE-07-AST-007. Host quarantine verified, memory strings analyzed, credentials rotated for user domain accounts. Incident mitigated cleanly.",2,Resolved by Standard Triage,Root vulnerability in service module on CSE-07-AST-007,Completed,LEAD-REV-01
CSE-07-CASE-0049,CSE-07,CSE-07-ALT-0049,2026-08-15T14:58:00Z,2026-08-15T15:06:00Z,2026-08-15T16:30:00Z,Medium,"Investigated suspicious Denial of Service activity on CSE-07-AST-008. Host quarantine verified, memory strings analyzed, credentials rotated for user domain accounts. Incident mitigated cleanly.",4,Resolved by Standard Triage,Root vulnerability in service module on CSE-07-AST-008,Completed,LEAD-REV-01
CSE-07-CASE-0050,CSE-07,CSE-07-ALT-0050,2026-08-17T13:04:00Z,2026-08-17T13:11:00Z,2026-08-17T14:48:00Z,Critical,"Investigated suspicious Lateral Movement activity on CSE-07-AST-004. Host quarantine verified, memory strings analyzed, credentials rotated for user domain accounts. Incident mitigated cleanly.",2,Resolved by Standard Triage,Root vulnerability in service module on CSE-07-AST-004,Completed,LEAD-REV-01
CSE-07-CASE-0051,CSE-07,CSE-07-ALT-0051,2026-08-07T14:53:00Z,2026-08-07T14:54:00Z,2026-08-07T16:04:00Z,High,"Investigated suspicious Malware activity on CSE-07-AST-005. Host quarantine verified, memory strings analyzed, credentials rotated for user domain accounts. Incident mitigated cleanly.",2,Resolved by Standard Triage,Root vulnerability in service module on CSE-07-AST-005,Completed,LEAD-REV-01
CSE-07-CASE-0052,CSE-07,CSE-07-ALT-0052,2026-08-23T14:17:00Z,2026-08-23T14:26:00Z,2026-08-23T15:56:00Z,Medium,"Investigated suspicious Lateral Movement activity on CSE-07-AST-006. Host quarantine verified, memory strings analyzed, credentials rotated for user domain accounts. Incident mitigated cleanly.",2,Resolved by Standard Triage,Root vulnerability in service module on CSE-07-AST-006,Completed,LEAD-REV-01
CSE-07-CASE-0053,CSE-07,CSE-07-ALT-0053,2026-08-01T15:23:00Z,2026-08-01T15:31:00Z,2026-08-01T17:19:00Z,Medium,"Investigated suspicious Data Exfiltration activity on CSE-07-AST-007. Host quarantine verified, memory strings analyzed, credentials rotated for user domain accounts. Incident mitigated cleanly.",5,Resolved by Standard Triage,Root vulnerability in service module on CSE-07-AST-007,Completed,LEAD-REV-01
CSE-07-CASE-0054,CSE-07,CSE-07-ALT-0054,2026-08-18T19:22:00Z,2026-08-18T19:24:00Z,2026-08-18T20:35:00Z,High,"Investigated suspicious Identity/Credential Access activity on CSE-07-AST-008. Host quarantine verified, memory strings analyzed, credentials rotated for user domain accounts. Incident mitigated cleanly.",2,Resolved by Standard Triage,Root vulnerability in service module on CSE-07-AST-008,Completed,LEAD-REV-01
CSE-07-CASE-0055,CSE-07,CSE-07-ALT-0055,2026-08-02T13:54:00Z,2026-08-02T13:58:00Z,2026-08-02T15:01:00Z,Critical,"Investigated suspicious Privilege Escalation activity on CSE-07-AST-004. Host quarantine verified, memory strings analyzed, credentials rotated for user domain accounts. Incident mitigated cleanly.",3,Resolved by Standard Triage,Root vulnerability in service module on CSE-07-AST-004,Completed,LEAD-REV-01
CSE-07-CASE-0056,CSE-07,CSE-07-ALT-0056,2026-08-07T16:41:00Z,2026-08-07T16:42:00Z,2026-08-07T18:26:00Z,Medium,"Investigated suspicious Data Exfiltration activity on CSE-07-AST-005. Host quarantine verified, memory strings analyzed, credentials rotated for user domain accounts. Incident mitigated cleanly.",2,Resolved by Standard Triage,Root vulnerability in service module on CSE-07-AST-005,Completed,LEAD-REV-01
CSE-07-CASE-0057,CSE-07,CSE-07-ALT-0057,2026-08-06T04:11:00Z,2026-08-06T04:15:00Z,2026-08-06T04:52:00Z,High,"Investigated suspicious Privilege Escalation activity on CSE-07-AST-006. Host quarantine verified, memory strings analyzed, credentials rotated for user domain accounts. Incident mitigated cleanly.",4,Resolved by Standard Triage,Root vulnerability in service module on CSE-07-AST-006,Completed,LEAD-REV-01
CSE-07-CASE-0058,CSE-07,CSE-07-ALT-0058,2026-08-24T04:17:00Z,2026-08-24T04:23:00Z,2026-08-24T05:45:00Z,Medium,"Investigated suspicious Data Exfiltration activity on CSE-07-AST-007. Host quarantine verified, memory strings analyzed, credentials rotated for user domain accounts. Incident mitigated cleanly.",4,Resolved by Standard Triage,Root vulnerability in service module on CSE-07-AST-007,Completed,LEAD-REV-01
CSE-07-CASE-0059,CSE-07,CSE-07-ALT-0059,2026-08-15T17:43:00Z,2026-08-15T17:50:00Z,2026-08-15T19:42:00Z,Medium,"Investigated suspicious Privilege Escalation activity on CSE-07-AST-008. Host quarantine verified, memory strings analyzed, credentials rotated for user domain accounts. Incident mitigated cleanly.",2,Resolved by Standard Triage,Root vulnerability in service module on CSE-07-AST-008,Completed,LEAD-REV-01
CSE-07-CASE-0060,CSE-07,CSE-07-ALT-0060,2026-08-18T05:53:00Z,2026-08-18T06:02:00Z,2026-08-18T07:20:00Z,Critical,"Investigated suspicious Denial of Service activity on CSE-07-AST-004. Host quarantine verified, memory strings analyzed, credentials rotated for user domain accounts. Incident mitigated cleanly.",4,Resolved by Standard Triage,Root vulnerability in service module on CSE-07-AST-004,Completed,LEAD-REV-01
CSE-08-CASE-0001,CSE-08,CSE-08-ALT-0001,2026-08-14T05:20:00Z,2026-08-14T05:21:00Z,2026-08-14T06:17:00Z,Medium,"Investigated suspicious Reconnaissance activity on CSE-08-AST-002. Host quarantine verified, memory strings analyzed, credentials rotated for user domain accounts. Incident mitigated cleanly.",5,Resolved by Standard Triage,Root vulnerability in service module on CSE-08-AST-002,Completed,LEAD-REV-01
CSE-08-CASE-0002,CSE-08,CSE-08-ALT-0002,2026-08-09T21:25:00Z,2026-08-09T21:35:00Z,2026-08-09T22:09:00Z,Medium,"Investigated suspicious Data Exfiltration activity on CSE-08-AST-003. Host quarantine verified, memory strings analyzed, credentials rotated for user domain accounts. Incident mitigated cleanly.",3,Resolved by Standard Triage,Root vulnerability in service module on CSE-08-AST-003,Completed,LEAD-REV-01
CSE-08-CASE-0003,CSE-08,CSE-08-ALT-0003,2026-08-25T06:14:00Z,2026-08-25T06:22:00Z,2026-08-25T08:02:00Z,High,"Investigated suspicious Reconnaissance activity on CSE-08-AST-004. Host quarantine verified, memory strings analyzed, credentials rotated for user domain accounts. Incident mitigated cleanly.",4,Resolved by Standard Triage,Root vulnerability in service module on CSE-08-AST-004,Completed,LEAD-REV-01
CSE-08-CASE-0004,CSE-08,CSE-08-ALT-0004,2026-08-10T13:53:00Z,2026-08-10T13:56:00Z,2026-08-10T15:44:00Z,Medium,"Investigated suspicious Reconnaissance activity on CSE-08-AST-005. Host quarantine verified, memory strings analyzed, credentials rotated for user domain accounts. Incident mitigated cleanly.",2,Resolved by Standard Triage,Root vulnerability in service module on CSE-08-AST-005,Completed,LEAD-REV-01
CSE-08-CASE-0005,CSE-08,CSE-08-ALT-0005,2026-08-06T07:16:00Z,2026-08-06T07:19:00Z,2026-08-06T09:07:00Z,Critical,"Investigated suspicious Reconnaissance activity on CSE-08-AST-001. Host quarantine verified, memory strings analyzed, credentials rotated for user domain accounts. Incident mitigated cleanly.",4,Resolved by Standard Triage,Root vulnerability in service module on CSE-08-AST-001,Completed,LEAD-REV-01
CSE-08-CASE-0006,CSE-08,CSE-08-ALT-0006,2026-08-03T15:22:00Z,2026-08-03T15:29:00Z,2026-08-03T16:41:00Z,High,"Investigated suspicious Identity/Credential Access activity on CSE-08-AST-002. Host quarantine verified, memory strings analyzed, credentials rotated for user domain accounts. Incident mitigated cleanly.",4,Resolved by Standard Triage,Root vulnerability in service module on CSE-08-AST-002,Completed,LEAD-REV-01
CSE-08-CASE-0007,CSE-08,CSE-08-ALT-0007,2026-08-19T17:29:00Z,2026-08-19T17:37:00Z,2026-08-19T18:24:00Z,Medium,"Investigated suspicious Denial of Service activity on CSE-08-AST-003. Host quarantine verified, memory strings analyzed, credentials rotated for user domain accounts. Incident mitigated cleanly.",2,Resolved by Standard Triage,Root vulnerability in service module on CSE-08-AST-003,Completed,LEAD-REV-01
CSE-08-CASE-0008,CSE-08,CSE-08-ALT-0008,2026-08-29T14:32:00Z,2026-08-29T14:41:00Z,2026-08-29T16:00:00Z,Medium,"Investigated suspicious Malware activity on CSE-08-AST-004. Host quarantine verified, memory strings analyzed, credentials rotated for user domain accounts. Incident mitigated cleanly.",5,Resolved by Standard Triage,Root vulnerability in service module on CSE-08-AST-004,Completed,LEAD-REV-01
CSE-09-CASE-0001,CSE-09,CSE-09-ALT-0001,2026-08-21T09:00:00Z,2026-08-21T09:04:00Z,2026-08-21T10:15:00Z,Medium,"Investigated suspicious Data Exfiltration activity on CSE-09-AST-002. Host quarantine verified, memory strings analyzed, credentials rotated for user domain accounts. Incident mitigated cleanly.",3,Resolved by Standard Triage,Root vulnerability in service module on CSE-09-AST-002,Completed,LEAD-REV-01
CSE-09-CASE-0002,CSE-09,CSE-09-ALT-0002,2026-08-26T10:08:00Z,2026-08-26T10:15:00Z,2026-08-26T11:43:00Z,Medium,"Investigated suspicious Privilege Escalation activity on CSE-09-AST-003. Host quarantine verified, memory strings analyzed, credentials rotated for user domain accounts. Incident mitigated cleanly.",5,Resolved by Standard Triage,Root vulnerability in service module on CSE-09-AST-003,Completed,LEAD-REV-01
CSE-09-CASE-0003,CSE-09,CSE-09-ALT-0003,2026-08-13T08:02:00Z,2026-08-13T08:08:00Z,2026-08-13T09:07:00Z,High,"Investigated suspicious Privilege Escalation activity on CSE-09-AST-004. Host quarantine verified, memory strings analyzed, credentials rotated for user domain accounts. Incident mitigated cleanly.",4,Resolved by Standard Triage,Root vulnerability in service module on CSE-09-AST-004,Completed,LEAD-REV-01
CSE-09-CASE-0004,CSE-09,CSE-09-ALT-0004,2026-08-07T08:43:00Z,2026-08-07T08:47:00Z,2026-08-07T10:43:00Z,Medium,"Investigated suspicious Malware activity on CSE-09-AST-005. Host quarantine verified, memory strings analyzed, credentials rotated for user domain accounts. Incident mitigated cleanly.",4,Resolved by Standard Triage,Root vulnerability in service module on CSE-09-AST-005,Completed,LEAD-REV-01
CSE-09-CASE-0005,CSE-09,CSE-09-ALT-0005,2026-08-05T11:24:00Z,2026-08-05T11:29:00Z,2026-08-05T11:09:00Z,Critical,"Investigated suspicious Privilege Escalation activity on CSE-09-AST-001. Host quarantine verified, memory strings analyzed, credentials rotated for user domain accounts. Incident mitigated cleanly.",2,Resolved by Standard Triage,Root vulnerability in service module on CSE-09-AST-001,Completed,LEAD-REV-01
CSE-09-CASE-0006,CSE-09,CSE-09-ALT-0006,2026-08-10T17:29:00Z,2026-08-10T17:39:00Z,2026-08-10T19:15:00Z,High,"Investigated suspicious Reconnaissance activity on CSE-09-AST-002. Host quarantine verified, memory strings analyzed, credentials rotated for user domain accounts. Incident mitigated cleanly.",4,Resolved by Standard Triage,Root vulnerability in service module on CSE-09-AST-002,Completed,LEAD-REV-01
CSE-09-CASE-0007,CSE-09,CSE-09-ALT-0007,2026-08-30T05:08:00Z,2026-08-30T05:14:00Z,2026-08-30T06:50:00Z,Medium,"Investigated suspicious Lateral Movement activity on CSE-09-AST-003. Host quarantine verified, memory strings analyzed, credentials rotated for user domain accounts. Incident mitigated cleanly.",3,Resolved by Standard Triage,Root vulnerability in service module on CSE-09-AST-003,Completed,LEAD-REV-01
CSE-09-CASE-0008,CSE-09,CSE-09-ALT-0008,2026-08-01T15:14:00Z,2026-08-01T15:18:00Z,2026-08-01T16:10:00Z,Medium,"Investigated suspicious Reconnaissance activity on CSE-09-AST-004. Host quarantine verified, memory strings analyzed, credentials rotated for user domain accounts. Incident mitigated cleanly.",2,Resolved by Standard Triage,Root vulnerability in service module on CSE-09-AST-004,Completed,LEAD-REV-01
CSE-09-CASE-0009,CSE-09,CSE-09-ALT-0009,2026-08-17T13:07:00Z,2026-08-17T13:14:00Z,2026-08-17T13:51:00Z,High,"Investigated suspicious Lateral Movement activity on CSE-09-AST-005. Host quarantine verified, memory strings analyzed, credentials rotated for user domain accounts. Incident mitigated cleanly.",4,Resolved by Standard Triage,Root vulnerability in service module on CSE-09-AST-005,Completed,LEAD-REV-01
CSE-09-CASE-0010,CSE-09,CSE-09-ALT-0010,2026-08-20T09:38:00Z,2026-08-20T09:39:00Z,2026-08-20T09:23:00Z,Critical,"Investigated suspicious Malware activity on CSE-09-AST-001. Host quarantine verified, memory strings analyzed, credentials rotated for user domain accounts. Incident mitigated cleanly.",2,Resolved by Standard Triage,Root vulnerability in service module on CSE-09-AST-001,Completed,LEAD-REV-01
CSE-09-CASE-0011,CSE-09,CSE-09-ALT-0011,2026-08-15T20:07:00Z,2026-08-15T20:15:00Z,2026-08-15T21:19:00Z,Medium,"Investigated suspicious Privilege Escalation activity on CSE-09-AST-002. Host quarantine verified, memory strings analyzed, credentials rotated for user domain accounts. Incident mitigated cleanly.",3,Resolved by Standard Triage,Root vulnerability in service module on CSE-09-AST-002,Completed,LEAD-REV-01
CSE-09-CASE-0012,CSE-09,CSE-09-ALT-0012,2026-08-24T05:40:00Z,2026-08-24T05:47:00Z,2026-08-24T06:58:00Z,High,"Investigated suspicious Malware activity on CSE-09-AST-003. Host quarantine verified, memory strings analyzed, credentials rotated for user domain accounts. Incident mitigated cleanly.",2,Resolved by Standard Triage,Root vulnerability in service module on CSE-09-AST-003,Completed,LEAD-REV-01
CSE-09-CASE-0013,CSE-09,CSE-09-ALT-0013,2026-08-17T16:39:00Z,2026-08-17T16:46:00Z,2026-08-17T17:36:00Z,Medium,"Investigated suspicious Privilege Escalation activity on CSE-09-AST-004. Host quarantine verified, memory strings analyzed, credentials rotated for user domain accounts. Incident mitigated cleanly.",2,Resolved by Standard Triage,Root vulnerability in service module on CSE-09-AST-004,Completed,LEAD-REV-01
CSE-09-CASE-0014,CSE-09,CSE-09-ALT-0014,2026-08-04T11:31:00Z,2026-08-04T11:35:00Z,2026-08-04T13:28:00Z,Medium,"Investigated suspicious Identity/Credential Access activity on CSE-09-AST-005. Host quarantine verified, memory strings analyzed, credentials rotated for user domain accounts. Incident mitigated cleanly.",3,Resolved by Standard Triage,Root vulnerability in service module on CSE-09-AST-005,Completed,LEAD-REV-01
CSE-09-CASE-0015,CSE-09,CSE-09-ALT-0015,2026-08-23T21:18:00Z,2026-08-23T21:27:00Z,2026-08-23T21:03:00Z,Critical,"Investigated suspicious Identity/Credential Access activity on CSE-09-AST-001. Host quarantine verified, memory strings analyzed, credentials rotated for user domain accounts. Incident mitigated cleanly.",3,Resolved by Standard Triage,Root vulnerability in service module on CSE-09-AST-001,Completed,LEAD-REV-01
CSE-09-CASE-0016,CSE-09,CSE-09-ALT-0016,2026-08-16T18:15:00Z,2026-08-16T18:17:00Z,2026-08-16T18:56:00Z,Medium,"Investigated suspicious Malware activity on CSE-09-AST-002. Host quarantine verified, memory strings analyzed, credentials rotated for user domain accounts. Incident mitigated cleanly.",5,Resolved by Standard Triage,Root vulnerability in service module on CSE-09-AST-002,Completed,LEAD-REV-01
CSE-09-CASE-0017,CSE-09,CSE-09-ALT-0017,2026-08-04T00:04:00Z,2026-08-04T00:09:00Z,2026-08-04T00:56:00Z,Medium,"Investigated suspicious Reconnaissance activity on CSE-09-AST-003. Host quarantine verified, memory strings analyzed, credentials rotated for user domain accounts. Incident mitigated cleanly.",3,Resolved by Standard Triage,Root vulnerability in service module on CSE-09-AST-003,Completed,LEAD-REV-01
CSE-09-CASE-0018,CSE-09,CSE-09-ALT-0018,2026-08-10T16:29:00Z,2026-08-10T16:32:00Z,2026-08-10T17:21:00Z,High,"Investigated suspicious Malware activity on CSE-09-AST-004. Host quarantine verified, memory strings analyzed, credentials rotated for user domain accounts. Incident mitigated cleanly.",4,Resolved by Standard Triage,Root vulnerability in service module on CSE-09-AST-004,Completed,LEAD-REV-01
CSE-09-CASE-0019,CSE-09,CSE-09-ALT-0019,2026-08-27T05:20:00Z,2026-08-27T05:22:00Z,2026-08-27T06:14:00Z,Medium,"Investigated suspicious Data Exfiltration activity on CSE-09-AST-005. Host quarantine verified, memory strings analyzed, credentials rotated for user domain accounts. Incident mitigated cleanly.",2,Resolved by Standard Triage,Root vulnerability in service module on CSE-09-AST-005,Completed,LEAD-REV-01
CSE-09-CASE-0020,CSE-09,CSE-09-ALT-0020,2026-08-23T04:10:00Z,2026-08-23T04:18:00Z,2026-08-23T03:55:00Z,Critical,"Investigated suspicious Lateral Movement activity on CSE-09-AST-001. Host quarantine verified, memory strings analyzed, credentials rotated for user domain accounts. Incident mitigated cleanly.",4,Resolved by Standard Triage,Root vulnerability in service module on CSE-09-AST-001,Completed,LEAD-REV-01
CSE-09-CASE-0021,CSE-09,CSE-09-ALT-0021,2026-08-03T19:52:00Z,2026-08-03T19:54:00Z,2026-08-03T20:55:00Z,High,"Investigated suspicious Lateral Movement activity on CSE-09-AST-002. Host quarantine verified, memory strings analyzed, credentials rotated for user domain accounts. Incident mitigated cleanly.",5,Resolved by Standard Triage,Root vulnerability in service module on CSE-09-AST-002,Completed,LEAD-REV-01
CSE-09-CASE-0022,CSE-09,CSE-09-ALT-0022,2026-08-09T20:44:00Z,2026-08-09T20:51:00Z,2026-08-09T22:25:00Z,Medium,"Investigated suspicious Denial of Service activity on CSE-09-AST-003. Host quarantine verified, memory strings analyzed, credentials rotated for user domain accounts. Incident mitigated cleanly.",3,Resolved by Standard Triage,Root vulnerability in service module on CSE-09-AST-003,Completed,LEAD-REV-01
CSE-09-CASE-0023,CSE-09,CSE-09-ALT-0023,2026-08-06T06:46:00Z,2026-08-06T06:48:00Z,2026-08-06T07:46:00Z,Medium,"Investigated suspicious Malware activity on CSE-09-AST-004. Host quarantine verified, memory strings analyzed, credentials rotated for user domain accounts. Incident mitigated cleanly.",5,Resolved by Standard Triage,Root vulnerability in service module on CSE-09-AST-004,Completed,LEAD-REV-01
CSE-09-CASE-0024,CSE-09,CSE-09-ALT-0024,2026-08-22T22:11:00Z,2026-08-22T22:17:00Z,2026-08-22T23:39:00Z,High,"Investigated suspicious Privilege Escalation activity on CSE-09-AST-005. Host quarantine verified, memory strings analyzed, credentials rotated for user domain accounts. Incident mitigated cleanly.",2,Resolved by Standard Triage,Root vulnerability in service module on CSE-09-AST-005,Completed,LEAD-REV-01
CSE-09-CASE-0025,CSE-09,CSE-09-ALT-0025,2026-08-30T07:57:00Z,2026-08-30T08:05:00Z,2026-08-30T07:42:00Z,Critical,"Investigated suspicious Identity/Credential Access activity on CSE-09-AST-001. Host quarantine verified, memory strings analyzed, credentials rotated for user domain accounts. Incident mitigated cleanly.",5,Resolved by Standard Triage,Root vulnerability in service module on CSE-09-AST-001,Completed,LEAD-REV-01
CSE-09-CASE-0026,CSE-09,CSE-09-ALT-0026,2026-08-02T10:16:00Z,2026-08-02T10:17:00Z,2026-08-02T11:36:00Z,Medium,"Investigated suspicious Reconnaissance activity on CSE-09-AST-002. Host quarantine verified, memory strings analyzed, credentials rotated for user domain accounts. Incident mitigated cleanly.",3,Resolved by Standard Triage,Root vulnerability in service module on CSE-09-AST-002,Completed,LEAD-REV-01
CSE-09-CASE-0027,CSE-09,CSE-09-ALT-0027,2026-08-28T18:33:00Z,2026-08-28T18:35:00Z,2026-08-28T20:32:00Z,High,"Investigated suspicious Privilege Escalation activity on CSE-09-AST-003. Host quarantine verified, memory strings analyzed, credentials rotated for user domain accounts. Incident mitigated cleanly.",3,Resolved by Standard Triage,Root vulnerability in service module on CSE-09-AST-003,Completed,LEAD-REV-01
CSE-09-CASE-0028,CSE-09,CSE-09-ALT-0028,2026-08-13T05:43:00Z,2026-08-13T05:46:00Z,2026-08-13T07:12:00Z,Medium,"Investigated suspicious Reconnaissance activity on CSE-09-AST-004. Host quarantine verified, memory strings analyzed, credentials rotated for user domain accounts. Incident mitigated cleanly.",2,Resolved by Standard Triage,Root vulnerability in service module on CSE-09-AST-004,Completed,LEAD-REV-01
CSE-09-CASE-0029,CSE-09,CSE-09-ALT-0029,2026-08-21T13:32:00Z,2026-08-21T13:40:00Z,2026-08-21T15:12:00Z,Medium,"Investigated suspicious Denial of Service activity on CSE-09-AST-005. Host quarantine verified, memory strings analyzed, credentials rotated for user domain accounts. Incident mitigated cleanly.",2,Resolved by Standard Triage,Root vulnerability in service module on CSE-09-AST-005,Completed,LEAD-REV-01
CSE-09-CASE-0030,CSE-09,CSE-09-ALT-0030,2026-08-11T15:21:00Z,2026-08-11T15:30:00Z,2026-08-11T15:06:00Z,Critical,"Investigated suspicious Lateral Movement activity on CSE-09-AST-001. Host quarantine verified, memory strings analyzed, credentials rotated for user domain accounts. Incident mitigated cleanly.",5,Resolved by Standard Triage,Root vulnerability in service module on CSE-09-AST-001,Completed,LEAD-REV-01
CSE-09-CASE-0031,CSE-09,CSE-09-ALT-0031,2026-08-27T15:05:00Z,2026-08-27T15:15:00Z,2026-08-27T16:41:00Z,Medium,"Investigated suspicious Data Exfiltration activity on CSE-09-AST-002. Host quarantine verified, memory strings analyzed, credentials rotated for user domain accounts. Incident mitigated cleanly.",2,Resolved by Standard Triage,Root vulnerability in service module on CSE-09-AST-002,Completed,LEAD-REV-01
CSE-09-CASE-0032,CSE-09,CSE-09-ALT-0032,2026-08-15T18:07:00Z,2026-08-15T18:09:00Z,2026-08-15T18:49:00Z,Medium,"Investigated suspicious Data Exfiltration activity on CSE-09-AST-003. Host quarantine verified, memory strings analyzed, credentials rotated for user domain accounts. Incident mitigated cleanly.",5,Resolved by Standard Triage,Root vulnerability in service module on CSE-09-AST-003,Completed,LEAD-REV-01
CSE-09-CASE-0033,CSE-09,CSE-09-ALT-0033,2026-08-19T01:00:00Z,2026-08-19T01:10:00Z,2026-08-19T01:51:00Z,High,"Investigated suspicious Denial of Service activity on CSE-09-AST-004. Host quarantine verified, memory strings analyzed, credentials rotated for user domain accounts. Incident mitigated cleanly.",4,Resolved by Standard Triage,Root vulnerability in service module on CSE-09-AST-004,Completed,LEAD-REV-01
CSE-09-CASE-0034,CSE-09,CSE-09-ALT-0034,2026-08-18T14:41:00Z,2026-08-18T14:47:00Z,2026-08-18T16:19:00Z,Medium,"Investigated suspicious Reconnaissance activity on CSE-09-AST-005. Host quarantine verified, memory strings analyzed, credentials rotated for user domain accounts. Incident mitigated cleanly.",2,Resolved by Standard Triage,Root vulnerability in service module on CSE-09-AST-005,Completed,LEAD-REV-01
CSE-09-CASE-0035,CSE-09,CSE-09-ALT-0035,2026-08-28T22:21:00Z,2026-08-28T22:31:00Z,2026-08-28T22:06:00Z,Critical,"Investigated suspicious Privilege Escalation activity on CSE-09-AST-001. Host quarantine verified, memory strings analyzed, credentials rotated for user domain accounts. Incident mitigated cleanly.",4,Resolved by Standard Triage,Root vulnerability in service module on CSE-09-AST-001,Completed,LEAD-REV-01
CSE-09-CASE-0036,CSE-09,CSE-09-ALT-0036,2026-08-15T11:06:00Z,2026-08-15T11:07:00Z,2026-08-15T12:14:00Z,High,"Investigated suspicious Denial of Service activity on CSE-09-AST-002. Host quarantine verified, memory strings analyzed, credentials rotated for user domain accounts. Incident mitigated cleanly.",4,Resolved by Standard Triage,Root vulnerability in service module on CSE-09-AST-002,Completed,LEAD-REV-01
CSE-09-CASE-0037,CSE-09,CSE-09-ALT-0037,2026-08-26T17:35:00Z,2026-08-26T17:37:00Z,2026-08-26T19:02:00Z,Medium,"Investigated suspicious Privilege Escalation activity on CSE-09-AST-003. Host quarantine verified, memory strings analyzed, credentials rotated for user domain accounts. Incident mitigated cleanly.",3,Resolved by Standard Triage,Root vulnerability in service module on CSE-09-AST-003,Completed,LEAD-REV-01
CSE-09-CASE-0038,CSE-09,CSE-09-ALT-0038,2026-08-06T06:47:00Z,2026-08-06T06:49:00Z,2026-08-06T08:19:00Z,Medium,"Investigated suspicious Reconnaissance activity on CSE-09-AST-004. Host quarantine verified, memory strings analyzed, credentials rotated for user domain accounts. Incident mitigated cleanly.",3,Resolved by Standard Triage,Root vulnerability in service module on CSE-09-AST-004,Completed,LEAD-REV-01
CSE-09-CASE-0039,CSE-09,CSE-09-ALT-0039,2026-08-04T20:13:00Z,2026-08-04T20:19:00Z,2026-08-04T21:17:00Z,High,"Investigated suspicious Data Exfiltration activity on CSE-09-AST-005. Host quarantine verified, memory strings analyzed, credentials rotated for user domain accounts. Incident mitigated cleanly.",5,Resolved by Standard Triage,Root vulnerability in service module on CSE-09-AST-005,Completed,LEAD-REV-01
CSE-09-CASE-0040,CSE-09,CSE-09-ALT-0040,2026-08-22T05:37:00Z,2026-08-22T05:45:00Z,2026-08-22T05:22:00Z,Critical,"Investigated suspicious Malware activity on CSE-09-AST-001. Host quarantine verified, memory strings analyzed, credentials rotated for user domain accounts. Incident mitigated cleanly.",3,Resolved by Standard Triage,Root vulnerability in service module on CSE-09-AST-001,Completed,LEAD-REV-01
CSE-09-CASE-0041,CSE-09,CSE-09-ALT-0041,2026-08-02T00:47:00Z,2026-08-02T00:54:00Z,2026-08-02T02:37:00Z,Medium,"Investigated suspicious Malware activity on CSE-09-AST-002. Host quarantine verified, memory strings analyzed, credentials rotated for user domain accounts. Incident mitigated cleanly.",5,Resolved by Standard Triage,Root vulnerability in service module on CSE-09-AST-002,Completed,LEAD-REV-01
CSE-09-CASE-0042,CSE-09,CSE-09-ALT-0042,2026-08-25T13:44:00Z,2026-08-25T13:47:00Z,2026-08-25T14:46:00Z,High,"Investigated suspicious Privilege Escalation activity on CSE-09-AST-003. Host quarantine verified, memory strings analyzed, credentials rotated for user domain accounts. Incident mitigated cleanly.",5,Resolved by Standard Triage,Root vulnerability in service module on CSE-09-AST-003,Completed,LEAD-REV-01
CSE-09-CASE-0043,CSE-09,CSE-09-ALT-0043,2026-08-21T03:56:00Z,2026-08-21T04:03:00Z,2026-08-21T05:40:00Z,Medium,"Investigated suspicious Lateral Movement activity on CSE-09-AST-004. Host quarantine verified, memory strings analyzed, credentials rotated for user domain accounts. Incident mitigated cleanly.",3,Resolved by Standard Triage,Root vulnerability in service module on CSE-09-AST-004,Completed,LEAD-REV-01
CSE-09-CASE-0044,CSE-09,CSE-09-ALT-0044,2026-08-13T18:18:00Z,2026-08-13T18:21:00Z,2026-08-13T19:15:00Z,Medium,"Investigated suspicious Data Exfiltration activity on CSE-09-AST-005. Host quarantine verified, memory strings analyzed, credentials rotated for user domain accounts. Incident mitigated cleanly.",4,Resolved by Standard Triage,Root vulnerability in service module on CSE-09-AST-005,Completed,LEAD-REV-01
CSE-09-CASE-0045,CSE-09,CSE-09-ALT-0045,2026-08-18T18:45:00Z,2026-08-18T18:49:00Z,2026-08-18T18:30:00Z,Critical,"Investigated suspicious Reconnaissance activity on CSE-09-AST-001. Host quarantine verified, memory strings analyzed, credentials rotated for user domain accounts. Incident mitigated cleanly.",3,Resolved by Standard Triage,Root vulnerability in service module on CSE-09-AST-001,Completed,LEAD-REV-01
CSE-09-CASE-0046,CSE-09,CSE-09-ALT-0046,2026-08-23T17:43:00Z,2026-08-23T17:46:00Z,2026-08-23T18:39:00Z,Medium,"Investigated suspicious Lateral Movement activity on CSE-09-AST-002. Host quarantine verified, memory strings analyzed, credentials rotated for user domain accounts. Incident mitigated cleanly.",4,Resolved by Standard Triage,Root vulnerability in service module on CSE-09-AST-002,Completed,LEAD-REV-01
CSE-09-CASE-0047,CSE-09,CSE-09-ALT-0047,2026-08-04T19:35:00Z,2026-08-04T19:45:00Z,2026-08-04T21:29:00Z,Medium,"Investigated suspicious Data Exfiltration activity on CSE-09-AST-003. Host quarantine verified, memory strings analyzed, credentials rotated for user domain accounts. Incident mitigated cleanly.",5,Resolved by Standard Triage,Root vulnerability in service module on CSE-09-AST-003,Completed,LEAD-REV-01
CSE-09-CASE-0048,CSE-09,CSE-09-ALT-0048,2026-08-25T01:18:00Z,2026-08-25T01:19:00Z,2026-08-25T02:52:00Z,High,"Investigated suspicious Denial of Service activity on CSE-09-AST-004. Host quarantine verified, memory strings analyzed, credentials rotated for user domain accounts. Incident mitigated cleanly.",2,Resolved by Standard Triage,Root vulnerability in service module on CSE-09-AST-004,Completed,LEAD-REV-01
CSE-09-CASE-0049,CSE-09,CSE-09-ALT-0049,2026-08-13T12:03:00Z,2026-08-13T12:07:00Z,2026-08-13T12:50:00Z,Medium,"Investigated suspicious Reconnaissance activity on CSE-09-AST-005. Host quarantine verified, memory strings analyzed, credentials rotated for user domain accounts. Incident mitigated cleanly.",3,Resolved by Standard Triage,Root vulnerability in service module on CSE-09-AST-005,Completed,LEAD-REV-01
CSE-09-CASE-0050,CSE-09,CSE-09-ALT-0050,2026-08-22T16:09:00Z,2026-08-22T16:14:00Z,2026-08-22T15:54:00Z,Critical,"Investigated suspicious Denial of Service activity on CSE-09-AST-001. Host quarantine verified, memory strings analyzed, credentials rotated for user domain accounts. Incident mitigated cleanly.",2,Resolved by Standard Triage,Root vulnerability in service module on CSE-09-AST-001,Completed,LEAD-REV-01
CSE-09-CASE-0051,CSE-09,CSE-09-ALT-0051,2026-08-27T22:06:00Z,2026-08-27T22:10:00Z,2026-08-27T23:57:00Z,High,"Investigated suspicious Privilege Escalation activity on CSE-09-AST-002. Host quarantine verified, memory strings analyzed, credentials rotated for user domain accounts. Incident mitigated cleanly.",5,Resolved by Standard Triage,Root vulnerability in service module on CSE-09-AST-002,Completed,LEAD-REV-01
CSE-09-CASE-0052,CSE-09,CSE-09-ALT-0052,2026-08-18T06:18:00Z,2026-08-18T06:25:00Z,2026-08-18T07:04:00Z,Medium,"Investigated suspicious Reconnaissance activity on CSE-09-AST-003. Host quarantine verified, memory strings analyzed, credentials rotated for user domain accounts. Incident mitigated cleanly.",5,Resolved by Standard Triage,Root vulnerability in service module on CSE-09-AST-003,Completed,LEAD-REV-01
CSE-09-CASE-0053,CSE-09,CSE-09-ALT-0053,2026-08-12T01:03:00Z,2026-08-12T01:07:00Z,2026-08-12T02:15:00Z,Medium,"Investigated suspicious Malware activity on CSE-09-AST-004. Host quarantine verified, memory strings analyzed, credentials rotated for user domain accounts. Incident mitigated cleanly.",5,Resolved by Standard Triage,Root vulnerability in service module on CSE-09-AST-004,Completed,LEAD-REV-01
CSE-09-CASE-0054,CSE-09,CSE-09-ALT-0054,2026-08-22T06:45:00Z,2026-08-22T06:55:00Z,2026-08-22T08:12:00Z,High,"Investigated suspicious Reconnaissance activity on CSE-09-AST-005. Host quarantine verified, memory strings analyzed, credentials rotated for user domain accounts. Incident mitigated cleanly.",3,Resolved by Standard Triage,Root vulnerability in service module on CSE-09-AST-005,Completed,LEAD-REV-01
CSE-09-CASE-0055,CSE-09,CSE-09-ALT-0055,2026-08-07T17:28:00Z,2026-08-07T17:31:00Z,2026-08-07T17:13:00Z,Critical,"Investigated suspicious Identity/Credential Access activity on CSE-09-AST-001. Host quarantine verified, memory strings analyzed, credentials rotated for user domain accounts. Incident mitigated cleanly.",2,Resolved by Standard Triage,Root vulnerability in service module on CSE-09-AST-001,Completed,LEAD-REV-01
CSE-09-CASE-0056,CSE-09,CSE-09-ALT-0056,2026-08-02T21:17:00Z,2026-08-02T21:20:00Z,2026-08-02T22:30:00Z,Medium,"Investigated suspicious Privilege Escalation activity on CSE-09-AST-002. Host quarantine verified, memory strings analyzed, credentials rotated for user domain accounts. Incident mitigated cleanly.",4,Resolved by Standard Triage,Root vulnerability in service module on CSE-09-AST-002,Completed,LEAD-REV-01
CSE-09-CASE-0057,CSE-09,CSE-09-ALT-0057,2026-08-11T22:45:00Z,2026-08-11T22:48:00Z,2026-08-11T23:30:00Z,High,"Investigated suspicious Identity/Credential Access activity on CSE-09-AST-003. Host quarantine verified, memory strings analyzed, credentials rotated for user domain accounts. Incident mitigated cleanly.",2,Resolved by Standard Triage,Root vulnerability in service module on CSE-09-AST-003,Completed,LEAD-REV-01
CSE-09-CASE-0058,CSE-09,CSE-09-ALT-0058,2026-08-21T05:19:00Z,2026-08-21T05:28:00Z,2026-08-21T07:12:00Z,Medium,"Investigated suspicious Data Exfiltration activity on CSE-09-AST-004. Host quarantine verified, memory strings analyzed, credentials rotated for user domain accounts. Incident mitigated cleanly.",2,Resolved by Standard Triage,Root vulnerability in service module on CSE-09-AST-004,Completed,LEAD-REV-01
CSE-09-CASE-0059,CSE-09,CSE-09-ALT-0059,2026-08-12T00:14:00Z,2026-08-12T00:16:00Z,2026-08-12T02:00:00Z,Medium,"Investigated suspicious Identity/Credential Access activity on CSE-09-AST-005. Host quarantine verified, memory strings analyzed, credentials rotated for user domain accounts. Incident mitigated cleanly.",3,Resolved by Standard Triage,Root vulnerability in service module on CSE-09-AST-005,Completed,LEAD-REV-01
CSE-09-CASE-0060,CSE-09,CSE-09-ALT-0060,2026-08-19T01:25:00Z,2026-08-19T01:29:00Z,2026-08-19T01:10:00Z,Critical,"Investigated suspicious Malware activity on CSE-09-AST-001. Host quarantine verified, memory strings analyzed, credentials rotated for user domain accounts. Incident mitigated cleanly.",4,Resolved by Standard Triage,Root vulnerability in service module on CSE-09-AST-001,Completed,LEAD-REV-01
CSE-10-CASE-0001,CSE-10,CSE-10-ALT-0001,2026-08-26T11:24:00Z,2026-08-26T11:29:00Z,2026-08-26T13:13:00Z,Medium,"Investigated suspicious Lateral Movement activity on CSE-10-AST-002. Host quarantine verified, memory strings analyzed, credentials rotated for user domain accounts. Incident mitigated cleanly.",4,Resolved by Standard Triage,Root vulnerability in service module on CSE-10-AST-002,Completed,LEAD-REV-01
CSE-10-CASE-0002,CSE-10,CSE-10-ALT-0002,2026-08-27T00:28:00Z,2026-08-27T00:33:00Z,2026-08-27T01:13:00Z,Medium,"Investigated suspicious Data Exfiltration activity on CSE-10-AST-003. Host quarantine verified, memory strings analyzed, credentials rotated for user domain accounts. Incident mitigated cleanly.",3,Resolved by Standard Triage,Root vulnerability in service module on CSE-10-AST-003,Completed,LEAD-REV-01
CSE-10-CASE-0003,CSE-10,CSE-10-ALT-0003,2026-08-17T10:06:00Z,2026-08-17T10:11:00Z,2026-08-17T10:12:00Z,High,Closed per review. No action needed.,0,Generic closure,,Completed,LEAD-REV-01
CSE-10-CASE-0004,CSE-10,CSE-10-ALT-0004,2026-08-21T10:13:00Z,2026-08-21T10:17:00Z,2026-08-21T12:13:00Z,Medium,"Investigated suspicious Reconnaissance activity on CSE-10-AST-005. Host quarantine verified, memory strings analyzed, credentials rotated for user domain accounts. Incident mitigated cleanly.",5,Resolved by Standard Triage,Root vulnerability in service module on CSE-10-AST-005,Completed,LEAD-REV-01
CSE-10-CASE-0005,CSE-10,CSE-10-ALT-0005,2026-08-08T01:53:00Z,2026-08-08T01:55:00Z,2026-08-08T01:58:00Z,Critical,Closed per review. No action needed.,0,Generic closure,,Completed,LEAD-REV-01
CSE-10-CASE-0006,CSE-10,CSE-10-ALT-0006,2026-08-22T12:01:00Z,2026-08-22T12:02:00Z,2026-08-22T12:05:00Z,High,Closed per review. No action needed.,0,Generic closure,,Completed,LEAD-REV-01
CSE-10-CASE-0007,CSE-10,CSE-10-ALT-0007,2026-08-03T09:11:00Z,2026-08-03T09:20:00Z,2026-08-03T10:23:00Z,Medium,"Investigated suspicious Denial of Service activity on CSE-10-AST-003. Host quarantine verified, memory strings analyzed, credentials rotated for user domain accounts. Incident mitigated cleanly.",3,Resolved by Standard Triage,Root vulnerability in service module on CSE-10-AST-003,Completed,LEAD-REV-01
CSE-10-CASE-0008,CSE-10,CSE-10-ALT-0008,2026-08-14T20:28:00Z,2026-08-14T20:35:00Z,2026-08-14T21:59:00Z,Medium,"Investigated suspicious Reconnaissance activity on CSE-10-AST-004. Host quarantine verified, memory strings analyzed, credentials rotated for user domain accounts. Incident mitigated cleanly.",2,Resolved by Standard Triage,Root vulnerability in service module on CSE-10-AST-004,Completed,LEAD-REV-01
CSE-10-CASE-0009,CSE-10,CSE-10-ALT-0009,2026-08-22T11:34:00Z,2026-08-22T11:36:00Z,2026-08-22T11:40:00Z,High,Closed per review. No action needed.,0,Generic closure,,Completed,LEAD-REV-01
CSE-10-CASE-0010,CSE-10,CSE-10-ALT-0010,2026-08-19T09:44:00Z,2026-08-19T09:45:00Z,2026-08-19T09:46:00Z,Critical,Closed per review. No action needed.,0,Generic closure,,Completed,LEAD-REV-01
CSE-10-CASE-0011,CSE-10,CSE-10-ALT-0011,2026-08-04T17:50:00Z,2026-08-04T18:00:00Z,2026-08-04T19:08:00Z,Medium,"Investigated suspicious Reconnaissance activity on CSE-10-AST-002. Host quarantine verified, memory strings analyzed, credentials rotated for user domain accounts. Incident mitigated cleanly.",4,Resolved by Standard Triage,Root vulnerability in service module on CSE-10-AST-002,Completed,LEAD-REV-01
CSE-10-CASE-0012,CSE-10,CSE-10-ALT-0012,2026-08-13T20:52:00Z,2026-08-13T20:53:00Z,2026-08-13T20:54:00Z,High,Closed per review. No action needed.,0,Generic closure,,Completed,LEAD-REV-01
CSE-10-CASE-0013,CSE-10,CSE-10-ALT-0013,2026-08-18T15:08:00Z,2026-08-18T15:17:00Z,2026-08-18T16:38:00Z,Medium,"Investigated suspicious Reconnaissance activity on CSE-10-AST-004. Host quarantine verified, memory strings analyzed, credentials rotated for user domain accounts. Incident mitigated cleanly.",3,Resolved by Standard Triage,Root vulnerability in service module on CSE-10-AST-004,Completed,LEAD-REV-01
CSE-10-CASE-0014,CSE-10,CSE-10-ALT-0014,2026-08-23T07:41:00Z,2026-08-23T07:50:00Z,2026-08-23T08:22:00Z,Medium,"Investigated suspicious Lateral Movement activity on CSE-10-AST-005. Host quarantine verified, memory strings analyzed, credentials rotated for user domain accounts. Incident mitigated cleanly.",3,Resolved by Standard Triage,Root vulnerability in service module on CSE-10-AST-005,Completed,LEAD-REV-01
CSE-10-CASE-0015,CSE-10,CSE-10-ALT-0015,2026-08-02T08:36:00Z,2026-08-02T08:40:00Z,2026-08-02T08:41:00Z,Critical,Closed per review. No action needed.,0,Generic closure,,Completed,LEAD-REV-01
CSE-10-CASE-0016,CSE-10,CSE-10-ALT-0016,2026-08-03T17:13:00Z,2026-08-03T17:17:00Z,2026-08-03T18:37:00Z,Medium,"Investigated suspicious Reconnaissance activity on CSE-10-AST-002. Host quarantine verified, memory strings analyzed, credentials rotated for user domain accounts. Incident mitigated cleanly.",3,Resolved by Standard Triage,Root vulnerability in service module on CSE-10-AST-002,Completed,LEAD-REV-01
CSE-10-CASE-0017,CSE-10,CSE-10-ALT-0017,2026-08-06T15:39:00Z,2026-08-06T15:43:00Z,2026-08-06T16:51:00Z,Medium,"Investigated suspicious Denial of Service activity on CSE-10-AST-003. Host quarantine verified, memory strings analyzed, credentials rotated for user domain accounts. Incident mitigated cleanly.",3,Resolved by Standard Triage,Root vulnerability in service module on CSE-10-AST-003,Completed,LEAD-REV-01
CSE-10-CASE-0018,CSE-10,CSE-10-ALT-0018,2026-08-27T02:54:00Z,2026-08-27T02:59:00Z,2026-08-27T03:00:00Z,High,Closed per review. No action needed.,0,Generic closure,,Completed,LEAD-REV-01
CSE-10-CASE-0019,CSE-10,CSE-10-ALT-0019,2026-08-18T10:18:00Z,2026-08-18T10:23:00Z,2026-08-18T11:06:00Z,Medium,"Investigated suspicious Reconnaissance activity on CSE-10-AST-005. Host quarantine verified, memory strings analyzed, credentials rotated for user domain accounts. Incident mitigated cleanly.",3,Resolved by Standard Triage,Root vulnerability in service module on CSE-10-AST-005,Completed,LEAD-REV-01
CSE-10-CASE-0020,CSE-10,CSE-10-ALT-0020,2026-08-19T23:21:00Z,2026-08-19T23:23:00Z,2026-08-19T23:24:00Z,Critical,Closed per review. No action needed.,0,Generic closure,,Completed,LEAD-REV-01
CSE-10-CASE-0021,CSE-10,CSE-10-ALT-0021,2026-08-11T03:04:00Z,2026-08-11T03:07:00Z,2026-08-11T03:08:00Z,High,Closed per review. No action needed.,0,Generic closure,,Completed,LEAD-REV-01
CSE-10-CASE-0022,CSE-10,CSE-10-ALT-0022,2026-08-12T03:42:00Z,2026-08-12T03:45:00Z,2026-08-12T05:36:00Z,Medium,"Investigated suspicious Lateral Movement activity on CSE-10-AST-003. Host quarantine verified, memory strings analyzed, credentials rotated for user domain accounts. Incident mitigated cleanly.",4,Resolved by Standard Triage,Root vulnerability in service module on CSE-10-AST-003,Completed,LEAD-REV-01
CSE-10-CASE-0023,CSE-10,CSE-10-ALT-0023,2026-08-14T13:00:00Z,2026-08-14T13:04:00Z,2026-08-14T14:11:00Z,Medium,"Investigated suspicious Lateral Movement activity on CSE-10-AST-004. Host quarantine verified, memory strings analyzed, credentials rotated for user domain accounts. Incident mitigated cleanly.",5,Resolved by Standard Triage,Root vulnerability in service module on CSE-10-AST-004,Completed,LEAD-REV-01
CSE-10-CASE-0024,CSE-10,CSE-10-ALT-0024,2026-08-27T19:08:00Z,2026-08-27T19:11:00Z,2026-08-27T19:12:00Z,High,Closed per review. No action needed.,0,Generic closure,,Completed,LEAD-REV-01
CSE-10-CASE-0025,CSE-10,CSE-10-ALT-0025,2026-08-15T19:49:00Z,2026-08-15T19:53:00Z,2026-08-15T19:54:00Z,Critical,Closed per review. No action needed.,0,Generic closure,,Completed,LEAD-REV-01
CSE-10-CASE-0026,CSE-10,CSE-10-ALT-0026,2026-08-07T04:38:00Z,2026-08-07T04:41:00Z,2026-08-07T05:53:00Z,Medium,"Investigated suspicious Malware activity on CSE-10-AST-002. Host quarantine verified, memory strings analyzed, credentials rotated for user domain accounts. Incident mitigated cleanly.",3,Resolved by Standard Triage,Root vulnerability in service module on CSE-10-AST-002,Completed,LEAD-REV-01
CSE-10-CASE-0027,CSE-10,CSE-10-ALT-0027,2026-08-25T04:04:00Z,2026-08-25T04:05:00Z,2026-08-25T04:06:00Z,High,Closed per review. No action needed.,0,Generic closure,,Completed,LEAD-REV-01
CSE-10-CASE-0028,CSE-10,CSE-10-ALT-0028,2026-08-21T08:52:00Z,2026-08-21T08:59:00Z,2026-08-21T10:46:00Z,Medium,"Investigated suspicious Privilege Escalation activity on CSE-10-AST-004. Host quarantine verified, memory strings analyzed, credentials rotated for user domain accounts. Incident mitigated cleanly.",3,Resolved by Standard Triage,Root vulnerability in service module on CSE-10-AST-004,Completed,LEAD-REV-01
CSE-10-CASE-0029,CSE-10,CSE-10-ALT-0029,2026-08-18T16:34:00Z,2026-08-18T16:37:00Z,2026-08-18T18:14:00Z,Medium,"Investigated suspicious Privilege Escalation activity on CSE-10-AST-005. Host quarantine verified, memory strings analyzed, credentials rotated for user domain accounts. Incident mitigated cleanly.",5,Resolved by Standard Triage,Root vulnerability in service module on CSE-10-AST-005,Completed,LEAD-REV-01
CSE-10-CASE-0030,CSE-10,CSE-10-ALT-0030,2026-08-30T02:46:00Z,2026-08-30T02:49:00Z,2026-08-30T02:50:00Z,Critical,Closed per review. No action needed.,0,Generic closure,,Completed,LEAD-REV-01
CSE-10-CASE-0031,CSE-10,CSE-10-ALT-0031,2026-08-18T00:05:00Z,2026-08-18T00:14:00Z,2026-08-18T01:31:00Z,Medium,"Investigated suspicious Data Exfiltration activity on CSE-10-AST-002. Host quarantine verified, memory strings analyzed, credentials rotated for user domain accounts. Incident mitigated cleanly.",3,Resolved by Standard Triage,Root vulnerability in service module on CSE-10-AST-002,Completed,LEAD-REV-01
CSE-10-CASE-0032,CSE-10,CSE-10-ALT-0032,2026-08-22T13:48:00Z,2026-08-22T13:56:00Z,2026-08-22T14:45:00Z,Medium,"Investigated suspicious Privilege Escalation activity on CSE-10-AST-003. Host quarantine verified, memory strings analyzed, credentials rotated for user domain accounts. Incident mitigated cleanly.",3,Resolved by Standard Triage,Root vulnerability in service module on CSE-10-AST-003,Completed,LEAD-REV-01
CSE-10-CASE-0033,CSE-10,CSE-10-ALT-0033,2026-08-20T05:55:00Z,2026-08-20T05:59:00Z,2026-08-20T06:00:00Z,High,Closed per review. No action needed.,0,Generic closure,,Completed,LEAD-REV-01
CSE-10-CASE-0034,CSE-10,CSE-10-ALT-0034,2026-08-08T23:14:00Z,2026-08-08T23:20:00Z,2026-08-09T00:27:00Z,Medium,"Investigated suspicious Malware activity on CSE-10-AST-005. Host quarantine verified, memory strings analyzed, credentials rotated for user domain accounts. Incident mitigated cleanly.",2,Resolved by Standard Triage,Root vulnerability in service module on CSE-10-AST-005,Completed,LEAD-REV-01
CSE-10-CASE-0035,CSE-10,CSE-10-ALT-0035,2026-08-08T00:58:00Z,2026-08-08T01:01:00Z,2026-08-08T01:02:00Z,Critical,Closed per review. No action needed.,0,Generic closure,,Completed,LEAD-REV-01
CSE-10-CASE-0036,CSE-10,CSE-10-ALT-0036,2026-08-15T09:02:00Z,2026-08-15T09:04:00Z,2026-08-15T09:06:00Z,High,Closed per review. No action needed.,0,Generic closure,,Completed,LEAD-REV-01
CSE-10-CASE-0037,CSE-10,CSE-10-ALT-0037,2026-08-18T04:53:00Z,2026-08-18T05:03:00Z,2026-08-18T06:06:00Z,Medium,"Investigated suspicious Lateral Movement activity on CSE-10-AST-003. Host quarantine verified, memory strings analyzed, credentials rotated for user domain accounts. Incident mitigated cleanly.",3,Resolved by Standard Triage,Root vulnerability in service module on CSE-10-AST-003,Completed,LEAD-REV-01
CSE-10-CASE-0038,CSE-10,CSE-10-ALT-0038,2026-08-21T20:23:00Z,2026-08-21T20:32:00Z,2026-08-21T21:12:00Z,Medium,"Investigated suspicious Privilege Escalation activity on CSE-10-AST-004. Host quarantine verified, memory strings analyzed, credentials rotated for user domain accounts. Incident mitigated cleanly.",5,Resolved by Standard Triage,Root vulnerability in service module on CSE-10-AST-004,Completed,LEAD-REV-01
CSE-10-CASE-0039,CSE-10,CSE-10-ALT-0039,2026-08-17T20:22:00Z,2026-08-17T20:25:00Z,2026-08-17T20:26:00Z,High,Closed per review. No action needed.,0,Generic closure,,Completed,LEAD-REV-01
CSE-10-CASE-0040,CSE-10,CSE-10-ALT-0040,2026-08-30T03:00:00Z,2026-08-30T03:02:00Z,2026-08-30T03:03:00Z,Critical,Closed per review. No action needed.,0,Generic closure,,Completed,LEAD-REV-01
CSE-10-CASE-0041,CSE-10,CSE-10-ALT-0041,2026-08-08T10:32:00Z,2026-08-08T10:36:00Z,2026-08-08T11:47:00Z,Medium,"Investigated suspicious Reconnaissance activity on CSE-10-AST-002. Host quarantine verified, memory strings analyzed, credentials rotated for user domain accounts. Incident mitigated cleanly.",3,Resolved by Standard Triage,Root vulnerability in service module on CSE-10-AST-002,Completed,LEAD-REV-01
CSE-10-CASE-0042,CSE-10,CSE-10-ALT-0042,2026-08-13T03:45:00Z,2026-08-13T03:46:00Z,2026-08-13T03:47:00Z,High,Closed per review. No action needed.,0,Generic closure,,Completed,LEAD-REV-01
CSE-10-CASE-0043,CSE-10,CSE-10-ALT-0043,2026-08-26T18:46:00Z,2026-08-26T18:54:00Z,2026-08-26T20:27:00Z,Medium,"Investigated suspicious Malware activity on CSE-10-AST-004. Host quarantine verified, memory strings analyzed, credentials rotated for user domain accounts. Incident mitigated cleanly.",3,Resolved by Standard Triage,Root vulnerability in service module on CSE-10-AST-004,Completed,LEAD-REV-01
CSE-10-CASE-0044,CSE-10,CSE-10-ALT-0044,2026-08-07T04:53:00Z,2026-08-07T04:57:00Z,2026-08-07T05:35:00Z,Medium,"Investigated suspicious Data Exfiltration activity on CSE-10-AST-005. Host quarantine verified, memory strings analyzed, credentials rotated for user domain accounts. Incident mitigated cleanly.",3,Resolved by Standard Triage,Root vulnerability in service module on CSE-10-AST-005,Completed,LEAD-REV-01
CSE-10-CASE-0045,CSE-10,CSE-10-ALT-0045,2026-08-19T13:08:00Z,2026-08-19T13:09:00Z,2026-08-19T13:14:00Z,Critical,Closed per review. No action needed.,0,Generic closure,,Completed,LEAD-REV-01
CSE-10-CASE-0046,CSE-10,CSE-10-ALT-0046,2026-08-05T09:10:00Z,2026-08-05T09:19:00Z,2026-08-05T10:13:00Z,Medium,"Investigated suspicious Lateral Movement activity on CSE-10-AST-002. Host quarantine verified, memory strings analyzed, credentials rotated for user domain accounts. Incident mitigated cleanly.",2,Resolved by Standard Triage,Root vulnerability in service module on CSE-10-AST-002,Completed,LEAD-REV-01
CSE-10-CASE-0047,CSE-10,CSE-10-ALT-0047,2026-08-25T05:52:00Z,2026-08-25T05:56:00Z,2026-08-25T06:42:00Z,Medium,"Investigated suspicious Lateral Movement activity on CSE-10-AST-003. Host quarantine verified, memory strings analyzed, credentials rotated for user domain accounts. Incident mitigated cleanly.",5,Resolved by Standard Triage,Root vulnerability in service module on CSE-10-AST-003,Completed,LEAD-REV-01
CSE-10-CASE-0048,CSE-10,CSE-10-ALT-0048,2026-08-06T15:53:00Z,2026-08-06T15:56:00Z,2026-08-06T15:59:00Z,High,Closed per review. No action needed.,0,Generic closure,,Completed,LEAD-REV-01
CSE-10-CASE-0049,CSE-10,CSE-10-ALT-0049,2026-08-27T13:39:00Z,2026-08-27T13:44:00Z,2026-08-27T15:24:00Z,Medium,"Investigated suspicious Reconnaissance activity on CSE-10-AST-005. Host quarantine verified, memory strings analyzed, credentials rotated for user domain accounts. Incident mitigated cleanly.",4,Resolved by Standard Triage,Root vulnerability in service module on CSE-10-AST-005,Completed,LEAD-REV-01
CSE-10-CASE-0050,CSE-10,CSE-10-ALT-0050,2026-08-21T02:04:00Z,2026-08-21T02:08:00Z,2026-08-21T02:09:00Z,Critical,Closed per review. No action needed.,0,Generic closure,,Completed,LEAD-REV-01
CSE-10-CASE-0051,CSE-10,CSE-10-ALT-0051,2026-08-04T08:12:00Z,2026-08-04T08:17:00Z,2026-08-04T08:18:00Z,High,Closed per review. No action needed.,0,Generic closure,,Completed,LEAD-REV-01
CSE-10-CASE-0052,CSE-10,CSE-10-ALT-0052,2026-08-20T11:11:00Z,2026-08-20T11:21:00Z,2026-08-20T13:09:00Z,Medium,"Investigated suspicious Data Exfiltration activity on CSE-10-AST-003. Host quarantine verified, memory strings analyzed, credentials rotated for user domain accounts. Incident mitigated cleanly.",2,Resolved by Standard Triage,Root vulnerability in service module on CSE-10-AST-003,Completed,LEAD-REV-01
CSE-10-CASE-0053,CSE-10,CSE-10-ALT-0053,2026-08-17T05:08:00Z,2026-08-17T05:09:00Z,2026-08-17T06:57:00Z,Medium,"Investigated suspicious Privilege Escalation activity on CSE-10-AST-004. Host quarantine verified, memory strings analyzed, credentials rotated for user domain accounts. Incident mitigated cleanly.",5,Resolved by Standard Triage,Root vulnerability in service module on CSE-10-AST-004,Completed,LEAD-REV-01
CSE-10-CASE-0054,CSE-10,CSE-10-ALT-0054,2026-08-14T19:55:00Z,2026-08-14T20:00:00Z,2026-08-14T20:01:00Z,High,Closed per review. No action needed.,0,Generic closure,,Completed,LEAD-REV-01
CSE-10-CASE-0055,CSE-10,CSE-10-ALT-0055,2026-08-26T23:50:00Z,2026-08-26T23:54:00Z,2026-08-26T23:55:00Z,Critical,Closed per review. No action needed.,0,Generic closure,,Completed,LEAD-REV-01
CSE-10-CASE-0056,CSE-10,CSE-10-ALT-0056,2026-08-27T07:58:00Z,2026-08-27T08:00:00Z,2026-08-27T09:51:00Z,Medium,"Investigated suspicious Denial of Service activity on CSE-10-AST-002. Host quarantine verified, memory strings analyzed, credentials rotated for user domain accounts. Incident mitigated cleanly.",3,Resolved by Standard Triage,Root vulnerability in service module on CSE-10-AST-002,Completed,LEAD-REV-01
CSE-10-CASE-0057,CSE-10,CSE-10-ALT-0057,2026-08-16T15:58:00Z,2026-08-16T15:59:00Z,2026-08-16T16:00:00Z,High,Closed per review. No action needed.,0,Generic closure,,Completed,LEAD-REV-01
CSE-10-CASE-0058,CSE-10,CSE-10-ALT-0058,2026-08-30T01:26:00Z,2026-08-30T01:27:00Z,2026-08-30T02:30:00Z,Medium,"Investigated suspicious Lateral Movement activity on CSE-10-AST-004. Host quarantine verified, memory strings analyzed, credentials rotated for user domain accounts. Incident mitigated cleanly.",2,Resolved by Standard Triage,Root vulnerability in service module on CSE-10-AST-004,Completed,LEAD-REV-01
CSE-10-CASE-0059,CSE-10,CSE-10-ALT-0059,2026-08-17T11:33:00Z,2026-08-17T11:37:00Z,2026-08-17T13:01:00Z,Medium,"Investigated suspicious Malware activity on CSE-10-AST-005. Host quarantine verified, memory strings analyzed, credentials rotated for user domain accounts. Incident mitigated cleanly.",4,Resolved by Standard Triage,Root vulnerability in service module on CSE-10-AST-005,Completed,LEAD-REV-01
CSE-10-CASE-0060,CSE-10,CSE-10-ALT-0060,2026-08-12T11:09:00Z,2026-08-12T11:14:00Z,2026-08-12T11:15:00Z,Critical,Closed per review. No action needed.,0,Generic closure,,Completed,LEAD-REV-01
