step_id,case_id,step_name,step_status,performed_by,started_at,completed_at,notes,evidence_reference
CSE-01-CASE-0001-STP-1,CSE-01-CASE-0001,Forensic Step 1: Memory Dump,Completed,ANON-02,2026-08-09T00:47:00Z,2026-08-09T00:50:00Z,Completed analysis for step 1,HASH-SHA256-11
CSE-01-CASE-0001-STP-2,CSE-01-CASE-0001,Forensic Step 2: Egress Inspection,Completed,ANON-02,2026-08-09T00:52:00Z,2026-08-09T00:58:00Z,Completed analysis for step 2,HASH-SHA256-12
CSE-01-CASE-0001-STP-3,CSE-01-CASE-0001,Forensic Step 3: Remediation Review,Completed,ANON-02,2026-08-09T00:57:00Z,2026-08-09T01:06:00Z,Completed analysis for step 3,HASH-SHA256-13
CSE-01-CASE-0002-STP-1,CSE-01-CASE-0002,Forensic Step 1: Memory Dump,Completed,ANON-03,2026-08-16T02:25:00Z,2026-08-16T02:28:00Z,Completed analysis for step 1,HASH-SHA256-21
CSE-01-CASE-0002-STP-2,CSE-01-CASE-0002,Forensic Step 2: Egress Inspection,Completed,ANON-03,2026-08-16T02:30:00Z,2026-08-16T02:36:00Z,Completed analysis for step 2,HASH-SHA256-22
CSE-01-CASE-0002-STP-3,CSE-01-CASE-0002,Forensic Step 3: Remediation Review,Completed,ANON-03,2026-08-16T02:35:00Z,2026-08-16T02:44:00Z,Completed analysis for step 3,HASH-SHA256-23
CSE-01-CASE-0002-STP-4,CSE-01-CASE-0002,Forensic Step 4: Artifact Capture,Completed,ANON-03,2026-08-16T02:40:00Z,2026-08-16T02:52:00Z,Completed analysis for step 4,HASH-SHA256-24
CSE-01-CASE-0003-STP-1,CSE-01-CASE-0003,Forensic Step 1: Memory Dump,Completed,ANON-04,2026-08-09T12:20:00Z,2026-08-09T12:23:00Z,Completed analysis for step 1,HASH-SHA256-31
CSE-01-CASE-0003-STP-2,CSE-01-CASE-0003,Forensic Step 2: Egress Inspection,Completed,ANON-04,2026-08-09T12:25:00Z,2026-08-09T12:31:00Z,Completed analysis for step 2,HASH-SHA256-32
CSE-01-CASE-0003-STP-3,CSE-01-CASE-0003,Forensic Step 3: Remediation Review,Completed,ANON-04,2026-08-09T12:30:00Z,2026-08-09T12:39:00Z,Completed analysis for step 3,HASH-SHA256-33
CSE-01-CASE-0004-STP-1,CSE-01-CASE-0004,Forensic Step 1: Memory Dump,Completed,ANON-01,2026-08-12T19:51:00Z,2026-08-12T19:54:00Z,Completed analysis for step 1,HASH-SHA256-41
CSE-01-CASE-0004-STP-2,CSE-01-CASE-0004,Forensic Step 2: Egress Inspection,Completed,ANON-01,2026-08-12T19:56:00Z,2026-08-12T20:02:00Z,Completed analysis for step 2,HASH-SHA256-42
CSE-01-CASE-0004-STP-3,CSE-01-CASE-0004,Forensic Step 3: Remediation Review,Completed,ANON-01,2026-08-12T20:01:00Z,2026-08-12T20:10:00Z,Completed analysis for step 3,HASH-SHA256-43
CSE-01-CASE-0004-STP-4,CSE-01-CASE-0004,Forensic Step 4: Artifact Capture,Completed,ANON-01,2026-08-12T20:06:00Z,2026-08-12T20:18:00Z,Completed analysis for step 4,HASH-SHA256-44
CSE-01-CASE-0005-STP-1,CSE-01-CASE-0005,Forensic Step 1: Memory Dump,Completed,ANON-02,2026-08-04T01:33:00Z,2026-08-04T01:36:00Z,Completed analysis for step 1,HASH-SHA256-51
CSE-01-CASE-0005-STP-2,CSE-01-CASE-0005,Forensic Step 2: Egress Inspection,Completed,ANON-02,2026-08-04T01:38:00Z,2026-08-04T01:44:00Z,Completed analysis for step 2,HASH-SHA256-52
CSE-01-CASE-0005-STP-3,CSE-01-CASE-0005,Forensic Step 3: Remediation Review,Completed,ANON-02,2026-08-04T01:43:00Z,2026-08-04T01:52:00Z,Completed analysis for step 3,HASH-SHA256-53
CSE-01-CASE-0005-STP-4,CSE-01-CASE-0005,Forensic Step 4: Artifact Capture,Completed,ANON-02,2026-08-04T01:48:00Z,2026-08-04T02:00:00Z,Completed analysis for step 4,HASH-SHA256-54
CSE-01-CASE-0005-STP-5,CSE-01-CASE-0005,Forensic Step 5: Memory Dump,Completed,ANON-02,2026-08-04T01:53:00Z,2026-08-04T02:08:00Z,Completed analysis for step 5,HASH-SHA256-55
CSE-01-CASE-0006-STP-1,CSE-01-CASE-0006,Forensic Step 1: Memory Dump,Completed,ANON-03,2026-08-03T09:49:00Z,2026-08-03T09:52:00Z,Completed analysis for step 1,HASH-SHA256-61
CSE-01-CASE-0006-STP-2,CSE-01-CASE-0006,Forensic Step 2: Egress Inspection,Completed,ANON-03,2026-08-03T09:54:00Z,2026-08-03T10:00:00Z,Completed analysis for step 2,HASH-SHA256-62
CSE-01-CASE-0006-STP-3,CSE-01-CASE-0006,Forensic Step 3: Remediation Review,Completed,ANON-03,2026-08-03T09:59:00Z,2026-08-03T10:08:00Z,Completed analysis for step 3,HASH-SHA256-63
CSE-01-CASE-0006-STP-4,CSE-01-CASE-0006,Forensic Step 4: Artifact Capture,Completed,ANON-03,2026-08-03T10:04:00Z,2026-08-03T10:16:00Z,Completed analysis for step 4,HASH-SHA256-64
CSE-01-CASE-0007-STP-1,CSE-01-CASE-0007,Forensic Step 1: Memory Dump,Completed,ANON-04,2026-08-09T22:48:00Z,2026-08-09T22:51:00Z,Completed analysis for step 1,HASH-SHA256-71
CSE-01-CASE-0007-STP-2,CSE-01-CASE-0007,Forensic Step 2: Egress Inspection,Completed,ANON-04,2026-08-09T22:53:00Z,2026-08-09T22:59:00Z,Completed analysis for step 2,HASH-SHA256-72
CSE-01-CASE-0007-STP-3,CSE-01-CASE-0007,Forensic Step 3: Remediation Review,Completed,ANON-04,2026-08-09T22:58:00Z,2026-08-09T23:07:00Z,Completed analysis for step 3,HASH-SHA256-73
CSE-01-CASE-0008-STP-1,CSE-01-CASE-0008,Forensic Step 1: Memory Dump,Completed,ANON-01,2026-08-22T16:59:00Z,2026-08-22T17:02:00Z,Completed analysis for step 1,HASH-SHA256-81
CSE-01-CASE-0008-STP-2,CSE-01-CASE-0008,Forensic Step 2: Egress Inspection,Completed,ANON-01,2026-08-22T17:04:00Z,2026-08-22T17:10:00Z,Completed analysis for step 2,HASH-SHA256-82
CSE-01-CASE-0008-STP-3,CSE-01-CASE-0008,Forensic Step 3: Remediation Review,Completed,ANON-01,2026-08-22T17:09:00Z,2026-08-22T17:18:00Z,Completed analysis for step 3,HASH-SHA256-83
CSE-01-CASE-0008-STP-4,CSE-01-CASE-0008,Forensic Step 4: Artifact Capture,Completed,ANON-01,2026-08-22T17:14:00Z,2026-08-22T17:26:00Z,Completed analysis for step 4,HASH-SHA256-84
CSE-01-CASE-0008-STP-5,CSE-01-CASE-0008,Forensic Step 5: Memory Dump,Completed,ANON-01,2026-08-22T17:19:00Z,2026-08-22T17:34:00Z,Completed analysis for step 5,HASH-SHA256-85
CSE-01-CASE-0009-STP-1,CSE-01-CASE-0009,Forensic Step 1: Memory Dump,Completed,ANON-02,2026-08-24T15:20:00Z,2026-08-24T15:23:00Z,Completed analysis for step 1,HASH-SHA256-91
CSE-01-CASE-0009-STP-2,CSE-01-CASE-0009,Forensic Step 2: Egress Inspection,Completed,ANON-02,2026-08-24T15:25:00Z,2026-08-24T15:31:00Z,Completed analysis for step 2,HASH-SHA256-92
CSE-01-CASE-0009-STP-3,CSE-01-CASE-0009,Forensic Step 3: Remediation Review,Completed,ANON-02,2026-08-24T15:30:00Z,2026-08-24T15:39:00Z,Completed analysis for step 3,HASH-SHA256-93
CSE-01-CASE-0009-STP-4,CSE-01-CASE-0009,Forensic Step 4: Artifact Capture,Completed,ANON-02,2026-08-24T15:35:00Z,2026-08-24T15:47:00Z,Completed analysis for step 4,HASH-SHA256-94
CSE-01-CASE-0009-STP-5,CSE-01-CASE-0009,Forensic Step 5: Memory Dump,Completed,ANON-02,2026-08-24T15:40:00Z,2026-08-24T15:55:00Z,Completed analysis for step 5,HASH-SHA256-95
CSE-01-CASE-0010-STP-1,CSE-01-CASE-0010,Forensic Step 1: Memory Dump,Completed,ANON-03,2026-08-11T09:25:00Z,2026-08-11T09:28:00Z,Completed analysis for step 1,HASH-SHA256-101
CSE-01-CASE-0010-STP-2,CSE-01-CASE-0010,Forensic Step 2: Egress Inspection,Completed,ANON-03,2026-08-11T09:30:00Z,2026-08-11T09:36:00Z,Completed analysis for step 2,HASH-SHA256-102
CSE-01-CASE-0010-STP-3,CSE-01-CASE-0010,Forensic Step 3: Remediation Review,Completed,ANON-03,2026-08-11T09:35:00Z,2026-08-11T09:44:00Z,Completed analysis for step 3,HASH-SHA256-103
CSE-01-CASE-0011-STP-1,CSE-01-CASE-0011,Forensic Step 1: Memory Dump,Completed,ANON-04,2026-08-08T03:05:00Z,2026-08-08T03:08:00Z,Completed analysis for step 1,HASH-SHA256-111
CSE-01-CASE-0011-STP-2,CSE-01-CASE-0011,Forensic Step 2: Egress Inspection,Completed,ANON-04,2026-08-08T03:10:00Z,2026-08-08T03:16:00Z,Completed analysis for step 2,HASH-SHA256-112
CSE-01-CASE-0011-STP-3,CSE-01-CASE-0011,Forensic Step 3: Remediation Review,Completed,ANON-04,2026-08-08T03:15:00Z,2026-08-08T03:24:00Z,Completed analysis for step 3,HASH-SHA256-113
CSE-01-CASE-0011-STP-4,CSE-01-CASE-0011,Forensic Step 4: Artifact Capture,Completed,ANON-04,2026-08-08T03:20:00Z,2026-08-08T03:32:00Z,Completed analysis for step 4,HASH-SHA256-114
CSE-01-CASE-0012-STP-1,CSE-01-CASE-0012,Forensic Step 1: Memory Dump,Completed,ANON-01,2026-08-30T04:37:00Z,2026-08-30T04:40:00Z,Completed analysis for step 1,HASH-SHA256-121
CSE-01-CASE-0012-STP-2,CSE-01-CASE-0012,Forensic Step 2: Egress Inspection,Completed,ANON-01,2026-08-30T04:42:00Z,2026-08-30T04:48:00Z,Completed analysis for step 2,HASH-SHA256-122
CSE-01-CASE-0012-STP-3,CSE-01-CASE-0012,Forensic Step 3: Remediation Review,Completed,ANON-01,2026-08-30T04:47:00Z,2026-08-30T04:56:00Z,Completed analysis for step 3,HASH-SHA256-123
CSE-01-CASE-0012-STP-4,CSE-01-CASE-0012,Forensic Step 4: Artifact Capture,Completed,ANON-01,2026-08-30T04:52:00Z,2026-08-30T05:04:00Z,Completed analysis for step 4,HASH-SHA256-124
CSE-01-CASE-0012-STP-5,CSE-01-CASE-0012,Forensic Step 5: Memory Dump,Completed,ANON-01,2026-08-30T04:57:00Z,2026-08-30T05:12:00Z,Completed analysis for step 5,HASH-SHA256-125
CSE-01-CASE-0013-STP-1,CSE-01-CASE-0013,Forensic Step 1: Memory Dump,Completed,ANON-02,2026-08-19T22:08:00Z,2026-08-19T22:11:00Z,Completed analysis for step 1,HASH-SHA256-131
CSE-01-CASE-0013-STP-2,CSE-01-CASE-0013,Forensic Step 2: Egress Inspection,Completed,ANON-02,2026-08-19T22:13:00Z,2026-08-19T22:19:00Z,Completed analysis for step 2,HASH-SHA256-132
CSE-01-CASE-0013-STP-3,CSE-01-CASE-0013,Forensic Step 3: Remediation Review,Completed,ANON-02,2026-08-19T22:18:00Z,2026-08-19T22:27:00Z,Completed analysis for step 3,HASH-SHA256-133
CSE-01-CASE-0013-STP-4,CSE-01-CASE-0013,Forensic Step 4: Artifact Capture,Completed,ANON-02,2026-08-19T22:23:00Z,2026-08-19T22:35:00Z,Completed analysis for step 4,HASH-SHA256-134
CSE-01-CASE-0013-STP-5,CSE-01-CASE-0013,Forensic Step 5: Memory Dump,Completed,ANON-02,2026-08-19T22:28:00Z,2026-08-19T22:43:00Z,Completed analysis for step 5,HASH-SHA256-135
CSE-01-CASE-0014-STP-1,CSE-01-CASE-0014,Forensic Step 1: Memory Dump,Completed,ANON-03,2026-08-16T10:56:00Z,2026-08-16T10:59:00Z,Completed analysis for step 1,HASH-SHA256-141
CSE-01-CASE-0014-STP-2,CSE-01-CASE-0014,Forensic Step 2: Egress Inspection,Completed,ANON-03,2026-08-16T11:01:00Z,2026-08-16T11:07:00Z,Completed analysis for step 2,HASH-SHA256-142
CSE-01-CASE-0014-STP-3,CSE-01-CASE-0014,Forensic Step 3: Remediation Review,Completed,ANON-03,2026-08-16T11:06:00Z,2026-08-16T11:15:00Z,Completed analysis for step 3,HASH-SHA256-143
CSE-01-CASE-0014-STP-4,CSE-01-CASE-0014,Forensic Step 4: Artifact Capture,Completed,ANON-03,2026-08-16T11:11:00Z,2026-08-16T11:23:00Z,Completed analysis for step 4,HASH-SHA256-144
CSE-01-CASE-0014-STP-5,CSE-01-CASE-0014,Forensic Step 5: Memory Dump,Completed,ANON-03,2026-08-16T11:16:00Z,2026-08-16T11:31:00Z,Completed analysis for step 5,HASH-SHA256-145
CSE-01-CASE-0015-STP-1,CSE-01-CASE-0015,Forensic Step 1: Memory Dump,Completed,ANON-04,2026-08-15T03:19:00Z,2026-08-15T03:22:00Z,Completed analysis for step 1,HASH-SHA256-151
CSE-01-CASE-0015-STP-2,CSE-01-CASE-0015,Forensic Step 2: Egress Inspection,Completed,ANON-04,2026-08-15T03:24:00Z,2026-08-15T03:30:00Z,Completed analysis for step 2,HASH-SHA256-152
CSE-01-CASE-0015-STP-3,CSE-01-CASE-0015,Forensic Step 3: Remediation Review,Completed,ANON-04,2026-08-15T03:29:00Z,2026-08-15T03:38:00Z,Completed analysis for step 3,HASH-SHA256-153
CSE-01-CASE-0015-STP-4,CSE-01-CASE-0015,Forensic Step 4: Artifact Capture,Completed,ANON-04,2026-08-15T03:34:00Z,2026-08-15T03:46:00Z,Completed analysis for step 4,HASH-SHA256-154
CSE-01-CASE-0015-STP-5,CSE-01-CASE-0015,Forensic Step 5: Memory Dump,Completed,ANON-04,2026-08-15T03:39:00Z,2026-08-15T03:54:00Z,Completed analysis for step 5,HASH-SHA256-155
CSE-01-CASE-0016-STP-1,CSE-01-CASE-0016,Forensic Step 1: Memory Dump,Completed,ANON-01,2026-08-28T08:57:00Z,2026-08-28T09:00:00Z,Completed analysis for step 1,HASH-SHA256-161
CSE-01-CASE-0016-STP-2,CSE-01-CASE-0016,Forensic Step 2: Egress Inspection,Completed,ANON-01,2026-08-28T09:02:00Z,2026-08-28T09:08:00Z,Completed analysis for step 2,HASH-SHA256-162
CSE-01-CASE-0016-STP-3,CSE-01-CASE-0016,Forensic Step 3: Remediation Review,Completed,ANON-01,2026-08-28T09:07:00Z,2026-08-28T09:16:00Z,Completed analysis for step 3,HASH-SHA256-163
CSE-01-CASE-0017-STP-1,CSE-01-CASE-0017,Forensic Step 1: Memory Dump,Completed,ANON-02,2026-08-10T21:20:00Z,2026-08-10T21:23:00Z,Completed analysis for step 1,HASH-SHA256-171
CSE-01-CASE-0017-STP-2,CSE-01-CASE-0017,Forensic Step 2: Egress Inspection,Completed,ANON-02,2026-08-10T21:25:00Z,2026-08-10T21:31:00Z,Completed analysis for step 2,HASH-SHA256-172
CSE-01-CASE-0017-STP-3,CSE-01-CASE-0017,Forensic Step 3: Remediation Review,Completed,ANON-02,2026-08-10T21:30:00Z,2026-08-10T21:39:00Z,Completed analysis for step 3,HASH-SHA256-173
CSE-01-CASE-0017-STP-4,CSE-01-CASE-0017,Forensic Step 4: Artifact Capture,Completed,ANON-02,2026-08-10T21:35:00Z,2026-08-10T21:47:00Z,Completed analysis for step 4,HASH-SHA256-174
CSE-01-CASE-0017-STP-5,CSE-01-CASE-0017,Forensic Step 5: Memory Dump,Completed,ANON-02,2026-08-10T21:40:00Z,2026-08-10T21:55:00Z,Completed analysis for step 5,HASH-SHA256-175
CSE-01-CASE-0018-STP-1,CSE-01-CASE-0018,Forensic Step 1: Memory Dump,Completed,ANON-03,2026-08-05T04:34:00Z,2026-08-05T04:37:00Z,Completed analysis for step 1,HASH-SHA256-181
CSE-01-CASE-0018-STP-2,CSE-01-CASE-0018,Forensic Step 2: Egress Inspection,Completed,ANON-03,2026-08-05T04:39:00Z,2026-08-05T04:45:00Z,Completed analysis for step 2,HASH-SHA256-182
CSE-01-CASE-0018-STP-3,CSE-01-CASE-0018,Forensic Step 3: Remediation Review,Completed,ANON-03,2026-08-05T04:44:00Z,2026-08-05T04:53:00Z,Completed analysis for step 3,HASH-SHA256-183
CSE-01-CASE-0018-STP-4,CSE-01-CASE-0018,Forensic Step 4: Artifact Capture,Completed,ANON-03,2026-08-05T04:49:00Z,2026-08-05T05:01:00Z,Completed analysis for step 4,HASH-SHA256-184
CSE-01-CASE-0019-STP-1,CSE-01-CASE-0019,Forensic Step 1: Memory Dump,Completed,ANON-04,2026-08-25T13:40:00Z,2026-08-25T13:43:00Z,Completed analysis for step 1,HASH-SHA256-191
CSE-01-CASE-0019-STP-2,CSE-01-CASE-0019,Forensic Step 2: Egress Inspection,Completed,ANON-04,2026-08-25T13:45:00Z,2026-08-25T13:51:00Z,Completed analysis for step 2,HASH-SHA256-192
CSE-01-CASE-0019-STP-3,CSE-01-CASE-0019,Forensic Step 3: Remediation Review,Completed,ANON-04,2026-08-25T13:50:00Z,2026-08-25T13:59:00Z,Completed analysis for step 3,HASH-SHA256-193
CSE-01-CASE-0019-STP-4,CSE-01-CASE-0019,Forensic Step 4: Artifact Capture,Completed,ANON-04,2026-08-25T13:55:00Z,2026-08-25T14:07:00Z,Completed analysis for step 4,HASH-SHA256-194
CSE-01-CASE-0020-STP-1,CSE-01-CASE-0020,Forensic Step 1: Memory Dump,Completed,ANON-01,2026-08-01T12:08:00Z,2026-08-01T12:11:00Z,Completed analysis for step 1,HASH-SHA256-201
CSE-01-CASE-0020-STP-2,CSE-01-CASE-0020,Forensic Step 2: Egress Inspection,Completed,ANON-01,2026-08-01T12:13:00Z,2026-08-01T12:19:00Z,Completed analysis for step 2,HASH-SHA256-202
CSE-01-CASE-0020-STP-3,CSE-01-CASE-0020,Forensic Step 3: Remediation Review,Completed,ANON-01,2026-08-01T12:18:00Z,2026-08-01T12:27:00Z,Completed analysis for step 3,HASH-SHA256-203
CSE-01-CASE-0020-STP-4,CSE-01-CASE-0020,Forensic Step 4: Artifact Capture,Completed,ANON-01,2026-08-01T12:23:00Z,2026-08-01T12:35:00Z,Completed analysis for step 4,HASH-SHA256-204
CSE-01-CASE-0020-STP-5,CSE-01-CASE-0020,Forensic Step 5: Memory Dump,Completed,ANON-01,2026-08-01T12:28:00Z,2026-08-01T12:43:00Z,Completed analysis for step 5,HASH-SHA256-205
CSE-01-CASE-0021-STP-1,CSE-01-CASE-0021,Forensic Step 1: Memory Dump,Completed,ANON-02,2026-08-03T11:00:00Z,2026-08-03T11:03:00Z,Completed analysis for step 1,HASH-SHA256-211
CSE-01-CASE-0021-STP-2,CSE-01-CASE-0021,Forensic Step 2: Egress Inspection,Completed,ANON-02,2026-08-03T11:05:00Z,2026-08-03T11:11:00Z,Completed analysis for step 2,HASH-SHA256-212
CSE-01-CASE-0021-STP-3,CSE-01-CASE-0021,Forensic Step 3: Remediation Review,Completed,ANON-02,2026-08-03T11:10:00Z,2026-08-03T11:19:00Z,Completed analysis for step 3,HASH-SHA256-213
CSE-01-CASE-0021-STP-4,CSE-01-CASE-0021,Forensic Step 4: Artifact Capture,Completed,ANON-02,2026-08-03T11:15:00Z,2026-08-03T11:27:00Z,Completed analysis for step 4,HASH-SHA256-214
CSE-01-CASE-0021-STP-5,CSE-01-CASE-0021,Forensic Step 5: Memory Dump,Completed,ANON-02,2026-08-03T11:20:00Z,2026-08-03T11:35:00Z,Completed analysis for step 5,HASH-SHA256-215
CSE-01-CASE-0022-STP-1,CSE-01-CASE-0022,Forensic Step 1: Memory Dump,Completed,ANON-03,2026-08-17T01:25:00Z,2026-08-17T01:28:00Z,Completed analysis for step 1,HASH-SHA256-221
CSE-01-CASE-0022-STP-2,CSE-01-CASE-0022,Forensic Step 2: Egress Inspection,Completed,ANON-03,2026-08-17T01:30:00Z,2026-08-17T01:36:00Z,Completed analysis for step 2,HASH-SHA256-222
CSE-01-CASE-0022-STP-3,CSE-01-CASE-0022,Forensic Step 3: Remediation Review,Completed,ANON-03,2026-08-17T01:35:00Z,2026-08-17T01:44:00Z,Completed analysis for step 3,HASH-SHA256-223
CSE-01-CASE-0022-STP-4,CSE-01-CASE-0022,Forensic Step 4: Artifact Capture,Completed,ANON-03,2026-08-17T01:40:00Z,2026-08-17T01:52:00Z,Completed analysis for step 4,HASH-SHA256-224
CSE-01-CASE-0022-STP-5,CSE-01-CASE-0022,Forensic Step 5: Memory Dump,Completed,ANON-03,2026-08-17T01:45:00Z,2026-08-17T02:00:00Z,Completed analysis for step 5,HASH-SHA256-225
CSE-01-CASE-0023-STP-1,CSE-01-CASE-0023,Forensic Step 1: Memory Dump,Completed,ANON-04,2026-08-26T07:56:00Z,2026-08-26T07:59:00Z,Completed analysis for step 1,HASH-SHA256-231
CSE-01-CASE-0023-STP-2,CSE-01-CASE-0023,Forensic Step 2: Egress Inspection,Completed,ANON-04,2026-08-26T08:01:00Z,2026-08-26T08:07:00Z,Completed analysis for step 2,HASH-SHA256-232
CSE-01-CASE-0023-STP-3,CSE-01-CASE-0023,Forensic Step 3: Remediation Review,Completed,ANON-04,2026-08-26T08:06:00Z,2026-08-26T08:15:00Z,Completed analysis for step 3,HASH-SHA256-233
CSE-01-CASE-0023-STP-4,CSE-01-CASE-0023,Forensic Step 4: Artifact Capture,Completed,ANON-04,2026-08-26T08:11:00Z,2026-08-26T08:23:00Z,Completed analysis for step 4,HASH-SHA256-234
CSE-01-CASE-0024-STP-1,CSE-01-CASE-0024,Forensic Step 1: Memory Dump,Completed,ANON-01,2026-08-30T00:37:00Z,2026-08-30T00:40:00Z,Completed analysis for step 1,HASH-SHA256-241
CSE-01-CASE-0024-STP-2,CSE-01-CASE-0024,Forensic Step 2: Egress Inspection,Completed,ANON-01,2026-08-30T00:42:00Z,2026-08-30T00:48:00Z,Completed analysis for step 2,HASH-SHA256-242
CSE-01-CASE-0024-STP-3,CSE-01-CASE-0024,Forensic Step 3: Remediation Review,Completed,ANON-01,2026-08-30T00:47:00Z,2026-08-30T00:56:00Z,Completed analysis for step 3,HASH-SHA256-243
CSE-01-CASE-0025-STP-1,CSE-01-CASE-0025,Forensic Step 1: Memory Dump,Completed,ANON-02,2026-08-20T01:20:00Z,2026-08-20T01:23:00Z,Completed analysis for step 1,HASH-SHA256-251
CSE-01-CASE-0025-STP-2,CSE-01-CASE-0025,Forensic Step 2: Egress Inspection,Completed,ANON-02,2026-08-20T01:25:00Z,2026-08-20T01:31:00Z,Completed analysis for step 2,HASH-SHA256-252
CSE-01-CASE-0025-STP-3,CSE-01-CASE-0025,Forensic Step 3: Remediation Review,Completed,ANON-02,2026-08-20T01:30:00Z,2026-08-20T01:39:00Z,Completed analysis for step 3,HASH-SHA256-253
CSE-01-CASE-0026-STP-1,CSE-01-CASE-0026,Forensic Step 1: Memory Dump,Completed,ANON-03,2026-08-03T10:09:00Z,2026-08-03T10:12:00Z,Completed analysis for step 1,HASH-SHA256-261
CSE-01-CASE-0026-STP-2,CSE-01-CASE-0026,Forensic Step 2: Egress Inspection,Completed,ANON-03,2026-08-03T10:14:00Z,2026-08-03T10:20:00Z,Completed analysis for step 2,HASH-SHA256-262
CSE-01-CASE-0026-STP-3,CSE-01-CASE-0026,Forensic Step 3: Remediation Review,Completed,ANON-03,2026-08-03T10:19:00Z,2026-08-03T10:28:00Z,Completed analysis for step 3,HASH-SHA256-263
CSE-01-CASE-0026-STP-4,CSE-01-CASE-0026,Forensic Step 4: Artifact Capture,Completed,ANON-03,2026-08-03T10:24:00Z,2026-08-03T10:36:00Z,Completed analysis for step 4,HASH-SHA256-264
CSE-01-CASE-0026-STP-5,CSE-01-CASE-0026,Forensic Step 5: Memory Dump,Completed,ANON-03,2026-08-03T10:29:00Z,2026-08-03T10:44:00Z,Completed analysis for step 5,HASH-SHA256-265
CSE-01-CASE-0027-STP-1,CSE-01-CASE-0027,Forensic Step 1: Memory Dump,Completed,ANON-04,2026-08-16T14:49:00Z,2026-08-16T14:52:00Z,Completed analysis for step 1,HASH-SHA256-271
CSE-01-CASE-0027-STP-2,CSE-01-CASE-0027,Forensic Step 2: Egress Inspection,Completed,ANON-04,2026-08-16T14:54:00Z,2026-08-16T15:00:00Z,Completed analysis for step 2,HASH-SHA256-272
CSE-01-CASE-0027-STP-3,CSE-01-CASE-0027,Forensic Step 3: Remediation Review,Completed,ANON-04,2026-08-16T14:59:00Z,2026-08-16T15:08:00Z,Completed analysis for step 3,HASH-SHA256-273
CSE-01-CASE-0027-STP-4,CSE-01-CASE-0027,Forensic Step 4: Artifact Capture,Completed,ANON-04,2026-08-16T15:04:00Z,2026-08-16T15:16:00Z,Completed analysis for step 4,HASH-SHA256-274
CSE-01-CASE-0028-STP-1,CSE-01-CASE-0028,Forensic Step 1: Memory Dump,Completed,ANON-01,2026-08-26T21:24:00Z,2026-08-26T21:27:00Z,Completed analysis for step 1,HASH-SHA256-281
CSE-01-CASE-0028-STP-2,CSE-01-CASE-0028,Forensic Step 2: Egress Inspection,Completed,ANON-01,2026-08-26T21:29:00Z,2026-08-26T21:35:00Z,Completed analysis for step 2,HASH-SHA256-282
CSE-01-CASE-0028-STP-3,CSE-01-CASE-0028,Forensic Step 3: Remediation Review,Completed,ANON-01,2026-08-26T21:34:00Z,2026-08-26T21:43:00Z,Completed analysis for step 3,HASH-SHA256-283
CSE-01-CASE-0028-STP-4,CSE-01-CASE-0028,Forensic Step 4: Artifact Capture,Completed,ANON-01,2026-08-26T21:39:00Z,2026-08-26T21:51:00Z,Completed analysis for step 4,HASH-SHA256-284
CSE-01-CASE-0029-STP-1,CSE-01-CASE-0029,Forensic Step 1: Memory Dump,Completed,ANON-02,2026-08-16T07:09:00Z,2026-08-16T07:12:00Z,Completed analysis for step 1,HASH-SHA256-291
CSE-01-CASE-0029-STP-2,CSE-01-CASE-0029,Forensic Step 2: Egress Inspection,Completed,ANON-02,2026-08-16T07:14:00Z,2026-08-16T07:20:00Z,Completed analysis for step 2,HASH-SHA256-292
CSE-01-CASE-0029-STP-3,CSE-01-CASE-0029,Forensic Step 3: Remediation Review,Completed,ANON-02,2026-08-16T07:19:00Z,2026-08-16T07:28:00Z,Completed analysis for step 3,HASH-SHA256-293
CSE-01-CASE-0030-STP-1,CSE-01-CASE-0030,Forensic Step 1: Memory Dump,Completed,ANON-03,2026-08-08T14:20:00Z,2026-08-08T14:23:00Z,Completed analysis for step 1,HASH-SHA256-301
CSE-01-CASE-0030-STP-2,CSE-01-CASE-0030,Forensic Step 2: Egress Inspection,Completed,ANON-03,2026-08-08T14:25:00Z,2026-08-08T14:31:00Z,Completed analysis for step 2,HASH-SHA256-302
CSE-01-CASE-0030-STP-3,CSE-01-CASE-0030,Forensic Step 3: Remediation Review,Completed,ANON-03,2026-08-08T14:30:00Z,2026-08-08T14:39:00Z,Completed analysis for step 3,HASH-SHA256-303
CSE-01-CASE-0030-STP-4,CSE-01-CASE-0030,Forensic Step 4: Artifact Capture,Completed,ANON-03,2026-08-08T14:35:00Z,2026-08-08T14:47:00Z,Completed analysis for step 4,HASH-SHA256-304
CSE-01-CASE-0031-STP-1,CSE-01-CASE-0031,Forensic Step 1: Memory Dump,Completed,ANON-04,2026-08-15T16:09:00Z,2026-08-15T16:12:00Z,Completed analysis for step 1,HASH-SHA256-311
CSE-01-CASE-0031-STP-2,CSE-01-CASE-0031,Forensic Step 2: Egress Inspection,Completed,ANON-04,2026-08-15T16:14:00Z,2026-08-15T16:20:00Z,Completed analysis for step 2,HASH-SHA256-312
CSE-01-CASE-0031-STP-3,CSE-01-CASE-0031,Forensic Step 3: Remediation Review,Completed,ANON-04,2026-08-15T16:19:00Z,2026-08-15T16:28:00Z,Completed analysis for step 3,HASH-SHA256-313
CSE-01-CASE-0031-STP-4,CSE-01-CASE-0031,Forensic Step 4: Artifact Capture,Completed,ANON-04,2026-08-15T16:24:00Z,2026-08-15T16:36:00Z,Completed analysis for step 4,HASH-SHA256-314
CSE-01-CASE-0031-STP-5,CSE-01-CASE-0031,Forensic Step 5: Memory Dump,Completed,ANON-04,2026-08-15T16:29:00Z,2026-08-15T16:44:00Z,Completed analysis for step 5,HASH-SHA256-315
CSE-01-CASE-0032-STP-1,CSE-01-CASE-0032,Forensic Step 1: Memory Dump,Completed,ANON-01,2026-08-18T08:13:00Z,2026-08-18T08:16:00Z,Completed analysis for step 1,HASH-SHA256-321
CSE-01-CASE-0032-STP-2,CSE-01-CASE-0032,Forensic Step 2: Egress Inspection,Completed,ANON-01,2026-08-18T08:18:00Z,2026-08-18T08:24:00Z,Completed analysis for step 2,HASH-SHA256-322
CSE-01-CASE-0032-STP-3,CSE-01-CASE-0032,Forensic Step 3: Remediation Review,Completed,ANON-01,2026-08-18T08:23:00Z,2026-08-18T08:32:00Z,Completed analysis for step 3,HASH-SHA256-323
CSE-01-CASE-0032-STP-4,CSE-01-CASE-0032,Forensic Step 4: Artifact Capture,Completed,ANON-01,2026-08-18T08:28:00Z,2026-08-18T08:40:00Z,Completed analysis for step 4,HASH-SHA256-324
CSE-01-CASE-0033-STP-1,CSE-01-CASE-0033,Forensic Step 1: Memory Dump,Completed,ANON-02,2026-08-07T21:09:00Z,2026-08-07T21:12:00Z,Completed analysis for step 1,HASH-SHA256-331
CSE-01-CASE-0033-STP-2,CSE-01-CASE-0033,Forensic Step 2: Egress Inspection,Completed,ANON-02,2026-08-07T21:14:00Z,2026-08-07T21:20:00Z,Completed analysis for step 2,HASH-SHA256-332
CSE-01-CASE-0033-STP-3,CSE-01-CASE-0033,Forensic Step 3: Remediation Review,Completed,ANON-02,2026-08-07T21:19:00Z,2026-08-07T21:28:00Z,Completed analysis for step 3,HASH-SHA256-333
CSE-01-CASE-0033-STP-4,CSE-01-CASE-0033,Forensic Step 4: Artifact Capture,Completed,ANON-02,2026-08-07T21:24:00Z,2026-08-07T21:36:00Z,Completed analysis for step 4,HASH-SHA256-334
CSE-01-CASE-0034-STP-1,CSE-01-CASE-0034,Forensic Step 1: Memory Dump,Completed,ANON-03,2026-08-26T22:31:00Z,2026-08-26T22:34:00Z,Completed analysis for step 1,HASH-SHA256-341
CSE-01-CASE-0034-STP-2,CSE-01-CASE-0034,Forensic Step 2: Egress Inspection,Completed,ANON-03,2026-08-26T22:36:00Z,2026-08-26T22:42:00Z,Completed analysis for step 2,HASH-SHA256-342
CSE-01-CASE-0034-STP-3,CSE-01-CASE-0034,Forensic Step 3: Remediation Review,Completed,ANON-03,2026-08-26T22:41:00Z,2026-08-26T22:50:00Z,Completed analysis for step 3,HASH-SHA256-343
CSE-01-CASE-0034-STP-4,CSE-01-CASE-0034,Forensic Step 4: Artifact Capture,Completed,ANON-03,2026-08-26T22:46:00Z,2026-08-26T22:58:00Z,Completed analysis for step 4,HASH-SHA256-344
CSE-01-CASE-0035-STP-1,CSE-01-CASE-0035,Forensic Step 1: Memory Dump,Completed,ANON-04,2026-08-07T09:43:00Z,2026-08-07T09:46:00Z,Completed analysis for step 1,HASH-SHA256-351
CSE-01-CASE-0035-STP-2,CSE-01-CASE-0035,Forensic Step 2: Egress Inspection,Completed,ANON-04,2026-08-07T09:48:00Z,2026-08-07T09:54:00Z,Completed analysis for step 2,HASH-SHA256-352
CSE-01-CASE-0035-STP-3,CSE-01-CASE-0035,Forensic Step 3: Remediation Review,Completed,ANON-04,2026-08-07T09:53:00Z,2026-08-07T10:02:00Z,Completed analysis for step 3,HASH-SHA256-353
CSE-01-CASE-0036-STP-1,CSE-01-CASE-0036,Forensic Step 1: Memory Dump,Completed,ANON-01,2026-08-03T02:38:00Z,2026-08-03T02:41:00Z,Completed analysis for step 1,HASH-SHA256-361
CSE-01-CASE-0036-STP-2,CSE-01-CASE-0036,Forensic Step 2: Egress Inspection,Completed,ANON-01,2026-08-03T02:43:00Z,2026-08-03T02:49:00Z,Completed analysis for step 2,HASH-SHA256-362
CSE-01-CASE-0036-STP-3,CSE-01-CASE-0036,Forensic Step 3: Remediation Review,Completed,ANON-01,2026-08-03T02:48:00Z,2026-08-03T02:57:00Z,Completed analysis for step 3,HASH-SHA256-363
CSE-01-CASE-0037-STP-1,CSE-01-CASE-0037,Forensic Step 1: Memory Dump,Completed,ANON-02,2026-08-04T03:16:00Z,2026-08-04T03:19:00Z,Completed analysis for step 1,HASH-SHA256-371
CSE-01-CASE-0037-STP-2,CSE-01-CASE-0037,Forensic Step 2: Egress Inspection,Completed,ANON-02,2026-08-04T03:21:00Z,2026-08-04T03:27:00Z,Completed analysis for step 2,HASH-SHA256-372
CSE-01-CASE-0037-STP-3,CSE-01-CASE-0037,Forensic Step 3: Remediation Review,Completed,ANON-02,2026-08-04T03:26:00Z,2026-08-04T03:35:00Z,Completed analysis for step 3,HASH-SHA256-373
CSE-01-CASE-0037-STP-4,CSE-01-CASE-0037,Forensic Step 4: Artifact Capture,Completed,ANON-02,2026-08-04T03:31:00Z,2026-08-04T03:43:00Z,Completed analysis for step 4,HASH-SHA256-374
CSE-01-CASE-0037-STP-5,CSE-01-CASE-0037,Forensic Step 5: Memory Dump,Completed,ANON-02,2026-08-04T03:36:00Z,2026-08-04T03:51:00Z,Completed analysis for step 5,HASH-SHA256-375
CSE-01-CASE-0038-STP-1,CSE-01-CASE-0038,Forensic Step 1: Memory Dump,Completed,ANON-03,2026-08-20T09:54:00Z,2026-08-20T09:57:00Z,Completed analysis for step 1,HASH-SHA256-381
CSE-01-CASE-0038-STP-2,CSE-01-CASE-0038,Forensic Step 2: Egress Inspection,Completed,ANON-03,2026-08-20T09:59:00Z,2026-08-20T10:05:00Z,Completed analysis for step 2,HASH-SHA256-382
CSE-01-CASE-0038-STP-3,CSE-01-CASE-0038,Forensic Step 3: Remediation Review,Completed,ANON-03,2026-08-20T10:04:00Z,2026-08-20T10:13:00Z,Completed analysis for step 3,HASH-SHA256-383
CSE-01-CASE-0038-STP-4,CSE-01-CASE-0038,Forensic Step 4: Artifact Capture,Completed,ANON-03,2026-08-20T10:09:00Z,2026-08-20T10:21:00Z,Completed analysis for step 4,HASH-SHA256-384
CSE-01-CASE-0039-STP-1,CSE-01-CASE-0039,Forensic Step 1: Memory Dump,Completed,ANON-04,2026-08-08T05:55:00Z,2026-08-08T05:58:00Z,Completed analysis for step 1,HASH-SHA256-391
CSE-01-CASE-0039-STP-2,CSE-01-CASE-0039,Forensic Step 2: Egress Inspection,Completed,ANON-04,2026-08-08T06:00:00Z,2026-08-08T06:06:00Z,Completed analysis for step 2,HASH-SHA256-392
CSE-01-CASE-0039-STP-3,CSE-01-CASE-0039,Forensic Step 3: Remediation Review,Completed,ANON-04,2026-08-08T06:05:00Z,2026-08-08T06:14:00Z,Completed analysis for step 3,HASH-SHA256-393
CSE-01-CASE-0039-STP-4,CSE-01-CASE-0039,Forensic Step 4: Artifact Capture,Completed,ANON-04,2026-08-08T06:10:00Z,2026-08-08T06:22:00Z,Completed analysis for step 4,HASH-SHA256-394
CSE-01-CASE-0039-STP-5,CSE-01-CASE-0039,Forensic Step 5: Memory Dump,Completed,ANON-04,2026-08-08T06:15:00Z,2026-08-08T06:30:00Z,Completed analysis for step 5,HASH-SHA256-395
CSE-01-CASE-0040-STP-1,CSE-01-CASE-0040,Forensic Step 1: Memory Dump,Completed,ANON-01,2026-08-21T17:35:00Z,2026-08-21T17:38:00Z,Completed analysis for step 1,HASH-SHA256-401
CSE-01-CASE-0040-STP-2,CSE-01-CASE-0040,Forensic Step 2: Egress Inspection,Completed,ANON-01,2026-08-21T17:40:00Z,2026-08-21T17:46:00Z,Completed analysis for step 2,HASH-SHA256-402
CSE-01-CASE-0040-STP-3,CSE-01-CASE-0040,Forensic Step 3: Remediation Review,Completed,ANON-01,2026-08-21T17:45:00Z,2026-08-21T17:54:00Z,Completed analysis for step 3,HASH-SHA256-403
CSE-01-CASE-0041-STP-1,CSE-01-CASE-0041,Forensic Step 1: Memory Dump,Completed,ANON-02,2026-08-18T14:43:00Z,2026-08-18T14:46:00Z,Completed analysis for step 1,HASH-SHA256-411
CSE-01-CASE-0041-STP-2,CSE-01-CASE-0041,Forensic Step 2: Egress Inspection,Completed,ANON-02,2026-08-18T14:48:00Z,2026-08-18T14:54:00Z,Completed analysis for step 2,HASH-SHA256-412
CSE-01-CASE-0041-STP-3,CSE-01-CASE-0041,Forensic Step 3: Remediation Review,Completed,ANON-02,2026-08-18T14:53:00Z,2026-08-18T15:02:00Z,Completed analysis for step 3,HASH-SHA256-413
CSE-01-CASE-0041-STP-4,CSE-01-CASE-0041,Forensic Step 4: Artifact Capture,Completed,ANON-02,2026-08-18T14:58:00Z,2026-08-18T15:10:00Z,Completed analysis for step 4,HASH-SHA256-414
CSE-01-CASE-0042-STP-1,CSE-01-CASE-0042,Forensic Step 1: Memory Dump,Completed,ANON-03,2026-08-10T13:38:00Z,2026-08-10T13:41:00Z,Completed analysis for step 1,HASH-SHA256-421
CSE-01-CASE-0042-STP-2,CSE-01-CASE-0042,Forensic Step 2: Egress Inspection,Completed,ANON-03,2026-08-10T13:43:00Z,2026-08-10T13:49:00Z,Completed analysis for step 2,HASH-SHA256-422
CSE-01-CASE-0042-STP-3,CSE-01-CASE-0042,Forensic Step 3: Remediation Review,Completed,ANON-03,2026-08-10T13:48:00Z,2026-08-10T13:57:00Z,Completed analysis for step 3,HASH-SHA256-423
CSE-01-CASE-0042-STP-4,CSE-01-CASE-0042,Forensic Step 4: Artifact Capture,Completed,ANON-03,2026-08-10T13:53:00Z,2026-08-10T14:05:00Z,Completed analysis for step 4,HASH-SHA256-424
CSE-01-CASE-0042-STP-5,CSE-01-CASE-0042,Forensic Step 5: Memory Dump,Completed,ANON-03,2026-08-10T13:58:00Z,2026-08-10T14:13:00Z,Completed analysis for step 5,HASH-SHA256-425
CSE-01-CASE-0043-STP-1,CSE-01-CASE-0043,Forensic Step 1: Memory Dump,Completed,ANON-04,2026-08-28T01:27:00Z,2026-08-28T01:30:00Z,Completed analysis for step 1,HASH-SHA256-431
CSE-01-CASE-0043-STP-2,CSE-01-CASE-0043,Forensic Step 2: Egress Inspection,Completed,ANON-04,2026-08-28T01:32:00Z,2026-08-28T01:38:00Z,Completed analysis for step 2,HASH-SHA256-432
CSE-01-CASE-0043-STP-3,CSE-01-CASE-0043,Forensic Step 3: Remediation Review,Completed,ANON-04,2026-08-28T01:37:00Z,2026-08-28T01:46:00Z,Completed analysis for step 3,HASH-SHA256-433
CSE-01-CASE-0044-STP-1,CSE-01-CASE-0044,Forensic Step 1: Memory Dump,Completed,ANON-01,2026-08-25T01:24:00Z,2026-08-25T01:27:00Z,Completed analysis for step 1,HASH-SHA256-441
CSE-01-CASE-0044-STP-2,CSE-01-CASE-0044,Forensic Step 2: Egress Inspection,Completed,ANON-01,2026-08-25T01:29:00Z,2026-08-25T01:35:00Z,Completed analysis for step 2,HASH-SHA256-442
CSE-01-CASE-0044-STP-3,CSE-01-CASE-0044,Forensic Step 3: Remediation Review,Completed,ANON-01,2026-08-25T01:34:00Z,2026-08-25T01:43:00Z,Completed analysis for step 3,HASH-SHA256-443
CSE-01-CASE-0045-STP-1,CSE-01-CASE-0045,Forensic Step 1: Memory Dump,Completed,ANON-02,2026-08-23T05:07:00Z,2026-08-23T05:10:00Z,Completed analysis for step 1,HASH-SHA256-451
CSE-01-CASE-0045-STP-2,CSE-01-CASE-0045,Forensic Step 2: Egress Inspection,Completed,ANON-02,2026-08-23T05:12:00Z,2026-08-23T05:18:00Z,Completed analysis for step 2,HASH-SHA256-452
CSE-01-CASE-0045-STP-3,CSE-01-CASE-0045,Forensic Step 3: Remediation Review,Completed,ANON-02,2026-08-23T05:17:00Z,2026-08-23T05:26:00Z,Completed analysis for step 3,HASH-SHA256-453
CSE-01-CASE-0046-STP-1,CSE-01-CASE-0046,Forensic Step 1: Memory Dump,Completed,ANON-03,2026-08-21T21:59:00Z,2026-08-21T22:02:00Z,Completed analysis for step 1,HASH-SHA256-461
CSE-01-CASE-0046-STP-2,CSE-01-CASE-0046,Forensic Step 2: Egress Inspection,Completed,ANON-03,2026-08-21T22:04:00Z,2026-08-21T22:10:00Z,Completed analysis for step 2,HASH-SHA256-462
CSE-01-CASE-0046-STP-3,CSE-01-CASE-0046,Forensic Step 3: Remediation Review,Completed,ANON-03,2026-08-21T22:09:00Z,2026-08-21T22:18:00Z,Completed analysis for step 3,HASH-SHA256-463
CSE-01-CASE-0046-STP-4,CSE-01-CASE-0046,Forensic Step 4: Artifact Capture,Completed,ANON-03,2026-08-21T22:14:00Z,2026-08-21T22:26:00Z,Completed analysis for step 4,HASH-SHA256-464
CSE-01-CASE-0046-STP-5,CSE-01-CASE-0046,Forensic Step 5: Memory Dump,Completed,ANON-03,2026-08-21T22:19:00Z,2026-08-21T22:34:00Z,Completed analysis for step 5,HASH-SHA256-465
CSE-01-CASE-0047-STP-1,CSE-01-CASE-0047,Forensic Step 1: Memory Dump,Completed,ANON-04,2026-08-09T13:59:00Z,2026-08-09T14:02:00Z,Completed analysis for step 1,HASH-SHA256-471
CSE-01-CASE-0047-STP-2,CSE-01-CASE-0047,Forensic Step 2: Egress Inspection,Completed,ANON-04,2026-08-09T14:04:00Z,2026-08-09T14:10:00Z,Completed analysis for step 2,HASH-SHA256-472
CSE-01-CASE-0047-STP-3,CSE-01-CASE-0047,Forensic Step 3: Remediation Review,Completed,ANON-04,2026-08-09T14:09:00Z,2026-08-09T14:18:00Z,Completed analysis for step 3,HASH-SHA256-473
CSE-01-CASE-0048-STP-1,CSE-01-CASE-0048,Forensic Step 1: Memory Dump,Completed,ANON-01,2026-08-04T07:03:00Z,2026-08-04T07:06:00Z,Completed analysis for step 1,HASH-SHA256-481
CSE-01-CASE-0048-STP-2,CSE-01-CASE-0048,Forensic Step 2: Egress Inspection,Completed,ANON-01,2026-08-04T07:08:00Z,2026-08-04T07:14:00Z,Completed analysis for step 2,HASH-SHA256-482
CSE-01-CASE-0048-STP-3,CSE-01-CASE-0048,Forensic Step 3: Remediation Review,Completed,ANON-01,2026-08-04T07:13:00Z,2026-08-04T07:22:00Z,Completed analysis for step 3,HASH-SHA256-483
CSE-01-CASE-0048-STP-4,CSE-01-CASE-0048,Forensic Step 4: Artifact Capture,Completed,ANON-01,2026-08-04T07:18:00Z,2026-08-04T07:30:00Z,Completed analysis for step 4,HASH-SHA256-484
CSE-01-CASE-0049-STP-1,CSE-01-CASE-0049,Forensic Step 1: Memory Dump,Completed,ANON-02,2026-08-05T09:30:00Z,2026-08-05T09:33:00Z,Completed analysis for step 1,HASH-SHA256-491
CSE-01-CASE-0049-STP-2,CSE-01-CASE-0049,Forensic Step 2: Egress Inspection,Completed,ANON-02,2026-08-05T09:35:00Z,2026-08-05T09:41:00Z,Completed analysis for step 2,HASH-SHA256-492
CSE-01-CASE-0049-STP-3,CSE-01-CASE-0049,Forensic Step 3: Remediation Review,Completed,ANON-02,2026-08-05T09:40:00Z,2026-08-05T09:49:00Z,Completed analysis for step 3,HASH-SHA256-493
CSE-01-CASE-0049-STP-4,CSE-01-CASE-0049,Forensic Step 4: Artifact Capture,Completed,ANON-02,2026-08-05T09:45:00Z,2026-08-05T09:57:00Z,Completed analysis for step 4,HASH-SHA256-494
CSE-01-CASE-0049-STP-5,CSE-01-CASE-0049,Forensic Step 5: Memory Dump,Completed,ANON-02,2026-08-05T09:50:00Z,2026-08-05T10:05:00Z,Completed analysis for step 5,HASH-SHA256-495
CSE-01-CASE-0050-STP-1,CSE-01-CASE-0050,Forensic Step 1: Memory Dump,Completed,ANON-03,2026-08-04T20:04:00Z,2026-08-04T20:07:00Z,Completed analysis for step 1,HASH-SHA256-501
CSE-01-CASE-0050-STP-2,CSE-01-CASE-0050,Forensic Step 2: Egress Inspection,Completed,ANON-03,2026-08-04T20:09:00Z,2026-08-04T20:15:00Z,Completed analysis for step 2,HASH-SHA256-502
CSE-01-CASE-0050-STP-3,CSE-01-CASE-0050,Forensic Step 3: Remediation Review,Completed,ANON-03,2026-08-04T20:14:00Z,2026-08-04T20:23:00Z,Completed analysis for step 3,HASH-SHA256-503
CSE-01-CASE-0051-STP-1,CSE-01-CASE-0051,Forensic Step 1: Memory Dump,Completed,ANON-04,2026-08-28T14:03:00Z,2026-08-28T14:06:00Z,Completed analysis for step 1,HASH-SHA256-511
CSE-01-CASE-0051-STP-2,CSE-01-CASE-0051,Forensic Step 2: Egress Inspection,Completed,ANON-04,2026-08-28T14:08:00Z,2026-08-28T14:14:00Z,Completed analysis for step 2,HASH-SHA256-512
CSE-01-CASE-0051-STP-3,CSE-01-CASE-0051,Forensic Step 3: Remediation Review,Completed,ANON-04,2026-08-28T14:13:00Z,2026-08-28T14:22:00Z,Completed analysis for step 3,HASH-SHA256-513
CSE-01-CASE-0051-STP-4,CSE-01-CASE-0051,Forensic Step 4: Artifact Capture,Completed,ANON-04,2026-08-28T14:18:00Z,2026-08-28T14:30:00Z,Completed analysis for step 4,HASH-SHA256-514
CSE-01-CASE-0051-STP-5,CSE-01-CASE-0051,Forensic Step 5: Memory Dump,Completed,ANON-04,2026-08-28T14:23:00Z,2026-08-28T14:38:00Z,Completed analysis for step 5,HASH-SHA256-515
CSE-01-CASE-0052-STP-1,CSE-01-CASE-0052,Forensic Step 1: Memory Dump,Completed,ANON-01,2026-08-11T22:01:00Z,2026-08-11T22:04:00Z,Completed analysis for step 1,HASH-SHA256-521
CSE-01-CASE-0052-STP-2,CSE-01-CASE-0052,Forensic Step 2: Egress Inspection,Completed,ANON-01,2026-08-11T22:06:00Z,2026-08-11T22:12:00Z,Completed analysis for step 2,HASH-SHA256-522
CSE-01-CASE-0052-STP-3,CSE-01-CASE-0052,Forensic Step 3: Remediation Review,Completed,ANON-01,2026-08-11T22:11:00Z,2026-08-11T22:20:00Z,Completed analysis for step 3,HASH-SHA256-523
CSE-01-CASE-0052-STP-4,CSE-01-CASE-0052,Forensic Step 4: Artifact Capture,Completed,ANON-01,2026-08-11T22:16:00Z,2026-08-11T22:28:00Z,Completed analysis for step 4,HASH-SHA256-524
CSE-01-CASE-0053-STP-1,CSE-01-CASE-0053,Forensic Step 1: Memory Dump,Completed,ANON-02,2026-08-28T10:03:00Z,2026-08-28T10:06:00Z,Completed analysis for step 1,HASH-SHA256-531
CSE-01-CASE-0053-STP-2,CSE-01-CASE-0053,Forensic Step 2: Egress Inspection,Completed,ANON-02,2026-08-28T10:08:00Z,2026-08-28T10:14:00Z,Completed analysis for step 2,HASH-SHA256-532
CSE-01-CASE-0053-STP-3,CSE-01-CASE-0053,Forensic Step 3: Remediation Review,Completed,ANON-02,2026-08-28T10:13:00Z,2026-08-28T10:22:00Z,Completed analysis for step 3,HASH-SHA256-533
CSE-01-CASE-0053-STP-4,CSE-01-CASE-0053,Forensic Step 4: Artifact Capture,Completed,ANON-02,2026-08-28T10:18:00Z,2026-08-28T10:30:00Z,Completed analysis for step 4,HASH-SHA256-534
CSE-01-CASE-0054-STP-1,CSE-01-CASE-0054,Forensic Step 1: Memory Dump,Completed,ANON-03,2026-08-27T15:26:00Z,2026-08-27T15:29:00Z,Completed analysis for step 1,HASH-SHA256-541
CSE-01-CASE-0054-STP-2,CSE-01-CASE-0054,Forensic Step 2: Egress Inspection,Completed,ANON-03,2026-08-27T15:31:00Z,2026-08-27T15:37:00Z,Completed analysis for step 2,HASH-SHA256-542
CSE-01-CASE-0054-STP-3,CSE-01-CASE-0054,Forensic Step 3: Remediation Review,Completed,ANON-03,2026-08-27T15:36:00Z,2026-08-27T15:45:00Z,Completed analysis for step 3,HASH-SHA256-543
CSE-01-CASE-0055-STP-1,CSE-01-CASE-0055,Forensic Step 1: Memory Dump,Completed,ANON-04,2026-08-25T16:34:00Z,2026-08-25T16:37:00Z,Completed analysis for step 1,HASH-SHA256-551
CSE-01-CASE-0055-STP-2,CSE-01-CASE-0055,Forensic Step 2: Egress Inspection,Completed,ANON-04,2026-08-25T16:39:00Z,2026-08-25T16:45:00Z,Completed analysis for step 2,HASH-SHA256-552
CSE-01-CASE-0055-STP-3,CSE-01-CASE-0055,Forensic Step 3: Remediation Review,Completed,ANON-04,2026-08-25T16:44:00Z,2026-08-25T16:53:00Z,Completed analysis for step 3,HASH-SHA256-553
CSE-01-CASE-0056-STP-1,CSE-01-CASE-0056,Forensic Step 1: Memory Dump,Completed,ANON-01,2026-08-04T16:17:00Z,2026-08-04T16:20:00Z,Completed analysis for step 1,HASH-SHA256-561
CSE-01-CASE-0056-STP-2,CSE-01-CASE-0056,Forensic Step 2: Egress Inspection,Completed,ANON-01,2026-08-04T16:22:00Z,2026-08-04T16:28:00Z,Completed analysis for step 2,HASH-SHA256-562
CSE-01-CASE-0056-STP-3,CSE-01-CASE-0056,Forensic Step 3: Remediation Review,Completed,ANON-01,2026-08-04T16:27:00Z,2026-08-04T16:36:00Z,Completed analysis for step 3,HASH-SHA256-563
CSE-01-CASE-0056-STP-4,CSE-01-CASE-0056,Forensic Step 4: Artifact Capture,Completed,ANON-01,2026-08-04T16:32:00Z,2026-08-04T16:44:00Z,Completed analysis for step 4,HASH-SHA256-564
CSE-01-CASE-0057-STP-1,CSE-01-CASE-0057,Forensic Step 1: Memory Dump,Completed,ANON-02,2026-08-24T18:34:00Z,2026-08-24T18:37:00Z,Completed analysis for step 1,HASH-SHA256-571
CSE-01-CASE-0057-STP-2,CSE-01-CASE-0057,Forensic Step 2: Egress Inspection,Completed,ANON-02,2026-08-24T18:39:00Z,2026-08-24T18:45:00Z,Completed analysis for step 2,HASH-SHA256-572
CSE-01-CASE-0057-STP-3,CSE-01-CASE-0057,Forensic Step 3: Remediation Review,Completed,ANON-02,2026-08-24T18:44:00Z,2026-08-24T18:53:00Z,Completed analysis for step 3,HASH-SHA256-573
CSE-01-CASE-0057-STP-4,CSE-01-CASE-0057,Forensic Step 4: Artifact Capture,Completed,ANON-02,2026-08-24T18:49:00Z,2026-08-24T19:01:00Z,Completed analysis for step 4,HASH-SHA256-574
CSE-01-CASE-0058-STP-1,CSE-01-CASE-0058,Forensic Step 1: Memory Dump,Completed,ANON-03,2026-08-03T06:41:00Z,2026-08-03T06:44:00Z,Completed analysis for step 1,HASH-SHA256-581
CSE-01-CASE-0058-STP-2,CSE-01-CASE-0058,Forensic Step 2: Egress Inspection,Completed,ANON-03,2026-08-03T06:46:00Z,2026-08-03T06:52:00Z,Completed analysis for step 2,HASH-SHA256-582
CSE-01-CASE-0058-STP-3,CSE-01-CASE-0058,Forensic Step 3: Remediation Review,Completed,ANON-03,2026-08-03T06:51:00Z,2026-08-03T07:00:00Z,Completed analysis for step 3,HASH-SHA256-583
CSE-01-CASE-0058-STP-4,CSE-01-CASE-0058,Forensic Step 4: Artifact Capture,Completed,ANON-03,2026-08-03T06:56:00Z,2026-08-03T07:08:00Z,Completed analysis for step 4,HASH-SHA256-584
CSE-01-CASE-0059-STP-1,CSE-01-CASE-0059,Forensic Step 1: Memory Dump,Completed,ANON-04,2026-08-14T10:53:00Z,2026-08-14T10:56:00Z,Completed analysis for step 1,HASH-SHA256-591
CSE-01-CASE-0059-STP-2,CSE-01-CASE-0059,Forensic Step 2: Egress Inspection,Completed,ANON-04,2026-08-14T10:58:00Z,2026-08-14T11:04:00Z,Completed analysis for step 2,HASH-SHA256-592
CSE-01-CASE-0059-STP-3,CSE-01-CASE-0059,Forensic Step 3: Remediation Review,Completed,ANON-04,2026-08-14T11:03:00Z,2026-08-14T11:12:00Z,Completed analysis for step 3,HASH-SHA256-593
CSE-01-CASE-0059-STP-4,CSE-01-CASE-0059,Forensic Step 4: Artifact Capture,Completed,ANON-04,2026-08-14T11:08:00Z,2026-08-14T11:20:00Z,Completed analysis for step 4,HASH-SHA256-594
CSE-01-CASE-0059-STP-5,CSE-01-CASE-0059,Forensic Step 5: Memory Dump,Completed,ANON-04,2026-08-14T11:13:00Z,2026-08-14T11:28:00Z,Completed analysis for step 5,HASH-SHA256-595
CSE-01-CASE-0060-STP-1,CSE-01-CASE-0060,Forensic Step 1: Memory Dump,Completed,ANON-01,2026-08-29T17:43:00Z,2026-08-29T17:46:00Z,Completed analysis for step 1,HASH-SHA256-601
CSE-01-CASE-0060-STP-2,CSE-01-CASE-0060,Forensic Step 2: Egress Inspection,Completed,ANON-01,2026-08-29T17:48:00Z,2026-08-29T17:54:00Z,Completed analysis for step 2,HASH-SHA256-602
CSE-01-CASE-0060-STP-3,CSE-01-CASE-0060,Forensic Step 3: Remediation Review,Completed,ANON-01,2026-08-29T17:53:00Z,2026-08-29T18:02:00Z,Completed analysis for step 3,HASH-SHA256-603
CSE-01-CASE-0060-STP-4,CSE-01-CASE-0060,Forensic Step 4: Artifact Capture,Completed,ANON-01,2026-08-29T17:58:00Z,2026-08-29T18:10:00Z,Completed analysis for step 4,HASH-SHA256-604
CSE-01-CASE-0060-STP-5,CSE-01-CASE-0060,Forensic Step 5: Memory Dump,Completed,ANON-01,2026-08-29T18:03:00Z,2026-08-29T18:18:00Z,Completed analysis for step 5,HASH-SHA256-605
CSE-02-CASE-0001-STP-1,CSE-02-CASE-0001,Forensic Step 1: Memory Dump,Completed,ANON-02,2026-08-22T17:22:00Z,2026-08-22T17:25:00Z,Completed analysis for step 1,HASH-SHA256-11
CSE-02-CASE-0001-STP-2,CSE-02-CASE-0001,Forensic Step 2: Egress Inspection,Completed,ANON-02,2026-08-22T17:27:00Z,2026-08-22T17:33:00Z,Completed analysis for step 2,HASH-SHA256-12
CSE-02-CASE-0001-STP-3,CSE-02-CASE-0001,Forensic Step 3: Remediation Review,Completed,ANON-02,2026-08-22T17:32:00Z,2026-08-22T17:41:00Z,Completed analysis for step 3,HASH-SHA256-13
CSE-02-CASE-0002-STP-1,CSE-02-CASE-0002,Forensic Step 1: Memory Dump,Completed,ANON-03,2026-08-17T04:07:00Z,2026-08-17T04:10:00Z,Completed analysis for step 1,HASH-SHA256-21
CSE-02-CASE-0002-STP-2,CSE-02-CASE-0002,Forensic Step 2: Egress Inspection,Completed,ANON-03,2026-08-17T04:12:00Z,2026-08-17T04:18:00Z,Completed analysis for step 2,HASH-SHA256-22
CSE-02-CASE-0002-STP-3,CSE-02-CASE-0002,Forensic Step 3: Remediation Review,Completed,ANON-03,2026-08-17T04:17:00Z,2026-08-17T04:26:00Z,Completed analysis for step 3,HASH-SHA256-23
CSE-02-CASE-0002-STP-4,CSE-02-CASE-0002,Forensic Step 4: Artifact Capture,Completed,ANON-03,2026-08-17T04:22:00Z,2026-08-17T04:34:00Z,Completed analysis for step 4,HASH-SHA256-24
CSE-02-CASE-0002-STP-5,CSE-02-CASE-0002,Forensic Step 5: Memory Dump,Completed,ANON-03,2026-08-17T04:27:00Z,2026-08-17T04:42:00Z,Completed analysis for step 5,HASH-SHA256-25
CSE-02-CASE-0003-STP-1,CSE-02-CASE-0003,Forensic Step 1: Memory Dump,Completed,ANON-04,2026-08-23T20:39:00Z,2026-08-23T20:42:00Z,Completed analysis for step 1,HASH-SHA256-31
CSE-02-CASE-0003-STP-2,CSE-02-CASE-0003,Forensic Step 2: Egress Inspection,Completed,ANON-04,2026-08-23T20:44:00Z,2026-08-23T20:50:00Z,Completed analysis for step 2,HASH-SHA256-32
CSE-02-CASE-0003-STP-3,CSE-02-CASE-0003,Forensic Step 3: Remediation Review,Completed,ANON-04,2026-08-23T20:49:00Z,2026-08-23T20:58:00Z,Completed analysis for step 3,HASH-SHA256-33
CSE-02-CASE-0004-STP-1,CSE-02-CASE-0004,Forensic Step 1: Memory Dump,Completed,ANON-01,2026-08-25T21:27:00Z,2026-08-25T21:30:00Z,Completed analysis for step 1,HASH-SHA256-41
CSE-02-CASE-0004-STP-2,CSE-02-CASE-0004,Forensic Step 2: Egress Inspection,Completed,ANON-01,2026-08-25T21:32:00Z,2026-08-25T21:38:00Z,Completed analysis for step 2,HASH-SHA256-42
CSE-02-CASE-0004-STP-3,CSE-02-CASE-0004,Forensic Step 3: Remediation Review,Completed,ANON-01,2026-08-25T21:37:00Z,2026-08-25T21:46:00Z,Completed analysis for step 3,HASH-SHA256-43
CSE-02-CASE-0005-STP-1,CSE-02-CASE-0005,Forensic Step 1: Memory Dump,Completed,ANON-02,2026-08-15T13:05:00Z,2026-08-15T13:08:00Z,Completed analysis for step 1,HASH-SHA256-51
CSE-02-CASE-0005-STP-2,CSE-02-CASE-0005,Forensic Step 2: Egress Inspection,Completed,ANON-02,2026-08-15T13:10:00Z,2026-08-15T13:16:00Z,Completed analysis for step 2,HASH-SHA256-52
CSE-02-CASE-0005-STP-3,CSE-02-CASE-0005,Forensic Step 3: Remediation Review,Completed,ANON-02,2026-08-15T13:15:00Z,2026-08-15T13:24:00Z,Completed analysis for step 3,HASH-SHA256-53
CSE-02-CASE-0005-STP-4,CSE-02-CASE-0005,Forensic Step 4: Artifact Capture,Completed,ANON-02,2026-08-15T13:20:00Z,2026-08-15T13:32:00Z,Completed analysis for step 4,HASH-SHA256-54
CSE-02-CASE-0006-STP-1,CSE-02-CASE-0006,Forensic Step 1: Memory Dump,Completed,ANON-03,2026-08-21T08:11:00Z,2026-08-21T08:14:00Z,Completed analysis for step 1,HASH-SHA256-61
CSE-02-CASE-0006-STP-2,CSE-02-CASE-0006,Forensic Step 2: Egress Inspection,Completed,ANON-03,2026-08-21T08:16:00Z,2026-08-21T08:22:00Z,Completed analysis for step 2,HASH-SHA256-62
CSE-02-CASE-0006-STP-3,CSE-02-CASE-0006,Forensic Step 3: Remediation Review,Completed,ANON-03,2026-08-21T08:21:00Z,2026-08-21T08:30:00Z,Completed analysis for step 3,HASH-SHA256-63
CSE-02-CASE-0006-STP-4,CSE-02-CASE-0006,Forensic Step 4: Artifact Capture,Completed,ANON-03,2026-08-21T08:26:00Z,2026-08-21T08:38:00Z,Completed analysis for step 4,HASH-SHA256-64
CSE-02-CASE-0006-STP-5,CSE-02-CASE-0006,Forensic Step 5: Memory Dump,Completed,ANON-03,2026-08-21T08:31:00Z,2026-08-21T08:46:00Z,Completed analysis for step 5,HASH-SHA256-65
CSE-02-CASE-0007-STP-1,CSE-02-CASE-0007,Forensic Step 1: Memory Dump,Completed,ANON-04,2026-08-28T23:38:00Z,2026-08-28T23:41:00Z,Completed analysis for step 1,HASH-SHA256-71
CSE-02-CASE-0007-STP-2,CSE-02-CASE-0007,Forensic Step 2: Egress Inspection,Completed,ANON-04,2026-08-28T23:43:00Z,2026-08-28T23:49:00Z,Completed analysis for step 2,HASH-SHA256-72
CSE-02-CASE-0007-STP-3,CSE-02-CASE-0007,Forensic Step 3: Remediation Review,Completed,ANON-04,2026-08-28T23:48:00Z,2026-08-28T23:57:00Z,Completed analysis for step 3,HASH-SHA256-73
CSE-02-CASE-0007-STP-4,CSE-02-CASE-0007,Forensic Step 4: Artifact Capture,Completed,ANON-04,2026-08-28T23:53:00Z,2026-08-29T00:05:00Z,Completed analysis for step 4,HASH-SHA256-74
CSE-02-CASE-0007-STP-5,CSE-02-CASE-0007,Forensic Step 5: Memory Dump,Completed,ANON-04,2026-08-28T23:58:00Z,2026-08-29T00:13:00Z,Completed analysis for step 5,HASH-SHA256-75
CSE-02-CASE-0008-STP-1,CSE-02-CASE-0008,Forensic Step 1: Memory Dump,Completed,ANON-01,2026-08-08T16:37:00Z,2026-08-08T16:40:00Z,Completed analysis for step 1,HASH-SHA256-81
CSE-02-CASE-0008-STP-2,CSE-02-CASE-0008,Forensic Step 2: Egress Inspection,Completed,ANON-01,2026-08-08T16:42:00Z,2026-08-08T16:48:00Z,Completed analysis for step 2,HASH-SHA256-82
CSE-02-CASE-0008-STP-3,CSE-02-CASE-0008,Forensic Step 3: Remediation Review,Completed,ANON-01,2026-08-08T16:47:00Z,2026-08-08T16:56:00Z,Completed analysis for step 3,HASH-SHA256-83
CSE-02-CASE-0008-STP-4,CSE-02-CASE-0008,Forensic Step 4: Artifact Capture,Completed,ANON-01,2026-08-08T16:52:00Z,2026-08-08T17:04:00Z,Completed analysis for step 4,HASH-SHA256-84
CSE-02-CASE-0009-STP-1,CSE-02-CASE-0009,Forensic Step 1: Memory Dump,Completed,ANON-02,2026-08-30T01:14:00Z,2026-08-30T01:17:00Z,Completed analysis for step 1,HASH-SHA256-91
CSE-02-CASE-0009-STP-2,CSE-02-CASE-0009,Forensic Step 2: Egress Inspection,Completed,ANON-02,2026-08-30T01:19:00Z,2026-08-30T01:25:00Z,Completed analysis for step 2,HASH-SHA256-92
CSE-02-CASE-0009-STP-3,CSE-02-CASE-0009,Forensic Step 3: Remediation Review,Completed,ANON-02,2026-08-30T01:24:00Z,2026-08-30T01:33:00Z,Completed analysis for step 3,HASH-SHA256-93
CSE-02-CASE-0009-STP-4,CSE-02-CASE-0009,Forensic Step 4: Artifact Capture,Completed,ANON-02,2026-08-30T01:29:00Z,2026-08-30T01:41:00Z,Completed analysis for step 4,HASH-SHA256-94
CSE-02-CASE-0009-STP-5,CSE-02-CASE-0009,Forensic Step 5: Memory Dump,Completed,ANON-02,2026-08-30T01:34:00Z,2026-08-30T01:49:00Z,Completed analysis for step 5,HASH-SHA256-95
CSE-02-CASE-0010-STP-1,CSE-02-CASE-0010,Forensic Step 1: Memory Dump,Completed,ANON-03,2026-08-07T10:40:00Z,2026-08-07T10:43:00Z,Completed analysis for step 1,HASH-SHA256-101
CSE-02-CASE-0010-STP-2,CSE-02-CASE-0010,Forensic Step 2: Egress Inspection,Completed,ANON-03,2026-08-07T10:45:00Z,2026-08-07T10:51:00Z,Completed analysis for step 2,HASH-SHA256-102
CSE-02-CASE-0010-STP-3,CSE-02-CASE-0010,Forensic Step 3: Remediation Review,Completed,ANON-03,2026-08-07T10:50:00Z,2026-08-07T10:59:00Z,Completed analysis for step 3,HASH-SHA256-103
CSE-02-CASE-0011-STP-1,CSE-02-CASE-0011,Forensic Step 1: Memory Dump,Completed,ANON-04,2026-08-07T21:30:00Z,2026-08-07T21:33:00Z,Completed analysis for step 1,HASH-SHA256-111
CSE-02-CASE-0011-STP-2,CSE-02-CASE-0011,Forensic Step 2: Egress Inspection,Completed,ANON-04,2026-08-07T21:35:00Z,2026-08-07T21:41:00Z,Completed analysis for step 2,HASH-SHA256-112
CSE-02-CASE-0011-STP-3,CSE-02-CASE-0011,Forensic Step 3: Remediation Review,Completed,ANON-04,2026-08-07T21:40:00Z,2026-08-07T21:49:00Z,Completed analysis for step 3,HASH-SHA256-113
CSE-02-CASE-0011-STP-4,CSE-02-CASE-0011,Forensic Step 4: Artifact Capture,Completed,ANON-04,2026-08-07T21:45:00Z,2026-08-07T21:57:00Z,Completed analysis for step 4,HASH-SHA256-114
CSE-02-CASE-0012-STP-1,CSE-02-CASE-0012,Forensic Step 1: Memory Dump,Completed,ANON-01,2026-08-01T19:31:00Z,2026-08-01T19:34:00Z,Completed analysis for step 1,HASH-SHA256-121
CSE-02-CASE-0012-STP-2,CSE-02-CASE-0012,Forensic Step 2: Egress Inspection,Completed,ANON-01,2026-08-01T19:36:00Z,2026-08-01T19:42:00Z,Completed analysis for step 2,HASH-SHA256-122
CSE-02-CASE-0012-STP-3,CSE-02-CASE-0012,Forensic Step 3: Remediation Review,Completed,ANON-01,2026-08-01T19:41:00Z,2026-08-01T19:50:00Z,Completed analysis for step 3,HASH-SHA256-123
CSE-02-CASE-0012-STP-4,CSE-02-CASE-0012,Forensic Step 4: Artifact Capture,Completed,ANON-01,2026-08-01T19:46:00Z,2026-08-01T19:58:00Z,Completed analysis for step 4,HASH-SHA256-124
CSE-02-CASE-0013-STP-1,CSE-02-CASE-0013,Forensic Step 1: Memory Dump,Completed,ANON-02,2026-08-08T16:39:00Z,2026-08-08T16:42:00Z,Completed analysis for step 1,HASH-SHA256-131
CSE-02-CASE-0013-STP-2,CSE-02-CASE-0013,Forensic Step 2: Egress Inspection,Completed,ANON-02,2026-08-08T16:44:00Z,2026-08-08T16:50:00Z,Completed analysis for step 2,HASH-SHA256-132
CSE-02-CASE-0013-STP-3,CSE-02-CASE-0013,Forensic Step 3: Remediation Review,Completed,ANON-02,2026-08-08T16:49:00Z,2026-08-08T16:58:00Z,Completed analysis for step 3,HASH-SHA256-133
CSE-02-CASE-0013-STP-4,CSE-02-CASE-0013,Forensic Step 4: Artifact Capture,Completed,ANON-02,2026-08-08T16:54:00Z,2026-08-08T17:06:00Z,Completed analysis for step 4,HASH-SHA256-134
CSE-02-CASE-0013-STP-5,CSE-02-CASE-0013,Forensic Step 5: Memory Dump,Completed,ANON-02,2026-08-08T16:59:00Z,2026-08-08T17:14:00Z,Completed analysis for step 5,HASH-SHA256-135
CSE-02-CASE-0014-STP-1,CSE-02-CASE-0014,Forensic Step 1: Memory Dump,Completed,ANON-03,2026-08-06T23:12:00Z,2026-08-06T23:15:00Z,Completed analysis for step 1,HASH-SHA256-141
CSE-02-CASE-0014-STP-2,CSE-02-CASE-0014,Forensic Step 2: Egress Inspection,Completed,ANON-03,2026-08-06T23:17:00Z,2026-08-06T23:23:00Z,Completed analysis for step 2,HASH-SHA256-142
CSE-02-CASE-0014-STP-3,CSE-02-CASE-0014,Forensic Step 3: Remediation Review,Completed,ANON-03,2026-08-06T23:22:00Z,2026-08-06T23:31:00Z,Completed analysis for step 3,HASH-SHA256-143
CSE-02-CASE-0014-STP-4,CSE-02-CASE-0014,Forensic Step 4: Artifact Capture,Completed,ANON-03,2026-08-06T23:27:00Z,2026-08-06T23:39:00Z,Completed analysis for step 4,HASH-SHA256-144
CSE-02-CASE-0014-STP-5,CSE-02-CASE-0014,Forensic Step 5: Memory Dump,Completed,ANON-03,2026-08-06T23:32:00Z,2026-08-06T23:47:00Z,Completed analysis for step 5,HASH-SHA256-145
CSE-02-CASE-0015-STP-1,CSE-02-CASE-0015,Forensic Step 1: Memory Dump,Completed,ANON-04,2026-08-20T05:09:00Z,2026-08-20T05:12:00Z,Completed analysis for step 1,HASH-SHA256-151
CSE-02-CASE-0015-STP-2,CSE-02-CASE-0015,Forensic Step 2: Egress Inspection,Completed,ANON-04,2026-08-20T05:14:00Z,2026-08-20T05:20:00Z,Completed analysis for step 2,HASH-SHA256-152
CSE-02-CASE-0015-STP-3,CSE-02-CASE-0015,Forensic Step 3: Remediation Review,Completed,ANON-04,2026-08-20T05:19:00Z,2026-08-20T05:28:00Z,Completed analysis for step 3,HASH-SHA256-153
CSE-02-CASE-0016-STP-1,CSE-02-CASE-0016,Forensic Step 1: Memory Dump,Completed,ANON-01,2026-08-09T20:31:00Z,2026-08-09T20:34:00Z,Completed analysis for step 1,HASH-SHA256-161
CSE-02-CASE-0016-STP-2,CSE-02-CASE-0016,Forensic Step 2: Egress Inspection,Completed,ANON-01,2026-08-09T20:36:00Z,2026-08-09T20:42:00Z,Completed analysis for step 2,HASH-SHA256-162
CSE-02-CASE-0016-STP-3,CSE-02-CASE-0016,Forensic Step 3: Remediation Review,Completed,ANON-01,2026-08-09T20:41:00Z,2026-08-09T20:50:00Z,Completed analysis for step 3,HASH-SHA256-163
CSE-02-CASE-0016-STP-4,CSE-02-CASE-0016,Forensic Step 4: Artifact Capture,Completed,ANON-01,2026-08-09T20:46:00Z,2026-08-09T20:58:00Z,Completed analysis for step 4,HASH-SHA256-164
CSE-02-CASE-0017-STP-1,CSE-02-CASE-0017,Forensic Step 1: Memory Dump,Completed,ANON-02,2026-08-25T21:29:00Z,2026-08-25T21:32:00Z,Completed analysis for step 1,HASH-SHA256-171
CSE-02-CASE-0017-STP-2,CSE-02-CASE-0017,Forensic Step 2: Egress Inspection,Completed,ANON-02,2026-08-25T21:34:00Z,2026-08-25T21:40:00Z,Completed analysis for step 2,HASH-SHA256-172
CSE-02-CASE-0017-STP-3,CSE-02-CASE-0017,Forensic Step 3: Remediation Review,Completed,ANON-02,2026-08-25T21:39:00Z,2026-08-25T21:48:00Z,Completed analysis for step 3,HASH-SHA256-173
CSE-02-CASE-0017-STP-4,CSE-02-CASE-0017,Forensic Step 4: Artifact Capture,Completed,ANON-02,2026-08-25T21:44:00Z,2026-08-25T21:56:00Z,Completed analysis for step 4,HASH-SHA256-174
CSE-02-CASE-0018-STP-1,CSE-02-CASE-0018,Forensic Step 1: Memory Dump,Completed,ANON-03,2026-08-09T04:10:00Z,2026-08-09T04:13:00Z,Completed analysis for step 1,HASH-SHA256-181
CSE-02-CASE-0018-STP-2,CSE-02-CASE-0018,Forensic Step 2: Egress Inspection,Completed,ANON-03,2026-08-09T04:15:00Z,2026-08-09T04:21:00Z,Completed analysis for step 2,HASH-SHA256-182
CSE-02-CASE-0018-STP-3,CSE-02-CASE-0018,Forensic Step 3: Remediation Review,Completed,ANON-03,2026-08-09T04:20:00Z,2026-08-09T04:29:00Z,Completed analysis for step 3,HASH-SHA256-183
CSE-02-CASE-0019-STP-1,CSE-02-CASE-0019,Forensic Step 1: Memory Dump,Completed,ANON-04,2026-08-20T12:22:00Z,2026-08-20T12:25:00Z,Completed analysis for step 1,HASH-SHA256-191
CSE-02-CASE-0019-STP-2,CSE-02-CASE-0019,Forensic Step 2: Egress Inspection,Completed,ANON-04,2026-08-20T12:27:00Z,2026-08-20T12:33:00Z,Completed analysis for step 2,HASH-SHA256-192
CSE-02-CASE-0019-STP-3,CSE-02-CASE-0019,Forensic Step 3: Remediation Review,Completed,ANON-04,2026-08-20T12:32:00Z,2026-08-20T12:41:00Z,Completed analysis for step 3,HASH-SHA256-193
CSE-02-CASE-0019-STP-4,CSE-02-CASE-0019,Forensic Step 4: Artifact Capture,Completed,ANON-04,2026-08-20T12:37:00Z,2026-08-20T12:49:00Z,Completed analysis for step 4,HASH-SHA256-194
CSE-02-CASE-0020-STP-1,CSE-02-CASE-0020,Forensic Step 1: Memory Dump,Completed,ANON-01,2026-08-23T17:04:00Z,2026-08-23T17:07:00Z,Completed analysis for step 1,HASH-SHA256-201
CSE-02-CASE-0020-STP-2,CSE-02-CASE-0020,Forensic Step 2: Egress Inspection,Completed,ANON-01,2026-08-23T17:09:00Z,2026-08-23T17:15:00Z,Completed analysis for step 2,HASH-SHA256-202
CSE-02-CASE-0020-STP-3,CSE-02-CASE-0020,Forensic Step 3: Remediation Review,Completed,ANON-01,2026-08-23T17:14:00Z,2026-08-23T17:23:00Z,Completed analysis for step 3,HASH-SHA256-203
CSE-02-CASE-0021-STP-1,CSE-02-CASE-0021,Forensic Step 1: Memory Dump,Completed,ANON-02,2026-08-10T11:52:00Z,2026-08-10T11:55:00Z,Completed analysis for step 1,HASH-SHA256-211
CSE-02-CASE-0021-STP-2,CSE-02-CASE-0021,Forensic Step 2: Egress Inspection,Completed,ANON-02,2026-08-10T11:57:00Z,2026-08-10T12:03:00Z,Completed analysis for step 2,HASH-SHA256-212
CSE-02-CASE-0021-STP-3,CSE-02-CASE-0021,Forensic Step 3: Remediation Review,Completed,ANON-02,2026-08-10T12:02:00Z,2026-08-10T12:11:00Z,Completed analysis for step 3,HASH-SHA256-213
CSE-02-CASE-0021-STP-4,CSE-02-CASE-0021,Forensic Step 4: Artifact Capture,Completed,ANON-02,2026-08-10T12:07:00Z,2026-08-10T12:19:00Z,Completed analysis for step 4,HASH-SHA256-214
CSE-02-CASE-0022-STP-1,CSE-02-CASE-0022,Forensic Step 1: Memory Dump,Completed,ANON-03,2026-08-23T14:13:00Z,2026-08-23T14:16:00Z,Completed analysis for step 1,HASH-SHA256-221
CSE-02-CASE-0022-STP-2,CSE-02-CASE-0022,Forensic Step 2: Egress Inspection,Completed,ANON-03,2026-08-23T14:18:00Z,2026-08-23T14:24:00Z,Completed analysis for step 2,HASH-SHA256-222
CSE-02-CASE-0022-STP-3,CSE-02-CASE-0022,Forensic Step 3: Remediation Review,Completed,ANON-03,2026-08-23T14:23:00Z,2026-08-23T14:32:00Z,Completed analysis for step 3,HASH-SHA256-223
CSE-02-CASE-0022-STP-4,CSE-02-CASE-0022,Forensic Step 4: Artifact Capture,Completed,ANON-03,2026-08-23T14:28:00Z,2026-08-23T14:40:00Z,Completed analysis for step 4,HASH-SHA256-224
CSE-02-CASE-0022-STP-5,CSE-02-CASE-0022,Forensic Step 5: Memory Dump,Completed,ANON-03,2026-08-23T14:33:00Z,2026-08-23T14:48:00Z,Completed analysis for step 5,HASH-SHA256-225
CSE-02-CASE-0023-STP-1,CSE-02-CASE-0023,Forensic Step 1: Memory Dump,Completed,ANON-04,2026-08-20T12:01:00Z,2026-08-20T12:04:00Z,Completed analysis for step 1,HASH-SHA256-231
CSE-02-CASE-0023-STP-2,CSE-02-CASE-0023,Forensic Step 2: Egress Inspection,Completed,ANON-04,2026-08-20T12:06:00Z,2026-08-20T12:12:00Z,Completed analysis for step 2,HASH-SHA256-232
CSE-02-CASE-0023-STP-3,CSE-02-CASE-0023,Forensic Step 3: Remediation Review,Completed,ANON-04,2026-08-20T12:11:00Z,2026-08-20T12:20:00Z,Completed analysis for step 3,HASH-SHA256-233
CSE-02-CASE-0023-STP-4,CSE-02-CASE-0023,Forensic Step 4: Artifact Capture,Completed,ANON-04,2026-08-20T12:16:00Z,2026-08-20T12:28:00Z,Completed analysis for step 4,HASH-SHA256-234
CSE-02-CASE-0023-STP-5,CSE-02-CASE-0023,Forensic Step 5: Memory Dump,Completed,ANON-04,2026-08-20T12:21:00Z,2026-08-20T12:36:00Z,Completed analysis for step 5,HASH-SHA256-235
CSE-02-CASE-0024-STP-1,CSE-02-CASE-0024,Forensic Step 1: Memory Dump,Completed,ANON-01,2026-08-12T10:38:00Z,2026-08-12T10:41:00Z,Completed analysis for step 1,HASH-SHA256-241
CSE-02-CASE-0024-STP-2,CSE-02-CASE-0024,Forensic Step 2: Egress Inspection,Completed,ANON-01,2026-08-12T10:43:00Z,2026-08-12T10:49:00Z,Completed analysis for step 2,HASH-SHA256-242
CSE-02-CASE-0024-STP-3,CSE-02-CASE-0024,Forensic Step 3: Remediation Review,Completed,ANON-01,2026-08-12T10:48:00Z,2026-08-12T10:57:00Z,Completed analysis for step 3,HASH-SHA256-243
CSE-02-CASE-0025-STP-1,CSE-02-CASE-0025,Forensic Step 1: Memory Dump,Completed,ANON-02,2026-08-14T19:48:00Z,2026-08-14T19:51:00Z,Completed analysis for step 1,HASH-SHA256-251
CSE-02-CASE-0025-STP-2,CSE-02-CASE-0025,Forensic Step 2: Egress Inspection,Completed,ANON-02,2026-08-14T19:53:00Z,2026-08-14T19:59:00Z,Completed analysis for step 2,HASH-SHA256-252
CSE-02-CASE-0025-STP-3,CSE-02-CASE-0025,Forensic Step 3: Remediation Review,Completed,ANON-02,2026-08-14T19:58:00Z,2026-08-14T20:07:00Z,Completed analysis for step 3,HASH-SHA256-253
CSE-02-CASE-0025-STP-4,CSE-02-CASE-0025,Forensic Step 4: Artifact Capture,Completed,ANON-02,2026-08-14T20:03:00Z,2026-08-14T20:15:00Z,Completed analysis for step 4,HASH-SHA256-254
CSE-02-CASE-0025-STP-5,CSE-02-CASE-0025,Forensic Step 5: Memory Dump,Completed,ANON-02,2026-08-14T20:08:00Z,2026-08-14T20:23:00Z,Completed analysis for step 5,HASH-SHA256-255
CSE-02-CASE-0026-STP-1,CSE-02-CASE-0026,Forensic Step 1: Memory Dump,Completed,ANON-03,2026-08-18T04:30:00Z,2026-08-18T04:33:00Z,Completed analysis for step 1,HASH-SHA256-261
CSE-02-CASE-0026-STP-2,CSE-02-CASE-0026,Forensic Step 2: Egress Inspection,Completed,ANON-03,2026-08-18T04:35:00Z,2026-08-18T04:41:00Z,Completed analysis for step 2,HASH-SHA256-262
CSE-02-CASE-0026-STP-3,CSE-02-CASE-0026,Forensic Step 3: Remediation Review,Completed,ANON-03,2026-08-18T04:40:00Z,2026-08-18T04:49:00Z,Completed analysis for step 3,HASH-SHA256-263
CSE-02-CASE-0026-STP-4,CSE-02-CASE-0026,Forensic Step 4: Artifact Capture,Completed,ANON-03,2026-08-18T04:45:00Z,2026-08-18T04:57:00Z,Completed analysis for step 4,HASH-SHA256-264
CSE-02-CASE-0026-STP-5,CSE-02-CASE-0026,Forensic Step 5: Memory Dump,Completed,ANON-03,2026-08-18T04:50:00Z,2026-08-18T05:05:00Z,Completed analysis for step 5,HASH-SHA256-265
CSE-02-CASE-0027-STP-1,CSE-02-CASE-0027,Forensic Step 1: Memory Dump,Completed,ANON-04,2026-08-19T16:27:00Z,2026-08-19T16:30:00Z,Completed analysis for step 1,HASH-SHA256-271
CSE-02-CASE-0027-STP-2,CSE-02-CASE-0027,Forensic Step 2: Egress Inspection,Completed,ANON-04,2026-08-19T16:32:00Z,2026-08-19T16:38:00Z,Completed analysis for step 2,HASH-SHA256-272
CSE-02-CASE-0027-STP-3,CSE-02-CASE-0027,Forensic Step 3: Remediation Review,Completed,ANON-04,2026-08-19T16:37:00Z,2026-08-19T16:46:00Z,Completed analysis for step 3,HASH-SHA256-273
CSE-02-CASE-0028-STP-1,CSE-02-CASE-0028,Forensic Step 1: Memory Dump,Completed,ANON-01,2026-08-25T22:47:00Z,2026-08-25T22:50:00Z,Completed analysis for step 1,HASH-SHA256-281
CSE-02-CASE-0028-STP-2,CSE-02-CASE-0028,Forensic Step 2: Egress Inspection,Completed,ANON-01,2026-08-25T22:52:00Z,2026-08-25T22:58:00Z,Completed analysis for step 2,HASH-SHA256-282
CSE-02-CASE-0028-STP-3,CSE-02-CASE-0028,Forensic Step 3: Remediation Review,Completed,ANON-01,2026-08-25T22:57:00Z,2026-08-25T23:06:00Z,Completed analysis for step 3,HASH-SHA256-283
CSE-02-CASE-0028-STP-4,CSE-02-CASE-0028,Forensic Step 4: Artifact Capture,Completed,ANON-01,2026-08-25T23:02:00Z,2026-08-25T23:14:00Z,Completed analysis for step 4,HASH-SHA256-284
CSE-02-CASE-0029-STP-1,CSE-02-CASE-0029,Forensic Step 1: Memory Dump,Completed,ANON-02,2026-08-06T23:24:00Z,2026-08-06T23:27:00Z,Completed analysis for step 1,HASH-SHA256-291
CSE-02-CASE-0029-STP-2,CSE-02-CASE-0029,Forensic Step 2: Egress Inspection,Completed,ANON-02,2026-08-06T23:29:00Z,2026-08-06T23:35:00Z,Completed analysis for step 2,HASH-SHA256-292
CSE-02-CASE-0029-STP-3,CSE-02-CASE-0029,Forensic Step 3: Remediation Review,Completed,ANON-02,2026-08-06T23:34:00Z,2026-08-06T23:43:00Z,Completed analysis for step 3,HASH-SHA256-293
CSE-02-CASE-0029-STP-4,CSE-02-CASE-0029,Forensic Step 4: Artifact Capture,Completed,ANON-02,2026-08-06T23:39:00Z,2026-08-06T23:51:00Z,Completed analysis for step 4,HASH-SHA256-294
CSE-02-CASE-0029-STP-5,CSE-02-CASE-0029,Forensic Step 5: Memory Dump,Completed,ANON-02,2026-08-06T23:44:00Z,2026-08-06T23:59:00Z,Completed analysis for step 5,HASH-SHA256-295
CSE-02-CASE-0030-STP-1,CSE-02-CASE-0030,Forensic Step 1: Memory Dump,Completed,ANON-03,2026-08-02T00:24:00Z,2026-08-02T00:27:00Z,Completed analysis for step 1,HASH-SHA256-301
CSE-02-CASE-0030-STP-2,CSE-02-CASE-0030,Forensic Step 2: Egress Inspection,Completed,ANON-03,2026-08-02T00:29:00Z,2026-08-02T00:35:00Z,Completed analysis for step 2,HASH-SHA256-302
CSE-02-CASE-0030-STP-3,CSE-02-CASE-0030,Forensic Step 3: Remediation Review,Completed,ANON-03,2026-08-02T00:34:00Z,2026-08-02T00:43:00Z,Completed analysis for step 3,HASH-SHA256-303
CSE-02-CASE-0030-STP-4,CSE-02-CASE-0030,Forensic Step 4: Artifact Capture,Completed,ANON-03,2026-08-02T00:39:00Z,2026-08-02T00:51:00Z,Completed analysis for step 4,HASH-SHA256-304
CSE-02-CASE-0030-STP-5,CSE-02-CASE-0030,Forensic Step 5: Memory Dump,Completed,ANON-03,2026-08-02T00:44:00Z,2026-08-02T00:59:00Z,Completed analysis for step 5,HASH-SHA256-305
CSE-02-CASE-0031-STP-1,CSE-02-CASE-0031,Forensic Step 1: Memory Dump,Completed,ANON-04,2026-08-17T04:51:00Z,2026-08-17T04:54:00Z,Completed analysis for step 1,HASH-SHA256-311
CSE-02-CASE-0031-STP-2,CSE-02-CASE-0031,Forensic Step 2: Egress Inspection,Completed,ANON-04,2026-08-17T04:56:00Z,2026-08-17T05:02:00Z,Completed analysis for step 2,HASH-SHA256-312
CSE-02-CASE-0031-STP-3,CSE-02-CASE-0031,Forensic Step 3: Remediation Review,Completed,ANON-04,2026-08-17T05:01:00Z,2026-08-17T05:10:00Z,Completed analysis for step 3,HASH-SHA256-313
CSE-02-CASE-0032-STP-1,CSE-02-CASE-0032,Forensic Step 1: Memory Dump,Completed,ANON-01,2026-08-14T06:26:00Z,2026-08-14T06:29:00Z,Completed analysis for step 1,HASH-SHA256-321
CSE-02-CASE-0032-STP-2,CSE-02-CASE-0032,Forensic Step 2: Egress Inspection,Completed,ANON-01,2026-08-14T06:31:00Z,2026-08-14T06:37:00Z,Completed analysis for step 2,HASH-SHA256-322
CSE-02-CASE-0032-STP-3,CSE-02-CASE-0032,Forensic Step 3: Remediation Review,Completed,ANON-01,2026-08-14T06:36:00Z,2026-08-14T06:45:00Z,Completed analysis for step 3,HASH-SHA256-323
CSE-02-CASE-0032-STP-4,CSE-02-CASE-0032,Forensic Step 4: Artifact Capture,Completed,ANON-01,2026-08-14T06:41:00Z,2026-08-14T06:53:00Z,Completed analysis for step 4,HASH-SHA256-324
CSE-02-CASE-0033-STP-1,CSE-02-CASE-0033,Forensic Step 1: Memory Dump,Completed,ANON-02,2026-08-25T01:31:00Z,2026-08-25T01:34:00Z,Completed analysis for step 1,HASH-SHA256-331
CSE-02-CASE-0033-STP-2,CSE-02-CASE-0033,Forensic Step 2: Egress Inspection,Completed,ANON-02,2026-08-25T01:36:00Z,2026-08-25T01:42:00Z,Completed analysis for step 2,HASH-SHA256-332
CSE-02-CASE-0033-STP-3,CSE-02-CASE-0033,Forensic Step 3: Remediation Review,Completed,ANON-02,2026-08-25T01:41:00Z,2026-08-25T01:50:00Z,Completed analysis for step 3,HASH-SHA256-333
CSE-02-CASE-0034-STP-1,CSE-02-CASE-0034,Forensic Step 1: Memory Dump,Completed,ANON-03,2026-08-05T07:26:00Z,2026-08-05T07:29:00Z,Completed analysis for step 1,HASH-SHA256-341
CSE-02-CASE-0034-STP-2,CSE-02-CASE-0034,Forensic Step 2: Egress Inspection,Completed,ANON-03,2026-08-05T07:31:00Z,2026-08-05T07:37:00Z,Completed analysis for step 2,HASH-SHA256-342
CSE-02-CASE-0034-STP-3,CSE-02-CASE-0034,Forensic Step 3: Remediation Review,Completed,ANON-03,2026-08-05T07:36:00Z,2026-08-05T07:45:00Z,Completed analysis for step 3,HASH-SHA256-343
CSE-02-CASE-0035-STP-1,CSE-02-CASE-0035,Forensic Step 1: Memory Dump,Completed,ANON-04,2026-08-08T07:44:00Z,2026-08-08T07:47:00Z,Completed analysis for step 1,HASH-SHA256-351
CSE-02-CASE-0035-STP-2,CSE-02-CASE-0035,Forensic Step 2: Egress Inspection,Completed,ANON-04,2026-08-08T07:49:00Z,2026-08-08T07:55:00Z,Completed analysis for step 2,HASH-SHA256-352
CSE-02-CASE-0035-STP-3,CSE-02-CASE-0035,Forensic Step 3: Remediation Review,Completed,ANON-04,2026-08-08T07:54:00Z,2026-08-08T08:03:00Z,Completed analysis for step 3,HASH-SHA256-353
CSE-02-CASE-0036-STP-1,CSE-02-CASE-0036,Forensic Step 1: Memory Dump,Completed,ANON-01,2026-08-27T14:26:00Z,2026-08-27T14:29:00Z,Completed analysis for step 1,HASH-SHA256-361
CSE-02-CASE-0036-STP-2,CSE-02-CASE-0036,Forensic Step 2: Egress Inspection,Completed,ANON-01,2026-08-27T14:31:00Z,2026-08-27T14:37:00Z,Completed analysis for step 2,HASH-SHA256-362
CSE-02-CASE-0036-STP-3,CSE-02-CASE-0036,Forensic Step 3: Remediation Review,Completed,ANON-01,2026-08-27T14:36:00Z,2026-08-27T14:45:00Z,Completed analysis for step 3,HASH-SHA256-363
CSE-02-CASE-0036-STP-4,CSE-02-CASE-0036,Forensic Step 4: Artifact Capture,Completed,ANON-01,2026-08-27T14:41:00Z,2026-08-27T14:53:00Z,Completed analysis for step 4,HASH-SHA256-364
CSE-02-CASE-0036-STP-5,CSE-02-CASE-0036,Forensic Step 5: Memory Dump,Completed,ANON-01,2026-08-27T14:46:00Z,2026-08-27T15:01:00Z,Completed analysis for step 5,HASH-SHA256-365
CSE-02-CASE-0037-STP-1,CSE-02-CASE-0037,Forensic Step 1: Memory Dump,Completed,ANON-02,2026-08-18T12:31:00Z,2026-08-18T12:34:00Z,Completed analysis for step 1,HASH-SHA256-371
CSE-02-CASE-0037-STP-2,CSE-02-CASE-0037,Forensic Step 2: Egress Inspection,Completed,ANON-02,2026-08-18T12:36:00Z,2026-08-18T12:42:00Z,Completed analysis for step 2,HASH-SHA256-372
CSE-02-CASE-0037-STP-3,CSE-02-CASE-0037,Forensic Step 3: Remediation Review,Completed,ANON-02,2026-08-18T12:41:00Z,2026-08-18T12:50:00Z,Completed analysis for step 3,HASH-SHA256-373
CSE-02-CASE-0037-STP-4,CSE-02-CASE-0037,Forensic Step 4: Artifact Capture,Completed,ANON-02,2026-08-18T12:46:00Z,2026-08-18T12:58:00Z,Completed analysis for step 4,HASH-SHA256-374
CSE-02-CASE-0037-STP-5,CSE-02-CASE-0037,Forensic Step 5: Memory Dump,Completed,ANON-02,2026-08-18T12:51:00Z,2026-08-18T13:06:00Z,Completed analysis for step 5,HASH-SHA256-375
CSE-02-CASE-0038-STP-1,CSE-02-CASE-0038,Forensic Step 1: Memory Dump,Completed,ANON-03,2026-08-28T23:21:00Z,2026-08-28T23:24:00Z,Completed analysis for step 1,HASH-SHA256-381
CSE-02-CASE-0038-STP-2,CSE-02-CASE-0038,Forensic Step 2: Egress Inspection,Completed,ANON-03,2026-08-28T23:26:00Z,2026-08-28T23:32:00Z,Completed analysis for step 2,HASH-SHA256-382
CSE-02-CASE-0038-STP-3,CSE-02-CASE-0038,Forensic Step 3: Remediation Review,Completed,ANON-03,2026-08-28T23:31:00Z,2026-08-28T23:40:00Z,Completed analysis for step 3,HASH-SHA256-383
CSE-02-CASE-0038-STP-4,CSE-02-CASE-0038,Forensic Step 4: Artifact Capture,Completed,ANON-03,2026-08-28T23:36:00Z,2026-08-28T23:48:00Z,Completed analysis for step 4,HASH-SHA256-384
CSE-02-CASE-0039-STP-1,CSE-02-CASE-0039,Forensic Step 1: Memory Dump,Completed,ANON-04,2026-08-15T18:24:00Z,2026-08-15T18:27:00Z,Completed analysis for step 1,HASH-SHA256-391
CSE-02-CASE-0039-STP-2,CSE-02-CASE-0039,Forensic Step 2: Egress Inspection,Completed,ANON-04,2026-08-15T18:29:00Z,2026-08-15T18:35:00Z,Completed analysis for step 2,HASH-SHA256-392
CSE-02-CASE-0039-STP-3,CSE-02-CASE-0039,Forensic Step 3: Remediation Review,Completed,ANON-04,2026-08-15T18:34:00Z,2026-08-15T18:43:00Z,Completed analysis for step 3,HASH-SHA256-393
CSE-02-CASE-0039-STP-4,CSE-02-CASE-0039,Forensic Step 4: Artifact Capture,Completed,ANON-04,2026-08-15T18:39:00Z,2026-08-15T18:51:00Z,Completed analysis for step 4,HASH-SHA256-394
CSE-02-CASE-0040-STP-1,CSE-02-CASE-0040,Forensic Step 1: Memory Dump,Completed,ANON-01,2026-08-16T10:44:00Z,2026-08-16T10:47:00Z,Completed analysis for step 1,HASH-SHA256-401
CSE-02-CASE-0040-STP-2,CSE-02-CASE-0040,Forensic Step 2: Egress Inspection,Completed,ANON-01,2026-08-16T10:49:00Z,2026-08-16T10:55:00Z,Completed analysis for step 2,HASH-SHA256-402
CSE-02-CASE-0040-STP-3,CSE-02-CASE-0040,Forensic Step 3: Remediation Review,Completed,ANON-01,2026-08-16T10:54:00Z,2026-08-16T11:03:00Z,Completed analysis for step 3,HASH-SHA256-403
CSE-02-CASE-0041-STP-1,CSE-02-CASE-0041,Forensic Step 1: Memory Dump,Completed,ANON-02,2026-08-08T11:50:00Z,2026-08-08T11:53:00Z,Completed analysis for step 1,HASH-SHA256-411
CSE-02-CASE-0041-STP-2,CSE-02-CASE-0041,Forensic Step 2: Egress Inspection,Completed,ANON-02,2026-08-08T11:55:00Z,2026-08-08T12:01:00Z,Completed analysis for step 2,HASH-SHA256-412
CSE-02-CASE-0041-STP-3,CSE-02-CASE-0041,Forensic Step 3: Remediation Review,Completed,ANON-02,2026-08-08T12:00:00Z,2026-08-08T12:09:00Z,Completed analysis for step 3,HASH-SHA256-413
CSE-02-CASE-0041-STP-4,CSE-02-CASE-0041,Forensic Step 4: Artifact Capture,Completed,ANON-02,2026-08-08T12:05:00Z,2026-08-08T12:17:00Z,Completed analysis for step 4,HASH-SHA256-414
CSE-02-CASE-0041-STP-5,CSE-02-CASE-0041,Forensic Step 5: Memory Dump,Completed,ANON-02,2026-08-08T12:10:00Z,2026-08-08T12:25:00Z,Completed analysis for step 5,HASH-SHA256-415
CSE-02-CASE-0042-STP-1,CSE-02-CASE-0042,Forensic Step 1: Memory Dump,Completed,ANON-03,2026-08-13T23:13:00Z,2026-08-13T23:16:00Z,Completed analysis for step 1,HASH-SHA256-421
CSE-02-CASE-0042-STP-2,CSE-02-CASE-0042,Forensic Step 2: Egress Inspection,Completed,ANON-03,2026-08-13T23:18:00Z,2026-08-13T23:24:00Z,Completed analysis for step 2,HASH-SHA256-422
CSE-02-CASE-0042-STP-3,CSE-02-CASE-0042,Forensic Step 3: Remediation Review,Completed,ANON-03,2026-08-13T23:23:00Z,2026-08-13T23:32:00Z,Completed analysis for step 3,HASH-SHA256-423
CSE-02-CASE-0042-STP-4,CSE-02-CASE-0042,Forensic Step 4: Artifact Capture,Completed,ANON-03,2026-08-13T23:28:00Z,2026-08-13T23:40:00Z,Completed analysis for step 4,HASH-SHA256-424
CSE-02-CASE-0042-STP-5,CSE-02-CASE-0042,Forensic Step 5: Memory Dump,Completed,ANON-03,2026-08-13T23:33:00Z,2026-08-13T23:48:00Z,Completed analysis for step 5,HASH-SHA256-425
CSE-02-CASE-0043-STP-1,CSE-02-CASE-0043,Forensic Step 1: Memory Dump,Completed,ANON-04,2026-08-20T09:48:00Z,2026-08-20T09:51:00Z,Completed analysis for step 1,HASH-SHA256-431
CSE-02-CASE-0043-STP-2,CSE-02-CASE-0043,Forensic Step 2: Egress Inspection,Completed,ANON-04,2026-08-20T09:53:00Z,2026-08-20T09:59:00Z,Completed analysis for step 2,HASH-SHA256-432
CSE-02-CASE-0043-STP-3,CSE-02-CASE-0043,Forensic Step 3: Remediation Review,Completed,ANON-04,2026-08-20T09:58:00Z,2026-08-20T10:07:00Z,Completed analysis for step 3,HASH-SHA256-433
CSE-02-CASE-0043-STP-4,CSE-02-CASE-0043,Forensic Step 4: Artifact Capture,Completed,ANON-04,2026-08-20T10:03:00Z,2026-08-20T10:15:00Z,Completed analysis for step 4,HASH-SHA256-434
CSE-02-CASE-0044-STP-1,CSE-02-CASE-0044,Forensic Step 1: Memory Dump,Completed,ANON-01,2026-08-22T10:24:00Z,2026-08-22T10:27:00Z,Completed analysis for step 1,HASH-SHA256-441
CSE-02-CASE-0044-STP-2,CSE-02-CASE-0044,Forensic Step 2: Egress Inspection,Completed,ANON-01,2026-08-22T10:29:00Z,2026-08-22T10:35:00Z,Completed analysis for step 2,HASH-SHA256-442
CSE-02-CASE-0044-STP-3,CSE-02-CASE-0044,Forensic Step 3: Remediation Review,Completed,ANON-01,2026-08-22T10:34:00Z,2026-08-22T10:43:00Z,Completed analysis for step 3,HASH-SHA256-443
CSE-02-CASE-0045-STP-1,CSE-02-CASE-0045,Forensic Step 1: Memory Dump,Completed,ANON-02,2026-08-14T22:54:00Z,2026-08-14T22:57:00Z,Completed analysis for step 1,HASH-SHA256-451
CSE-02-CASE-0045-STP-2,CSE-02-CASE-0045,Forensic Step 2: Egress Inspection,Completed,ANON-02,2026-08-14T22:59:00Z,2026-08-14T23:05:00Z,Completed analysis for step 2,HASH-SHA256-452
CSE-02-CASE-0045-STP-3,CSE-02-CASE-0045,Forensic Step 3: Remediation Review,Completed,ANON-02,2026-08-14T23:04:00Z,2026-08-14T23:13:00Z,Completed analysis for step 3,HASH-SHA256-453
CSE-02-CASE-0045-STP-4,CSE-02-CASE-0045,Forensic Step 4: Artifact Capture,Completed,ANON-02,2026-08-14T23:09:00Z,2026-08-14T23:21:00Z,Completed analysis for step 4,HASH-SHA256-454
CSE-02-CASE-0046-STP-1,CSE-02-CASE-0046,Forensic Step 1: Memory Dump,Completed,ANON-03,2026-08-23T17:51:00Z,2026-08-23T17:54:00Z,Completed analysis for step 1,HASH-SHA256-461
CSE-02-CASE-0046-STP-2,CSE-02-CASE-0046,Forensic Step 2: Egress Inspection,Completed,ANON-03,2026-08-23T17:56:00Z,2026-08-23T18:02:00Z,Completed analysis for step 2,HASH-SHA256-462
CSE-02-CASE-0046-STP-3,CSE-02-CASE-0046,Forensic Step 3: Remediation Review,Completed,ANON-03,2026-08-23T18:01:00Z,2026-08-23T18:10:00Z,Completed analysis for step 3,HASH-SHA256-463
CSE-02-CASE-0046-STP-4,CSE-02-CASE-0046,Forensic Step 4: Artifact Capture,Completed,ANON-03,2026-08-23T18:06:00Z,2026-08-23T18:18:00Z,Completed analysis for step 4,HASH-SHA256-464
CSE-02-CASE-0047-STP-1,CSE-02-CASE-0047,Forensic Step 1: Memory Dump,Completed,ANON-04,2026-08-27T04:49:00Z,2026-08-27T04:52:00Z,Completed analysis for step 1,HASH-SHA256-471
CSE-02-CASE-0047-STP-2,CSE-02-CASE-0047,Forensic Step 2: Egress Inspection,Completed,ANON-04,2026-08-27T04:54:00Z,2026-08-27T05:00:00Z,Completed analysis for step 2,HASH-SHA256-472
CSE-02-CASE-0047-STP-3,CSE-02-CASE-0047,Forensic Step 3: Remediation Review,Completed,ANON-04,2026-08-27T04:59:00Z,2026-08-27T05:08:00Z,Completed analysis for step 3,HASH-SHA256-473
CSE-02-CASE-0047-STP-4,CSE-02-CASE-0047,Forensic Step 4: Artifact Capture,Completed,ANON-04,2026-08-27T05:04:00Z,2026-08-27T05:16:00Z,Completed analysis for step 4,HASH-SHA256-474
CSE-02-CASE-0047-STP-5,CSE-02-CASE-0047,Forensic Step 5: Memory Dump,Completed,ANON-04,2026-08-27T05:09:00Z,2026-08-27T05:24:00Z,Completed analysis for step 5,HASH-SHA256-475
CSE-02-CASE-0048-STP-1,CSE-02-CASE-0048,Forensic Step 1: Memory Dump,Completed,ANON-01,2026-08-05T16:58:00Z,2026-08-05T17:01:00Z,Completed analysis for step 1,HASH-SHA256-481
CSE-02-CASE-0048-STP-2,CSE-02-CASE-0048,Forensic Step 2: Egress Inspection,Completed,ANON-01,2026-08-05T17:03:00Z,2026-08-05T17:09:00Z,Completed analysis for step 2,HASH-SHA256-482
CSE-02-CASE-0048-STP-3,CSE-02-CASE-0048,Forensic Step 3: Remediation Review,Completed,ANON-01,2026-08-05T17:08:00Z,2026-08-05T17:17:00Z,Completed analysis for step 3,HASH-SHA256-483
CSE-02-CASE-0048-STP-4,CSE-02-CASE-0048,Forensic Step 4: Artifact Capture,Completed,ANON-01,2026-08-05T17:13:00Z,2026-08-05T17:25:00Z,Completed analysis for step 4,HASH-SHA256-484
CSE-02-CASE-0048-STP-5,CSE-02-CASE-0048,Forensic Step 5: Memory Dump,Completed,ANON-01,2026-08-05T17:18:00Z,2026-08-05T17:33:00Z,Completed analysis for step 5,HASH-SHA256-485
CSE-02-CASE-0049-STP-1,CSE-02-CASE-0049,Forensic Step 1: Memory Dump,Completed,ANON-02,2026-08-25T03:05:00Z,2026-08-25T03:08:00Z,Completed analysis for step 1,HASH-SHA256-491
CSE-02-CASE-0049-STP-2,CSE-02-CASE-0049,Forensic Step 2: Egress Inspection,Completed,ANON-02,2026-08-25T03:10:00Z,2026-08-25T03:16:00Z,Completed analysis for step 2,HASH-SHA256-492
CSE-02-CASE-0049-STP-3,CSE-02-CASE-0049,Forensic Step 3: Remediation Review,Completed,ANON-02,2026-08-25T03:15:00Z,2026-08-25T03:24:00Z,Completed analysis for step 3,HASH-SHA256-493
CSE-02-CASE-0049-STP-4,CSE-02-CASE-0049,Forensic Step 4: Artifact Capture,Completed,ANON-02,2026-08-25T03:20:00Z,2026-08-25T03:32:00Z,Completed analysis for step 4,HASH-SHA256-494
CSE-02-CASE-0049-STP-5,CSE-02-CASE-0049,Forensic Step 5: Memory Dump,Completed,ANON-02,2026-08-25T03:25:00Z,2026-08-25T03:40:00Z,Completed analysis for step 5,HASH-SHA256-495
CSE-02-CASE-0050-STP-1,CSE-02-CASE-0050,Forensic Step 1: Memory Dump,Completed,ANON-03,2026-08-13T16:45:00Z,2026-08-13T16:48:00Z,Completed analysis for step 1,HASH-SHA256-501
CSE-02-CASE-0050-STP-2,CSE-02-CASE-0050,Forensic Step 2: Egress Inspection,Completed,ANON-03,2026-08-13T16:50:00Z,2026-08-13T16:56:00Z,Completed analysis for step 2,HASH-SHA256-502
CSE-02-CASE-0050-STP-3,CSE-02-CASE-0050,Forensic Step 3: Remediation Review,Completed,ANON-03,2026-08-13T16:55:00Z,2026-08-13T17:04:00Z,Completed analysis for step 3,HASH-SHA256-503
CSE-02-CASE-0050-STP-4,CSE-02-CASE-0050,Forensic Step 4: Artifact Capture,Completed,ANON-03,2026-08-13T17:00:00Z,2026-08-13T17:12:00Z,Completed analysis for step 4,HASH-SHA256-504
CSE-02-CASE-0051-STP-1,CSE-02-CASE-0051,Forensic Step 1: Memory Dump,Completed,ANON-04,2026-08-24T18:45:00Z,2026-08-24T18:48:00Z,Completed analysis for step 1,HASH-SHA256-511
CSE-02-CASE-0051-STP-2,CSE-02-CASE-0051,Forensic Step 2: Egress Inspection,Completed,ANON-04,2026-08-24T18:50:00Z,2026-08-24T18:56:00Z,Completed analysis for step 2,HASH-SHA256-512
CSE-02-CASE-0051-STP-3,CSE-02-CASE-0051,Forensic Step 3: Remediation Review,Completed,ANON-04,2026-08-24T18:55:00Z,2026-08-24T19:04:00Z,Completed analysis for step 3,HASH-SHA256-513
CSE-02-CASE-0051-STP-4,CSE-02-CASE-0051,Forensic Step 4: Artifact Capture,Completed,ANON-04,2026-08-24T19:00:00Z,2026-08-24T19:12:00Z,Completed analysis for step 4,HASH-SHA256-514
CSE-02-CASE-0051-STP-5,CSE-02-CASE-0051,Forensic Step 5: Memory Dump,Completed,ANON-04,2026-08-24T19:05:00Z,2026-08-24T19:20:00Z,Completed analysis for step 5,HASH-SHA256-515
CSE-02-CASE-0052-STP-1,CSE-02-CASE-0052,Forensic Step 1: Memory Dump,Completed,ANON-01,2026-08-27T16:49:00Z,2026-08-27T16:52:00Z,Completed analysis for step 1,HASH-SHA256-521
CSE-02-CASE-0052-STP-2,CSE-02-CASE-0052,Forensic Step 2: Egress Inspection,Completed,ANON-01,2026-08-27T16:54:00Z,2026-08-27T17:00:00Z,Completed analysis for step 2,HASH-SHA256-522
CSE-02-CASE-0052-STP-3,CSE-02-CASE-0052,Forensic Step 3: Remediation Review,Completed,ANON-01,2026-08-27T16:59:00Z,2026-08-27T17:08:00Z,Completed analysis for step 3,HASH-SHA256-523
CSE-02-CASE-0052-STP-4,CSE-02-CASE-0052,Forensic Step 4: Artifact Capture,Completed,ANON-01,2026-08-27T17:04:00Z,2026-08-27T17:16:00Z,Completed analysis for step 4,HASH-SHA256-524
CSE-02-CASE-0053-STP-1,CSE-02-CASE-0053,Forensic Step 1: Memory Dump,Completed,ANON-02,2026-08-07T02:34:00Z,2026-08-07T02:37:00Z,Completed analysis for step 1,HASH-SHA256-531
CSE-02-CASE-0053-STP-2,CSE-02-CASE-0053,Forensic Step 2: Egress Inspection,Completed,ANON-02,2026-08-07T02:39:00Z,2026-08-07T02:45:00Z,Completed analysis for step 2,HASH-SHA256-532
CSE-02-CASE-0053-STP-3,CSE-02-CASE-0053,Forensic Step 3: Remediation Review,Completed,ANON-02,2026-08-07T02:44:00Z,2026-08-07T02:53:00Z,Completed analysis for step 3,HASH-SHA256-533
CSE-02-CASE-0053-STP-4,CSE-02-CASE-0053,Forensic Step 4: Artifact Capture,Completed,ANON-02,2026-08-07T02:49:00Z,2026-08-07T03:01:00Z,Completed analysis for step 4,HASH-SHA256-534
CSE-02-CASE-0054-STP-1,CSE-02-CASE-0054,Forensic Step 1: Memory Dump,Completed,ANON-03,2026-08-11T18:53:00Z,2026-08-11T18:56:00Z,Completed analysis for step 1,HASH-SHA256-541
CSE-02-CASE-0054-STP-2,CSE-02-CASE-0054,Forensic Step 2: Egress Inspection,Completed,ANON-03,2026-08-11T18:58:00Z,2026-08-11T19:04:00Z,Completed analysis for step 2,HASH-SHA256-542
CSE-02-CASE-0054-STP-3,CSE-02-CASE-0054,Forensic Step 3: Remediation Review,Completed,ANON-03,2026-08-11T19:03:00Z,2026-08-11T19:12:00Z,Completed analysis for step 3,HASH-SHA256-543
CSE-02-CASE-0054-STP-4,CSE-02-CASE-0054,Forensic Step 4: Artifact Capture,Completed,ANON-03,2026-08-11T19:08:00Z,2026-08-11T19:20:00Z,Completed analysis for step 4,HASH-SHA256-544
CSE-02-CASE-0055-STP-1,CSE-02-CASE-0055,Forensic Step 1: Memory Dump,Completed,ANON-04,2026-08-22T20:58:00Z,2026-08-22T21:01:00Z,Completed analysis for step 1,HASH-SHA256-551
CSE-02-CASE-0055-STP-2,CSE-02-CASE-0055,Forensic Step 2: Egress Inspection,Completed,ANON-04,2026-08-22T21:03:00Z,2026-08-22T21:09:00Z,Completed analysis for step 2,HASH-SHA256-552
CSE-02-CASE-0055-STP-3,CSE-02-CASE-0055,Forensic Step 3: Remediation Review,Completed,ANON-04,2026-08-22T21:08:00Z,2026-08-22T21:17:00Z,Completed analysis for step 3,HASH-SHA256-553
CSE-02-CASE-0055-STP-4,CSE-02-CASE-0055,Forensic Step 4: Artifact Capture,Completed,ANON-04,2026-08-22T21:13:00Z,2026-08-22T21:25:00Z,Completed analysis for step 4,HASH-SHA256-554
CSE-02-CASE-0056-STP-1,CSE-02-CASE-0056,Forensic Step 1: Memory Dump,Completed,ANON-01,2026-08-09T18:21:00Z,2026-08-09T18:24:00Z,Completed analysis for step 1,HASH-SHA256-561
CSE-02-CASE-0056-STP-2,CSE-02-CASE-0056,Forensic Step 2: Egress Inspection,Completed,ANON-01,2026-08-09T18:26:00Z,2026-08-09T18:32:00Z,Completed analysis for step 2,HASH-SHA256-562
CSE-02-CASE-0056-STP-3,CSE-02-CASE-0056,Forensic Step 3: Remediation Review,Completed,ANON-01,2026-08-09T18:31:00Z,2026-08-09T18:40:00Z,Completed analysis for step 3,HASH-SHA256-563
CSE-02-CASE-0056-STP-4,CSE-02-CASE-0056,Forensic Step 4: Artifact Capture,Completed,ANON-01,2026-08-09T18:36:00Z,2026-08-09T18:48:00Z,Completed analysis for step 4,HASH-SHA256-564
CSE-02-CASE-0057-STP-1,CSE-02-CASE-0057,Forensic Step 1: Memory Dump,Completed,ANON-02,2026-08-02T14:46:00Z,2026-08-02T14:49:00Z,Completed analysis for step 1,HASH-SHA256-571
CSE-02-CASE-0057-STP-2,CSE-02-CASE-0057,Forensic Step 2: Egress Inspection,Completed,ANON-02,2026-08-02T14:51:00Z,2026-08-02T14:57:00Z,Completed analysis for step 2,HASH-SHA256-572
CSE-02-CASE-0057-STP-3,CSE-02-CASE-0057,Forensic Step 3: Remediation Review,Completed,ANON-02,2026-08-02T14:56:00Z,2026-08-02T15:05:00Z,Completed analysis for step 3,HASH-SHA256-573
CSE-02-CASE-0058-STP-1,CSE-02-CASE-0058,Forensic Step 1: Memory Dump,Completed,ANON-03,2026-08-07T16:48:00Z,2026-08-07T16:51:00Z,Completed analysis for step 1,HASH-SHA256-581
CSE-02-CASE-0058-STP-2,CSE-02-CASE-0058,Forensic Step 2: Egress Inspection,Completed,ANON-03,2026-08-07T16:53:00Z,2026-08-07T16:59:00Z,Completed analysis for step 2,HASH-SHA256-582
CSE-02-CASE-0058-STP-3,CSE-02-CASE-0058,Forensic Step 3: Remediation Review,Completed,ANON-03,2026-08-07T16:58:00Z,2026-08-07T17:07:00Z,Completed analysis for step 3,HASH-SHA256-583
CSE-02-CASE-0059-STP-1,CSE-02-CASE-0059,Forensic Step 1: Memory Dump,Completed,ANON-04,2026-08-02T04:46:00Z,2026-08-02T04:49:00Z,Completed analysis for step 1,HASH-SHA256-591
CSE-02-CASE-0059-STP-2,CSE-02-CASE-0059,Forensic Step 2: Egress Inspection,Completed,ANON-04,2026-08-02T04:51:00Z,2026-08-02T04:57:00Z,Completed analysis for step 2,HASH-SHA256-592
CSE-02-CASE-0059-STP-3,CSE-02-CASE-0059,Forensic Step 3: Remediation Review,Completed,ANON-04,2026-08-02T04:56:00Z,2026-08-02T05:05:00Z,Completed analysis for step 3,HASH-SHA256-593
CSE-02-CASE-0059-STP-4,CSE-02-CASE-0059,Forensic Step 4: Artifact Capture,Completed,ANON-04,2026-08-02T05:01:00Z,2026-08-02T05:13:00Z,Completed analysis for step 4,HASH-SHA256-594
CSE-02-CASE-0059-STP-5,CSE-02-CASE-0059,Forensic Step 5: Memory Dump,Completed,ANON-04,2026-08-02T05:06:00Z,2026-08-02T05:21:00Z,Completed analysis for step 5,HASH-SHA256-595
CSE-02-CASE-0060-STP-1,CSE-02-CASE-0060,Forensic Step 1: Memory Dump,Completed,ANON-01,2026-08-14T10:27:00Z,2026-08-14T10:30:00Z,Completed analysis for step 1,HASH-SHA256-601
CSE-02-CASE-0060-STP-2,CSE-02-CASE-0060,Forensic Step 2: Egress Inspection,Completed,ANON-01,2026-08-14T10:32:00Z,2026-08-14T10:38:00Z,Completed analysis for step 2,HASH-SHA256-602
CSE-02-CASE-0060-STP-3,CSE-02-CASE-0060,Forensic Step 3: Remediation Review,Completed,ANON-01,2026-08-14T10:37:00Z,2026-08-14T10:46:00Z,Completed analysis for step 3,HASH-SHA256-603
CSE-02-CASE-0060-STP-4,CSE-02-CASE-0060,Forensic Step 4: Artifact Capture,Completed,ANON-01,2026-08-14T10:42:00Z,2026-08-14T10:54:00Z,Completed analysis for step 4,HASH-SHA256-604
CSE-02-CASE-0061-STP-1,CSE-02-CASE-0061,Forensic Step 1: Memory Dump,Completed,ANON-02,2026-08-23T17:44:00Z,2026-08-23T17:47:00Z,Completed analysis for step 1,HASH-SHA256-611
CSE-02-CASE-0061-STP-2,CSE-02-CASE-0061,Forensic Step 2: Egress Inspection,Completed,ANON-02,2026-08-23T17:49:00Z,2026-08-23T17:55:00Z,Completed analysis for step 2,HASH-SHA256-612
CSE-02-CASE-0061-STP-3,CSE-02-CASE-0061,Forensic Step 3: Remediation Review,Completed,ANON-02,2026-08-23T17:54:00Z,2026-08-23T18:03:00Z,Completed analysis for step 3,HASH-SHA256-613
CSE-02-CASE-0062-STP-1,CSE-02-CASE-0062,Forensic Step 1: Memory Dump,Completed,ANON-03,2026-08-16T01:24:00Z,2026-08-16T01:27:00Z,Completed analysis for step 1,HASH-SHA256-621
CSE-02-CASE-0062-STP-2,CSE-02-CASE-0062,Forensic Step 2: Egress Inspection,Completed,ANON-03,2026-08-16T01:29:00Z,2026-08-16T01:35:00Z,Completed analysis for step 2,HASH-SHA256-622
CSE-02-CASE-0062-STP-3,CSE-02-CASE-0062,Forensic Step 3: Remediation Review,Completed,ANON-03,2026-08-16T01:34:00Z,2026-08-16T01:43:00Z,Completed analysis for step 3,HASH-SHA256-623
CSE-02-CASE-0063-STP-1,CSE-02-CASE-0063,Forensic Step 1: Memory Dump,Completed,ANON-04,2026-08-09T21:31:00Z,2026-08-09T21:34:00Z,Completed analysis for step 1,HASH-SHA256-631
CSE-02-CASE-0063-STP-2,CSE-02-CASE-0063,Forensic Step 2: Egress Inspection,Completed,ANON-04,2026-08-09T21:36:00Z,2026-08-09T21:42:00Z,Completed analysis for step 2,HASH-SHA256-632
CSE-02-CASE-0063-STP-3,CSE-02-CASE-0063,Forensic Step 3: Remediation Review,Completed,ANON-04,2026-08-09T21:41:00Z,2026-08-09T21:50:00Z,Completed analysis for step 3,HASH-SHA256-633
CSE-02-CASE-0063-STP-4,CSE-02-CASE-0063,Forensic Step 4: Artifact Capture,Completed,ANON-04,2026-08-09T21:46:00Z,2026-08-09T21:58:00Z,Completed analysis for step 4,HASH-SHA256-634
CSE-02-CASE-0063-STP-5,CSE-02-CASE-0063,Forensic Step 5: Memory Dump,Completed,ANON-04,2026-08-09T21:51:00Z,2026-08-09T22:06:00Z,Completed analysis for step 5,HASH-SHA256-635
CSE-02-CASE-0064-STP-1,CSE-02-CASE-0064,Forensic Step 1: Memory Dump,Completed,ANON-01,2026-08-11T02:45:00Z,2026-08-11T02:48:00Z,Completed analysis for step 1,HASH-SHA256-641
CSE-02-CASE-0064-STP-2,CSE-02-CASE-0064,Forensic Step 2: Egress Inspection,Completed,ANON-01,2026-08-11T02:50:00Z,2026-08-11T02:56:00Z,Completed analysis for step 2,HASH-SHA256-642
CSE-02-CASE-0064-STP-3,CSE-02-CASE-0064,Forensic Step 3: Remediation Review,Completed,ANON-01,2026-08-11T02:55:00Z,2026-08-11T03:04:00Z,Completed analysis for step 3,HASH-SHA256-643
CSE-02-CASE-0064-STP-4,CSE-02-CASE-0064,Forensic Step 4: Artifact Capture,Completed,ANON-01,2026-08-11T03:00:00Z,2026-08-11T03:12:00Z,Completed analysis for step 4,HASH-SHA256-644
CSE-02-CASE-0065-STP-1,CSE-02-CASE-0065,Forensic Step 1: Memory Dump,Completed,ANON-02,2026-08-12T02:01:00Z,2026-08-12T02:04:00Z,Completed analysis for step 1,HASH-SHA256-651
CSE-02-CASE-0065-STP-2,CSE-02-CASE-0065,Forensic Step 2: Egress Inspection,Completed,ANON-02,2026-08-12T02:06:00Z,2026-08-12T02:12:00Z,Completed analysis for step 2,HASH-SHA256-652
CSE-02-CASE-0065-STP-3,CSE-02-CASE-0065,Forensic Step 3: Remediation Review,Completed,ANON-02,2026-08-12T02:11:00Z,2026-08-12T02:20:00Z,Completed analysis for step 3,HASH-SHA256-653
CSE-02-CASE-0065-STP-4,CSE-02-CASE-0065,Forensic Step 4: Artifact Capture,Completed,ANON-02,2026-08-12T02:16:00Z,2026-08-12T02:28:00Z,Completed analysis for step 4,HASH-SHA256-654
CSE-02-CASE-0065-STP-5,CSE-02-CASE-0065,Forensic Step 5: Memory Dump,Completed,ANON-02,2026-08-12T02:21:00Z,2026-08-12T02:36:00Z,Completed analysis for step 5,HASH-SHA256-655
CSE-02-CASE-0066-STP-1,CSE-02-CASE-0066,Forensic Step 1: Memory Dump,Completed,ANON-03,2026-08-09T02:30:00Z,2026-08-09T02:33:00Z,Completed analysis for step 1,HASH-SHA256-661
CSE-02-CASE-0066-STP-2,CSE-02-CASE-0066,Forensic Step 2: Egress Inspection,Completed,ANON-03,2026-08-09T02:35:00Z,2026-08-09T02:41:00Z,Completed analysis for step 2,HASH-SHA256-662
CSE-02-CASE-0066-STP-3,CSE-02-CASE-0066,Forensic Step 3: Remediation Review,Completed,ANON-03,2026-08-09T02:40:00Z,2026-08-09T02:49:00Z,Completed analysis for step 3,HASH-SHA256-663
CSE-02-CASE-0066-STP-4,CSE-02-CASE-0066,Forensic Step 4: Artifact Capture,Completed,ANON-03,2026-08-09T02:45:00Z,2026-08-09T02:57:00Z,Completed analysis for step 4,HASH-SHA256-664
CSE-02-CASE-0066-STP-5,CSE-02-CASE-0066,Forensic Step 5: Memory Dump,Completed,ANON-03,2026-08-09T02:50:00Z,2026-08-09T03:05:00Z,Completed analysis for step 5,HASH-SHA256-665
CSE-02-CASE-0067-STP-1,CSE-02-CASE-0067,Forensic Step 1: Memory Dump,Completed,ANON-04,2026-08-26T20:37:00Z,2026-08-26T20:40:00Z,Completed analysis for step 1,HASH-SHA256-671
CSE-02-CASE-0067-STP-2,CSE-02-CASE-0067,Forensic Step 2: Egress Inspection,Completed,ANON-04,2026-08-26T20:42:00Z,2026-08-26T20:48:00Z,Completed analysis for step 2,HASH-SHA256-672
CSE-02-CASE-0067-STP-3,CSE-02-CASE-0067,Forensic Step 3: Remediation Review,Completed,ANON-04,2026-08-26T20:47:00Z,2026-08-26T20:56:00Z,Completed analysis for step 3,HASH-SHA256-673
CSE-02-CASE-0067-STP-4,CSE-02-CASE-0067,Forensic Step 4: Artifact Capture,Completed,ANON-04,2026-08-26T20:52:00Z,2026-08-26T21:04:00Z,Completed analysis for step 4,HASH-SHA256-674
CSE-02-CASE-0067-STP-5,CSE-02-CASE-0067,Forensic Step 5: Memory Dump,Completed,ANON-04,2026-08-26T20:57:00Z,2026-08-26T21:12:00Z,Completed analysis for step 5,HASH-SHA256-675
CSE-02-CASE-0068-STP-1,CSE-02-CASE-0068,Forensic Step 1: Memory Dump,Completed,ANON-01,2026-08-19T19:02:00Z,2026-08-19T19:05:00Z,Completed analysis for step 1,HASH-SHA256-681
CSE-02-CASE-0068-STP-2,CSE-02-CASE-0068,Forensic Step 2: Egress Inspection,Completed,ANON-01,2026-08-19T19:07:00Z,2026-08-19T19:13:00Z,Completed analysis for step 2,HASH-SHA256-682
CSE-02-CASE-0068-STP-3,CSE-02-CASE-0068,Forensic Step 3: Remediation Review,Completed,ANON-01,2026-08-19T19:12:00Z,2026-08-19T19:21:00Z,Completed analysis for step 3,HASH-SHA256-683
CSE-02-CASE-0069-STP-1,CSE-02-CASE-0069,Forensic Step 1: Memory Dump,Completed,ANON-02,2026-08-24T12:33:00Z,2026-08-24T12:36:00Z,Completed analysis for step 1,HASH-SHA256-691
CSE-02-CASE-0069-STP-2,CSE-02-CASE-0069,Forensic Step 2: Egress Inspection,Completed,ANON-02,2026-08-24T12:38:00Z,2026-08-24T12:44:00Z,Completed analysis for step 2,HASH-SHA256-692
CSE-02-CASE-0069-STP-3,CSE-02-CASE-0069,Forensic Step 3: Remediation Review,Completed,ANON-02,2026-08-24T12:43:00Z,2026-08-24T12:52:00Z,Completed analysis for step 3,HASH-SHA256-693
CSE-02-CASE-0069-STP-4,CSE-02-CASE-0069,Forensic Step 4: Artifact Capture,Completed,ANON-02,2026-08-24T12:48:00Z,2026-08-24T13:00:00Z,Completed analysis for step 4,HASH-SHA256-694
CSE-02-CASE-0070-STP-1,CSE-02-CASE-0070,Forensic Step 1: Memory Dump,Completed,ANON-03,2026-08-21T06:36:00Z,2026-08-21T06:39:00Z,Completed analysis for step 1,HASH-SHA256-701
CSE-02-CASE-0070-STP-2,CSE-02-CASE-0070,Forensic Step 2: Egress Inspection,Completed,ANON-03,2026-08-21T06:41:00Z,2026-08-21T06:47:00Z,Completed analysis for step 2,HASH-SHA256-702
CSE-02-CASE-0070-STP-3,CSE-02-CASE-0070,Forensic Step 3: Remediation Review,Completed,ANON-03,2026-08-21T06:46:00Z,2026-08-21T06:55:00Z,Completed analysis for step 3,HASH-SHA256-703
CSE-02-CASE-0070-STP-4,CSE-02-CASE-0070,Forensic Step 4: Artifact Capture,Completed,ANON-03,2026-08-21T06:51:00Z,2026-08-21T07:03:00Z,Completed analysis for step 4,HASH-SHA256-704
CSE-02-CASE-0071-STP-1,CSE-02-CASE-0071,Forensic Step 1: Memory Dump,Completed,ANON-04,2026-08-22T07:10:00Z,2026-08-22T07:13:00Z,Completed analysis for step 1,HASH-SHA256-711
CSE-02-CASE-0071-STP-2,CSE-02-CASE-0071,Forensic Step 2: Egress Inspection,Completed,ANON-04,2026-08-22T07:15:00Z,2026-08-22T07:21:00Z,Completed analysis for step 2,HASH-SHA256-712
CSE-02-CASE-0071-STP-3,CSE-02-CASE-0071,Forensic Step 3: Remediation Review,Completed,ANON-04,2026-08-22T07:20:00Z,2026-08-22T07:29:00Z,Completed analysis for step 3,HASH-SHA256-713
CSE-02-CASE-0072-STP-1,CSE-02-CASE-0072,Forensic Step 1: Memory Dump,Completed,ANON-01,2026-08-22T06:05:00Z,2026-08-22T06:08:00Z,Completed analysis for step 1,HASH-SHA256-721
CSE-02-CASE-0072-STP-2,CSE-02-CASE-0072,Forensic Step 2: Egress Inspection,Completed,ANON-01,2026-08-22T06:10:00Z,2026-08-22T06:16:00Z,Completed analysis for step 2,HASH-SHA256-722
CSE-02-CASE-0072-STP-3,CSE-02-CASE-0072,Forensic Step 3: Remediation Review,Completed,ANON-01,2026-08-22T06:15:00Z,2026-08-22T06:24:00Z,Completed analysis for step 3,HASH-SHA256-723
CSE-02-CASE-0072-STP-4,CSE-02-CASE-0072,Forensic Step 4: Artifact Capture,Completed,ANON-01,2026-08-22T06:20:00Z,2026-08-22T06:32:00Z,Completed analysis for step 4,HASH-SHA256-724
CSE-02-CASE-0072-STP-5,CSE-02-CASE-0072,Forensic Step 5: Memory Dump,Completed,ANON-01,2026-08-22T06:25:00Z,2026-08-22T06:40:00Z,Completed analysis for step 5,HASH-SHA256-725
CSE-02-CASE-0073-STP-1,CSE-02-CASE-0073,Forensic Step 1: Memory Dump,Completed,ANON-02,2026-08-23T11:34:00Z,2026-08-23T11:37:00Z,Completed analysis for step 1,HASH-SHA256-731
CSE-02-CASE-0073-STP-2,CSE-02-CASE-0073,Forensic Step 2: Egress Inspection,Completed,ANON-02,2026-08-23T11:39:00Z,2026-08-23T11:45:00Z,Completed analysis for step 2,HASH-SHA256-732
CSE-02-CASE-0073-STP-3,CSE-02-CASE-0073,Forensic Step 3: Remediation Review,Completed,ANON-02,2026-08-23T11:44:00Z,2026-08-23T11:53:00Z,Completed analysis for step 3,HASH-SHA256-733
CSE-02-CASE-0074-STP-1,CSE-02-CASE-0074,Forensic Step 1: Memory Dump,Completed,ANON-03,2026-08-10T19:32:00Z,2026-08-10T19:35:00Z,Completed analysis for step 1,HASH-SHA256-741
CSE-02-CASE-0074-STP-2,CSE-02-CASE-0074,Forensic Step 2: Egress Inspection,Completed,ANON-03,2026-08-10T19:37:00Z,2026-08-10T19:43:00Z,Completed analysis for step 2,HASH-SHA256-742
CSE-02-CASE-0074-STP-3,CSE-02-CASE-0074,Forensic Step 3: Remediation Review,Completed,ANON-03,2026-08-10T19:42:00Z,2026-08-10T19:51:00Z,Completed analysis for step 3,HASH-SHA256-743
CSE-02-CASE-0074-STP-4,CSE-02-CASE-0074,Forensic Step 4: Artifact Capture,Completed,ANON-03,2026-08-10T19:47:00Z,2026-08-10T19:59:00Z,Completed analysis for step 4,HASH-SHA256-744
CSE-02-CASE-0074-STP-5,CSE-02-CASE-0074,Forensic Step 5: Memory Dump,Completed,ANON-03,2026-08-10T19:52:00Z,2026-08-10T20:07:00Z,Completed analysis for step 5,HASH-SHA256-745
CSE-02-CASE-0075-STP-1,CSE-02-CASE-0075,Forensic Step 1: Memory Dump,Completed,ANON-04,2026-08-22T13:25:00Z,2026-08-22T13:28:00Z,Completed analysis for step 1,HASH-SHA256-751
CSE-02-CASE-0075-STP-2,CSE-02-CASE-0075,Forensic Step 2: Egress Inspection,Completed,ANON-04,2026-08-22T13:30:00Z,2026-08-22T13:36:00Z,Completed analysis for step 2,HASH-SHA256-752
CSE-02-CASE-0075-STP-3,CSE-02-CASE-0075,Forensic Step 3: Remediation Review,Completed,ANON-04,2026-08-22T13:35:00Z,2026-08-22T13:44:00Z,Completed analysis for step 3,HASH-SHA256-753
CSE-02-CASE-0075-STP-4,CSE-02-CASE-0075,Forensic Step 4: Artifact Capture,Completed,ANON-04,2026-08-22T13:40:00Z,2026-08-22T13:52:00Z,Completed analysis for step 4,HASH-SHA256-754
CSE-02-CASE-0076-STP-1,CSE-02-CASE-0076,Forensic Step 1: Memory Dump,Completed,ANON-01,2026-08-19T12:27:00Z,2026-08-19T12:30:00Z,Completed analysis for step 1,HASH-SHA256-761
CSE-02-CASE-0076-STP-2,CSE-02-CASE-0076,Forensic Step 2: Egress Inspection,Completed,ANON-01,2026-08-19T12:32:00Z,2026-08-19T12:38:00Z,Completed analysis for step 2,HASH-SHA256-762
CSE-02-CASE-0076-STP-3,CSE-02-CASE-0076,Forensic Step 3: Remediation Review,Completed,ANON-01,2026-08-19T12:37:00Z,2026-08-19T12:46:00Z,Completed analysis for step 3,HASH-SHA256-763
CSE-02-CASE-0076-STP-4,CSE-02-CASE-0076,Forensic Step 4: Artifact Capture,Completed,ANON-01,2026-08-19T12:42:00Z,2026-08-19T12:54:00Z,Completed analysis for step 4,HASH-SHA256-764
CSE-02-CASE-0077-STP-1,CSE-02-CASE-0077,Forensic Step 1: Memory Dump,Completed,ANON-02,2026-08-29T17:50:00Z,2026-08-29T17:53:00Z,Completed analysis for step 1,HASH-SHA256-771
CSE-02-CASE-0077-STP-2,CSE-02-CASE-0077,Forensic Step 2: Egress Inspection,Completed,ANON-02,2026-08-29T17:55:00Z,2026-08-29T18:01:00Z,Completed analysis for step 2,HASH-SHA256-772
CSE-02-CASE-0077-STP-3,CSE-02-CASE-0077,Forensic Step 3: Remediation Review,Completed,ANON-02,2026-08-29T18:00:00Z,2026-08-29T18:09:00Z,Completed analysis for step 3,HASH-SHA256-773
CSE-02-CASE-0077-STP-4,CSE-02-CASE-0077,Forensic Step 4: Artifact Capture,Completed,ANON-02,2026-08-29T18:05:00Z,2026-08-29T18:17:00Z,Completed analysis for step 4,HASH-SHA256-774
CSE-02-CASE-0077-STP-5,CSE-02-CASE-0077,Forensic Step 5: Memory Dump,Completed,ANON-02,2026-08-29T18:10:00Z,2026-08-29T18:25:00Z,Completed analysis for step 5,HASH-SHA256-775
CSE-02-CASE-0078-STP-1,CSE-02-CASE-0078,Forensic Step 1: Memory Dump,Completed,ANON-03,2026-08-11T04:40:00Z,2026-08-11T04:43:00Z,Completed analysis for step 1,HASH-SHA256-781
CSE-02-CASE-0078-STP-2,CSE-02-CASE-0078,Forensic Step 2: Egress Inspection,Completed,ANON-03,2026-08-11T04:45:00Z,2026-08-11T04:51:00Z,Completed analysis for step 2,HASH-SHA256-782
CSE-02-CASE-0078-STP-3,CSE-02-CASE-0078,Forensic Step 3: Remediation Review,Completed,ANON-03,2026-08-11T04:50:00Z,2026-08-11T04:59:00Z,Completed analysis for step 3,HASH-SHA256-783
CSE-02-CASE-0078-STP-4,CSE-02-CASE-0078,Forensic Step 4: Artifact Capture,Completed,ANON-03,2026-08-11T04:55:00Z,2026-08-11T05:07:00Z,Completed analysis for step 4,HASH-SHA256-784
CSE-02-CASE-0079-STP-1,CSE-02-CASE-0079,Forensic Step 1: Memory Dump,Completed,ANON-04,2026-08-28T23:21:00Z,2026-08-28T23:24:00Z,Completed analysis for step 1,HASH-SHA256-791
CSE-02-CASE-0079-STP-2,CSE-02-CASE-0079,Forensic Step 2: Egress Inspection,Completed,ANON-04,2026-08-28T23:26:00Z,2026-08-28T23:32:00Z,Completed analysis for step 2,HASH-SHA256-792
CSE-02-CASE-0079-STP-3,CSE-02-CASE-0079,Forensic Step 3: Remediation Review,Completed,ANON-04,2026-08-28T23:31:00Z,2026-08-28T23:40:00Z,Completed analysis for step 3,HASH-SHA256-793
CSE-02-CASE-0079-STP-4,CSE-02-CASE-0079,Forensic Step 4: Artifact Capture,Completed,ANON-04,2026-08-28T23:36:00Z,2026-08-28T23:48:00Z,Completed analysis for step 4,HASH-SHA256-794
CSE-02-CASE-0079-STP-5,CSE-02-CASE-0079,Forensic Step 5: Memory Dump,Completed,ANON-04,2026-08-28T23:41:00Z,2026-08-28T23:56:00Z,Completed analysis for step 5,HASH-SHA256-795
CSE-02-CASE-0080-STP-1,CSE-02-CASE-0080,Forensic Step 1: Memory Dump,Completed,ANON-01,2026-08-10T09:03:00Z,2026-08-10T09:06:00Z,Completed analysis for step 1,HASH-SHA256-801
CSE-02-CASE-0080-STP-2,CSE-02-CASE-0080,Forensic Step 2: Egress Inspection,Completed,ANON-01,2026-08-10T09:08:00Z,2026-08-10T09:14:00Z,Completed analysis for step 2,HASH-SHA256-802
CSE-02-CASE-0080-STP-3,CSE-02-CASE-0080,Forensic Step 3: Remediation Review,Completed,ANON-01,2026-08-10T09:13:00Z,2026-08-10T09:22:00Z,Completed analysis for step 3,HASH-SHA256-803
CSE-02-CASE-0080-STP-4,CSE-02-CASE-0080,Forensic Step 4: Artifact Capture,Completed,ANON-01,2026-08-10T09:18:00Z,2026-08-10T09:30:00Z,Completed analysis for step 4,HASH-SHA256-804
CSE-02-CASE-0080-STP-5,CSE-02-CASE-0080,Forensic Step 5: Memory Dump,Completed,ANON-01,2026-08-10T09:23:00Z,2026-08-10T09:38:00Z,Completed analysis for step 5,HASH-SHA256-805
CSE-02-CASE-0081-STP-1,CSE-02-CASE-0081,Forensic Step 1: Memory Dump,Completed,ANON-02,2026-08-25T00:08:00Z,2026-08-25T00:11:00Z,Completed analysis for step 1,HASH-SHA256-811
CSE-02-CASE-0081-STP-2,CSE-02-CASE-0081,Forensic Step 2: Egress Inspection,Completed,ANON-02,2026-08-25T00:13:00Z,2026-08-25T00:19:00Z,Completed analysis for step 2,HASH-SHA256-812
CSE-02-CASE-0081-STP-3,CSE-02-CASE-0081,Forensic Step 3: Remediation Review,Completed,ANON-02,2026-08-25T00:18:00Z,2026-08-25T00:27:00Z,Completed analysis for step 3,HASH-SHA256-813
CSE-02-CASE-0081-STP-4,CSE-02-CASE-0081,Forensic Step 4: Artifact Capture,Completed,ANON-02,2026-08-25T00:23:00Z,2026-08-25T00:35:00Z,Completed analysis for step 4,HASH-SHA256-814
CSE-02-CASE-0081-STP-5,CSE-02-CASE-0081,Forensic Step 5: Memory Dump,Completed,ANON-02,2026-08-25T00:28:00Z,2026-08-25T00:43:00Z,Completed analysis for step 5,HASH-SHA256-815
CSE-02-CASE-0082-STP-1,CSE-02-CASE-0082,Forensic Step 1: Memory Dump,Completed,ANON-03,2026-08-08T03:23:00Z,2026-08-08T03:26:00Z,Completed analysis for step 1,HASH-SHA256-821
CSE-02-CASE-0082-STP-2,CSE-02-CASE-0082,Forensic Step 2: Egress Inspection,Completed,ANON-03,2026-08-08T03:28:00Z,2026-08-08T03:34:00Z,Completed analysis for step 2,HASH-SHA256-822
CSE-02-CASE-0082-STP-3,CSE-02-CASE-0082,Forensic Step 3: Remediation Review,Completed,ANON-03,2026-08-08T03:33:00Z,2026-08-08T03:42:00Z,Completed analysis for step 3,HASH-SHA256-823
CSE-02-CASE-0082-STP-4,CSE-02-CASE-0082,Forensic Step 4: Artifact Capture,Completed,ANON-03,2026-08-08T03:38:00Z,2026-08-08T03:50:00Z,Completed analysis for step 4,HASH-SHA256-824
CSE-02-CASE-0083-STP-1,CSE-02-CASE-0083,Forensic Step 1: Memory Dump,Completed,ANON-04,2026-08-26T22:10:00Z,2026-08-26T22:13:00Z,Completed analysis for step 1,HASH-SHA256-831
CSE-02-CASE-0083-STP-2,CSE-02-CASE-0083,Forensic Step 2: Egress Inspection,Completed,ANON-04,2026-08-26T22:15:00Z,2026-08-26T22:21:00Z,Completed analysis for step 2,HASH-SHA256-832
CSE-02-CASE-0083-STP-3,CSE-02-CASE-0083,Forensic Step 3: Remediation Review,Completed,ANON-04,2026-08-26T22:20:00Z,2026-08-26T22:29:00Z,Completed analysis for step 3,HASH-SHA256-833
CSE-02-CASE-0083-STP-4,CSE-02-CASE-0083,Forensic Step 4: Artifact Capture,Completed,ANON-04,2026-08-26T22:25:00Z,2026-08-26T22:37:00Z,Completed analysis for step 4,HASH-SHA256-834
CSE-02-CASE-0084-STP-1,CSE-02-CASE-0084,Forensic Step 1: Memory Dump,Completed,ANON-01,2026-08-24T21:25:00Z,2026-08-24T21:28:00Z,Completed analysis for step 1,HASH-SHA256-841
CSE-02-CASE-0084-STP-2,CSE-02-CASE-0084,Forensic Step 2: Egress Inspection,Completed,ANON-01,2026-08-24T21:30:00Z,2026-08-24T21:36:00Z,Completed analysis for step 2,HASH-SHA256-842
CSE-02-CASE-0084-STP-3,CSE-02-CASE-0084,Forensic Step 3: Remediation Review,Completed,ANON-01,2026-08-24T21:35:00Z,2026-08-24T21:44:00Z,Completed analysis for step 3,HASH-SHA256-843
CSE-02-CASE-0085-STP-1,CSE-02-CASE-0085,Forensic Step 1: Memory Dump,Completed,ANON-02,2026-08-09T23:58:00Z,2026-08-10T00:01:00Z,Completed analysis for step 1,HASH-SHA256-851
CSE-02-CASE-0085-STP-2,CSE-02-CASE-0085,Forensic Step 2: Egress Inspection,Completed,ANON-02,2026-08-10T00:03:00Z,2026-08-10T00:09:00Z,Completed analysis for step 2,HASH-SHA256-852
CSE-02-CASE-0085-STP-3,CSE-02-CASE-0085,Forensic Step 3: Remediation Review,Completed,ANON-02,2026-08-10T00:08:00Z,2026-08-10T00:17:00Z,Completed analysis for step 3,HASH-SHA256-853
CSE-02-CASE-0086-STP-1,CSE-02-CASE-0086,Forensic Step 1: Memory Dump,Completed,ANON-03,2026-08-25T16:09:00Z,2026-08-25T16:12:00Z,Completed analysis for step 1,HASH-SHA256-861
CSE-02-CASE-0086-STP-2,CSE-02-CASE-0086,Forensic Step 2: Egress Inspection,Completed,ANON-03,2026-08-25T16:14:00Z,2026-08-25T16:20:00Z,Completed analysis for step 2,HASH-SHA256-862
CSE-02-CASE-0086-STP-3,CSE-02-CASE-0086,Forensic Step 3: Remediation Review,Completed,ANON-03,2026-08-25T16:19:00Z,2026-08-25T16:28:00Z,Completed analysis for step 3,HASH-SHA256-863
CSE-02-CASE-0086-STP-4,CSE-02-CASE-0086,Forensic Step 4: Artifact Capture,Completed,ANON-03,2026-08-25T16:24:00Z,2026-08-25T16:36:00Z,Completed analysis for step 4,HASH-SHA256-864
CSE-02-CASE-0087-STP-1,CSE-02-CASE-0087,Forensic Step 1: Memory Dump,Completed,ANON-04,2026-08-01T16:45:00Z,2026-08-01T16:48:00Z,Completed analysis for step 1,HASH-SHA256-871
CSE-02-CASE-0087-STP-2,CSE-02-CASE-0087,Forensic Step 2: Egress Inspection,Completed,ANON-04,2026-08-01T16:50:00Z,2026-08-01T16:56:00Z,Completed analysis for step 2,HASH-SHA256-872
CSE-02-CASE-0087-STP-3,CSE-02-CASE-0087,Forensic Step 3: Remediation Review,Completed,ANON-04,2026-08-01T16:55:00Z,2026-08-01T17:04:00Z,Completed analysis for step 3,HASH-SHA256-873
CSE-02-CASE-0087-STP-4,CSE-02-CASE-0087,Forensic Step 4: Artifact Capture,Completed,ANON-04,2026-08-01T17:00:00Z,2026-08-01T17:12:00Z,Completed analysis for step 4,HASH-SHA256-874
CSE-02-CASE-0087-STP-5,CSE-02-CASE-0087,Forensic Step 5: Memory Dump,Completed,ANON-04,2026-08-01T17:05:00Z,2026-08-01T17:20:00Z,Completed analysis for step 5,HASH-SHA256-875
CSE-02-CASE-0088-STP-1,CSE-02-CASE-0088,Forensic Step 1: Memory Dump,Completed,ANON-01,2026-08-14T04:36:00Z,2026-08-14T04:39:00Z,Completed analysis for step 1,HASH-SHA256-881
CSE-02-CASE-0088-STP-2,CSE-02-CASE-0088,Forensic Step 2: Egress Inspection,Completed,ANON-01,2026-08-14T04:41:00Z,2026-08-14T04:47:00Z,Completed analysis for step 2,HASH-SHA256-882
CSE-02-CASE-0088-STP-3,CSE-02-CASE-0088,Forensic Step 3: Remediation Review,Completed,ANON-01,2026-08-14T04:46:00Z,2026-08-14T04:55:00Z,Completed analysis for step 3,HASH-SHA256-883
CSE-02-CASE-0088-STP-4,CSE-02-CASE-0088,Forensic Step 4: Artifact Capture,Completed,ANON-01,2026-08-14T04:51:00Z,2026-08-14T05:03:00Z,Completed analysis for step 4,HASH-SHA256-884
CSE-02-CASE-0088-STP-5,CSE-02-CASE-0088,Forensic Step 5: Memory Dump,Completed,ANON-01,2026-08-14T04:56:00Z,2026-08-14T05:11:00Z,Completed analysis for step 5,HASH-SHA256-885
CSE-02-CASE-0089-STP-1,CSE-02-CASE-0089,Forensic Step 1: Memory Dump,Completed,ANON-02,2026-08-09T04:14:00Z,2026-08-09T04:17:00Z,Completed analysis for step 1,HASH-SHA256-891
CSE-02-CASE-0089-STP-2,CSE-02-CASE-0089,Forensic Step 2: Egress Inspection,Completed,ANON-02,2026-08-09T04:19:00Z,2026-08-09T04:25:00Z,Completed analysis for step 2,HASH-SHA256-892
CSE-02-CASE-0089-STP-3,CSE-02-CASE-0089,Forensic Step 3: Remediation Review,Completed,ANON-02,2026-08-09T04:24:00Z,2026-08-09T04:33:00Z,Completed analysis for step 3,HASH-SHA256-893
CSE-02-CASE-0090-STP-1,CSE-02-CASE-0090,Forensic Step 1: Memory Dump,Completed,ANON-03,2026-08-05T09:09:00Z,2026-08-05T09:12:00Z,Completed analysis for step 1,HASH-SHA256-901
CSE-02-CASE-0090-STP-2,CSE-02-CASE-0090,Forensic Step 2: Egress Inspection,Completed,ANON-03,2026-08-05T09:14:00Z,2026-08-05T09:20:00Z,Completed analysis for step 2,HASH-SHA256-902
CSE-02-CASE-0090-STP-3,CSE-02-CASE-0090,Forensic Step 3: Remediation Review,Completed,ANON-03,2026-08-05T09:19:00Z,2026-08-05T09:28:00Z,Completed analysis for step 3,HASH-SHA256-903
CSE-02-CASE-0090-STP-4,CSE-02-CASE-0090,Forensic Step 4: Artifact Capture,Completed,ANON-03,2026-08-05T09:24:00Z,2026-08-05T09:36:00Z,Completed analysis for step 4,HASH-SHA256-904
CSE-02-CASE-0090-STP-5,CSE-02-CASE-0090,Forensic Step 5: Memory Dump,Completed,ANON-03,2026-08-05T09:29:00Z,2026-08-05T09:44:00Z,Completed analysis for step 5,HASH-SHA256-905
CSE-02-CASE-0091-STP-1,CSE-02-CASE-0091,Forensic Step 1: Memory Dump,Completed,ANON-04,2026-08-05T20:41:00Z,2026-08-05T20:44:00Z,Completed analysis for step 1,HASH-SHA256-911
CSE-02-CASE-0091-STP-2,CSE-02-CASE-0091,Forensic Step 2: Egress Inspection,Completed,ANON-04,2026-08-05T20:46:00Z,2026-08-05T20:52:00Z,Completed analysis for step 2,HASH-SHA256-912
CSE-02-CASE-0091-STP-3,CSE-02-CASE-0091,Forensic Step 3: Remediation Review,Completed,ANON-04,2026-08-05T20:51:00Z,2026-08-05T21:00:00Z,Completed analysis for step 3,HASH-SHA256-913
CSE-02-CASE-0091-STP-4,CSE-02-CASE-0091,Forensic Step 4: Artifact Capture,Completed,ANON-04,2026-08-05T20:56:00Z,2026-08-05T21:08:00Z,Completed analysis for step 4,HASH-SHA256-914
CSE-02-CASE-0092-STP-1,CSE-02-CASE-0092,Forensic Step 1: Memory Dump,Completed,ANON-01,2026-08-21T12:05:00Z,2026-08-21T12:08:00Z,Completed analysis for step 1,HASH-SHA256-921
CSE-02-CASE-0092-STP-2,CSE-02-CASE-0092,Forensic Step 2: Egress Inspection,Completed,ANON-01,2026-08-21T12:10:00Z,2026-08-21T12:16:00Z,Completed analysis for step 2,HASH-SHA256-922
CSE-02-CASE-0092-STP-3,CSE-02-CASE-0092,Forensic Step 3: Remediation Review,Completed,ANON-01,2026-08-21T12:15:00Z,2026-08-21T12:24:00Z,Completed analysis for step 3,HASH-SHA256-923
CSE-02-CASE-0092-STP-4,CSE-02-CASE-0092,Forensic Step 4: Artifact Capture,Completed,ANON-01,2026-08-21T12:20:00Z,2026-08-21T12:32:00Z,Completed analysis for step 4,HASH-SHA256-924
CSE-02-CASE-0092-STP-5,CSE-02-CASE-0092,Forensic Step 5: Memory Dump,Completed,ANON-01,2026-08-21T12:25:00Z,2026-08-21T12:40:00Z,Completed analysis for step 5,HASH-SHA256-925
CSE-02-CASE-0093-STP-1,CSE-02-CASE-0093,Forensic Step 1: Memory Dump,Completed,ANON-02,2026-08-12T14:39:00Z,2026-08-12T14:42:00Z,Completed analysis for step 1,HASH-SHA256-931
CSE-02-CASE-0093-STP-2,CSE-02-CASE-0093,Forensic Step 2: Egress Inspection,Completed,ANON-02,2026-08-12T14:44:00Z,2026-08-12T14:50:00Z,Completed analysis for step 2,HASH-SHA256-932
CSE-02-CASE-0093-STP-3,CSE-02-CASE-0093,Forensic Step 3: Remediation Review,Completed,ANON-02,2026-08-12T14:49:00Z,2026-08-12T14:58:00Z,Completed analysis for step 3,HASH-SHA256-933
CSE-02-CASE-0093-STP-4,CSE-02-CASE-0093,Forensic Step 4: Artifact Capture,Completed,ANON-02,2026-08-12T14:54:00Z,2026-08-12T15:06:00Z,Completed analysis for step 4,HASH-SHA256-934
CSE-02-CASE-0093-STP-5,CSE-02-CASE-0093,Forensic Step 5: Memory Dump,Completed,ANON-02,2026-08-12T14:59:00Z,2026-08-12T15:14:00Z,Completed analysis for step 5,HASH-SHA256-935
CSE-02-CASE-0094-STP-1,CSE-02-CASE-0094,Forensic Step 1: Memory Dump,Completed,ANON-03,2026-08-30T04:32:00Z,2026-08-30T04:35:00Z,Completed analysis for step 1,HASH-SHA256-941
CSE-02-CASE-0094-STP-2,CSE-02-CASE-0094,Forensic Step 2: Egress Inspection,Completed,ANON-03,2026-08-30T04:37:00Z,2026-08-30T04:43:00Z,Completed analysis for step 2,HASH-SHA256-942
CSE-02-CASE-0094-STP-3,CSE-02-CASE-0094,Forensic Step 3: Remediation Review,Completed,ANON-03,2026-08-30T04:42:00Z,2026-08-30T04:51:00Z,Completed analysis for step 3,HASH-SHA256-943
CSE-02-CASE-0094-STP-4,CSE-02-CASE-0094,Forensic Step 4: Artifact Capture,Completed,ANON-03,2026-08-30T04:47:00Z,2026-08-30T04:59:00Z,Completed analysis for step 4,HASH-SHA256-944
CSE-02-CASE-0095-STP-1,CSE-02-CASE-0095,Forensic Step 1: Memory Dump,Completed,ANON-04,2026-08-04T05:19:00Z,2026-08-04T05:22:00Z,Completed analysis for step 1,HASH-SHA256-951
CSE-02-CASE-0095-STP-2,CSE-02-CASE-0095,Forensic Step 2: Egress Inspection,Completed,ANON-04,2026-08-04T05:24:00Z,2026-08-04T05:30:00Z,Completed analysis for step 2,HASH-SHA256-952
CSE-02-CASE-0095-STP-3,CSE-02-CASE-0095,Forensic Step 3: Remediation Review,Completed,ANON-04,2026-08-04T05:29:00Z,2026-08-04T05:38:00Z,Completed analysis for step 3,HASH-SHA256-953
CSE-02-CASE-0096-STP-1,CSE-02-CASE-0096,Forensic Step 1: Memory Dump,Completed,ANON-01,2026-08-06T02:22:00Z,2026-08-06T02:25:00Z,Completed analysis for step 1,HASH-SHA256-961
CSE-02-CASE-0096-STP-2,CSE-02-CASE-0096,Forensic Step 2: Egress Inspection,Completed,ANON-01,2026-08-06T02:27:00Z,2026-08-06T02:33:00Z,Completed analysis for step 2,HASH-SHA256-962
CSE-02-CASE-0096-STP-3,CSE-02-CASE-0096,Forensic Step 3: Remediation Review,Completed,ANON-01,2026-08-06T02:32:00Z,2026-08-06T02:41:00Z,Completed analysis for step 3,HASH-SHA256-963
CSE-02-CASE-0097-STP-1,CSE-02-CASE-0097,Forensic Step 1: Memory Dump,Completed,ANON-02,2026-08-11T13:00:00Z,2026-08-11T13:03:00Z,Completed analysis for step 1,HASH-SHA256-971
CSE-02-CASE-0097-STP-2,CSE-02-CASE-0097,Forensic Step 2: Egress Inspection,Completed,ANON-02,2026-08-11T13:05:00Z,2026-08-11T13:11:00Z,Completed analysis for step 2,HASH-SHA256-972
CSE-02-CASE-0097-STP-3,CSE-02-CASE-0097,Forensic Step 3: Remediation Review,Completed,ANON-02,2026-08-11T13:10:00Z,2026-08-11T13:19:00Z,Completed analysis for step 3,HASH-SHA256-973
CSE-02-CASE-0097-STP-4,CSE-02-CASE-0097,Forensic Step 4: Artifact Capture,Completed,ANON-02,2026-08-11T13:15:00Z,2026-08-11T13:27:00Z,Completed analysis for step 4,HASH-SHA256-974
CSE-02-CASE-0097-STP-5,CSE-02-CASE-0097,Forensic Step 5: Memory Dump,Completed,ANON-02,2026-08-11T13:20:00Z,2026-08-11T13:35:00Z,Completed analysis for step 5,HASH-SHA256-975
CSE-02-CASE-0098-STP-1,CSE-02-CASE-0098,Forensic Step 1: Memory Dump,Completed,ANON-03,2026-08-09T13:15:00Z,2026-08-09T13:18:00Z,Completed analysis for step 1,HASH-SHA256-981
CSE-02-CASE-0098-STP-2,CSE-02-CASE-0098,Forensic Step 2: Egress Inspection,Completed,ANON-03,2026-08-09T13:20:00Z,2026-08-09T13:26:00Z,Completed analysis for step 2,HASH-SHA256-982
CSE-02-CASE-0098-STP-3,CSE-02-CASE-0098,Forensic Step 3: Remediation Review,Completed,ANON-03,2026-08-09T13:25:00Z,2026-08-09T13:34:00Z,Completed analysis for step 3,HASH-SHA256-983
CSE-02-CASE-0099-STP-1,CSE-02-CASE-0099,Forensic Step 1: Memory Dump,Completed,ANON-04,2026-08-19T18:07:00Z,2026-08-19T18:10:00Z,Completed analysis for step 1,HASH-SHA256-991
CSE-02-CASE-0099-STP-2,CSE-02-CASE-0099,Forensic Step 2: Egress Inspection,Completed,ANON-04,2026-08-19T18:12:00Z,2026-08-19T18:18:00Z,Completed analysis for step 2,HASH-SHA256-992
CSE-02-CASE-0099-STP-3,CSE-02-CASE-0099,Forensic Step 3: Remediation Review,Completed,ANON-04,2026-08-19T18:17:00Z,2026-08-19T18:26:00Z,Completed analysis for step 3,HASH-SHA256-993
CSE-02-CASE-0099-STP-4,CSE-02-CASE-0099,Forensic Step 4: Artifact Capture,Completed,ANON-04,2026-08-19T18:22:00Z,2026-08-19T18:34:00Z,Completed analysis for step 4,HASH-SHA256-994
CSE-02-CASE-0099-STP-5,CSE-02-CASE-0099,Forensic Step 5: Memory Dump,Completed,ANON-04,2026-08-19T18:27:00Z,2026-08-19T18:42:00Z,Completed analysis for step 5,HASH-SHA256-995
CSE-02-CASE-0100-STP-1,CSE-02-CASE-0100,Forensic Step 1: Memory Dump,Completed,ANON-01,2026-08-05T07:15:00Z,2026-08-05T07:18:00Z,Completed analysis for step 1,HASH-SHA256-1001
CSE-02-CASE-0100-STP-2,CSE-02-CASE-0100,Forensic Step 2: Egress Inspection,Completed,ANON-01,2026-08-05T07:20:00Z,2026-08-05T07:26:00Z,Completed analysis for step 2,HASH-SHA256-1002
CSE-02-CASE-0100-STP-3,CSE-02-CASE-0100,Forensic Step 3: Remediation Review,Completed,ANON-01,2026-08-05T07:25:00Z,2026-08-05T07:34:00Z,Completed analysis for step 3,HASH-SHA256-1003
CSE-02-CASE-0100-STP-4,CSE-02-CASE-0100,Forensic Step 4: Artifact Capture,Completed,ANON-01,2026-08-05T07:30:00Z,2026-08-05T07:42:00Z,Completed analysis for step 4,HASH-SHA256-1004
CSE-02-CASE-0101-STP-1,CSE-02-CASE-0101,Forensic Step 1: Memory Dump,Completed,ANON-02,2026-08-17T15:49:00Z,2026-08-17T15:52:00Z,Completed analysis for step 1,HASH-SHA256-1011
CSE-02-CASE-0101-STP-2,CSE-02-CASE-0101,Forensic Step 2: Egress Inspection,Completed,ANON-02,2026-08-17T15:54:00Z,2026-08-17T16:00:00Z,Completed analysis for step 2,HASH-SHA256-1012
CSE-02-CASE-0101-STP-3,CSE-02-CASE-0101,Forensic Step 3: Remediation Review,Completed,ANON-02,2026-08-17T15:59:00Z,2026-08-17T16:08:00Z,Completed analysis for step 3,HASH-SHA256-1013
CSE-02-CASE-0102-STP-1,CSE-02-CASE-0102,Forensic Step 1: Memory Dump,Completed,ANON-03,2026-08-16T20:40:00Z,2026-08-16T20:43:00Z,Completed analysis for step 1,HASH-SHA256-1021
CSE-02-CASE-0102-STP-2,CSE-02-CASE-0102,Forensic Step 2: Egress Inspection,Completed,ANON-03,2026-08-16T20:45:00Z,2026-08-16T20:51:00Z,Completed analysis for step 2,HASH-SHA256-1022
CSE-02-CASE-0102-STP-3,CSE-02-CASE-0102,Forensic Step 3: Remediation Review,Completed,ANON-03,2026-08-16T20:50:00Z,2026-08-16T20:59:00Z,Completed analysis for step 3,HASH-SHA256-1023
CSE-02-CASE-0103-STP-1,CSE-02-CASE-0103,Forensic Step 1: Memory Dump,Completed,ANON-04,2026-08-29T10:27:00Z,2026-08-29T10:30:00Z,Completed analysis for step 1,HASH-SHA256-1031
CSE-02-CASE-0103-STP-2,CSE-02-CASE-0103,Forensic Step 2: Egress Inspection,Completed,ANON-04,2026-08-29T10:32:00Z,2026-08-29T10:38:00Z,Completed analysis for step 2,HASH-SHA256-1032
CSE-02-CASE-0103-STP-3,CSE-02-CASE-0103,Forensic Step 3: Remediation Review,Completed,ANON-04,2026-08-29T10:37:00Z,2026-08-29T10:46:00Z,Completed analysis for step 3,HASH-SHA256-1033
CSE-02-CASE-0103-STP-4,CSE-02-CASE-0103,Forensic Step 4: Artifact Capture,Completed,ANON-04,2026-08-29T10:42:00Z,2026-08-29T10:54:00Z,Completed analysis for step 4,HASH-SHA256-1034
CSE-02-CASE-0103-STP-5,CSE-02-CASE-0103,Forensic Step 5: Memory Dump,Completed,ANON-04,2026-08-29T10:47:00Z,2026-08-29T11:02:00Z,Completed analysis for step 5,HASH-SHA256-1035
CSE-02-CASE-0104-STP-1,CSE-02-CASE-0104,Forensic Step 1: Memory Dump,Completed,ANON-01,2026-08-22T02:47:00Z,2026-08-22T02:50:00Z,Completed analysis for step 1,HASH-SHA256-1041
CSE-02-CASE-0104-STP-2,CSE-02-CASE-0104,Forensic Step 2: Egress Inspection,Completed,ANON-01,2026-08-22T02:52:00Z,2026-08-22T02:58:00Z,Completed analysis for step 2,HASH-SHA256-1042
CSE-02-CASE-0104-STP-3,CSE-02-CASE-0104,Forensic Step 3: Remediation Review,Completed,ANON-01,2026-08-22T02:57:00Z,2026-08-22T03:06:00Z,Completed analysis for step 3,HASH-SHA256-1043
CSE-02-CASE-0104-STP-4,CSE-02-CASE-0104,Forensic Step 4: Artifact Capture,Completed,ANON-01,2026-08-22T03:02:00Z,2026-08-22T03:14:00Z,Completed analysis for step 4,HASH-SHA256-1044
CSE-02-CASE-0105-STP-1,CSE-02-CASE-0105,Forensic Step 1: Memory Dump,Completed,ANON-02,2026-08-18T03:41:00Z,2026-08-18T03:44:00Z,Completed analysis for step 1,HASH-SHA256-1051
CSE-02-CASE-0105-STP-2,CSE-02-CASE-0105,Forensic Step 2: Egress Inspection,Completed,ANON-02,2026-08-18T03:46:00Z,2026-08-18T03:52:00Z,Completed analysis for step 2,HASH-SHA256-1052
CSE-02-CASE-0105-STP-3,CSE-02-CASE-0105,Forensic Step 3: Remediation Review,Completed,ANON-02,2026-08-18T03:51:00Z,2026-08-18T04:00:00Z,Completed analysis for step 3,HASH-SHA256-1053
CSE-02-CASE-0105-STP-4,CSE-02-CASE-0105,Forensic Step 4: Artifact Capture,Completed,ANON-02,2026-08-18T03:56:00Z,2026-08-18T04:08:00Z,Completed analysis for step 4,HASH-SHA256-1054
CSE-02-CASE-0106-STP-1,CSE-02-CASE-0106,Forensic Step 1: Memory Dump,Completed,ANON-03,2026-08-15T15:38:00Z,2026-08-15T15:41:00Z,Completed analysis for step 1,HASH-SHA256-1061
CSE-02-CASE-0106-STP-2,CSE-02-CASE-0106,Forensic Step 2: Egress Inspection,Completed,ANON-03,2026-08-15T15:43:00Z,2026-08-15T15:49:00Z,Completed analysis for step 2,HASH-SHA256-1062
CSE-02-CASE-0106-STP-3,CSE-02-CASE-0106,Forensic Step 3: Remediation Review,Completed,ANON-03,2026-08-15T15:48:00Z,2026-08-15T15:57:00Z,Completed analysis for step 3,HASH-SHA256-1063
CSE-02-CASE-0106-STP-4,CSE-02-CASE-0106,Forensic Step 4: Artifact Capture,Completed,ANON-03,2026-08-15T15:53:00Z,2026-08-15T16:05:00Z,Completed analysis for step 4,HASH-SHA256-1064
CSE-02-CASE-0107-STP-1,CSE-02-CASE-0107,Forensic Step 1: Memory Dump,Completed,ANON-04,2026-08-14T18:50:00Z,2026-08-14T18:53:00Z,Completed analysis for step 1,HASH-SHA256-1071
CSE-02-CASE-0107-STP-2,CSE-02-CASE-0107,Forensic Step 2: Egress Inspection,Completed,ANON-04,2026-08-14T18:55:00Z,2026-08-14T19:01:00Z,Completed analysis for step 2,HASH-SHA256-1072
CSE-02-CASE-0107-STP-3,CSE-02-CASE-0107,Forensic Step 3: Remediation Review,Completed,ANON-04,2026-08-14T19:00:00Z,2026-08-14T19:09:00Z,Completed analysis for step 3,HASH-SHA256-1073
CSE-02-CASE-0108-STP-1,CSE-02-CASE-0108,Forensic Step 1: Memory Dump,Completed,ANON-01,2026-08-03T10:16:00Z,2026-08-03T10:19:00Z,Completed analysis for step 1,HASH-SHA256-1081
CSE-02-CASE-0108-STP-2,CSE-02-CASE-0108,Forensic Step 2: Egress Inspection,Completed,ANON-01,2026-08-03T10:21:00Z,2026-08-03T10:27:00Z,Completed analysis for step 2,HASH-SHA256-1082
CSE-02-CASE-0108-STP-3,CSE-02-CASE-0108,Forensic Step 3: Remediation Review,Completed,ANON-01,2026-08-03T10:26:00Z,2026-08-03T10:35:00Z,Completed analysis for step 3,HASH-SHA256-1083
CSE-02-CASE-0108-STP-4,CSE-02-CASE-0108,Forensic Step 4: Artifact Capture,Completed,ANON-01,2026-08-03T10:31:00Z,2026-08-03T10:43:00Z,Completed analysis for step 4,HASH-SHA256-1084
CSE-02-CASE-0108-STP-5,CSE-02-CASE-0108,Forensic Step 5: Memory Dump,Completed,ANON-01,2026-08-03T10:36:00Z,2026-08-03T10:51:00Z,Completed analysis for step 5,HASH-SHA256-1085
CSE-02-CASE-0109-STP-1,CSE-02-CASE-0109,Forensic Step 1: Memory Dump,Completed,ANON-02,2026-08-19T01:33:00Z,2026-08-19T01:36:00Z,Completed analysis for step 1,HASH-SHA256-1091
CSE-02-CASE-0109-STP-2,CSE-02-CASE-0109,Forensic Step 2: Egress Inspection,Completed,ANON-02,2026-08-19T01:38:00Z,2026-08-19T01:44:00Z,Completed analysis for step 2,HASH-SHA256-1092
CSE-02-CASE-0109-STP-3,CSE-02-CASE-0109,Forensic Step 3: Remediation Review,Completed,ANON-02,2026-08-19T01:43:00Z,2026-08-19T01:52:00Z,Completed analysis for step 3,HASH-SHA256-1093
CSE-02-CASE-0109-STP-4,CSE-02-CASE-0109,Forensic Step 4: Artifact Capture,Completed,ANON-02,2026-08-19T01:48:00Z,2026-08-19T02:00:00Z,Completed analysis for step 4,HASH-SHA256-1094
CSE-02-CASE-0109-STP-5,CSE-02-CASE-0109,Forensic Step 5: Memory Dump,Completed,ANON-02,2026-08-19T01:53:00Z,2026-08-19T02:08:00Z,Completed analysis for step 5,HASH-SHA256-1095
CSE-02-CASE-0110-STP-1,CSE-02-CASE-0110,Forensic Step 1: Memory Dump,Completed,ANON-03,2026-08-02T17:45:00Z,2026-08-02T17:48:00Z,Completed analysis for step 1,HASH-SHA256-1101
CSE-02-CASE-0110-STP-2,CSE-02-CASE-0110,Forensic Step 2: Egress Inspection,Completed,ANON-03,2026-08-02T17:50:00Z,2026-08-02T17:56:00Z,Completed analysis for step 2,HASH-SHA256-1102
CSE-02-CASE-0110-STP-3,CSE-02-CASE-0110,Forensic Step 3: Remediation Review,Completed,ANON-03,2026-08-02T17:55:00Z,2026-08-02T18:04:00Z,Completed analysis for step 3,HASH-SHA256-1103
CSE-02-CASE-0111-STP-1,CSE-02-CASE-0111,Forensic Step 1: Memory Dump,Completed,ANON-04,2026-08-22T23:25:00Z,2026-08-22T23:28:00Z,Completed analysis for step 1,HASH-SHA256-1111
CSE-02-CASE-0111-STP-2,CSE-02-CASE-0111,Forensic Step 2: Egress Inspection,Completed,ANON-04,2026-08-22T23:30:00Z,2026-08-22T23:36:00Z,Completed analysis for step 2,HASH-SHA256-1112
CSE-02-CASE-0111-STP-3,CSE-02-CASE-0111,Forensic Step 3: Remediation Review,Completed,ANON-04,2026-08-22T23:35:00Z,2026-08-22T23:44:00Z,Completed analysis for step 3,HASH-SHA256-1113
CSE-02-CASE-0112-STP-1,CSE-02-CASE-0112,Forensic Step 1: Memory Dump,Completed,ANON-01,2026-08-25T16:50:00Z,2026-08-25T16:53:00Z,Completed analysis for step 1,HASH-SHA256-1121
CSE-02-CASE-0112-STP-2,CSE-02-CASE-0112,Forensic Step 2: Egress Inspection,Completed,ANON-01,2026-08-25T16:55:00Z,2026-08-25T17:01:00Z,Completed analysis for step 2,HASH-SHA256-1122
CSE-02-CASE-0112-STP-3,CSE-02-CASE-0112,Forensic Step 3: Remediation Review,Completed,ANON-01,2026-08-25T17:00:00Z,2026-08-25T17:09:00Z,Completed analysis for step 3,HASH-SHA256-1123
CSE-02-CASE-0112-STP-4,CSE-02-CASE-0112,Forensic Step 4: Artifact Capture,Completed,ANON-01,2026-08-25T17:05:00Z,2026-08-25T17:17:00Z,Completed analysis for step 4,HASH-SHA256-1124
CSE-02-CASE-0112-STP-5,CSE-02-CASE-0112,Forensic Step 5: Memory Dump,Completed,ANON-01,2026-08-25T17:10:00Z,2026-08-25T17:25:00Z,Completed analysis for step 5,HASH-SHA256-1125
CSE-02-CASE-0113-STP-1,CSE-02-CASE-0113,Forensic Step 1: Memory Dump,Completed,ANON-02,2026-08-23T06:27:00Z,2026-08-23T06:30:00Z,Completed analysis for step 1,HASH-SHA256-1131
CSE-02-CASE-0113-STP-2,CSE-02-CASE-0113,Forensic Step 2: Egress Inspection,Completed,ANON-02,2026-08-23T06:32:00Z,2026-08-23T06:38:00Z,Completed analysis for step 2,HASH-SHA256-1132
CSE-02-CASE-0113-STP-3,CSE-02-CASE-0113,Forensic Step 3: Remediation Review,Completed,ANON-02,2026-08-23T06:37:00Z,2026-08-23T06:46:00Z,Completed analysis for step 3,HASH-SHA256-1133
CSE-02-CASE-0113-STP-4,CSE-02-CASE-0113,Forensic Step 4: Artifact Capture,Completed,ANON-02,2026-08-23T06:42:00Z,2026-08-23T06:54:00Z,Completed analysis for step 4,HASH-SHA256-1134
CSE-02-CASE-0114-STP-1,CSE-02-CASE-0114,Forensic Step 1: Memory Dump,Completed,ANON-03,2026-08-12T08:26:00Z,2026-08-12T08:29:00Z,Completed analysis for step 1,HASH-SHA256-1141
CSE-02-CASE-0114-STP-2,CSE-02-CASE-0114,Forensic Step 2: Egress Inspection,Completed,ANON-03,2026-08-12T08:31:00Z,2026-08-12T08:37:00Z,Completed analysis for step 2,HASH-SHA256-1142
CSE-02-CASE-0114-STP-3,CSE-02-CASE-0114,Forensic Step 3: Remediation Review,Completed,ANON-03,2026-08-12T08:36:00Z,2026-08-12T08:45:00Z,Completed analysis for step 3,HASH-SHA256-1143
CSE-02-CASE-0115-STP-1,CSE-02-CASE-0115,Forensic Step 1: Memory Dump,Completed,ANON-04,2026-08-06T07:54:00Z,2026-08-06T07:57:00Z,Completed analysis for step 1,HASH-SHA256-1151
CSE-02-CASE-0115-STP-2,CSE-02-CASE-0115,Forensic Step 2: Egress Inspection,Completed,ANON-04,2026-08-06T07:59:00Z,2026-08-06T08:05:00Z,Completed analysis for step 2,HASH-SHA256-1152
CSE-02-CASE-0115-STP-3,CSE-02-CASE-0115,Forensic Step 3: Remediation Review,Completed,ANON-04,2026-08-06T08:04:00Z,2026-08-06T08:13:00Z,Completed analysis for step 3,HASH-SHA256-1153
CSE-02-CASE-0115-STP-4,CSE-02-CASE-0115,Forensic Step 4: Artifact Capture,Completed,ANON-04,2026-08-06T08:09:00Z,2026-08-06T08:21:00Z,Completed analysis for step 4,HASH-SHA256-1154
CSE-02-CASE-0116-STP-1,CSE-02-CASE-0116,Forensic Step 1: Memory Dump,Completed,ANON-01,2026-08-15T18:21:00Z,2026-08-15T18:24:00Z,Completed analysis for step 1,HASH-SHA256-1161
CSE-02-CASE-0116-STP-2,CSE-02-CASE-0116,Forensic Step 2: Egress Inspection,Completed,ANON-01,2026-08-15T18:26:00Z,2026-08-15T18:32:00Z,Completed analysis for step 2,HASH-SHA256-1162
CSE-02-CASE-0116-STP-3,CSE-02-CASE-0116,Forensic Step 3: Remediation Review,Completed,ANON-01,2026-08-15T18:31:00Z,2026-08-15T18:40:00Z,Completed analysis for step 3,HASH-SHA256-1163
CSE-02-CASE-0117-STP-1,CSE-02-CASE-0117,Forensic Step 1: Memory Dump,Completed,ANON-02,2026-08-05T13:55:00Z,2026-08-05T13:58:00Z,Completed analysis for step 1,HASH-SHA256-1171
CSE-02-CASE-0117-STP-2,CSE-02-CASE-0117,Forensic Step 2: Egress Inspection,Completed,ANON-02,2026-08-05T14:00:00Z,2026-08-05T14:06:00Z,Completed analysis for step 2,HASH-SHA256-1172
CSE-02-CASE-0117-STP-3,CSE-02-CASE-0117,Forensic Step 3: Remediation Review,Completed,ANON-02,2026-08-05T14:05:00Z,2026-08-05T14:14:00Z,Completed analysis for step 3,HASH-SHA256-1173
CSE-02-CASE-0117-STP-4,CSE-02-CASE-0117,Forensic Step 4: Artifact Capture,Completed,ANON-02,2026-08-05T14:10:00Z,2026-08-05T14:22:00Z,Completed analysis for step 4,HASH-SHA256-1174
CSE-02-CASE-0117-STP-5,CSE-02-CASE-0117,Forensic Step 5: Memory Dump,Completed,ANON-02,2026-08-05T14:15:00Z,2026-08-05T14:30:00Z,Completed analysis for step 5,HASH-SHA256-1175
CSE-02-CASE-0118-STP-1,CSE-02-CASE-0118,Forensic Step 1: Memory Dump,Completed,ANON-03,2026-08-14T23:48:00Z,2026-08-14T23:51:00Z,Completed analysis for step 1,HASH-SHA256-1181
CSE-02-CASE-0118-STP-2,CSE-02-CASE-0118,Forensic Step 2: Egress Inspection,Completed,ANON-03,2026-08-14T23:53:00Z,2026-08-14T23:59:00Z,Completed analysis for step 2,HASH-SHA256-1182
CSE-02-CASE-0118-STP-3,CSE-02-CASE-0118,Forensic Step 3: Remediation Review,Completed,ANON-03,2026-08-14T23:58:00Z,2026-08-15T00:07:00Z,Completed analysis for step 3,HASH-SHA256-1183
CSE-02-CASE-0118-STP-4,CSE-02-CASE-0118,Forensic Step 4: Artifact Capture,Completed,ANON-03,2026-08-15T00:03:00Z,2026-08-15T00:15:00Z,Completed analysis for step 4,HASH-SHA256-1184
CSE-02-CASE-0119-STP-1,CSE-02-CASE-0119,Forensic Step 1: Memory Dump,Completed,ANON-04,2026-08-14T11:31:00Z,2026-08-14T11:34:00Z,Completed analysis for step 1,HASH-SHA256-1191
CSE-02-CASE-0119-STP-2,CSE-02-CASE-0119,Forensic Step 2: Egress Inspection,Completed,ANON-04,2026-08-14T11:36:00Z,2026-08-14T11:42:00Z,Completed analysis for step 2,HASH-SHA256-1192
CSE-02-CASE-0119-STP-3,CSE-02-CASE-0119,Forensic Step 3: Remediation Review,Completed,ANON-04,2026-08-14T11:41:00Z,2026-08-14T11:50:00Z,Completed analysis for step 3,HASH-SHA256-1193
CSE-02-CASE-0120-STP-1,CSE-02-CASE-0120,Forensic Step 1: Memory Dump,Completed,ANON-01,2026-08-08T20:47:00Z,2026-08-08T20:50:00Z,Completed analysis for step 1,HASH-SHA256-1201
CSE-02-CASE-0120-STP-2,CSE-02-CASE-0120,Forensic Step 2: Egress Inspection,Completed,ANON-01,2026-08-08T20:52:00Z,2026-08-08T20:58:00Z,Completed analysis for step 2,HASH-SHA256-1202
CSE-02-CASE-0120-STP-3,CSE-02-CASE-0120,Forensic Step 3: Remediation Review,Completed,ANON-01,2026-08-08T20:57:00Z,2026-08-08T21:06:00Z,Completed analysis for step 3,HASH-SHA256-1203
CSE-02-CASE-0121-STP-1,CSE-02-CASE-0121,Forensic Step 1: Memory Dump,Completed,ANON-02,2026-08-25T16:24:00Z,2026-08-25T16:27:00Z,Completed analysis for step 1,HASH-SHA256-1211
CSE-02-CASE-0121-STP-2,CSE-02-CASE-0121,Forensic Step 2: Egress Inspection,Completed,ANON-02,2026-08-25T16:29:00Z,2026-08-25T16:35:00Z,Completed analysis for step 2,HASH-SHA256-1212
CSE-02-CASE-0121-STP-3,CSE-02-CASE-0121,Forensic Step 3: Remediation Review,Completed,ANON-02,2026-08-25T16:34:00Z,2026-08-25T16:43:00Z,Completed analysis for step 3,HASH-SHA256-1213
CSE-02-CASE-0122-STP-1,CSE-02-CASE-0122,Forensic Step 1: Memory Dump,Completed,ANON-03,2026-08-05T20:48:00Z,2026-08-05T20:51:00Z,Completed analysis for step 1,HASH-SHA256-1221
CSE-02-CASE-0122-STP-2,CSE-02-CASE-0122,Forensic Step 2: Egress Inspection,Completed,ANON-03,2026-08-05T20:53:00Z,2026-08-05T20:59:00Z,Completed analysis for step 2,HASH-SHA256-1222
CSE-02-CASE-0122-STP-3,CSE-02-CASE-0122,Forensic Step 3: Remediation Review,Completed,ANON-03,2026-08-05T20:58:00Z,2026-08-05T21:07:00Z,Completed analysis for step 3,HASH-SHA256-1223
CSE-02-CASE-0123-STP-1,CSE-02-CASE-0123,Forensic Step 1: Memory Dump,Completed,ANON-04,2026-08-14T07:15:00Z,2026-08-14T07:18:00Z,Completed analysis for step 1,HASH-SHA256-1231
CSE-02-CASE-0123-STP-2,CSE-02-CASE-0123,Forensic Step 2: Egress Inspection,Completed,ANON-04,2026-08-14T07:20:00Z,2026-08-14T07:26:00Z,Completed analysis for step 2,HASH-SHA256-1232
CSE-02-CASE-0123-STP-3,CSE-02-CASE-0123,Forensic Step 3: Remediation Review,Completed,ANON-04,2026-08-14T07:25:00Z,2026-08-14T07:34:00Z,Completed analysis for step 3,HASH-SHA256-1233
CSE-02-CASE-0123-STP-4,CSE-02-CASE-0123,Forensic Step 4: Artifact Capture,Completed,ANON-04,2026-08-14T07:30:00Z,2026-08-14T07:42:00Z,Completed analysis for step 4,HASH-SHA256-1234
CSE-02-CASE-0123-STP-5,CSE-02-CASE-0123,Forensic Step 5: Memory Dump,Completed,ANON-04,2026-08-14T07:35:00Z,2026-08-14T07:50:00Z,Completed analysis for step 5,HASH-SHA256-1235
CSE-02-CASE-0124-STP-1,CSE-02-CASE-0124,Forensic Step 1: Memory Dump,Completed,ANON-01,2026-08-15T02:35:00Z,2026-08-15T02:38:00Z,Completed analysis for step 1,HASH-SHA256-1241
CSE-02-CASE-0124-STP-2,CSE-02-CASE-0124,Forensic Step 2: Egress Inspection,Completed,ANON-01,2026-08-15T02:40:00Z,2026-08-15T02:46:00Z,Completed analysis for step 2,HASH-SHA256-1242
CSE-02-CASE-0124-STP-3,CSE-02-CASE-0124,Forensic Step 3: Remediation Review,Completed,ANON-01,2026-08-15T02:45:00Z,2026-08-15T02:54:00Z,Completed analysis for step 3,HASH-SHA256-1243
CSE-02-CASE-0125-STP-1,CSE-02-CASE-0125,Forensic Step 1: Memory Dump,Completed,ANON-02,2026-08-11T14:02:00Z,2026-08-11T14:05:00Z,Completed analysis for step 1,HASH-SHA256-1251
CSE-02-CASE-0125-STP-2,CSE-02-CASE-0125,Forensic Step 2: Egress Inspection,Completed,ANON-02,2026-08-11T14:07:00Z,2026-08-11T14:13:00Z,Completed analysis for step 2,HASH-SHA256-1252
CSE-02-CASE-0125-STP-3,CSE-02-CASE-0125,Forensic Step 3: Remediation Review,Completed,ANON-02,2026-08-11T14:12:00Z,2026-08-11T14:21:00Z,Completed analysis for step 3,HASH-SHA256-1253
CSE-02-CASE-0126-STP-1,CSE-02-CASE-0126,Forensic Step 1: Memory Dump,Completed,ANON-03,2026-08-08T21:44:00Z,2026-08-08T21:47:00Z,Completed analysis for step 1,HASH-SHA256-1261
CSE-02-CASE-0126-STP-2,CSE-02-CASE-0126,Forensic Step 2: Egress Inspection,Completed,ANON-03,2026-08-08T21:49:00Z,2026-08-08T21:55:00Z,Completed analysis for step 2,HASH-SHA256-1262
CSE-02-CASE-0126-STP-3,CSE-02-CASE-0126,Forensic Step 3: Remediation Review,Completed,ANON-03,2026-08-08T21:54:00Z,2026-08-08T22:03:00Z,Completed analysis for step 3,HASH-SHA256-1263
CSE-02-CASE-0126-STP-4,CSE-02-CASE-0126,Forensic Step 4: Artifact Capture,Completed,ANON-03,2026-08-08T21:59:00Z,2026-08-08T22:11:00Z,Completed analysis for step 4,HASH-SHA256-1264
CSE-02-CASE-0126-STP-5,CSE-02-CASE-0126,Forensic Step 5: Memory Dump,Completed,ANON-03,2026-08-08T22:04:00Z,2026-08-08T22:19:00Z,Completed analysis for step 5,HASH-SHA256-1265
CSE-02-CASE-0127-STP-1,CSE-02-CASE-0127,Forensic Step 1: Memory Dump,Completed,ANON-04,2026-08-11T15:28:00Z,2026-08-11T15:31:00Z,Completed analysis for step 1,HASH-SHA256-1271
CSE-02-CASE-0127-STP-2,CSE-02-CASE-0127,Forensic Step 2: Egress Inspection,Completed,ANON-04,2026-08-11T15:33:00Z,2026-08-11T15:39:00Z,Completed analysis for step 2,HASH-SHA256-1272
CSE-02-CASE-0127-STP-3,CSE-02-CASE-0127,Forensic Step 3: Remediation Review,Completed,ANON-04,2026-08-11T15:38:00Z,2026-08-11T15:47:00Z,Completed analysis for step 3,HASH-SHA256-1273
CSE-02-CASE-0127-STP-4,CSE-02-CASE-0127,Forensic Step 4: Artifact Capture,Completed,ANON-04,2026-08-11T15:43:00Z,2026-08-11T15:55:00Z,Completed analysis for step 4,HASH-SHA256-1274
CSE-02-CASE-0127-STP-5,CSE-02-CASE-0127,Forensic Step 5: Memory Dump,Completed,ANON-04,2026-08-11T15:48:00Z,2026-08-11T16:03:00Z,Completed analysis for step 5,HASH-SHA256-1275
CSE-02-CASE-0128-STP-1,CSE-02-CASE-0128,Forensic Step 1: Memory Dump,Completed,ANON-01,2026-08-17T15:08:00Z,2026-08-17T15:11:00Z,Completed analysis for step 1,HASH-SHA256-1281
CSE-02-CASE-0128-STP-2,CSE-02-CASE-0128,Forensic Step 2: Egress Inspection,Completed,ANON-01,2026-08-17T15:13:00Z,2026-08-17T15:19:00Z,Completed analysis for step 2,HASH-SHA256-1282
CSE-02-CASE-0128-STP-3,CSE-02-CASE-0128,Forensic Step 3: Remediation Review,Completed,ANON-01,2026-08-17T15:18:00Z,2026-08-17T15:27:00Z,Completed analysis for step 3,HASH-SHA256-1283
CSE-02-CASE-0129-STP-1,CSE-02-CASE-0129,Forensic Step 1: Memory Dump,Completed,ANON-02,2026-08-04T12:31:00Z,2026-08-04T12:34:00Z,Completed analysis for step 1,HASH-SHA256-1291
CSE-02-CASE-0129-STP-2,CSE-02-CASE-0129,Forensic Step 2: Egress Inspection,Completed,ANON-02,2026-08-04T12:36:00Z,2026-08-04T12:42:00Z,Completed analysis for step 2,HASH-SHA256-1292
CSE-02-CASE-0129-STP-3,CSE-02-CASE-0129,Forensic Step 3: Remediation Review,Completed,ANON-02,2026-08-04T12:41:00Z,2026-08-04T12:50:00Z,Completed analysis for step 3,HASH-SHA256-1293
CSE-02-CASE-0130-STP-1,CSE-02-CASE-0130,Forensic Step 1: Memory Dump,Completed,ANON-03,2026-08-26T04:46:00Z,2026-08-26T04:49:00Z,Completed analysis for step 1,HASH-SHA256-1301
CSE-02-CASE-0130-STP-2,CSE-02-CASE-0130,Forensic Step 2: Egress Inspection,Completed,ANON-03,2026-08-26T04:51:00Z,2026-08-26T04:57:00Z,Completed analysis for step 2,HASH-SHA256-1302
CSE-02-CASE-0130-STP-3,CSE-02-CASE-0130,Forensic Step 3: Remediation Review,Completed,ANON-03,2026-08-26T04:56:00Z,2026-08-26T05:05:00Z,Completed analysis for step 3,HASH-SHA256-1303
CSE-02-CASE-0130-STP-4,CSE-02-CASE-0130,Forensic Step 4: Artifact Capture,Completed,ANON-03,2026-08-26T05:01:00Z,2026-08-26T05:13:00Z,Completed analysis for step 4,HASH-SHA256-1304
CSE-02-CASE-0130-STP-5,CSE-02-CASE-0130,Forensic Step 5: Memory Dump,Completed,ANON-03,2026-08-26T05:06:00Z,2026-08-26T05:21:00Z,Completed analysis for step 5,HASH-SHA256-1305
CSE-02-CASE-0131-STP-1,CSE-02-CASE-0131,Forensic Step 1: Memory Dump,Completed,ANON-04,2026-08-11T12:41:00Z,2026-08-11T12:44:00Z,Completed analysis for step 1,HASH-SHA256-1311
CSE-02-CASE-0131-STP-2,CSE-02-CASE-0131,Forensic Step 2: Egress Inspection,Completed,ANON-04,2026-08-11T12:46:00Z,2026-08-11T12:52:00Z,Completed analysis for step 2,HASH-SHA256-1312
CSE-02-CASE-0131-STP-3,CSE-02-CASE-0131,Forensic Step 3: Remediation Review,Completed,ANON-04,2026-08-11T12:51:00Z,2026-08-11T13:00:00Z,Completed analysis for step 3,HASH-SHA256-1313
CSE-02-CASE-0131-STP-4,CSE-02-CASE-0131,Forensic Step 4: Artifact Capture,Completed,ANON-04,2026-08-11T12:56:00Z,2026-08-11T13:08:00Z,Completed analysis for step 4,HASH-SHA256-1314
CSE-02-CASE-0132-STP-1,CSE-02-CASE-0132,Forensic Step 1: Memory Dump,Completed,ANON-01,2026-08-19T09:32:00Z,2026-08-19T09:35:00Z,Completed analysis for step 1,HASH-SHA256-1321
CSE-02-CASE-0132-STP-2,CSE-02-CASE-0132,Forensic Step 2: Egress Inspection,Completed,ANON-01,2026-08-19T09:37:00Z,2026-08-19T09:43:00Z,Completed analysis for step 2,HASH-SHA256-1322
CSE-02-CASE-0132-STP-3,CSE-02-CASE-0132,Forensic Step 3: Remediation Review,Completed,ANON-01,2026-08-19T09:42:00Z,2026-08-19T09:51:00Z,Completed analysis for step 3,HASH-SHA256-1323
CSE-02-CASE-0133-STP-1,CSE-02-CASE-0133,Forensic Step 1: Memory Dump,Completed,ANON-02,2026-08-02T20:00:00Z,2026-08-02T20:03:00Z,Completed analysis for step 1,HASH-SHA256-1331
CSE-02-CASE-0133-STP-2,CSE-02-CASE-0133,Forensic Step 2: Egress Inspection,Completed,ANON-02,2026-08-02T20:05:00Z,2026-08-02T20:11:00Z,Completed analysis for step 2,HASH-SHA256-1332
CSE-02-CASE-0133-STP-3,CSE-02-CASE-0133,Forensic Step 3: Remediation Review,Completed,ANON-02,2026-08-02T20:10:00Z,2026-08-02T20:19:00Z,Completed analysis for step 3,HASH-SHA256-1333
CSE-02-CASE-0133-STP-4,CSE-02-CASE-0133,Forensic Step 4: Artifact Capture,Completed,ANON-02,2026-08-02T20:15:00Z,2026-08-02T20:27:00Z,Completed analysis for step 4,HASH-SHA256-1334
CSE-02-CASE-0134-STP-1,CSE-02-CASE-0134,Forensic Step 1: Memory Dump,Completed,ANON-03,2026-08-20T02:03:00Z,2026-08-20T02:06:00Z,Completed analysis for step 1,HASH-SHA256-1341
CSE-02-CASE-0134-STP-2,CSE-02-CASE-0134,Forensic Step 2: Egress Inspection,Completed,ANON-03,2026-08-20T02:08:00Z,2026-08-20T02:14:00Z,Completed analysis for step 2,HASH-SHA256-1342
CSE-02-CASE-0134-STP-3,CSE-02-CASE-0134,Forensic Step 3: Remediation Review,Completed,ANON-03,2026-08-20T02:13:00Z,2026-08-20T02:22:00Z,Completed analysis for step 3,HASH-SHA256-1343
CSE-02-CASE-0134-STP-4,CSE-02-CASE-0134,Forensic Step 4: Artifact Capture,Completed,ANON-03,2026-08-20T02:18:00Z,2026-08-20T02:30:00Z,Completed analysis for step 4,HASH-SHA256-1344
CSE-02-CASE-0135-STP-1,CSE-02-CASE-0135,Forensic Step 1: Memory Dump,Completed,ANON-04,2026-08-20T23:45:00Z,2026-08-20T23:48:00Z,Completed analysis for step 1,HASH-SHA256-1351
CSE-02-CASE-0135-STP-2,CSE-02-CASE-0135,Forensic Step 2: Egress Inspection,Completed,ANON-04,2026-08-20T23:50:00Z,2026-08-20T23:56:00Z,Completed analysis for step 2,HASH-SHA256-1352
CSE-02-CASE-0135-STP-3,CSE-02-CASE-0135,Forensic Step 3: Remediation Review,Completed,ANON-04,2026-08-20T23:55:00Z,2026-08-21T00:04:00Z,Completed analysis for step 3,HASH-SHA256-1353
CSE-02-CASE-0135-STP-4,CSE-02-CASE-0135,Forensic Step 4: Artifact Capture,Completed,ANON-04,2026-08-21T00:00:00Z,2026-08-21T00:12:00Z,Completed analysis for step 4,HASH-SHA256-1354
CSE-02-CASE-0135-STP-5,CSE-02-CASE-0135,Forensic Step 5: Memory Dump,Completed,ANON-04,2026-08-21T00:05:00Z,2026-08-21T00:20:00Z,Completed analysis for step 5,HASH-SHA256-1355
CSE-02-CASE-0136-STP-1,CSE-02-CASE-0136,Forensic Step 1: Memory Dump,Completed,ANON-01,2026-08-04T00:50:00Z,2026-08-04T00:53:00Z,Completed analysis for step 1,HASH-SHA256-1361
CSE-02-CASE-0136-STP-2,CSE-02-CASE-0136,Forensic Step 2: Egress Inspection,Completed,ANON-01,2026-08-04T00:55:00Z,2026-08-04T01:01:00Z,Completed analysis for step 2,HASH-SHA256-1362
CSE-02-CASE-0136-STP-3,CSE-02-CASE-0136,Forensic Step 3: Remediation Review,Completed,ANON-01,2026-08-04T01:00:00Z,2026-08-04T01:09:00Z,Completed analysis for step 3,HASH-SHA256-1363
CSE-02-CASE-0136-STP-4,CSE-02-CASE-0136,Forensic Step 4: Artifact Capture,Completed,ANON-01,2026-08-04T01:05:00Z,2026-08-04T01:17:00Z,Completed analysis for step 4,HASH-SHA256-1364
CSE-02-CASE-0137-STP-1,CSE-02-CASE-0137,Forensic Step 1: Memory Dump,Completed,ANON-02,2026-08-18T00:50:00Z,2026-08-18T00:53:00Z,Completed analysis for step 1,HASH-SHA256-1371
CSE-02-CASE-0137-STP-2,CSE-02-CASE-0137,Forensic Step 2: Egress Inspection,Completed,ANON-02,2026-08-18T00:55:00Z,2026-08-18T01:01:00Z,Completed analysis for step 2,HASH-SHA256-1372
CSE-02-CASE-0137-STP-3,CSE-02-CASE-0137,Forensic Step 3: Remediation Review,Completed,ANON-02,2026-08-18T01:00:00Z,2026-08-18T01:09:00Z,Completed analysis for step 3,HASH-SHA256-1373
CSE-02-CASE-0137-STP-4,CSE-02-CASE-0137,Forensic Step 4: Artifact Capture,Completed,ANON-02,2026-08-18T01:05:00Z,2026-08-18T01:17:00Z,Completed analysis for step 4,HASH-SHA256-1374
CSE-02-CASE-0138-STP-1,CSE-02-CASE-0138,Forensic Step 1: Memory Dump,Completed,ANON-03,2026-08-25T18:54:00Z,2026-08-25T18:57:00Z,Completed analysis for step 1,HASH-SHA256-1381
CSE-02-CASE-0138-STP-2,CSE-02-CASE-0138,Forensic Step 2: Egress Inspection,Completed,ANON-03,2026-08-25T18:59:00Z,2026-08-25T19:05:00Z,Completed analysis for step 2,HASH-SHA256-1382
CSE-02-CASE-0138-STP-3,CSE-02-CASE-0138,Forensic Step 3: Remediation Review,Completed,ANON-03,2026-08-25T19:04:00Z,2026-08-25T19:13:00Z,Completed analysis for step 3,HASH-SHA256-1383
CSE-02-CASE-0139-STP-1,CSE-02-CASE-0139,Forensic Step 1: Memory Dump,Completed,ANON-04,2026-08-19T05:39:00Z,2026-08-19T05:42:00Z,Completed analysis for step 1,HASH-SHA256-1391
CSE-02-CASE-0139-STP-2,CSE-02-CASE-0139,Forensic Step 2: Egress Inspection,Completed,ANON-04,2026-08-19T05:44:00Z,2026-08-19T05:50:00Z,Completed analysis for step 2,HASH-SHA256-1392
CSE-02-CASE-0139-STP-3,CSE-02-CASE-0139,Forensic Step 3: Remediation Review,Completed,ANON-04,2026-08-19T05:49:00Z,2026-08-19T05:58:00Z,Completed analysis for step 3,HASH-SHA256-1393
CSE-02-CASE-0140-STP-1,CSE-02-CASE-0140,Forensic Step 1: Memory Dump,Completed,ANON-01,2026-08-20T05:21:00Z,2026-08-20T05:24:00Z,Completed analysis for step 1,HASH-SHA256-1401
CSE-02-CASE-0140-STP-2,CSE-02-CASE-0140,Forensic Step 2: Egress Inspection,Completed,ANON-01,2026-08-20T05:26:00Z,2026-08-20T05:32:00Z,Completed analysis for step 2,HASH-SHA256-1402
CSE-02-CASE-0140-STP-3,CSE-02-CASE-0140,Forensic Step 3: Remediation Review,Completed,ANON-01,2026-08-20T05:31:00Z,2026-08-20T05:40:00Z,Completed analysis for step 3,HASH-SHA256-1403
CSE-02-CASE-0140-STP-4,CSE-02-CASE-0140,Forensic Step 4: Artifact Capture,Completed,ANON-01,2026-08-20T05:36:00Z,2026-08-20T05:48:00Z,Completed analysis for step 4,HASH-SHA256-1404
CSE-02-CASE-0141-STP-1,CSE-02-CASE-0141,Forensic Step 1: Memory Dump,Completed,ANON-02,2026-08-18T20:49:00Z,2026-08-18T20:52:00Z,Completed analysis for step 1,HASH-SHA256-1411
CSE-02-CASE-0141-STP-2,CSE-02-CASE-0141,Forensic Step 2: Egress Inspection,Completed,ANON-02,2026-08-18T20:54:00Z,2026-08-18T21:00:00Z,Completed analysis for step 2,HASH-SHA256-1412
CSE-02-CASE-0141-STP-3,CSE-02-CASE-0141,Forensic Step 3: Remediation Review,Completed,ANON-02,2026-08-18T20:59:00Z,2026-08-18T21:08:00Z,Completed analysis for step 3,HASH-SHA256-1413
CSE-02-CASE-0141-STP-4,CSE-02-CASE-0141,Forensic Step 4: Artifact Capture,Completed,ANON-02,2026-08-18T21:04:00Z,2026-08-18T21:16:00Z,Completed analysis for step 4,HASH-SHA256-1414
CSE-02-CASE-0141-STP-5,CSE-02-CASE-0141,Forensic Step 5: Memory Dump,Completed,ANON-02,2026-08-18T21:09:00Z,2026-08-18T21:24:00Z,Completed analysis for step 5,HASH-SHA256-1415
CSE-02-CASE-0142-STP-1,CSE-02-CASE-0142,Forensic Step 1: Memory Dump,Completed,ANON-03,2026-08-22T21:43:00Z,2026-08-22T21:46:00Z,Completed analysis for step 1,HASH-SHA256-1421
CSE-02-CASE-0142-STP-2,CSE-02-CASE-0142,Forensic Step 2: Egress Inspection,Completed,ANON-03,2026-08-22T21:48:00Z,2026-08-22T21:54:00Z,Completed analysis for step 2,HASH-SHA256-1422
CSE-02-CASE-0142-STP-3,CSE-02-CASE-0142,Forensic Step 3: Remediation Review,Completed,ANON-03,2026-08-22T21:53:00Z,2026-08-22T22:02:00Z,Completed analysis for step 3,HASH-SHA256-1423
CSE-02-CASE-0143-STP-1,CSE-02-CASE-0143,Forensic Step 1: Memory Dump,Completed,ANON-04,2026-08-11T23:20:00Z,2026-08-11T23:23:00Z,Completed analysis for step 1,HASH-SHA256-1431
CSE-02-CASE-0143-STP-2,CSE-02-CASE-0143,Forensic Step 2: Egress Inspection,Completed,ANON-04,2026-08-11T23:25:00Z,2026-08-11T23:31:00Z,Completed analysis for step 2,HASH-SHA256-1432
CSE-02-CASE-0143-STP-3,CSE-02-CASE-0143,Forensic Step 3: Remediation Review,Completed,ANON-04,2026-08-11T23:30:00Z,2026-08-11T23:39:00Z,Completed analysis for step 3,HASH-SHA256-1433
CSE-02-CASE-0144-STP-1,CSE-02-CASE-0144,Forensic Step 1: Memory Dump,Completed,ANON-01,2026-08-18T01:59:00Z,2026-08-18T02:02:00Z,Completed analysis for step 1,HASH-SHA256-1441
CSE-02-CASE-0144-STP-2,CSE-02-CASE-0144,Forensic Step 2: Egress Inspection,Completed,ANON-01,2026-08-18T02:04:00Z,2026-08-18T02:10:00Z,Completed analysis for step 2,HASH-SHA256-1442
CSE-02-CASE-0144-STP-3,CSE-02-CASE-0144,Forensic Step 3: Remediation Review,Completed,ANON-01,2026-08-18T02:09:00Z,2026-08-18T02:18:00Z,Completed analysis for step 3,HASH-SHA256-1443
CSE-02-CASE-0144-STP-4,CSE-02-CASE-0144,Forensic Step 4: Artifact Capture,Completed,ANON-01,2026-08-18T02:14:00Z,2026-08-18T02:26:00Z,Completed analysis for step 4,HASH-SHA256-1444
CSE-02-CASE-0144-STP-5,CSE-02-CASE-0144,Forensic Step 5: Memory Dump,Completed,ANON-01,2026-08-18T02:19:00Z,2026-08-18T02:34:00Z,Completed analysis for step 5,HASH-SHA256-1445
CSE-02-CASE-0145-STP-1,CSE-02-CASE-0145,Forensic Step 1: Memory Dump,Completed,ANON-02,2026-08-06T03:32:00Z,2026-08-06T03:35:00Z,Completed analysis for step 1,HASH-SHA256-1451
CSE-02-CASE-0145-STP-2,CSE-02-CASE-0145,Forensic Step 2: Egress Inspection,Completed,ANON-02,2026-08-06T03:37:00Z,2026-08-06T03:43:00Z,Completed analysis for step 2,HASH-SHA256-1452
CSE-02-CASE-0145-STP-3,CSE-02-CASE-0145,Forensic Step 3: Remediation Review,Completed,ANON-02,2026-08-06T03:42:00Z,2026-08-06T03:51:00Z,Completed analysis for step 3,HASH-SHA256-1453
CSE-02-CASE-0145-STP-4,CSE-02-CASE-0145,Forensic Step 4: Artifact Capture,Completed,ANON-02,2026-08-06T03:47:00Z,2026-08-06T03:59:00Z,Completed analysis for step 4,HASH-SHA256-1454
CSE-02-CASE-0145-STP-5,CSE-02-CASE-0145,Forensic Step 5: Memory Dump,Completed,ANON-02,2026-08-06T03:52:00Z,2026-08-06T04:07:00Z,Completed analysis for step 5,HASH-SHA256-1455
CSE-02-CASE-0146-STP-1,CSE-02-CASE-0146,Forensic Step 1: Memory Dump,Completed,ANON-03,2026-08-15T09:39:00Z,2026-08-15T09:42:00Z,Completed analysis for step 1,HASH-SHA256-1461
CSE-02-CASE-0146-STP-2,CSE-02-CASE-0146,Forensic Step 2: Egress Inspection,Completed,ANON-03,2026-08-15T09:44:00Z,2026-08-15T09:50:00Z,Completed analysis for step 2,HASH-SHA256-1462
CSE-02-CASE-0146-STP-3,CSE-02-CASE-0146,Forensic Step 3: Remediation Review,Completed,ANON-03,2026-08-15T09:49:00Z,2026-08-15T09:58:00Z,Completed analysis for step 3,HASH-SHA256-1463
CSE-02-CASE-0146-STP-4,CSE-02-CASE-0146,Forensic Step 4: Artifact Capture,Completed,ANON-03,2026-08-15T09:54:00Z,2026-08-15T10:06:00Z,Completed analysis for step 4,HASH-SHA256-1464
CSE-02-CASE-0146-STP-5,CSE-02-CASE-0146,Forensic Step 5: Memory Dump,Completed,ANON-03,2026-08-15T09:59:00Z,2026-08-15T10:14:00Z,Completed analysis for step 5,HASH-SHA256-1465
CSE-02-CASE-0147-STP-1,CSE-02-CASE-0147,Forensic Step 1: Memory Dump,Completed,ANON-04,2026-08-26T22:24:00Z,2026-08-26T22:27:00Z,Completed analysis for step 1,HASH-SHA256-1471
CSE-02-CASE-0147-STP-2,CSE-02-CASE-0147,Forensic Step 2: Egress Inspection,Completed,ANON-04,2026-08-26T22:29:00Z,2026-08-26T22:35:00Z,Completed analysis for step 2,HASH-SHA256-1472
CSE-02-CASE-0147-STP-3,CSE-02-CASE-0147,Forensic Step 3: Remediation Review,Completed,ANON-04,2026-08-26T22:34:00Z,2026-08-26T22:43:00Z,Completed analysis for step 3,HASH-SHA256-1473
CSE-02-CASE-0147-STP-4,CSE-02-CASE-0147,Forensic Step 4: Artifact Capture,Completed,ANON-04,2026-08-26T22:39:00Z,2026-08-26T22:51:00Z,Completed analysis for step 4,HASH-SHA256-1474
CSE-02-CASE-0148-STP-1,CSE-02-CASE-0148,Forensic Step 1: Memory Dump,Completed,ANON-01,2026-08-23T02:40:00Z,2026-08-23T02:43:00Z,Completed analysis for step 1,HASH-SHA256-1481
CSE-02-CASE-0148-STP-2,CSE-02-CASE-0148,Forensic Step 2: Egress Inspection,Completed,ANON-01,2026-08-23T02:45:00Z,2026-08-23T02:51:00Z,Completed analysis for step 2,HASH-SHA256-1482
CSE-02-CASE-0148-STP-3,CSE-02-CASE-0148,Forensic Step 3: Remediation Review,Completed,ANON-01,2026-08-23T02:50:00Z,2026-08-23T02:59:00Z,Completed analysis for step 3,HASH-SHA256-1483
CSE-02-CASE-0149-STP-1,CSE-02-CASE-0149,Forensic Step 1: Memory Dump,Completed,ANON-02,2026-08-27T15:01:00Z,2026-08-27T15:04:00Z,Completed analysis for step 1,HASH-SHA256-1491
CSE-02-CASE-0149-STP-2,CSE-02-CASE-0149,Forensic Step 2: Egress Inspection,Completed,ANON-02,2026-08-27T15:06:00Z,2026-08-27T15:12:00Z,Completed analysis for step 2,HASH-SHA256-1492
CSE-02-CASE-0149-STP-3,CSE-02-CASE-0149,Forensic Step 3: Remediation Review,Completed,ANON-02,2026-08-27T15:11:00Z,2026-08-27T15:20:00Z,Completed analysis for step 3,HASH-SHA256-1493
CSE-02-CASE-0149-STP-4,CSE-02-CASE-0149,Forensic Step 4: Artifact Capture,Completed,ANON-02,2026-08-27T15:16:00Z,2026-08-27T15:28:00Z,Completed analysis for step 4,HASH-SHA256-1494
CSE-02-CASE-0150-STP-1,CSE-02-CASE-0150,Forensic Step 1: Memory Dump,Completed,ANON-03,2026-08-18T11:52:00Z,2026-08-18T11:55:00Z,Completed analysis for step 1,HASH-SHA256-1501
CSE-02-CASE-0150-STP-2,CSE-02-CASE-0150,Forensic Step 2: Egress Inspection,Completed,ANON-03,2026-08-18T11:57:00Z,2026-08-18T12:03:00Z,Completed analysis for step 2,HASH-SHA256-1502
CSE-02-CASE-0150-STP-3,CSE-02-CASE-0150,Forensic Step 3: Remediation Review,Completed,ANON-03,2026-08-18T12:02:00Z,2026-08-18T12:11:00Z,Completed analysis for step 3,HASH-SHA256-1503
CSE-03-CASE-0001-STP-1,CSE-03-CASE-0001,Forensic Step 1: Memory Dump,Completed,ANON-02,2026-08-08T20:11:00Z,2026-08-08T20:14:00Z,Completed analysis for step 1,HASH-SHA256-11
CSE-03-CASE-0001-STP-2,CSE-03-CASE-0001,Forensic Step 2: Egress Inspection,Completed,ANON-02,2026-08-08T20:16:00Z,2026-08-08T20:22:00Z,Completed analysis for step 2,HASH-SHA256-12
CSE-03-CASE-0001-STP-3,CSE-03-CASE-0001,Forensic Step 3: Remediation Review,Completed,ANON-02,2026-08-08T20:21:00Z,2026-08-08T20:30:00Z,Completed analysis for step 3,HASH-SHA256-13
CSE-03-CASE-0001-STP-4,CSE-03-CASE-0001,Forensic Step 4: Artifact Capture,Completed,ANON-02,2026-08-08T20:26:00Z,2026-08-08T20:38:00Z,Completed analysis for step 4,HASH-SHA256-14
CSE-03-CASE-0001-STP-5,CSE-03-CASE-0001,Forensic Step 5: Memory Dump,Completed,ANON-02,2026-08-08T20:31:00Z,2026-08-08T20:46:00Z,Completed analysis for step 5,HASH-SHA256-15
CSE-03-CASE-0002-STP-1,CSE-03-CASE-0002,Forensic Step 1: Memory Dump,Completed,ANON-03,2026-08-21T18:56:00Z,2026-08-21T18:59:00Z,Completed analysis for step 1,HASH-SHA256-21
CSE-03-CASE-0002-STP-2,CSE-03-CASE-0002,Forensic Step 2: Egress Inspection,Completed,ANON-03,2026-08-21T19:01:00Z,2026-08-21T19:07:00Z,Completed analysis for step 2,HASH-SHA256-22
CSE-03-CASE-0002-STP-3,CSE-03-CASE-0002,Forensic Step 3: Remediation Review,Completed,ANON-03,2026-08-21T19:06:00Z,2026-08-21T19:15:00Z,Completed analysis for step 3,HASH-SHA256-23
CSE-03-CASE-0002-STP-4,CSE-03-CASE-0002,Forensic Step 4: Artifact Capture,Completed,ANON-03,2026-08-21T19:11:00Z,2026-08-21T19:23:00Z,Completed analysis for step 4,HASH-SHA256-24
CSE-03-CASE-0002-STP-5,CSE-03-CASE-0002,Forensic Step 5: Memory Dump,Completed,ANON-03,2026-08-21T19:16:00Z,2026-08-21T19:31:00Z,Completed analysis for step 5,HASH-SHA256-25
CSE-03-CASE-0003-STP-1,CSE-03-CASE-0003,Forensic Step 1: Memory Dump,Completed,ANON-04,2026-08-27T13:01:00Z,2026-08-27T13:04:00Z,Completed analysis for step 1,HASH-SHA256-31
CSE-03-CASE-0003-STP-2,CSE-03-CASE-0003,Forensic Step 2: Egress Inspection,Completed,ANON-04,2026-08-27T13:06:00Z,2026-08-27T13:12:00Z,Completed analysis for step 2,HASH-SHA256-32
CSE-03-CASE-0003-STP-3,CSE-03-CASE-0003,Forensic Step 3: Remediation Review,Completed,ANON-04,2026-08-27T13:11:00Z,2026-08-27T13:20:00Z,Completed analysis for step 3,HASH-SHA256-33
CSE-03-CASE-0004-STP-1,CSE-03-CASE-0004,Forensic Step 1: Memory Dump,Completed,ANON-01,2026-08-01T16:27:00Z,2026-08-01T16:30:00Z,Completed analysis for step 1,HASH-SHA256-41
CSE-03-CASE-0004-STP-2,CSE-03-CASE-0004,Forensic Step 2: Egress Inspection,Completed,ANON-01,2026-08-01T16:32:00Z,2026-08-01T16:38:00Z,Completed analysis for step 2,HASH-SHA256-42
CSE-03-CASE-0004-STP-3,CSE-03-CASE-0004,Forensic Step 3: Remediation Review,Completed,ANON-01,2026-08-01T16:37:00Z,2026-08-01T16:46:00Z,Completed analysis for step 3,HASH-SHA256-43
CSE-03-CASE-0005-STP-1,CSE-03-CASE-0005,Forensic Step 1: Memory Dump,Completed,ANON-02,2026-08-25T17:21:00Z,2026-08-25T17:24:00Z,Completed analysis for step 1,HASH-SHA256-51
CSE-03-CASE-0005-STP-2,CSE-03-CASE-0005,Forensic Step 2: Egress Inspection,Completed,ANON-02,2026-08-25T17:26:00Z,2026-08-25T17:32:00Z,Completed analysis for step 2,HASH-SHA256-52
CSE-03-CASE-0005-STP-3,CSE-03-CASE-0005,Forensic Step 3: Remediation Review,Completed,ANON-02,2026-08-25T17:31:00Z,2026-08-25T17:40:00Z,Completed analysis for step 3,HASH-SHA256-53
CSE-03-CASE-0005-STP-4,CSE-03-CASE-0005,Forensic Step 4: Artifact Capture,Completed,ANON-02,2026-08-25T17:36:00Z,2026-08-25T17:48:00Z,Completed analysis for step 4,HASH-SHA256-54
CSE-03-CASE-0005-STP-5,CSE-03-CASE-0005,Forensic Step 5: Memory Dump,Completed,ANON-02,2026-08-25T17:41:00Z,2026-08-25T17:56:00Z,Completed analysis for step 5,HASH-SHA256-55
CSE-03-CASE-0006-STP-1,CSE-03-CASE-0006,Forensic Step 1: Memory Dump,Completed,ANON-03,2026-08-27T03:42:00Z,2026-08-27T03:45:00Z,Completed analysis for step 1,HASH-SHA256-61
CSE-03-CASE-0006-STP-2,CSE-03-CASE-0006,Forensic Step 2: Egress Inspection,Completed,ANON-03,2026-08-27T03:47:00Z,2026-08-27T03:53:00Z,Completed analysis for step 2,HASH-SHA256-62
CSE-03-CASE-0006-STP-3,CSE-03-CASE-0006,Forensic Step 3: Remediation Review,Completed,ANON-03,2026-08-27T03:52:00Z,2026-08-27T04:01:00Z,Completed analysis for step 3,HASH-SHA256-63
CSE-03-CASE-0006-STP-4,CSE-03-CASE-0006,Forensic Step 4: Artifact Capture,Completed,ANON-03,2026-08-27T03:57:00Z,2026-08-27T04:09:00Z,Completed analysis for step 4,HASH-SHA256-64
CSE-03-CASE-0006-STP-5,CSE-03-CASE-0006,Forensic Step 5: Memory Dump,Completed,ANON-03,2026-08-27T04:02:00Z,2026-08-27T04:17:00Z,Completed analysis for step 5,HASH-SHA256-65
CSE-03-CASE-0007-STP-1,CSE-03-CASE-0007,Forensic Step 1: Memory Dump,Completed,ANON-04,2026-08-18T02:25:00Z,2026-08-18T02:28:00Z,Completed analysis for step 1,HASH-SHA256-71
CSE-03-CASE-0007-STP-2,CSE-03-CASE-0007,Forensic Step 2: Egress Inspection,Completed,ANON-04,2026-08-18T02:30:00Z,2026-08-18T02:36:00Z,Completed analysis for step 2,HASH-SHA256-72
CSE-03-CASE-0007-STP-3,CSE-03-CASE-0007,Forensic Step 3: Remediation Review,Completed,ANON-04,2026-08-18T02:35:00Z,2026-08-18T02:44:00Z,Completed analysis for step 3,HASH-SHA256-73
CSE-03-CASE-0007-STP-4,CSE-03-CASE-0007,Forensic Step 4: Artifact Capture,Completed,ANON-04,2026-08-18T02:40:00Z,2026-08-18T02:52:00Z,Completed analysis for step 4,HASH-SHA256-74
CSE-03-CASE-0007-STP-5,CSE-03-CASE-0007,Forensic Step 5: Memory Dump,Completed,ANON-04,2026-08-18T02:45:00Z,2026-08-18T03:00:00Z,Completed analysis for step 5,HASH-SHA256-75
CSE-03-CASE-0008-STP-1,CSE-03-CASE-0008,Forensic Step 1: Memory Dump,Completed,ANON-01,2026-08-12T15:43:00Z,2026-08-12T15:46:00Z,Completed analysis for step 1,HASH-SHA256-81
CSE-03-CASE-0008-STP-2,CSE-03-CASE-0008,Forensic Step 2: Egress Inspection,Completed,ANON-01,2026-08-12T15:48:00Z,2026-08-12T15:54:00Z,Completed analysis for step 2,HASH-SHA256-82
CSE-03-CASE-0008-STP-3,CSE-03-CASE-0008,Forensic Step 3: Remediation Review,Completed,ANON-01,2026-08-12T15:53:00Z,2026-08-12T16:02:00Z,Completed analysis for step 3,HASH-SHA256-83
CSE-03-CASE-0009-STP-1,CSE-03-CASE-0009,Forensic Step 1: Memory Dump,Completed,ANON-02,2026-08-18T01:46:00Z,2026-08-18T01:49:00Z,Completed analysis for step 1,HASH-SHA256-91
CSE-03-CASE-0009-STP-2,CSE-03-CASE-0009,Forensic Step 2: Egress Inspection,Completed,ANON-02,2026-08-18T01:51:00Z,2026-08-18T01:57:00Z,Completed analysis for step 2,HASH-SHA256-92
CSE-03-CASE-0009-STP-3,CSE-03-CASE-0009,Forensic Step 3: Remediation Review,Completed,ANON-02,2026-08-18T01:56:00Z,2026-08-18T02:05:00Z,Completed analysis for step 3,HASH-SHA256-93
CSE-03-CASE-0009-STP-4,CSE-03-CASE-0009,Forensic Step 4: Artifact Capture,Completed,ANON-02,2026-08-18T02:01:00Z,2026-08-18T02:13:00Z,Completed analysis for step 4,HASH-SHA256-94
CSE-03-CASE-0010-STP-1,CSE-03-CASE-0010,Forensic Step 1: Memory Dump,Completed,ANON-03,2026-08-03T04:30:00Z,2026-08-03T04:33:00Z,Completed analysis for step 1,HASH-SHA256-101
CSE-03-CASE-0010-STP-2,CSE-03-CASE-0010,Forensic Step 2: Egress Inspection,Completed,ANON-03,2026-08-03T04:35:00Z,2026-08-03T04:41:00Z,Completed analysis for step 2,HASH-SHA256-102
CSE-03-CASE-0010-STP-3,CSE-03-CASE-0010,Forensic Step 3: Remediation Review,Completed,ANON-03,2026-08-03T04:40:00Z,2026-08-03T04:49:00Z,Completed analysis for step 3,HASH-SHA256-103
CSE-03-CASE-0010-STP-4,CSE-03-CASE-0010,Forensic Step 4: Artifact Capture,Completed,ANON-03,2026-08-03T04:45:00Z,2026-08-03T04:57:00Z,Completed analysis for step 4,HASH-SHA256-104
CSE-03-CASE-0011-STP-1,CSE-03-CASE-0011,Forensic Step 1: Memory Dump,Completed,ANON-04,2026-08-09T07:57:00Z,2026-08-09T08:00:00Z,Completed analysis for step 1,HASH-SHA256-111
CSE-03-CASE-0011-STP-2,CSE-03-CASE-0011,Forensic Step 2: Egress Inspection,Completed,ANON-04,2026-08-09T08:02:00Z,2026-08-09T08:08:00Z,Completed analysis for step 2,HASH-SHA256-112
CSE-03-CASE-0011-STP-3,CSE-03-CASE-0011,Forensic Step 3: Remediation Review,Completed,ANON-04,2026-08-09T08:07:00Z,2026-08-09T08:16:00Z,Completed analysis for step 3,HASH-SHA256-113
CSE-03-CASE-0012-STP-1,CSE-03-CASE-0012,Forensic Step 1: Memory Dump,Completed,ANON-01,2026-08-02T19:47:00Z,2026-08-02T19:50:00Z,Completed analysis for step 1,HASH-SHA256-121
CSE-03-CASE-0012-STP-2,CSE-03-CASE-0012,Forensic Step 2: Egress Inspection,Completed,ANON-01,2026-08-02T19:52:00Z,2026-08-02T19:58:00Z,Completed analysis for step 2,HASH-SHA256-122
CSE-03-CASE-0012-STP-3,CSE-03-CASE-0012,Forensic Step 3: Remediation Review,Completed,ANON-01,2026-08-02T19:57:00Z,2026-08-02T20:06:00Z,Completed analysis for step 3,HASH-SHA256-123
CSE-03-CASE-0012-STP-4,CSE-03-CASE-0012,Forensic Step 4: Artifact Capture,Completed,ANON-01,2026-08-02T20:02:00Z,2026-08-02T20:14:00Z,Completed analysis for step 4,HASH-SHA256-124
CSE-03-CASE-0012-STP-5,CSE-03-CASE-0012,Forensic Step 5: Memory Dump,Completed,ANON-01,2026-08-02T20:07:00Z,2026-08-02T20:22:00Z,Completed analysis for step 5,HASH-SHA256-125
CSE-03-CASE-0013-STP-1,CSE-03-CASE-0013,Forensic Step 1: Memory Dump,Completed,ANON-02,2026-08-06T12:10:00Z,2026-08-06T12:13:00Z,Completed analysis for step 1,HASH-SHA256-131
CSE-03-CASE-0013-STP-2,CSE-03-CASE-0013,Forensic Step 2: Egress Inspection,Completed,ANON-02,2026-08-06T12:15:00Z,2026-08-06T12:21:00Z,Completed analysis for step 2,HASH-SHA256-132
CSE-03-CASE-0013-STP-3,CSE-03-CASE-0013,Forensic Step 3: Remediation Review,Completed,ANON-02,2026-08-06T12:20:00Z,2026-08-06T12:29:00Z,Completed analysis for step 3,HASH-SHA256-133
CSE-03-CASE-0014-STP-1,CSE-03-CASE-0014,Forensic Step 1: Memory Dump,Completed,ANON-03,2026-08-26T15:06:00Z,2026-08-26T15:09:00Z,Completed analysis for step 1,HASH-SHA256-141
CSE-03-CASE-0014-STP-2,CSE-03-CASE-0014,Forensic Step 2: Egress Inspection,Completed,ANON-03,2026-08-26T15:11:00Z,2026-08-26T15:17:00Z,Completed analysis for step 2,HASH-SHA256-142
CSE-03-CASE-0014-STP-3,CSE-03-CASE-0014,Forensic Step 3: Remediation Review,Completed,ANON-03,2026-08-26T15:16:00Z,2026-08-26T15:25:00Z,Completed analysis for step 3,HASH-SHA256-143
CSE-03-CASE-0014-STP-4,CSE-03-CASE-0014,Forensic Step 4: Artifact Capture,Completed,ANON-03,2026-08-26T15:21:00Z,2026-08-26T15:33:00Z,Completed analysis for step 4,HASH-SHA256-144
CSE-03-CASE-0014-STP-5,CSE-03-CASE-0014,Forensic Step 5: Memory Dump,Completed,ANON-03,2026-08-26T15:26:00Z,2026-08-26T15:41:00Z,Completed analysis for step 5,HASH-SHA256-145
CSE-03-CASE-0015-STP-1,CSE-03-CASE-0015,Forensic Step 1: Memory Dump,Completed,ANON-04,2026-08-16T16:12:00Z,2026-08-16T16:15:00Z,Completed analysis for step 1,HASH-SHA256-151
CSE-03-CASE-0015-STP-2,CSE-03-CASE-0015,Forensic Step 2: Egress Inspection,Completed,ANON-04,2026-08-16T16:17:00Z,2026-08-16T16:23:00Z,Completed analysis for step 2,HASH-SHA256-152
CSE-03-CASE-0015-STP-3,CSE-03-CASE-0015,Forensic Step 3: Remediation Review,Completed,ANON-04,2026-08-16T16:22:00Z,2026-08-16T16:31:00Z,Completed analysis for step 3,HASH-SHA256-153
CSE-03-CASE-0015-STP-4,CSE-03-CASE-0015,Forensic Step 4: Artifact Capture,Completed,ANON-04,2026-08-16T16:27:00Z,2026-08-16T16:39:00Z,Completed analysis for step 4,HASH-SHA256-154
CSE-03-CASE-0015-STP-5,CSE-03-CASE-0015,Forensic Step 5: Memory Dump,Completed,ANON-04,2026-08-16T16:32:00Z,2026-08-16T16:47:00Z,Completed analysis for step 5,HASH-SHA256-155
CSE-03-CASE-0016-STP-1,CSE-03-CASE-0016,Forensic Step 1: Memory Dump,Completed,ANON-01,2026-08-11T16:19:00Z,2026-08-11T16:22:00Z,Completed analysis for step 1,HASH-SHA256-161
CSE-03-CASE-0016-STP-2,CSE-03-CASE-0016,Forensic Step 2: Egress Inspection,Completed,ANON-01,2026-08-11T16:24:00Z,2026-08-11T16:30:00Z,Completed analysis for step 2,HASH-SHA256-162
CSE-03-CASE-0016-STP-3,CSE-03-CASE-0016,Forensic Step 3: Remediation Review,Completed,ANON-01,2026-08-11T16:29:00Z,2026-08-11T16:38:00Z,Completed analysis for step 3,HASH-SHA256-163
CSE-03-CASE-0016-STP-4,CSE-03-CASE-0016,Forensic Step 4: Artifact Capture,Completed,ANON-01,2026-08-11T16:34:00Z,2026-08-11T16:46:00Z,Completed analysis for step 4,HASH-SHA256-164
CSE-03-CASE-0017-STP-1,CSE-03-CASE-0017,Forensic Step 1: Memory Dump,Completed,ANON-02,2026-08-11T13:42:00Z,2026-08-11T13:45:00Z,Completed analysis for step 1,HASH-SHA256-171
CSE-03-CASE-0017-STP-2,CSE-03-CASE-0017,Forensic Step 2: Egress Inspection,Completed,ANON-02,2026-08-11T13:47:00Z,2026-08-11T13:53:00Z,Completed analysis for step 2,HASH-SHA256-172
CSE-03-CASE-0017-STP-3,CSE-03-CASE-0017,Forensic Step 3: Remediation Review,Completed,ANON-02,2026-08-11T13:52:00Z,2026-08-11T14:01:00Z,Completed analysis for step 3,HASH-SHA256-173
CSE-03-CASE-0018-STP-1,CSE-03-CASE-0018,Forensic Step 1: Memory Dump,Completed,ANON-03,2026-08-24T21:13:00Z,2026-08-24T21:16:00Z,Completed analysis for step 1,HASH-SHA256-181
CSE-03-CASE-0018-STP-2,CSE-03-CASE-0018,Forensic Step 2: Egress Inspection,Completed,ANON-03,2026-08-24T21:18:00Z,2026-08-24T21:24:00Z,Completed analysis for step 2,HASH-SHA256-182
CSE-03-CASE-0018-STP-3,CSE-03-CASE-0018,Forensic Step 3: Remediation Review,Completed,ANON-03,2026-08-24T21:23:00Z,2026-08-24T21:32:00Z,Completed analysis for step 3,HASH-SHA256-183
CSE-03-CASE-0018-STP-4,CSE-03-CASE-0018,Forensic Step 4: Artifact Capture,Completed,ANON-03,2026-08-24T21:28:00Z,2026-08-24T21:40:00Z,Completed analysis for step 4,HASH-SHA256-184
CSE-03-CASE-0019-STP-1,CSE-03-CASE-0019,Forensic Step 1: Memory Dump,Completed,ANON-04,2026-08-04T10:30:00Z,2026-08-04T10:33:00Z,Completed analysis for step 1,HASH-SHA256-191
CSE-03-CASE-0019-STP-2,CSE-03-CASE-0019,Forensic Step 2: Egress Inspection,Completed,ANON-04,2026-08-04T10:35:00Z,2026-08-04T10:41:00Z,Completed analysis for step 2,HASH-SHA256-192
CSE-03-CASE-0019-STP-3,CSE-03-CASE-0019,Forensic Step 3: Remediation Review,Completed,ANON-04,2026-08-04T10:40:00Z,2026-08-04T10:49:00Z,Completed analysis for step 3,HASH-SHA256-193
CSE-03-CASE-0020-STP-1,CSE-03-CASE-0020,Forensic Step 1: Memory Dump,Completed,ANON-01,2026-08-23T22:33:00Z,2026-08-23T22:36:00Z,Completed analysis for step 1,HASH-SHA256-201
CSE-03-CASE-0020-STP-2,CSE-03-CASE-0020,Forensic Step 2: Egress Inspection,Completed,ANON-01,2026-08-23T22:38:00Z,2026-08-23T22:44:00Z,Completed analysis for step 2,HASH-SHA256-202
CSE-03-CASE-0020-STP-3,CSE-03-CASE-0020,Forensic Step 3: Remediation Review,Completed,ANON-01,2026-08-23T22:43:00Z,2026-08-23T22:52:00Z,Completed analysis for step 3,HASH-SHA256-203
CSE-03-CASE-0020-STP-4,CSE-03-CASE-0020,Forensic Step 4: Artifact Capture,Completed,ANON-01,2026-08-23T22:48:00Z,2026-08-23T23:00:00Z,Completed analysis for step 4,HASH-SHA256-204
CSE-03-CASE-0021-STP-1,CSE-03-CASE-0021,Forensic Step 1: Memory Dump,Completed,ANON-02,2026-08-21T09:15:00Z,2026-08-21T09:18:00Z,Completed analysis for step 1,HASH-SHA256-211
CSE-03-CASE-0021-STP-2,CSE-03-CASE-0021,Forensic Step 2: Egress Inspection,Completed,ANON-02,2026-08-21T09:20:00Z,2026-08-21T09:26:00Z,Completed analysis for step 2,HASH-SHA256-212
CSE-03-CASE-0021-STP-3,CSE-03-CASE-0021,Forensic Step 3: Remediation Review,Completed,ANON-02,2026-08-21T09:25:00Z,2026-08-21T09:34:00Z,Completed analysis for step 3,HASH-SHA256-213
CSE-03-CASE-0022-STP-1,CSE-03-CASE-0022,Forensic Step 1: Memory Dump,Completed,ANON-03,2026-08-06T03:49:00Z,2026-08-06T03:52:00Z,Completed analysis for step 1,HASH-SHA256-221
CSE-03-CASE-0022-STP-2,CSE-03-CASE-0022,Forensic Step 2: Egress Inspection,Completed,ANON-03,2026-08-06T03:54:00Z,2026-08-06T04:00:00Z,Completed analysis for step 2,HASH-SHA256-222
CSE-03-CASE-0022-STP-3,CSE-03-CASE-0022,Forensic Step 3: Remediation Review,Completed,ANON-03,2026-08-06T03:59:00Z,2026-08-06T04:08:00Z,Completed analysis for step 3,HASH-SHA256-223
CSE-03-CASE-0023-STP-1,CSE-03-CASE-0023,Forensic Step 1: Memory Dump,Completed,ANON-04,2026-08-26T04:38:00Z,2026-08-26T04:41:00Z,Completed analysis for step 1,HASH-SHA256-231
CSE-03-CASE-0023-STP-2,CSE-03-CASE-0023,Forensic Step 2: Egress Inspection,Completed,ANON-04,2026-08-26T04:43:00Z,2026-08-26T04:49:00Z,Completed analysis for step 2,HASH-SHA256-232
CSE-03-CASE-0023-STP-3,CSE-03-CASE-0023,Forensic Step 3: Remediation Review,Completed,ANON-04,2026-08-26T04:48:00Z,2026-08-26T04:57:00Z,Completed analysis for step 3,HASH-SHA256-233
CSE-03-CASE-0023-STP-4,CSE-03-CASE-0023,Forensic Step 4: Artifact Capture,Completed,ANON-04,2026-08-26T04:53:00Z,2026-08-26T05:05:00Z,Completed analysis for step 4,HASH-SHA256-234
CSE-03-CASE-0023-STP-5,CSE-03-CASE-0023,Forensic Step 5: Memory Dump,Completed,ANON-04,2026-08-26T04:58:00Z,2026-08-26T05:13:00Z,Completed analysis for step 5,HASH-SHA256-235
CSE-03-CASE-0024-STP-1,CSE-03-CASE-0024,Forensic Step 1: Memory Dump,Completed,ANON-01,2026-08-15T19:38:00Z,2026-08-15T19:41:00Z,Completed analysis for step 1,HASH-SHA256-241
CSE-03-CASE-0024-STP-2,CSE-03-CASE-0024,Forensic Step 2: Egress Inspection,Completed,ANON-01,2026-08-15T19:43:00Z,2026-08-15T19:49:00Z,Completed analysis for step 2,HASH-SHA256-242
CSE-03-CASE-0024-STP-3,CSE-03-CASE-0024,Forensic Step 3: Remediation Review,Completed,ANON-01,2026-08-15T19:48:00Z,2026-08-15T19:57:00Z,Completed analysis for step 3,HASH-SHA256-243
CSE-03-CASE-0024-STP-4,CSE-03-CASE-0024,Forensic Step 4: Artifact Capture,Completed,ANON-01,2026-08-15T19:53:00Z,2026-08-15T20:05:00Z,Completed analysis for step 4,HASH-SHA256-244
CSE-03-CASE-0025-STP-1,CSE-03-CASE-0025,Forensic Step 1: Memory Dump,Completed,ANON-02,2026-08-12T04:23:00Z,2026-08-12T04:26:00Z,Completed analysis for step 1,HASH-SHA256-251
CSE-03-CASE-0025-STP-2,CSE-03-CASE-0025,Forensic Step 2: Egress Inspection,Completed,ANON-02,2026-08-12T04:28:00Z,2026-08-12T04:34:00Z,Completed analysis for step 2,HASH-SHA256-252
CSE-03-CASE-0025-STP-3,CSE-03-CASE-0025,Forensic Step 3: Remediation Review,Completed,ANON-02,2026-08-12T04:33:00Z,2026-08-12T04:42:00Z,Completed analysis for step 3,HASH-SHA256-253
CSE-03-CASE-0025-STP-4,CSE-03-CASE-0025,Forensic Step 4: Artifact Capture,Completed,ANON-02,2026-08-12T04:38:00Z,2026-08-12T04:50:00Z,Completed analysis for step 4,HASH-SHA256-254
CSE-03-CASE-0026-STP-1,CSE-03-CASE-0026,Forensic Step 1: Memory Dump,Completed,ANON-03,2026-08-17T21:08:00Z,2026-08-17T21:11:00Z,Completed analysis for step 1,HASH-SHA256-261
CSE-03-CASE-0026-STP-2,CSE-03-CASE-0026,Forensic Step 2: Egress Inspection,Completed,ANON-03,2026-08-17T21:13:00Z,2026-08-17T21:19:00Z,Completed analysis for step 2,HASH-SHA256-262
CSE-03-CASE-0026-STP-3,CSE-03-CASE-0026,Forensic Step 3: Remediation Review,Completed,ANON-03,2026-08-17T21:18:00Z,2026-08-17T21:27:00Z,Completed analysis for step 3,HASH-SHA256-263
CSE-03-CASE-0027-STP-1,CSE-03-CASE-0027,Forensic Step 1: Memory Dump,Completed,ANON-04,2026-08-20T17:51:00Z,2026-08-20T17:54:00Z,Completed analysis for step 1,HASH-SHA256-271
CSE-03-CASE-0027-STP-2,CSE-03-CASE-0027,Forensic Step 2: Egress Inspection,Completed,ANON-04,2026-08-20T17:56:00Z,2026-08-20T18:02:00Z,Completed analysis for step 2,HASH-SHA256-272
CSE-03-CASE-0027-STP-3,CSE-03-CASE-0027,Forensic Step 3: Remediation Review,Completed,ANON-04,2026-08-20T18:01:00Z,2026-08-20T18:10:00Z,Completed analysis for step 3,HASH-SHA256-273
CSE-03-CASE-0027-STP-4,CSE-03-CASE-0027,Forensic Step 4: Artifact Capture,Completed,ANON-04,2026-08-20T18:06:00Z,2026-08-20T18:18:00Z,Completed analysis for step 4,HASH-SHA256-274
CSE-03-CASE-0028-STP-1,CSE-03-CASE-0028,Forensic Step 1: Memory Dump,Completed,ANON-01,2026-08-07T06:39:00Z,2026-08-07T06:42:00Z,Completed analysis for step 1,HASH-SHA256-281
CSE-03-CASE-0028-STP-2,CSE-03-CASE-0028,Forensic Step 2: Egress Inspection,Completed,ANON-01,2026-08-07T06:44:00Z,2026-08-07T06:50:00Z,Completed analysis for step 2,HASH-SHA256-282
CSE-03-CASE-0028-STP-3,CSE-03-CASE-0028,Forensic Step 3: Remediation Review,Completed,ANON-01,2026-08-07T06:49:00Z,2026-08-07T06:58:00Z,Completed analysis for step 3,HASH-SHA256-283
CSE-03-CASE-0028-STP-4,CSE-03-CASE-0028,Forensic Step 4: Artifact Capture,Completed,ANON-01,2026-08-07T06:54:00Z,2026-08-07T07:06:00Z,Completed analysis for step 4,HASH-SHA256-284
CSE-03-CASE-0028-STP-5,CSE-03-CASE-0028,Forensic Step 5: Memory Dump,Completed,ANON-01,2026-08-07T06:59:00Z,2026-08-07T07:14:00Z,Completed analysis for step 5,HASH-SHA256-285
CSE-03-CASE-0029-STP-1,CSE-03-CASE-0029,Forensic Step 1: Memory Dump,Completed,ANON-02,2026-08-18T18:05:00Z,2026-08-18T18:08:00Z,Completed analysis for step 1,HASH-SHA256-291
CSE-03-CASE-0029-STP-2,CSE-03-CASE-0029,Forensic Step 2: Egress Inspection,Completed,ANON-02,2026-08-18T18:10:00Z,2026-08-18T18:16:00Z,Completed analysis for step 2,HASH-SHA256-292
CSE-03-CASE-0029-STP-3,CSE-03-CASE-0029,Forensic Step 3: Remediation Review,Completed,ANON-02,2026-08-18T18:15:00Z,2026-08-18T18:24:00Z,Completed analysis for step 3,HASH-SHA256-293
CSE-03-CASE-0030-STP-1,CSE-03-CASE-0030,Forensic Step 1: Memory Dump,Completed,ANON-03,2026-08-07T12:21:00Z,2026-08-07T12:24:00Z,Completed analysis for step 1,HASH-SHA256-301
CSE-03-CASE-0030-STP-2,CSE-03-CASE-0030,Forensic Step 2: Egress Inspection,Completed,ANON-03,2026-08-07T12:26:00Z,2026-08-07T12:32:00Z,Completed analysis for step 2,HASH-SHA256-302
CSE-03-CASE-0030-STP-3,CSE-03-CASE-0030,Forensic Step 3: Remediation Review,Completed,ANON-03,2026-08-07T12:31:00Z,2026-08-07T12:40:00Z,Completed analysis for step 3,HASH-SHA256-303
CSE-03-CASE-0030-STP-4,CSE-03-CASE-0030,Forensic Step 4: Artifact Capture,Completed,ANON-03,2026-08-07T12:36:00Z,2026-08-07T12:48:00Z,Completed analysis for step 4,HASH-SHA256-304
CSE-03-CASE-0031-STP-1,CSE-03-CASE-0031,Forensic Step 1: Memory Dump,Completed,ANON-04,2026-08-27T01:15:00Z,2026-08-27T01:18:00Z,Completed analysis for step 1,HASH-SHA256-311
CSE-03-CASE-0031-STP-2,CSE-03-CASE-0031,Forensic Step 2: Egress Inspection,Completed,ANON-04,2026-08-27T01:20:00Z,2026-08-27T01:26:00Z,Completed analysis for step 2,HASH-SHA256-312
CSE-03-CASE-0031-STP-3,CSE-03-CASE-0031,Forensic Step 3: Remediation Review,Completed,ANON-04,2026-08-27T01:25:00Z,2026-08-27T01:34:00Z,Completed analysis for step 3,HASH-SHA256-313
CSE-03-CASE-0031-STP-4,CSE-03-CASE-0031,Forensic Step 4: Artifact Capture,Completed,ANON-04,2026-08-27T01:30:00Z,2026-08-27T01:42:00Z,Completed analysis for step 4,HASH-SHA256-314
CSE-03-CASE-0031-STP-5,CSE-03-CASE-0031,Forensic Step 5: Memory Dump,Completed,ANON-04,2026-08-27T01:35:00Z,2026-08-27T01:50:00Z,Completed analysis for step 5,HASH-SHA256-315
CSE-03-CASE-0032-STP-1,CSE-03-CASE-0032,Forensic Step 1: Memory Dump,Completed,ANON-01,2026-08-24T23:48:00Z,2026-08-24T23:51:00Z,Completed analysis for step 1,HASH-SHA256-321
CSE-03-CASE-0032-STP-2,CSE-03-CASE-0032,Forensic Step 2: Egress Inspection,Completed,ANON-01,2026-08-24T23:53:00Z,2026-08-24T23:59:00Z,Completed analysis for step 2,HASH-SHA256-322
CSE-03-CASE-0032-STP-3,CSE-03-CASE-0032,Forensic Step 3: Remediation Review,Completed,ANON-01,2026-08-24T23:58:00Z,2026-08-25T00:07:00Z,Completed analysis for step 3,HASH-SHA256-323
CSE-03-CASE-0032-STP-4,CSE-03-CASE-0032,Forensic Step 4: Artifact Capture,Completed,ANON-01,2026-08-25T00:03:00Z,2026-08-25T00:15:00Z,Completed analysis for step 4,HASH-SHA256-324
CSE-03-CASE-0033-STP-1,CSE-03-CASE-0033,Forensic Step 1: Memory Dump,Completed,ANON-02,2026-08-21T10:39:00Z,2026-08-21T10:42:00Z,Completed analysis for step 1,HASH-SHA256-331
CSE-03-CASE-0033-STP-2,CSE-03-CASE-0033,Forensic Step 2: Egress Inspection,Completed,ANON-02,2026-08-21T10:44:00Z,2026-08-21T10:50:00Z,Completed analysis for step 2,HASH-SHA256-332
CSE-03-CASE-0033-STP-3,CSE-03-CASE-0033,Forensic Step 3: Remediation Review,Completed,ANON-02,2026-08-21T10:49:00Z,2026-08-21T10:58:00Z,Completed analysis for step 3,HASH-SHA256-333
CSE-03-CASE-0034-STP-1,CSE-03-CASE-0034,Forensic Step 1: Memory Dump,Completed,ANON-03,2026-08-15T01:05:00Z,2026-08-15T01:08:00Z,Completed analysis for step 1,HASH-SHA256-341
CSE-03-CASE-0034-STP-2,CSE-03-CASE-0034,Forensic Step 2: Egress Inspection,Completed,ANON-03,2026-08-15T01:10:00Z,2026-08-15T01:16:00Z,Completed analysis for step 2,HASH-SHA256-342
CSE-03-CASE-0034-STP-3,CSE-03-CASE-0034,Forensic Step 3: Remediation Review,Completed,ANON-03,2026-08-15T01:15:00Z,2026-08-15T01:24:00Z,Completed analysis for step 3,HASH-SHA256-343
CSE-03-CASE-0034-STP-4,CSE-03-CASE-0034,Forensic Step 4: Artifact Capture,Completed,ANON-03,2026-08-15T01:20:00Z,2026-08-15T01:32:00Z,Completed analysis for step 4,HASH-SHA256-344
CSE-03-CASE-0035-STP-1,CSE-03-CASE-0035,Forensic Step 1: Memory Dump,Completed,ANON-04,2026-08-06T13:31:00Z,2026-08-06T13:34:00Z,Completed analysis for step 1,HASH-SHA256-351
CSE-03-CASE-0035-STP-2,CSE-03-CASE-0035,Forensic Step 2: Egress Inspection,Completed,ANON-04,2026-08-06T13:36:00Z,2026-08-06T13:42:00Z,Completed analysis for step 2,HASH-SHA256-352
CSE-03-CASE-0035-STP-3,CSE-03-CASE-0035,Forensic Step 3: Remediation Review,Completed,ANON-04,2026-08-06T13:41:00Z,2026-08-06T13:50:00Z,Completed analysis for step 3,HASH-SHA256-353
CSE-03-CASE-0036-STP-1,CSE-03-CASE-0036,Forensic Step 1: Memory Dump,Completed,ANON-01,2026-08-09T14:48:00Z,2026-08-09T14:51:00Z,Completed analysis for step 1,HASH-SHA256-361
CSE-03-CASE-0036-STP-2,CSE-03-CASE-0036,Forensic Step 2: Egress Inspection,Completed,ANON-01,2026-08-09T14:53:00Z,2026-08-09T14:59:00Z,Completed analysis for step 2,HASH-SHA256-362
CSE-03-CASE-0036-STP-3,CSE-03-CASE-0036,Forensic Step 3: Remediation Review,Completed,ANON-01,2026-08-09T14:58:00Z,2026-08-09T15:07:00Z,Completed analysis for step 3,HASH-SHA256-363
CSE-03-CASE-0036-STP-4,CSE-03-CASE-0036,Forensic Step 4: Artifact Capture,Completed,ANON-01,2026-08-09T15:03:00Z,2026-08-09T15:15:00Z,Completed analysis for step 4,HASH-SHA256-364
CSE-03-CASE-0036-STP-5,CSE-03-CASE-0036,Forensic Step 5: Memory Dump,Completed,ANON-01,2026-08-09T15:08:00Z,2026-08-09T15:23:00Z,Completed analysis for step 5,HASH-SHA256-365
CSE-03-CASE-0037-STP-1,CSE-03-CASE-0037,Forensic Step 1: Memory Dump,Completed,ANON-02,2026-08-18T10:47:00Z,2026-08-18T10:50:00Z,Completed analysis for step 1,HASH-SHA256-371
CSE-03-CASE-0037-STP-2,CSE-03-CASE-0037,Forensic Step 2: Egress Inspection,Completed,ANON-02,2026-08-18T10:52:00Z,2026-08-18T10:58:00Z,Completed analysis for step 2,HASH-SHA256-372
CSE-03-CASE-0037-STP-3,CSE-03-CASE-0037,Forensic Step 3: Remediation Review,Completed,ANON-02,2026-08-18T10:57:00Z,2026-08-18T11:06:00Z,Completed analysis for step 3,HASH-SHA256-373
CSE-03-CASE-0038-STP-1,CSE-03-CASE-0038,Forensic Step 1: Memory Dump,Completed,ANON-03,2026-08-23T04:01:00Z,2026-08-23T04:04:00Z,Completed analysis for step 1,HASH-SHA256-381
CSE-03-CASE-0038-STP-2,CSE-03-CASE-0038,Forensic Step 2: Egress Inspection,Completed,ANON-03,2026-08-23T04:06:00Z,2026-08-23T04:12:00Z,Completed analysis for step 2,HASH-SHA256-382
CSE-03-CASE-0038-STP-3,CSE-03-CASE-0038,Forensic Step 3: Remediation Review,Completed,ANON-03,2026-08-23T04:11:00Z,2026-08-23T04:20:00Z,Completed analysis for step 3,HASH-SHA256-383
CSE-03-CASE-0039-STP-1,CSE-03-CASE-0039,Forensic Step 1: Memory Dump,Completed,ANON-04,2026-08-03T04:58:00Z,2026-08-03T05:01:00Z,Completed analysis for step 1,HASH-SHA256-391
CSE-03-CASE-0039-STP-2,CSE-03-CASE-0039,Forensic Step 2: Egress Inspection,Completed,ANON-04,2026-08-03T05:03:00Z,2026-08-03T05:09:00Z,Completed analysis for step 2,HASH-SHA256-392
CSE-03-CASE-0039-STP-3,CSE-03-CASE-0039,Forensic Step 3: Remediation Review,Completed,ANON-04,2026-08-03T05:08:00Z,2026-08-03T05:17:00Z,Completed analysis for step 3,HASH-SHA256-393
CSE-03-CASE-0039-STP-4,CSE-03-CASE-0039,Forensic Step 4: Artifact Capture,Completed,ANON-04,2026-08-03T05:13:00Z,2026-08-03T05:25:00Z,Completed analysis for step 4,HASH-SHA256-394
CSE-03-CASE-0039-STP-5,CSE-03-CASE-0039,Forensic Step 5: Memory Dump,Completed,ANON-04,2026-08-03T05:18:00Z,2026-08-03T05:33:00Z,Completed analysis for step 5,HASH-SHA256-395
CSE-03-CASE-0040-STP-1,CSE-03-CASE-0040,Forensic Step 1: Memory Dump,Completed,ANON-01,2026-08-21T08:41:00Z,2026-08-21T08:44:00Z,Completed analysis for step 1,HASH-SHA256-401
CSE-03-CASE-0040-STP-2,CSE-03-CASE-0040,Forensic Step 2: Egress Inspection,Completed,ANON-01,2026-08-21T08:46:00Z,2026-08-21T08:52:00Z,Completed analysis for step 2,HASH-SHA256-402
CSE-03-CASE-0040-STP-3,CSE-03-CASE-0040,Forensic Step 3: Remediation Review,Completed,ANON-01,2026-08-21T08:51:00Z,2026-08-21T09:00:00Z,Completed analysis for step 3,HASH-SHA256-403
CSE-03-CASE-0040-STP-4,CSE-03-CASE-0040,Forensic Step 4: Artifact Capture,Completed,ANON-01,2026-08-21T08:56:00Z,2026-08-21T09:08:00Z,Completed analysis for step 4,HASH-SHA256-404
CSE-03-CASE-0041-STP-1,CSE-03-CASE-0041,Forensic Step 1: Memory Dump,Completed,ANON-02,2026-08-09T05:32:00Z,2026-08-09T05:35:00Z,Completed analysis for step 1,HASH-SHA256-411
CSE-03-CASE-0041-STP-2,CSE-03-CASE-0041,Forensic Step 2: Egress Inspection,Completed,ANON-02,2026-08-09T05:37:00Z,2026-08-09T05:43:00Z,Completed analysis for step 2,HASH-SHA256-412
CSE-03-CASE-0041-STP-3,CSE-03-CASE-0041,Forensic Step 3: Remediation Review,Completed,ANON-02,2026-08-09T05:42:00Z,2026-08-09T05:51:00Z,Completed analysis for step 3,HASH-SHA256-413
CSE-03-CASE-0042-STP-1,CSE-03-CASE-0042,Forensic Step 1: Memory Dump,Completed,ANON-03,2026-08-15T21:41:00Z,2026-08-15T21:44:00Z,Completed analysis for step 1,HASH-SHA256-421
CSE-03-CASE-0042-STP-2,CSE-03-CASE-0042,Forensic Step 2: Egress Inspection,Completed,ANON-03,2026-08-15T21:46:00Z,2026-08-15T21:52:00Z,Completed analysis for step 2,HASH-SHA256-422
CSE-03-CASE-0042-STP-3,CSE-03-CASE-0042,Forensic Step 3: Remediation Review,Completed,ANON-03,2026-08-15T21:51:00Z,2026-08-15T22:00:00Z,Completed analysis for step 3,HASH-SHA256-423
CSE-03-CASE-0042-STP-4,CSE-03-CASE-0042,Forensic Step 4: Artifact Capture,Completed,ANON-03,2026-08-15T21:56:00Z,2026-08-15T22:08:00Z,Completed analysis for step 4,HASH-SHA256-424
CSE-03-CASE-0043-STP-1,CSE-03-CASE-0043,Forensic Step 1: Memory Dump,Completed,ANON-04,2026-08-29T06:32:00Z,2026-08-29T06:35:00Z,Completed analysis for step 1,HASH-SHA256-431
CSE-03-CASE-0043-STP-2,CSE-03-CASE-0043,Forensic Step 2: Egress Inspection,Completed,ANON-04,2026-08-29T06:37:00Z,2026-08-29T06:43:00Z,Completed analysis for step 2,HASH-SHA256-432
CSE-03-CASE-0043-STP-3,CSE-03-CASE-0043,Forensic Step 3: Remediation Review,Completed,ANON-04,2026-08-29T06:42:00Z,2026-08-29T06:51:00Z,Completed analysis for step 3,HASH-SHA256-433
CSE-03-CASE-0043-STP-4,CSE-03-CASE-0043,Forensic Step 4: Artifact Capture,Completed,ANON-04,2026-08-29T06:47:00Z,2026-08-29T06:59:00Z,Completed analysis for step 4,HASH-SHA256-434
CSE-03-CASE-0043-STP-5,CSE-03-CASE-0043,Forensic Step 5: Memory Dump,Completed,ANON-04,2026-08-29T06:52:00Z,2026-08-29T07:07:00Z,Completed analysis for step 5,HASH-SHA256-435
CSE-03-CASE-0044-STP-1,CSE-03-CASE-0044,Forensic Step 1: Memory Dump,Completed,ANON-01,2026-08-18T11:27:00Z,2026-08-18T11:30:00Z,Completed analysis for step 1,HASH-SHA256-441
CSE-03-CASE-0044-STP-2,CSE-03-CASE-0044,Forensic Step 2: Egress Inspection,Completed,ANON-01,2026-08-18T11:32:00Z,2026-08-18T11:38:00Z,Completed analysis for step 2,HASH-SHA256-442
CSE-03-CASE-0044-STP-3,CSE-03-CASE-0044,Forensic Step 3: Remediation Review,Completed,ANON-01,2026-08-18T11:37:00Z,2026-08-18T11:46:00Z,Completed analysis for step 3,HASH-SHA256-443
CSE-03-CASE-0045-STP-1,CSE-03-CASE-0045,Forensic Step 1: Memory Dump,Completed,ANON-02,2026-08-05T11:18:00Z,2026-08-05T11:21:00Z,Completed analysis for step 1,HASH-SHA256-451
CSE-03-CASE-0045-STP-2,CSE-03-CASE-0045,Forensic Step 2: Egress Inspection,Completed,ANON-02,2026-08-05T11:23:00Z,2026-08-05T11:29:00Z,Completed analysis for step 2,HASH-SHA256-452
CSE-03-CASE-0045-STP-3,CSE-03-CASE-0045,Forensic Step 3: Remediation Review,Completed,ANON-02,2026-08-05T11:28:00Z,2026-08-05T11:37:00Z,Completed analysis for step 3,HASH-SHA256-453
CSE-03-CASE-0046-STP-1,CSE-03-CASE-0046,Forensic Step 1: Memory Dump,Completed,ANON-03,2026-08-27T19:08:00Z,2026-08-27T19:11:00Z,Completed analysis for step 1,HASH-SHA256-461
CSE-03-CASE-0046-STP-2,CSE-03-CASE-0046,Forensic Step 2: Egress Inspection,Completed,ANON-03,2026-08-27T19:13:00Z,2026-08-27T19:19:00Z,Completed analysis for step 2,HASH-SHA256-462
CSE-03-CASE-0046-STP-3,CSE-03-CASE-0046,Forensic Step 3: Remediation Review,Completed,ANON-03,2026-08-27T19:18:00Z,2026-08-27T19:27:00Z,Completed analysis for step 3,HASH-SHA256-463
CSE-03-CASE-0046-STP-4,CSE-03-CASE-0046,Forensic Step 4: Artifact Capture,Completed,ANON-03,2026-08-27T19:23:00Z,2026-08-27T19:35:00Z,Completed analysis for step 4,HASH-SHA256-464
CSE-03-CASE-0046-STP-5,CSE-03-CASE-0046,Forensic Step 5: Memory Dump,Completed,ANON-03,2026-08-27T19:28:00Z,2026-08-27T19:43:00Z,Completed analysis for step 5,HASH-SHA256-465
CSE-03-CASE-0047-STP-1,CSE-03-CASE-0047,Forensic Step 1: Memory Dump,Completed,ANON-04,2026-08-16T00:02:00Z,2026-08-16T00:05:00Z,Completed analysis for step 1,HASH-SHA256-471
CSE-03-CASE-0047-STP-2,CSE-03-CASE-0047,Forensic Step 2: Egress Inspection,Completed,ANON-04,2026-08-16T00:07:00Z,2026-08-16T00:13:00Z,Completed analysis for step 2,HASH-SHA256-472
CSE-03-CASE-0047-STP-3,CSE-03-CASE-0047,Forensic Step 3: Remediation Review,Completed,ANON-04,2026-08-16T00:12:00Z,2026-08-16T00:21:00Z,Completed analysis for step 3,HASH-SHA256-473
CSE-03-CASE-0047-STP-4,CSE-03-CASE-0047,Forensic Step 4: Artifact Capture,Completed,ANON-04,2026-08-16T00:17:00Z,2026-08-16T00:29:00Z,Completed analysis for step 4,HASH-SHA256-474
CSE-03-CASE-0047-STP-5,CSE-03-CASE-0047,Forensic Step 5: Memory Dump,Completed,ANON-04,2026-08-16T00:22:00Z,2026-08-16T00:37:00Z,Completed analysis for step 5,HASH-SHA256-475
CSE-03-CASE-0048-STP-1,CSE-03-CASE-0048,Forensic Step 1: Memory Dump,Completed,ANON-01,2026-08-15T15:19:00Z,2026-08-15T15:22:00Z,Completed analysis for step 1,HASH-SHA256-481
CSE-03-CASE-0048-STP-2,CSE-03-CASE-0048,Forensic Step 2: Egress Inspection,Completed,ANON-01,2026-08-15T15:24:00Z,2026-08-15T15:30:00Z,Completed analysis for step 2,HASH-SHA256-482
CSE-03-CASE-0048-STP-3,CSE-03-CASE-0048,Forensic Step 3: Remediation Review,Completed,ANON-01,2026-08-15T15:29:00Z,2026-08-15T15:38:00Z,Completed analysis for step 3,HASH-SHA256-483
CSE-03-CASE-0048-STP-4,CSE-03-CASE-0048,Forensic Step 4: Artifact Capture,Completed,ANON-01,2026-08-15T15:34:00Z,2026-08-15T15:46:00Z,Completed analysis for step 4,HASH-SHA256-484
CSE-03-CASE-0049-STP-1,CSE-03-CASE-0049,Forensic Step 1: Memory Dump,Completed,ANON-02,2026-08-21T04:57:00Z,2026-08-21T05:00:00Z,Completed analysis for step 1,HASH-SHA256-491
CSE-03-CASE-0049-STP-2,CSE-03-CASE-0049,Forensic Step 2: Egress Inspection,Completed,ANON-02,2026-08-21T05:02:00Z,2026-08-21T05:08:00Z,Completed analysis for step 2,HASH-SHA256-492
CSE-03-CASE-0049-STP-3,CSE-03-CASE-0049,Forensic Step 3: Remediation Review,Completed,ANON-02,2026-08-21T05:07:00Z,2026-08-21T05:16:00Z,Completed analysis for step 3,HASH-SHA256-493
CSE-03-CASE-0049-STP-4,CSE-03-CASE-0049,Forensic Step 4: Artifact Capture,Completed,ANON-02,2026-08-21T05:12:00Z,2026-08-21T05:24:00Z,Completed analysis for step 4,HASH-SHA256-494
CSE-03-CASE-0050-STP-1,CSE-03-CASE-0050,Forensic Step 1: Memory Dump,Completed,ANON-03,2026-08-05T16:57:00Z,2026-08-05T17:00:00Z,Completed analysis for step 1,HASH-SHA256-501
CSE-03-CASE-0050-STP-2,CSE-03-CASE-0050,Forensic Step 2: Egress Inspection,Completed,ANON-03,2026-08-05T17:02:00Z,2026-08-05T17:08:00Z,Completed analysis for step 2,HASH-SHA256-502
CSE-03-CASE-0050-STP-3,CSE-03-CASE-0050,Forensic Step 3: Remediation Review,Completed,ANON-03,2026-08-05T17:07:00Z,2026-08-05T17:16:00Z,Completed analysis for step 3,HASH-SHA256-503
CSE-03-CASE-0051-STP-1,CSE-03-CASE-0051,Forensic Step 1: Memory Dump,Completed,ANON-04,2026-08-20T01:22:00Z,2026-08-20T01:25:00Z,Completed analysis for step 1,HASH-SHA256-511
CSE-03-CASE-0051-STP-2,CSE-03-CASE-0051,Forensic Step 2: Egress Inspection,Completed,ANON-04,2026-08-20T01:27:00Z,2026-08-20T01:33:00Z,Completed analysis for step 2,HASH-SHA256-512
CSE-03-CASE-0051-STP-3,CSE-03-CASE-0051,Forensic Step 3: Remediation Review,Completed,ANON-04,2026-08-20T01:32:00Z,2026-08-20T01:41:00Z,Completed analysis for step 3,HASH-SHA256-513
CSE-03-CASE-0051-STP-4,CSE-03-CASE-0051,Forensic Step 4: Artifact Capture,Completed,ANON-04,2026-08-20T01:37:00Z,2026-08-20T01:49:00Z,Completed analysis for step 4,HASH-SHA256-514
CSE-03-CASE-0051-STP-5,CSE-03-CASE-0051,Forensic Step 5: Memory Dump,Completed,ANON-04,2026-08-20T01:42:00Z,2026-08-20T01:57:00Z,Completed analysis for step 5,HASH-SHA256-515
CSE-03-CASE-0052-STP-1,CSE-03-CASE-0052,Forensic Step 1: Memory Dump,Completed,ANON-01,2026-08-16T01:32:00Z,2026-08-16T01:35:00Z,Completed analysis for step 1,HASH-SHA256-521
CSE-03-CASE-0052-STP-2,CSE-03-CASE-0052,Forensic Step 2: Egress Inspection,Completed,ANON-01,2026-08-16T01:37:00Z,2026-08-16T01:43:00Z,Completed analysis for step 2,HASH-SHA256-522
CSE-03-CASE-0052-STP-3,CSE-03-CASE-0052,Forensic Step 3: Remediation Review,Completed,ANON-01,2026-08-16T01:42:00Z,2026-08-16T01:51:00Z,Completed analysis for step 3,HASH-SHA256-523
CSE-03-CASE-0053-STP-1,CSE-03-CASE-0053,Forensic Step 1: Memory Dump,Completed,ANON-02,2026-08-13T20:01:00Z,2026-08-13T20:04:00Z,Completed analysis for step 1,HASH-SHA256-531
CSE-03-CASE-0053-STP-2,CSE-03-CASE-0053,Forensic Step 2: Egress Inspection,Completed,ANON-02,2026-08-13T20:06:00Z,2026-08-13T20:12:00Z,Completed analysis for step 2,HASH-SHA256-532
CSE-03-CASE-0053-STP-3,CSE-03-CASE-0053,Forensic Step 3: Remediation Review,Completed,ANON-02,2026-08-13T20:11:00Z,2026-08-13T20:20:00Z,Completed analysis for step 3,HASH-SHA256-533
CSE-03-CASE-0053-STP-4,CSE-03-CASE-0053,Forensic Step 4: Artifact Capture,Completed,ANON-02,2026-08-13T20:16:00Z,2026-08-13T20:28:00Z,Completed analysis for step 4,HASH-SHA256-534
CSE-03-CASE-0053-STP-5,CSE-03-CASE-0053,Forensic Step 5: Memory Dump,Completed,ANON-02,2026-08-13T20:21:00Z,2026-08-13T20:36:00Z,Completed analysis for step 5,HASH-SHA256-535
CSE-03-CASE-0054-STP-1,CSE-03-CASE-0054,Forensic Step 1: Memory Dump,Completed,ANON-03,2026-08-17T20:38:00Z,2026-08-17T20:41:00Z,Completed analysis for step 1,HASH-SHA256-541
CSE-03-CASE-0054-STP-2,CSE-03-CASE-0054,Forensic Step 2: Egress Inspection,Completed,ANON-03,2026-08-17T20:43:00Z,2026-08-17T20:49:00Z,Completed analysis for step 2,HASH-SHA256-542
CSE-03-CASE-0054-STP-3,CSE-03-CASE-0054,Forensic Step 3: Remediation Review,Completed,ANON-03,2026-08-17T20:48:00Z,2026-08-17T20:57:00Z,Completed analysis for step 3,HASH-SHA256-543
CSE-03-CASE-0054-STP-4,CSE-03-CASE-0054,Forensic Step 4: Artifact Capture,Completed,ANON-03,2026-08-17T20:53:00Z,2026-08-17T21:05:00Z,Completed analysis for step 4,HASH-SHA256-544
CSE-03-CASE-0055-STP-1,CSE-03-CASE-0055,Forensic Step 1: Memory Dump,Completed,ANON-04,2026-08-17T22:17:00Z,2026-08-17T22:20:00Z,Completed analysis for step 1,HASH-SHA256-551
CSE-03-CASE-0055-STP-2,CSE-03-CASE-0055,Forensic Step 2: Egress Inspection,Completed,ANON-04,2026-08-17T22:22:00Z,2026-08-17T22:28:00Z,Completed analysis for step 2,HASH-SHA256-552
CSE-03-CASE-0055-STP-3,CSE-03-CASE-0055,Forensic Step 3: Remediation Review,Completed,ANON-04,2026-08-17T22:27:00Z,2026-08-17T22:36:00Z,Completed analysis for step 3,HASH-SHA256-553
CSE-03-CASE-0056-STP-1,CSE-03-CASE-0056,Forensic Step 1: Memory Dump,Completed,ANON-01,2026-08-14T04:02:00Z,2026-08-14T04:05:00Z,Completed analysis for step 1,HASH-SHA256-561
CSE-03-CASE-0056-STP-2,CSE-03-CASE-0056,Forensic Step 2: Egress Inspection,Completed,ANON-01,2026-08-14T04:07:00Z,2026-08-14T04:13:00Z,Completed analysis for step 2,HASH-SHA256-562
CSE-03-CASE-0056-STP-3,CSE-03-CASE-0056,Forensic Step 3: Remediation Review,Completed,ANON-01,2026-08-14T04:12:00Z,2026-08-14T04:21:00Z,Completed analysis for step 3,HASH-SHA256-563
CSE-03-CASE-0056-STP-4,CSE-03-CASE-0056,Forensic Step 4: Artifact Capture,Completed,ANON-01,2026-08-14T04:17:00Z,2026-08-14T04:29:00Z,Completed analysis for step 4,HASH-SHA256-564
CSE-03-CASE-0056-STP-5,CSE-03-CASE-0056,Forensic Step 5: Memory Dump,Completed,ANON-01,2026-08-14T04:22:00Z,2026-08-14T04:37:00Z,Completed analysis for step 5,HASH-SHA256-565
CSE-03-CASE-0057-STP-1,CSE-03-CASE-0057,Forensic Step 1: Memory Dump,Completed,ANON-02,2026-08-19T17:41:00Z,2026-08-19T17:44:00Z,Completed analysis for step 1,HASH-SHA256-571
CSE-03-CASE-0057-STP-2,CSE-03-CASE-0057,Forensic Step 2: Egress Inspection,Completed,ANON-02,2026-08-19T17:46:00Z,2026-08-19T17:52:00Z,Completed analysis for step 2,HASH-SHA256-572
CSE-03-CASE-0057-STP-3,CSE-03-CASE-0057,Forensic Step 3: Remediation Review,Completed,ANON-02,2026-08-19T17:51:00Z,2026-08-19T18:00:00Z,Completed analysis for step 3,HASH-SHA256-573
CSE-03-CASE-0057-STP-4,CSE-03-CASE-0057,Forensic Step 4: Artifact Capture,Completed,ANON-02,2026-08-19T17:56:00Z,2026-08-19T18:08:00Z,Completed analysis for step 4,HASH-SHA256-574
CSE-03-CASE-0058-STP-1,CSE-03-CASE-0058,Forensic Step 1: Memory Dump,Completed,ANON-03,2026-08-19T17:56:00Z,2026-08-19T17:59:00Z,Completed analysis for step 1,HASH-SHA256-581
CSE-03-CASE-0058-STP-2,CSE-03-CASE-0058,Forensic Step 2: Egress Inspection,Completed,ANON-03,2026-08-19T18:01:00Z,2026-08-19T18:07:00Z,Completed analysis for step 2,HASH-SHA256-582
CSE-03-CASE-0058-STP-3,CSE-03-CASE-0058,Forensic Step 3: Remediation Review,Completed,ANON-03,2026-08-19T18:06:00Z,2026-08-19T18:15:00Z,Completed analysis for step 3,HASH-SHA256-583
CSE-03-CASE-0058-STP-4,CSE-03-CASE-0058,Forensic Step 4: Artifact Capture,Completed,ANON-03,2026-08-19T18:11:00Z,2026-08-19T18:23:00Z,Completed analysis for step 4,HASH-SHA256-584
CSE-03-CASE-0059-STP-1,CSE-03-CASE-0059,Forensic Step 1: Memory Dump,Completed,ANON-04,2026-08-22T02:51:00Z,2026-08-22T02:54:00Z,Completed analysis for step 1,HASH-SHA256-591
CSE-03-CASE-0059-STP-2,CSE-03-CASE-0059,Forensic Step 2: Egress Inspection,Completed,ANON-04,2026-08-22T02:56:00Z,2026-08-22T03:02:00Z,Completed analysis for step 2,HASH-SHA256-592
CSE-03-CASE-0059-STP-3,CSE-03-CASE-0059,Forensic Step 3: Remediation Review,Completed,ANON-04,2026-08-22T03:01:00Z,2026-08-22T03:10:00Z,Completed analysis for step 3,HASH-SHA256-593
CSE-03-CASE-0059-STP-4,CSE-03-CASE-0059,Forensic Step 4: Artifact Capture,Completed,ANON-04,2026-08-22T03:06:00Z,2026-08-22T03:18:00Z,Completed analysis for step 4,HASH-SHA256-594
CSE-03-CASE-0059-STP-5,CSE-03-CASE-0059,Forensic Step 5: Memory Dump,Completed,ANON-04,2026-08-22T03:11:00Z,2026-08-22T03:26:00Z,Completed analysis for step 5,HASH-SHA256-595
CSE-03-CASE-0060-STP-1,CSE-03-CASE-0060,Forensic Step 1: Memory Dump,Completed,ANON-01,2026-08-22T07:47:00Z,2026-08-22T07:50:00Z,Completed analysis for step 1,HASH-SHA256-601
CSE-03-CASE-0060-STP-2,CSE-03-CASE-0060,Forensic Step 2: Egress Inspection,Completed,ANON-01,2026-08-22T07:52:00Z,2026-08-22T07:58:00Z,Completed analysis for step 2,HASH-SHA256-602
CSE-03-CASE-0060-STP-3,CSE-03-CASE-0060,Forensic Step 3: Remediation Review,Completed,ANON-01,2026-08-22T07:57:00Z,2026-08-22T08:06:00Z,Completed analysis for step 3,HASH-SHA256-603
CSE-04-CASE-0001-STP-1,CSE-04-CASE-0001,Forensic Step 1: Memory Dump,Completed,ANON-02,2026-08-17T14:49:00Z,2026-08-17T14:52:00Z,Completed analysis for step 1,HASH-SHA256-11
CSE-04-CASE-0001-STP-2,CSE-04-CASE-0001,Forensic Step 2: Egress Inspection,Completed,ANON-02,2026-08-17T14:54:00Z,2026-08-17T15:00:00Z,Completed analysis for step 2,HASH-SHA256-12
CSE-04-CASE-0001-STP-3,CSE-04-CASE-0001,Forensic Step 3: Remediation Review,Completed,ANON-02,2026-08-17T14:59:00Z,2026-08-17T15:08:00Z,Completed analysis for step 3,HASH-SHA256-13
CSE-04-CASE-0002-STP-1,CSE-04-CASE-0002,Forensic Step 1: Memory Dump,Completed,ANON-03,2026-08-16T01:31:00Z,2026-08-16T01:34:00Z,Completed analysis for step 1,HASH-SHA256-21
CSE-04-CASE-0002-STP-2,CSE-04-CASE-0002,Forensic Step 2: Egress Inspection,Completed,ANON-03,2026-08-16T01:36:00Z,2026-08-16T01:42:00Z,Completed analysis for step 2,HASH-SHA256-22
CSE-04-CASE-0002-STP-3,CSE-04-CASE-0002,Forensic Step 3: Remediation Review,Completed,ANON-03,2026-08-16T01:41:00Z,2026-08-16T01:50:00Z,Completed analysis for step 3,HASH-SHA256-23
CSE-04-CASE-0003-STP-1,CSE-04-CASE-0003,Forensic Step 1: Memory Dump,Completed,ANON-04,2026-08-08T16:42:00Z,2026-08-08T16:45:00Z,Completed analysis for step 1,HASH-SHA256-31
CSE-04-CASE-0004-STP-1,CSE-04-CASE-0004,Forensic Step 1: Memory Dump,Completed,ANON-01,2026-08-23T14:55:00Z,2026-08-23T14:58:00Z,Completed analysis for step 1,HASH-SHA256-41
CSE-04-CASE-0004-STP-2,CSE-04-CASE-0004,Forensic Step 2: Egress Inspection,Completed,ANON-01,2026-08-23T15:00:00Z,2026-08-23T15:06:00Z,Completed analysis for step 2,HASH-SHA256-42
CSE-04-CASE-0004-STP-3,CSE-04-CASE-0004,Forensic Step 3: Remediation Review,Completed,ANON-01,2026-08-23T15:05:00Z,2026-08-23T15:14:00Z,Completed analysis for step 3,HASH-SHA256-43
CSE-04-CASE-0004-STP-4,CSE-04-CASE-0004,Forensic Step 4: Artifact Capture,Completed,ANON-01,2026-08-23T15:10:00Z,2026-08-23T15:22:00Z,Completed analysis for step 4,HASH-SHA256-44
CSE-04-CASE-0004-STP-5,CSE-04-CASE-0004,Forensic Step 5: Memory Dump,Completed,ANON-01,2026-08-23T15:15:00Z,2026-08-23T15:30:00Z,Completed analysis for step 5,HASH-SHA256-45
CSE-04-CASE-0005-STP-1,CSE-04-CASE-0005,Forensic Step 1: Memory Dump,Completed,ANON-02,2026-08-27T07:23:00Z,2026-08-27T07:26:00Z,Completed analysis for step 1,HASH-SHA256-51
CSE-04-CASE-0006-STP-1,CSE-04-CASE-0006,Forensic Step 1: Memory Dump,Completed,ANON-03,2026-08-18T21:05:00Z,2026-08-18T21:08:00Z,Completed analysis for step 1,HASH-SHA256-61
CSE-04-CASE-0007-STP-1,CSE-04-CASE-0007,Forensic Step 1: Memory Dump,Completed,ANON-04,2026-08-02T17:58:00Z,2026-08-02T18:01:00Z,Completed analysis for step 1,HASH-SHA256-71
CSE-04-CASE-0007-STP-2,CSE-04-CASE-0007,Forensic Step 2: Egress Inspection,Completed,ANON-04,2026-08-02T18:03:00Z,2026-08-02T18:09:00Z,Completed analysis for step 2,HASH-SHA256-72
CSE-04-CASE-0007-STP-3,CSE-04-CASE-0007,Forensic Step 3: Remediation Review,Completed,ANON-04,2026-08-02T18:08:00Z,2026-08-02T18:17:00Z,Completed analysis for step 3,HASH-SHA256-73
CSE-04-CASE-0007-STP-4,CSE-04-CASE-0007,Forensic Step 4: Artifact Capture,Completed,ANON-04,2026-08-02T18:13:00Z,2026-08-02T18:25:00Z,Completed analysis for step 4,HASH-SHA256-74
CSE-04-CASE-0007-STP-5,CSE-04-CASE-0007,Forensic Step 5: Memory Dump,Completed,ANON-04,2026-08-02T18:18:00Z,2026-08-02T18:33:00Z,Completed analysis for step 5,HASH-SHA256-75
CSE-04-CASE-0008-STP-1,CSE-04-CASE-0008,Forensic Step 1: Memory Dump,Completed,ANON-01,2026-08-16T14:22:00Z,2026-08-16T14:25:00Z,Completed analysis for step 1,HASH-SHA256-81
CSE-04-CASE-0008-STP-2,CSE-04-CASE-0008,Forensic Step 2: Egress Inspection,Completed,ANON-01,2026-08-16T14:27:00Z,2026-08-16T14:33:00Z,Completed analysis for step 2,HASH-SHA256-82
CSE-04-CASE-0008-STP-3,CSE-04-CASE-0008,Forensic Step 3: Remediation Review,Completed,ANON-01,2026-08-16T14:32:00Z,2026-08-16T14:41:00Z,Completed analysis for step 3,HASH-SHA256-83
CSE-04-CASE-0009-STP-1,CSE-04-CASE-0009,Forensic Step 1: Memory Dump,Completed,ANON-02,2026-08-05T03:54:00Z,2026-08-05T03:57:00Z,Completed analysis for step 1,HASH-SHA256-91
CSE-04-CASE-0010-STP-1,CSE-04-CASE-0010,Forensic Step 1: Memory Dump,Completed,ANON-03,2026-08-23T00:20:00Z,2026-08-23T00:23:00Z,Completed analysis for step 1,HASH-SHA256-101
CSE-04-CASE-0011-STP-1,CSE-04-CASE-0011,Forensic Step 1: Memory Dump,Completed,ANON-04,2026-08-14T18:53:00Z,2026-08-14T18:56:00Z,Completed analysis for step 1,HASH-SHA256-111
CSE-04-CASE-0011-STP-2,CSE-04-CASE-0011,Forensic Step 2: Egress Inspection,Completed,ANON-04,2026-08-14T18:58:00Z,2026-08-14T19:04:00Z,Completed analysis for step 2,HASH-SHA256-112
CSE-04-CASE-0011-STP-3,CSE-04-CASE-0011,Forensic Step 3: Remediation Review,Completed,ANON-04,2026-08-14T19:03:00Z,2026-08-14T19:12:00Z,Completed analysis for step 3,HASH-SHA256-113
CSE-04-CASE-0011-STP-4,CSE-04-CASE-0011,Forensic Step 4: Artifact Capture,Completed,ANON-04,2026-08-14T19:08:00Z,2026-08-14T19:20:00Z,Completed analysis for step 4,HASH-SHA256-114
CSE-04-CASE-0012-STP-1,CSE-04-CASE-0012,Forensic Step 1: Memory Dump,Completed,ANON-01,2026-08-21T23:37:00Z,2026-08-21T23:40:00Z,Completed analysis for step 1,HASH-SHA256-121
CSE-04-CASE-0013-STP-1,CSE-04-CASE-0013,Forensic Step 1: Memory Dump,Completed,ANON-02,2026-08-11T04:18:00Z,2026-08-11T04:21:00Z,Completed analysis for step 1,HASH-SHA256-131
CSE-04-CASE-0013-STP-2,CSE-04-CASE-0013,Forensic Step 2: Egress Inspection,Completed,ANON-02,2026-08-11T04:23:00Z,2026-08-11T04:29:00Z,Completed analysis for step 2,HASH-SHA256-132
CSE-04-CASE-0013-STP-3,CSE-04-CASE-0013,Forensic Step 3: Remediation Review,Completed,ANON-02,2026-08-11T04:28:00Z,2026-08-11T04:37:00Z,Completed analysis for step 3,HASH-SHA256-133
CSE-04-CASE-0014-STP-1,CSE-04-CASE-0014,Forensic Step 1: Memory Dump,Completed,ANON-03,2026-08-14T14:12:00Z,2026-08-14T14:15:00Z,Completed analysis for step 1,HASH-SHA256-141
CSE-04-CASE-0014-STP-2,CSE-04-CASE-0014,Forensic Step 2: Egress Inspection,Completed,ANON-03,2026-08-14T14:17:00Z,2026-08-14T14:23:00Z,Completed analysis for step 2,HASH-SHA256-142
CSE-04-CASE-0014-STP-3,CSE-04-CASE-0014,Forensic Step 3: Remediation Review,Completed,ANON-03,2026-08-14T14:22:00Z,2026-08-14T14:31:00Z,Completed analysis for step 3,HASH-SHA256-143
CSE-04-CASE-0015-STP-1,CSE-04-CASE-0015,Forensic Step 1: Memory Dump,Completed,ANON-04,2026-08-01T17:42:00Z,2026-08-01T17:45:00Z,Completed analysis for step 1,HASH-SHA256-151
CSE-04-CASE-0016-STP-1,CSE-04-CASE-0016,Forensic Step 1: Memory Dump,Completed,ANON-01,2026-08-16T04:42:00Z,2026-08-16T04:45:00Z,Completed analysis for step 1,HASH-SHA256-161
CSE-04-CASE-0016-STP-2,CSE-04-CASE-0016,Forensic Step 2: Egress Inspection,Completed,ANON-01,2026-08-16T04:47:00Z,2026-08-16T04:53:00Z,Completed analysis for step 2,HASH-SHA256-162
CSE-04-CASE-0016-STP-3,CSE-04-CASE-0016,Forensic Step 3: Remediation Review,Completed,ANON-01,2026-08-16T04:52:00Z,2026-08-16T05:01:00Z,Completed analysis for step 3,HASH-SHA256-163
CSE-04-CASE-0016-STP-4,CSE-04-CASE-0016,Forensic Step 4: Artifact Capture,Completed,ANON-01,2026-08-16T04:57:00Z,2026-08-16T05:09:00Z,Completed analysis for step 4,HASH-SHA256-164
CSE-04-CASE-0017-STP-1,CSE-04-CASE-0017,Forensic Step 1: Memory Dump,Completed,ANON-02,2026-08-07T11:31:00Z,2026-08-07T11:34:00Z,Completed analysis for step 1,HASH-SHA256-171
CSE-04-CASE-0017-STP-2,CSE-04-CASE-0017,Forensic Step 2: Egress Inspection,Completed,ANON-02,2026-08-07T11:36:00Z,2026-08-07T11:42:00Z,Completed analysis for step 2,HASH-SHA256-172
CSE-04-CASE-0017-STP-3,CSE-04-CASE-0017,Forensic Step 3: Remediation Review,Completed,ANON-02,2026-08-07T11:41:00Z,2026-08-07T11:50:00Z,Completed analysis for step 3,HASH-SHA256-173
CSE-04-CASE-0018-STP-1,CSE-04-CASE-0018,Forensic Step 1: Memory Dump,Completed,ANON-03,2026-08-24T18:59:00Z,2026-08-24T19:02:00Z,Completed analysis for step 1,HASH-SHA256-181
CSE-04-CASE-0019-STP-1,CSE-04-CASE-0019,Forensic Step 1: Memory Dump,Completed,ANON-04,2026-08-21T05:11:00Z,2026-08-21T05:14:00Z,Completed analysis for step 1,HASH-SHA256-191
CSE-04-CASE-0019-STP-2,CSE-04-CASE-0019,Forensic Step 2: Egress Inspection,Completed,ANON-04,2026-08-21T05:16:00Z,2026-08-21T05:22:00Z,Completed analysis for step 2,HASH-SHA256-192
CSE-04-CASE-0019-STP-3,CSE-04-CASE-0019,Forensic Step 3: Remediation Review,Completed,ANON-04,2026-08-21T05:21:00Z,2026-08-21T05:30:00Z,Completed analysis for step 3,HASH-SHA256-193
CSE-04-CASE-0019-STP-4,CSE-04-CASE-0019,Forensic Step 4: Artifact Capture,Completed,ANON-04,2026-08-21T05:26:00Z,2026-08-21T05:38:00Z,Completed analysis for step 4,HASH-SHA256-194
CSE-04-CASE-0020-STP-1,CSE-04-CASE-0020,Forensic Step 1: Memory Dump,Completed,ANON-01,2026-08-22T11:20:00Z,2026-08-22T11:23:00Z,Completed analysis for step 1,HASH-SHA256-201
CSE-04-CASE-0021-STP-1,CSE-04-CASE-0021,Forensic Step 1: Memory Dump,Completed,ANON-02,2026-08-01T16:33:00Z,2026-08-01T16:36:00Z,Completed analysis for step 1,HASH-SHA256-211
CSE-04-CASE-0022-STP-1,CSE-04-CASE-0022,Forensic Step 1: Memory Dump,Completed,ANON-03,2026-08-11T02:56:00Z,2026-08-11T02:59:00Z,Completed analysis for step 1,HASH-SHA256-221
CSE-04-CASE-0022-STP-2,CSE-04-CASE-0022,Forensic Step 2: Egress Inspection,Completed,ANON-03,2026-08-11T03:01:00Z,2026-08-11T03:07:00Z,Completed analysis for step 2,HASH-SHA256-222
CSE-04-CASE-0022-STP-3,CSE-04-CASE-0022,Forensic Step 3: Remediation Review,Completed,ANON-03,2026-08-11T03:06:00Z,2026-08-11T03:15:00Z,Completed analysis for step 3,HASH-SHA256-223
CSE-04-CASE-0022-STP-4,CSE-04-CASE-0022,Forensic Step 4: Artifact Capture,Completed,ANON-03,2026-08-11T03:11:00Z,2026-08-11T03:23:00Z,Completed analysis for step 4,HASH-SHA256-224
CSE-04-CASE-0022-STP-5,CSE-04-CASE-0022,Forensic Step 5: Memory Dump,Completed,ANON-03,2026-08-11T03:16:00Z,2026-08-11T03:31:00Z,Completed analysis for step 5,HASH-SHA256-225
CSE-04-CASE-0023-STP-1,CSE-04-CASE-0023,Forensic Step 1: Memory Dump,Completed,ANON-04,2026-08-08T09:52:00Z,2026-08-08T09:55:00Z,Completed analysis for step 1,HASH-SHA256-231
CSE-04-CASE-0023-STP-2,CSE-04-CASE-0023,Forensic Step 2: Egress Inspection,Completed,ANON-04,2026-08-08T09:57:00Z,2026-08-08T10:03:00Z,Completed analysis for step 2,HASH-SHA256-232
CSE-04-CASE-0023-STP-3,CSE-04-CASE-0023,Forensic Step 3: Remediation Review,Completed,ANON-04,2026-08-08T10:02:00Z,2026-08-08T10:11:00Z,Completed analysis for step 3,HASH-SHA256-233
CSE-04-CASE-0023-STP-4,CSE-04-CASE-0023,Forensic Step 4: Artifact Capture,Completed,ANON-04,2026-08-08T10:07:00Z,2026-08-08T10:19:00Z,Completed analysis for step 4,HASH-SHA256-234
CSE-04-CASE-0023-STP-5,CSE-04-CASE-0023,Forensic Step 5: Memory Dump,Completed,ANON-04,2026-08-08T10:12:00Z,2026-08-08T10:27:00Z,Completed analysis for step 5,HASH-SHA256-235
CSE-04-CASE-0024-STP-1,CSE-04-CASE-0024,Forensic Step 1: Memory Dump,Completed,ANON-01,2026-08-18T06:55:00Z,2026-08-18T06:58:00Z,Completed analysis for step 1,HASH-SHA256-241
CSE-04-CASE-0025-STP-1,CSE-04-CASE-0025,Forensic Step 1: Memory Dump,Completed,ANON-02,2026-08-20T15:22:00Z,2026-08-20T15:25:00Z,Completed analysis for step 1,HASH-SHA256-251
CSE-04-CASE-0026-STP-1,CSE-04-CASE-0026,Forensic Step 1: Memory Dump,Completed,ANON-03,2026-08-25T03:36:00Z,2026-08-25T03:39:00Z,Completed analysis for step 1,HASH-SHA256-261
CSE-04-CASE-0026-STP-2,CSE-04-CASE-0026,Forensic Step 2: Egress Inspection,Completed,ANON-03,2026-08-25T03:41:00Z,2026-08-25T03:47:00Z,Completed analysis for step 2,HASH-SHA256-262
CSE-04-CASE-0026-STP-3,CSE-04-CASE-0026,Forensic Step 3: Remediation Review,Completed,ANON-03,2026-08-25T03:46:00Z,2026-08-25T03:55:00Z,Completed analysis for step 3,HASH-SHA256-263
CSE-04-CASE-0027-STP-1,CSE-04-CASE-0027,Forensic Step 1: Memory Dump,Completed,ANON-04,2026-08-23T04:01:00Z,2026-08-23T04:04:00Z,Completed analysis for step 1,HASH-SHA256-271
CSE-04-CASE-0028-STP-1,CSE-04-CASE-0028,Forensic Step 1: Memory Dump,Completed,ANON-01,2026-08-18T06:30:00Z,2026-08-18T06:33:00Z,Completed analysis for step 1,HASH-SHA256-281
CSE-04-CASE-0028-STP-2,CSE-04-CASE-0028,Forensic Step 2: Egress Inspection,Completed,ANON-01,2026-08-18T06:35:00Z,2026-08-18T06:41:00Z,Completed analysis for step 2,HASH-SHA256-282
CSE-04-CASE-0028-STP-3,CSE-04-CASE-0028,Forensic Step 3: Remediation Review,Completed,ANON-01,2026-08-18T06:40:00Z,2026-08-18T06:49:00Z,Completed analysis for step 3,HASH-SHA256-283
CSE-04-CASE-0028-STP-4,CSE-04-CASE-0028,Forensic Step 4: Artifact Capture,Completed,ANON-01,2026-08-18T06:45:00Z,2026-08-18T06:57:00Z,Completed analysis for step 4,HASH-SHA256-284
CSE-04-CASE-0028-STP-5,CSE-04-CASE-0028,Forensic Step 5: Memory Dump,Completed,ANON-01,2026-08-18T06:50:00Z,2026-08-18T07:05:00Z,Completed analysis for step 5,HASH-SHA256-285
CSE-04-CASE-0029-STP-1,CSE-04-CASE-0029,Forensic Step 1: Memory Dump,Completed,ANON-02,2026-08-18T12:23:00Z,2026-08-18T12:26:00Z,Completed analysis for step 1,HASH-SHA256-291
CSE-04-CASE-0029-STP-2,CSE-04-CASE-0029,Forensic Step 2: Egress Inspection,Completed,ANON-02,2026-08-18T12:28:00Z,2026-08-18T12:34:00Z,Completed analysis for step 2,HASH-SHA256-292
CSE-04-CASE-0029-STP-3,CSE-04-CASE-0029,Forensic Step 3: Remediation Review,Completed,ANON-02,2026-08-18T12:33:00Z,2026-08-18T12:42:00Z,Completed analysis for step 3,HASH-SHA256-293
CSE-04-CASE-0029-STP-4,CSE-04-CASE-0029,Forensic Step 4: Artifact Capture,Completed,ANON-02,2026-08-18T12:38:00Z,2026-08-18T12:50:00Z,Completed analysis for step 4,HASH-SHA256-294
CSE-04-CASE-0029-STP-5,CSE-04-CASE-0029,Forensic Step 5: Memory Dump,Completed,ANON-02,2026-08-18T12:43:00Z,2026-08-18T12:58:00Z,Completed analysis for step 5,HASH-SHA256-295
CSE-04-CASE-0030-STP-1,CSE-04-CASE-0030,Forensic Step 1: Memory Dump,Completed,ANON-03,2026-08-19T23:11:00Z,2026-08-19T23:14:00Z,Completed analysis for step 1,HASH-SHA256-301
CSE-04-CASE-0031-STP-1,CSE-04-CASE-0031,Forensic Step 1: Memory Dump,Completed,ANON-04,2026-08-06T00:32:00Z,2026-08-06T00:35:00Z,Completed analysis for step 1,HASH-SHA256-311
CSE-04-CASE-0031-STP-2,CSE-04-CASE-0031,Forensic Step 2: Egress Inspection,Completed,ANON-04,2026-08-06T00:37:00Z,2026-08-06T00:43:00Z,Completed analysis for step 2,HASH-SHA256-312
CSE-04-CASE-0031-STP-3,CSE-04-CASE-0031,Forensic Step 3: Remediation Review,Completed,ANON-04,2026-08-06T00:42:00Z,2026-08-06T00:51:00Z,Completed analysis for step 3,HASH-SHA256-313
CSE-04-CASE-0031-STP-4,CSE-04-CASE-0031,Forensic Step 4: Artifact Capture,Completed,ANON-04,2026-08-06T00:47:00Z,2026-08-06T00:59:00Z,Completed analysis for step 4,HASH-SHA256-314
CSE-04-CASE-0031-STP-5,CSE-04-CASE-0031,Forensic Step 5: Memory Dump,Completed,ANON-04,2026-08-06T00:52:00Z,2026-08-06T01:07:00Z,Completed analysis for step 5,HASH-SHA256-315
CSE-04-CASE-0032-STP-1,CSE-04-CASE-0032,Forensic Step 1: Memory Dump,Completed,ANON-01,2026-08-26T17:56:00Z,2026-08-26T17:59:00Z,Completed analysis for step 1,HASH-SHA256-321
CSE-04-CASE-0032-STP-2,CSE-04-CASE-0032,Forensic Step 2: Egress Inspection,Completed,ANON-01,2026-08-26T18:01:00Z,2026-08-26T18:07:00Z,Completed analysis for step 2,HASH-SHA256-322
CSE-04-CASE-0032-STP-3,CSE-04-CASE-0032,Forensic Step 3: Remediation Review,Completed,ANON-01,2026-08-26T18:06:00Z,2026-08-26T18:15:00Z,Completed analysis for step 3,HASH-SHA256-323
CSE-04-CASE-0032-STP-4,CSE-04-CASE-0032,Forensic Step 4: Artifact Capture,Completed,ANON-01,2026-08-26T18:11:00Z,2026-08-26T18:23:00Z,Completed analysis for step 4,HASH-SHA256-324
CSE-04-CASE-0032-STP-5,CSE-04-CASE-0032,Forensic Step 5: Memory Dump,Completed,ANON-01,2026-08-26T18:16:00Z,2026-08-26T18:31:00Z,Completed analysis for step 5,HASH-SHA256-325
CSE-04-CASE-0033-STP-1,CSE-04-CASE-0033,Forensic Step 1: Memory Dump,Completed,ANON-02,2026-08-03T09:33:00Z,2026-08-03T09:36:00Z,Completed analysis for step 1,HASH-SHA256-331
CSE-04-CASE-0034-STP-1,CSE-04-CASE-0034,Forensic Step 1: Memory Dump,Completed,ANON-03,2026-08-29T11:09:00Z,2026-08-29T11:12:00Z,Completed analysis for step 1,HASH-SHA256-341
CSE-04-CASE-0034-STP-2,CSE-04-CASE-0034,Forensic Step 2: Egress Inspection,Completed,ANON-03,2026-08-29T11:14:00Z,2026-08-29T11:20:00Z,Completed analysis for step 2,HASH-SHA256-342
CSE-04-CASE-0034-STP-3,CSE-04-CASE-0034,Forensic Step 3: Remediation Review,Completed,ANON-03,2026-08-29T11:19:00Z,2026-08-29T11:28:00Z,Completed analysis for step 3,HASH-SHA256-343
CSE-04-CASE-0035-STP-1,CSE-04-CASE-0035,Forensic Step 1: Memory Dump,Completed,ANON-04,2026-08-26T04:55:00Z,2026-08-26T04:58:00Z,Completed analysis for step 1,HASH-SHA256-351
CSE-04-CASE-0036-STP-1,CSE-04-CASE-0036,Forensic Step 1: Memory Dump,Completed,ANON-01,2026-08-15T20:32:00Z,2026-08-15T20:35:00Z,Completed analysis for step 1,HASH-SHA256-361
CSE-04-CASE-0037-STP-1,CSE-04-CASE-0037,Forensic Step 1: Memory Dump,Completed,ANON-02,2026-08-28T19:19:00Z,2026-08-28T19:22:00Z,Completed analysis for step 1,HASH-SHA256-371
CSE-04-CASE-0037-STP-2,CSE-04-CASE-0037,Forensic Step 2: Egress Inspection,Completed,ANON-02,2026-08-28T19:24:00Z,2026-08-28T19:30:00Z,Completed analysis for step 2,HASH-SHA256-372
CSE-04-CASE-0037-STP-3,CSE-04-CASE-0037,Forensic Step 3: Remediation Review,Completed,ANON-02,2026-08-28T19:29:00Z,2026-08-28T19:38:00Z,Completed analysis for step 3,HASH-SHA256-373
CSE-04-CASE-0037-STP-4,CSE-04-CASE-0037,Forensic Step 4: Artifact Capture,Completed,ANON-02,2026-08-28T19:34:00Z,2026-08-28T19:46:00Z,Completed analysis for step 4,HASH-SHA256-374
CSE-04-CASE-0037-STP-5,CSE-04-CASE-0037,Forensic Step 5: Memory Dump,Completed,ANON-02,2026-08-28T19:39:00Z,2026-08-28T19:54:00Z,Completed analysis for step 5,HASH-SHA256-375
CSE-04-CASE-0038-STP-1,CSE-04-CASE-0038,Forensic Step 1: Memory Dump,Completed,ANON-03,2026-08-08T09:01:00Z,2026-08-08T09:04:00Z,Completed analysis for step 1,HASH-SHA256-381
CSE-04-CASE-0038-STP-2,CSE-04-CASE-0038,Forensic Step 2: Egress Inspection,Completed,ANON-03,2026-08-08T09:06:00Z,2026-08-08T09:12:00Z,Completed analysis for step 2,HASH-SHA256-382
CSE-04-CASE-0038-STP-3,CSE-04-CASE-0038,Forensic Step 3: Remediation Review,Completed,ANON-03,2026-08-08T09:11:00Z,2026-08-08T09:20:00Z,Completed analysis for step 3,HASH-SHA256-383
CSE-04-CASE-0038-STP-4,CSE-04-CASE-0038,Forensic Step 4: Artifact Capture,Completed,ANON-03,2026-08-08T09:16:00Z,2026-08-08T09:28:00Z,Completed analysis for step 4,HASH-SHA256-384
CSE-04-CASE-0038-STP-5,CSE-04-CASE-0038,Forensic Step 5: Memory Dump,Completed,ANON-03,2026-08-08T09:21:00Z,2026-08-08T09:36:00Z,Completed analysis for step 5,HASH-SHA256-385
CSE-04-CASE-0039-STP-1,CSE-04-CASE-0039,Forensic Step 1: Memory Dump,Completed,ANON-04,2026-08-13T15:23:00Z,2026-08-13T15:26:00Z,Completed analysis for step 1,HASH-SHA256-391
CSE-04-CASE-0040-STP-1,CSE-04-CASE-0040,Forensic Step 1: Memory Dump,Completed,ANON-01,2026-08-08T07:54:00Z,2026-08-08T07:57:00Z,Completed analysis for step 1,HASH-SHA256-401
CSE-04-CASE-0041-STP-1,CSE-04-CASE-0041,Forensic Step 1: Memory Dump,Completed,ANON-02,2026-08-25T08:22:00Z,2026-08-25T08:25:00Z,Completed analysis for step 1,HASH-SHA256-411
CSE-04-CASE-0041-STP-2,CSE-04-CASE-0041,Forensic Step 2: Egress Inspection,Completed,ANON-02,2026-08-25T08:27:00Z,2026-08-25T08:33:00Z,Completed analysis for step 2,HASH-SHA256-412
CSE-04-CASE-0041-STP-3,CSE-04-CASE-0041,Forensic Step 3: Remediation Review,Completed,ANON-02,2026-08-25T08:32:00Z,2026-08-25T08:41:00Z,Completed analysis for step 3,HASH-SHA256-413
CSE-04-CASE-0041-STP-4,CSE-04-CASE-0041,Forensic Step 4: Artifact Capture,Completed,ANON-02,2026-08-25T08:37:00Z,2026-08-25T08:49:00Z,Completed analysis for step 4,HASH-SHA256-414
CSE-04-CASE-0042-STP-1,CSE-04-CASE-0042,Forensic Step 1: Memory Dump,Completed,ANON-03,2026-08-21T05:51:00Z,2026-08-21T05:54:00Z,Completed analysis for step 1,HASH-SHA256-421
CSE-04-CASE-0043-STP-1,CSE-04-CASE-0043,Forensic Step 1: Memory Dump,Completed,ANON-04,2026-08-02T20:37:00Z,2026-08-02T20:40:00Z,Completed analysis for step 1,HASH-SHA256-431
CSE-04-CASE-0043-STP-2,CSE-04-CASE-0043,Forensic Step 2: Egress Inspection,Completed,ANON-04,2026-08-02T20:42:00Z,2026-08-02T20:48:00Z,Completed analysis for step 2,HASH-SHA256-432
CSE-04-CASE-0043-STP-3,CSE-04-CASE-0043,Forensic Step 3: Remediation Review,Completed,ANON-04,2026-08-02T20:47:00Z,2026-08-02T20:56:00Z,Completed analysis for step 3,HASH-SHA256-433
CSE-04-CASE-0043-STP-4,CSE-04-CASE-0043,Forensic Step 4: Artifact Capture,Completed,ANON-04,2026-08-02T20:52:00Z,2026-08-02T21:04:00Z,Completed analysis for step 4,HASH-SHA256-434
CSE-04-CASE-0043-STP-5,CSE-04-CASE-0043,Forensic Step 5: Memory Dump,Completed,ANON-04,2026-08-02T20:57:00Z,2026-08-02T21:12:00Z,Completed analysis for step 5,HASH-SHA256-435
CSE-04-CASE-0044-STP-1,CSE-04-CASE-0044,Forensic Step 1: Memory Dump,Completed,ANON-01,2026-08-10T16:03:00Z,2026-08-10T16:06:00Z,Completed analysis for step 1,HASH-SHA256-441
CSE-04-CASE-0044-STP-2,CSE-04-CASE-0044,Forensic Step 2: Egress Inspection,Completed,ANON-01,2026-08-10T16:08:00Z,2026-08-10T16:14:00Z,Completed analysis for step 2,HASH-SHA256-442
CSE-04-CASE-0044-STP-3,CSE-04-CASE-0044,Forensic Step 3: Remediation Review,Completed,ANON-01,2026-08-10T16:13:00Z,2026-08-10T16:22:00Z,Completed analysis for step 3,HASH-SHA256-443
CSE-04-CASE-0045-STP-1,CSE-04-CASE-0045,Forensic Step 1: Memory Dump,Completed,ANON-02,2026-08-10T12:49:00Z,2026-08-10T12:52:00Z,Completed analysis for step 1,HASH-SHA256-451
CSE-04-CASE-0046-STP-1,CSE-04-CASE-0046,Forensic Step 1: Memory Dump,Completed,ANON-03,2026-08-09T09:47:00Z,2026-08-09T09:50:00Z,Completed analysis for step 1,HASH-SHA256-461
CSE-04-CASE-0046-STP-2,CSE-04-CASE-0046,Forensic Step 2: Egress Inspection,Completed,ANON-03,2026-08-09T09:52:00Z,2026-08-09T09:58:00Z,Completed analysis for step 2,HASH-SHA256-462
CSE-04-CASE-0046-STP-3,CSE-04-CASE-0046,Forensic Step 3: Remediation Review,Completed,ANON-03,2026-08-09T09:57:00Z,2026-08-09T10:06:00Z,Completed analysis for step 3,HASH-SHA256-463
CSE-04-CASE-0047-STP-1,CSE-04-CASE-0047,Forensic Step 1: Memory Dump,Completed,ANON-04,2026-08-13T04:53:00Z,2026-08-13T04:56:00Z,Completed analysis for step 1,HASH-SHA256-471
CSE-04-CASE-0047-STP-2,CSE-04-CASE-0047,Forensic Step 2: Egress Inspection,Completed,ANON-04,2026-08-13T04:58:00Z,2026-08-13T05:04:00Z,Completed analysis for step 2,HASH-SHA256-472
CSE-04-CASE-0047-STP-3,CSE-04-CASE-0047,Forensic Step 3: Remediation Review,Completed,ANON-04,2026-08-13T05:03:00Z,2026-08-13T05:12:00Z,Completed analysis for step 3,HASH-SHA256-473
CSE-04-CASE-0047-STP-4,CSE-04-CASE-0047,Forensic Step 4: Artifact Capture,Completed,ANON-04,2026-08-13T05:08:00Z,2026-08-13T05:20:00Z,Completed analysis for step 4,HASH-SHA256-474
CSE-04-CASE-0048-STP-1,CSE-04-CASE-0048,Forensic Step 1: Memory Dump,Completed,ANON-01,2026-08-05T17:34:00Z,2026-08-05T17:37:00Z,Completed analysis for step 1,HASH-SHA256-481
CSE-04-CASE-0049-STP-1,CSE-04-CASE-0049,Forensic Step 1: Memory Dump,Completed,ANON-02,2026-08-28T15:32:00Z,2026-08-28T15:35:00Z,Completed analysis for step 1,HASH-SHA256-491
CSE-04-CASE-0049-STP-2,CSE-04-CASE-0049,Forensic Step 2: Egress Inspection,Completed,ANON-02,2026-08-28T15:37:00Z,2026-08-28T15:43:00Z,Completed analysis for step 2,HASH-SHA256-492
CSE-04-CASE-0049-STP-3,CSE-04-CASE-0049,Forensic Step 3: Remediation Review,Completed,ANON-02,2026-08-28T15:42:00Z,2026-08-28T15:51:00Z,Completed analysis for step 3,HASH-SHA256-493
CSE-04-CASE-0049-STP-4,CSE-04-CASE-0049,Forensic Step 4: Artifact Capture,Completed,ANON-02,2026-08-28T15:47:00Z,2026-08-28T15:59:00Z,Completed analysis for step 4,HASH-SHA256-494
CSE-04-CASE-0050-STP-1,CSE-04-CASE-0050,Forensic Step 1: Memory Dump,Completed,ANON-03,2026-08-19T00:15:00Z,2026-08-19T00:18:00Z,Completed analysis for step 1,HASH-SHA256-501
CSE-04-CASE-0051-STP-1,CSE-04-CASE-0051,Forensic Step 1: Memory Dump,Completed,ANON-04,2026-08-12T04:12:00Z,2026-08-12T04:15:00Z,Completed analysis for step 1,HASH-SHA256-511
CSE-04-CASE-0052-STP-1,CSE-04-CASE-0052,Forensic Step 1: Memory Dump,Completed,ANON-01,2026-08-24T14:18:00Z,2026-08-24T14:21:00Z,Completed analysis for step 1,HASH-SHA256-521
CSE-04-CASE-0052-STP-2,CSE-04-CASE-0052,Forensic Step 2: Egress Inspection,Completed,ANON-01,2026-08-24T14:23:00Z,2026-08-24T14:29:00Z,Completed analysis for step 2,HASH-SHA256-522
CSE-04-CASE-0052-STP-3,CSE-04-CASE-0052,Forensic Step 3: Remediation Review,Completed,ANON-01,2026-08-24T14:28:00Z,2026-08-24T14:37:00Z,Completed analysis for step 3,HASH-SHA256-523
CSE-04-CASE-0053-STP-1,CSE-04-CASE-0053,Forensic Step 1: Memory Dump,Completed,ANON-02,2026-08-08T02:55:00Z,2026-08-08T02:58:00Z,Completed analysis for step 1,HASH-SHA256-531
CSE-04-CASE-0053-STP-2,CSE-04-CASE-0053,Forensic Step 2: Egress Inspection,Completed,ANON-02,2026-08-08T03:00:00Z,2026-08-08T03:06:00Z,Completed analysis for step 2,HASH-SHA256-532
CSE-04-CASE-0053-STP-3,CSE-04-CASE-0053,Forensic Step 3: Remediation Review,Completed,ANON-02,2026-08-08T03:05:00Z,2026-08-08T03:14:00Z,Completed analysis for step 3,HASH-SHA256-533
CSE-04-CASE-0053-STP-4,CSE-04-CASE-0053,Forensic Step 4: Artifact Capture,Completed,ANON-02,2026-08-08T03:10:00Z,2026-08-08T03:22:00Z,Completed analysis for step 4,HASH-SHA256-534
CSE-04-CASE-0054-STP-1,CSE-04-CASE-0054,Forensic Step 1: Memory Dump,Completed,ANON-03,2026-08-10T08:19:00Z,2026-08-10T08:22:00Z,Completed analysis for step 1,HASH-SHA256-541
CSE-04-CASE-0055-STP-1,CSE-04-CASE-0055,Forensic Step 1: Memory Dump,Completed,ANON-04,2026-08-24T03:54:00Z,2026-08-24T03:57:00Z,Completed analysis for step 1,HASH-SHA256-551
CSE-04-CASE-0056-STP-1,CSE-04-CASE-0056,Forensic Step 1: Memory Dump,Completed,ANON-01,2026-08-11T17:35:00Z,2026-08-11T17:38:00Z,Completed analysis for step 1,HASH-SHA256-561
CSE-04-CASE-0056-STP-2,CSE-04-CASE-0056,Forensic Step 2: Egress Inspection,Completed,ANON-01,2026-08-11T17:40:00Z,2026-08-11T17:46:00Z,Completed analysis for step 2,HASH-SHA256-562
CSE-04-CASE-0056-STP-3,CSE-04-CASE-0056,Forensic Step 3: Remediation Review,Completed,ANON-01,2026-08-11T17:45:00Z,2026-08-11T17:54:00Z,Completed analysis for step 3,HASH-SHA256-563
CSE-04-CASE-0056-STP-4,CSE-04-CASE-0056,Forensic Step 4: Artifact Capture,Completed,ANON-01,2026-08-11T17:50:00Z,2026-08-11T18:02:00Z,Completed analysis for step 4,HASH-SHA256-564
CSE-04-CASE-0057-STP-1,CSE-04-CASE-0057,Forensic Step 1: Memory Dump,Completed,ANON-02,2026-08-17T23:38:00Z,2026-08-17T23:41:00Z,Completed analysis for step 1,HASH-SHA256-571
CSE-04-CASE-0058-STP-1,CSE-04-CASE-0058,Forensic Step 1: Memory Dump,Completed,ANON-03,2026-08-12T18:35:00Z,2026-08-12T18:38:00Z,Completed analysis for step 1,HASH-SHA256-581
CSE-04-CASE-0058-STP-2,CSE-04-CASE-0058,Forensic Step 2: Egress Inspection,Completed,ANON-03,2026-08-12T18:40:00Z,2026-08-12T18:46:00Z,Completed analysis for step 2,HASH-SHA256-582
CSE-04-CASE-0058-STP-3,CSE-04-CASE-0058,Forensic Step 3: Remediation Review,Completed,ANON-03,2026-08-12T18:45:00Z,2026-08-12T18:54:00Z,Completed analysis for step 3,HASH-SHA256-583
CSE-04-CASE-0059-STP-1,CSE-04-CASE-0059,Forensic Step 1: Memory Dump,Completed,ANON-04,2026-08-10T02:11:00Z,2026-08-10T02:14:00Z,Completed analysis for step 1,HASH-SHA256-591
CSE-04-CASE-0059-STP-2,CSE-04-CASE-0059,Forensic Step 2: Egress Inspection,Completed,ANON-04,2026-08-10T02:16:00Z,2026-08-10T02:22:00Z,Completed analysis for step 2,HASH-SHA256-592
CSE-04-CASE-0059-STP-3,CSE-04-CASE-0059,Forensic Step 3: Remediation Review,Completed,ANON-04,2026-08-10T02:21:00Z,2026-08-10T02:30:00Z,Completed analysis for step 3,HASH-SHA256-593
CSE-04-CASE-0060-STP-1,CSE-04-CASE-0060,Forensic Step 1: Memory Dump,Completed,ANON-01,2026-08-11T15:31:00Z,2026-08-11T15:34:00Z,Completed analysis for step 1,HASH-SHA256-601
CSE-05-CASE-0001-STP-1,CSE-05-CASE-0001,Forensic Step 1: Memory Dump,Completed,ANON-02,2026-08-02T10:58:00Z,2026-08-02T11:01:00Z,Completed analysis for step 1,HASH-SHA256-11
CSE-05-CASE-0001-STP-2,CSE-05-CASE-0001,Forensic Step 2: Egress Inspection,Completed,ANON-02,2026-08-02T11:03:00Z,2026-08-02T11:09:00Z,Completed analysis for step 2,HASH-SHA256-12
CSE-05-CASE-0001-STP-3,CSE-05-CASE-0001,Forensic Step 3: Remediation Review,Completed,ANON-02,2026-08-02T11:08:00Z,2026-08-02T11:17:00Z,Completed analysis for step 3,HASH-SHA256-13
CSE-05-CASE-0001-STP-4,CSE-05-CASE-0001,Forensic Step 4: Artifact Capture,Completed,ANON-02,2026-08-02T11:13:00Z,2026-08-02T11:25:00Z,Completed analysis for step 4,HASH-SHA256-14
CSE-05-CASE-0001-STP-5,CSE-05-CASE-0001,Forensic Step 5: Memory Dump,Completed,ANON-02,2026-08-02T11:18:00Z,2026-08-02T11:33:00Z,Completed analysis for step 5,HASH-SHA256-15
CSE-05-CASE-0002-STP-1,CSE-05-CASE-0002,Forensic Step 1: Memory Dump,Completed,ANON-03,2026-08-08T10:54:00Z,2026-08-08T10:57:00Z,Completed analysis for step 1,HASH-SHA256-21
CSE-05-CASE-0002-STP-2,CSE-05-CASE-0002,Forensic Step 2: Egress Inspection,Completed,ANON-03,2026-08-08T10:59:00Z,2026-08-08T11:05:00Z,Completed analysis for step 2,HASH-SHA256-22
CSE-05-CASE-0002-STP-3,CSE-05-CASE-0002,Forensic Step 3: Remediation Review,Completed,ANON-03,2026-08-08T11:04:00Z,2026-08-08T11:13:00Z,Completed analysis for step 3,HASH-SHA256-23
CSE-05-CASE-0002-STP-4,CSE-05-CASE-0002,Forensic Step 4: Artifact Capture,Completed,ANON-03,2026-08-08T11:09:00Z,2026-08-08T11:21:00Z,Completed analysis for step 4,HASH-SHA256-24
CSE-05-CASE-0003-STP-1,CSE-05-CASE-0003,Forensic Step 1: Memory Dump,Completed,ANON-04,2026-08-03T03:53:00Z,2026-08-03T03:56:00Z,Completed analysis for step 1,HASH-SHA256-31
CSE-05-CASE-0003-STP-2,CSE-05-CASE-0003,Forensic Step 2: Egress Inspection,Completed,ANON-04,2026-08-03T03:58:00Z,2026-08-03T04:04:00Z,Completed analysis for step 2,HASH-SHA256-32
CSE-05-CASE-0003-STP-3,CSE-05-CASE-0003,Forensic Step 3: Remediation Review,Completed,ANON-04,2026-08-03T04:03:00Z,2026-08-03T04:12:00Z,Completed analysis for step 3,HASH-SHA256-33
CSE-05-CASE-0004-STP-1,CSE-05-CASE-0004,Forensic Step 1: Memory Dump,Completed,ANON-01,2026-08-02T01:41:00Z,2026-08-02T01:44:00Z,Completed analysis for step 1,HASH-SHA256-41
CSE-05-CASE-0004-STP-2,CSE-05-CASE-0004,Forensic Step 2: Egress Inspection,Completed,ANON-01,2026-08-02T01:46:00Z,2026-08-02T01:52:00Z,Completed analysis for step 2,HASH-SHA256-42
CSE-05-CASE-0004-STP-3,CSE-05-CASE-0004,Forensic Step 3: Remediation Review,Completed,ANON-01,2026-08-02T01:51:00Z,2026-08-02T02:00:00Z,Completed analysis for step 3,HASH-SHA256-43
CSE-05-CASE-0004-STP-4,CSE-05-CASE-0004,Forensic Step 4: Artifact Capture,Completed,ANON-01,2026-08-02T01:56:00Z,2026-08-02T02:08:00Z,Completed analysis for step 4,HASH-SHA256-44
CSE-05-CASE-0004-STP-5,CSE-05-CASE-0004,Forensic Step 5: Memory Dump,Completed,ANON-01,2026-08-02T02:01:00Z,2026-08-02T02:16:00Z,Completed analysis for step 5,HASH-SHA256-45
CSE-05-CASE-0005-STP-1,CSE-05-CASE-0005,Forensic Step 1: Memory Dump,Completed,ANON-02,2026-08-10T08:40:00Z,2026-08-10T08:43:00Z,Completed analysis for step 1,HASH-SHA256-51
CSE-05-CASE-0005-STP-2,CSE-05-CASE-0005,Forensic Step 2: Egress Inspection,Completed,ANON-02,2026-08-10T08:45:00Z,2026-08-10T08:51:00Z,Completed analysis for step 2,HASH-SHA256-52
CSE-05-CASE-0005-STP-3,CSE-05-CASE-0005,Forensic Step 3: Remediation Review,Completed,ANON-02,2026-08-10T08:50:00Z,2026-08-10T08:59:00Z,Completed analysis for step 3,HASH-SHA256-53
CSE-05-CASE-0005-STP-4,CSE-05-CASE-0005,Forensic Step 4: Artifact Capture,Completed,ANON-02,2026-08-10T08:55:00Z,2026-08-10T09:07:00Z,Completed analysis for step 4,HASH-SHA256-54
CSE-05-CASE-0005-STP-5,CSE-05-CASE-0005,Forensic Step 5: Memory Dump,Completed,ANON-02,2026-08-10T09:00:00Z,2026-08-10T09:15:00Z,Completed analysis for step 5,HASH-SHA256-55
CSE-05-CASE-0006-STP-1,CSE-05-CASE-0006,Forensic Step 1: Memory Dump,Completed,ANON-03,2026-08-05T15:22:00Z,2026-08-05T15:25:00Z,Completed analysis for step 1,HASH-SHA256-61
CSE-05-CASE-0006-STP-2,CSE-05-CASE-0006,Forensic Step 2: Egress Inspection,Completed,ANON-03,2026-08-05T15:27:00Z,2026-08-05T15:33:00Z,Completed analysis for step 2,HASH-SHA256-62
CSE-05-CASE-0006-STP-3,CSE-05-CASE-0006,Forensic Step 3: Remediation Review,Completed,ANON-03,2026-08-05T15:32:00Z,2026-08-05T15:41:00Z,Completed analysis for step 3,HASH-SHA256-63
CSE-05-CASE-0006-STP-4,CSE-05-CASE-0006,Forensic Step 4: Artifact Capture,Completed,ANON-03,2026-08-05T15:37:00Z,2026-08-05T15:49:00Z,Completed analysis for step 4,HASH-SHA256-64
CSE-05-CASE-0007-STP-1,CSE-05-CASE-0007,Forensic Step 1: Memory Dump,Completed,ANON-04,2026-08-03T19:34:00Z,2026-08-03T19:37:00Z,Completed analysis for step 1,HASH-SHA256-71
CSE-05-CASE-0007-STP-2,CSE-05-CASE-0007,Forensic Step 2: Egress Inspection,Completed,ANON-04,2026-08-03T19:39:00Z,2026-08-03T19:45:00Z,Completed analysis for step 2,HASH-SHA256-72
CSE-05-CASE-0007-STP-3,CSE-05-CASE-0007,Forensic Step 3: Remediation Review,Completed,ANON-04,2026-08-03T19:44:00Z,2026-08-03T19:53:00Z,Completed analysis for step 3,HASH-SHA256-73
CSE-05-CASE-0007-STP-4,CSE-05-CASE-0007,Forensic Step 4: Artifact Capture,Completed,ANON-04,2026-08-03T19:49:00Z,2026-08-03T20:01:00Z,Completed analysis for step 4,HASH-SHA256-74
CSE-05-CASE-0008-STP-1,CSE-05-CASE-0008,Forensic Step 1: Memory Dump,Completed,ANON-01,2026-08-22T10:48:00Z,2026-08-22T10:51:00Z,Completed analysis for step 1,HASH-SHA256-81
CSE-05-CASE-0008-STP-2,CSE-05-CASE-0008,Forensic Step 2: Egress Inspection,Completed,ANON-01,2026-08-22T10:53:00Z,2026-08-22T10:59:00Z,Completed analysis for step 2,HASH-SHA256-82
CSE-05-CASE-0008-STP-3,CSE-05-CASE-0008,Forensic Step 3: Remediation Review,Completed,ANON-01,2026-08-22T10:58:00Z,2026-08-22T11:07:00Z,Completed analysis for step 3,HASH-SHA256-83
CSE-05-CASE-0008-STP-4,CSE-05-CASE-0008,Forensic Step 4: Artifact Capture,Completed,ANON-01,2026-08-22T11:03:00Z,2026-08-22T11:15:00Z,Completed analysis for step 4,HASH-SHA256-84
CSE-05-CASE-0009-STP-1,CSE-05-CASE-0009,Forensic Step 1: Memory Dump,Completed,ANON-02,2026-08-18T23:11:00Z,2026-08-18T23:14:00Z,Completed analysis for step 1,HASH-SHA256-91
CSE-05-CASE-0009-STP-2,CSE-05-CASE-0009,Forensic Step 2: Egress Inspection,Completed,ANON-02,2026-08-18T23:16:00Z,2026-08-18T23:22:00Z,Completed analysis for step 2,HASH-SHA256-92
CSE-05-CASE-0009-STP-3,CSE-05-CASE-0009,Forensic Step 3: Remediation Review,Completed,ANON-02,2026-08-18T23:21:00Z,2026-08-18T23:30:00Z,Completed analysis for step 3,HASH-SHA256-93
CSE-05-CASE-0009-STP-4,CSE-05-CASE-0009,Forensic Step 4: Artifact Capture,Completed,ANON-02,2026-08-18T23:26:00Z,2026-08-18T23:38:00Z,Completed analysis for step 4,HASH-SHA256-94
CSE-05-CASE-0010-STP-1,CSE-05-CASE-0010,Forensic Step 1: Memory Dump,Completed,ANON-03,2026-08-21T18:50:00Z,2026-08-21T18:53:00Z,Completed analysis for step 1,HASH-SHA256-101
CSE-05-CASE-0010-STP-2,CSE-05-CASE-0010,Forensic Step 2: Egress Inspection,Completed,ANON-03,2026-08-21T18:55:00Z,2026-08-21T19:01:00Z,Completed analysis for step 2,HASH-SHA256-102
CSE-05-CASE-0010-STP-3,CSE-05-CASE-0010,Forensic Step 3: Remediation Review,Completed,ANON-03,2026-08-21T19:00:00Z,2026-08-21T19:09:00Z,Completed analysis for step 3,HASH-SHA256-103
CSE-05-CASE-0011-STP-1,CSE-05-CASE-0011,Forensic Step 1: Memory Dump,Completed,ANON-04,2026-08-30T07:06:00Z,2026-08-30T07:09:00Z,Completed analysis for step 1,HASH-SHA256-111
CSE-05-CASE-0011-STP-2,CSE-05-CASE-0011,Forensic Step 2: Egress Inspection,Completed,ANON-04,2026-08-30T07:11:00Z,2026-08-30T07:17:00Z,Completed analysis for step 2,HASH-SHA256-112
CSE-05-CASE-0011-STP-3,CSE-05-CASE-0011,Forensic Step 3: Remediation Review,Completed,ANON-04,2026-08-30T07:16:00Z,2026-08-30T07:25:00Z,Completed analysis for step 3,HASH-SHA256-113
CSE-05-CASE-0011-STP-4,CSE-05-CASE-0011,Forensic Step 4: Artifact Capture,Completed,ANON-04,2026-08-30T07:21:00Z,2026-08-30T07:33:00Z,Completed analysis for step 4,HASH-SHA256-114
CSE-05-CASE-0011-STP-5,CSE-05-CASE-0011,Forensic Step 5: Memory Dump,Completed,ANON-04,2026-08-30T07:26:00Z,2026-08-30T07:41:00Z,Completed analysis for step 5,HASH-SHA256-115
CSE-05-CASE-0012-STP-1,CSE-05-CASE-0012,Forensic Step 1: Memory Dump,Completed,ANON-01,2026-08-10T01:44:00Z,2026-08-10T01:47:00Z,Completed analysis for step 1,HASH-SHA256-121
CSE-05-CASE-0012-STP-2,CSE-05-CASE-0012,Forensic Step 2: Egress Inspection,Completed,ANON-01,2026-08-10T01:49:00Z,2026-08-10T01:55:00Z,Completed analysis for step 2,HASH-SHA256-122
CSE-05-CASE-0012-STP-3,CSE-05-CASE-0012,Forensic Step 3: Remediation Review,Completed,ANON-01,2026-08-10T01:54:00Z,2026-08-10T02:03:00Z,Completed analysis for step 3,HASH-SHA256-123
CSE-05-CASE-0013-STP-1,CSE-05-CASE-0013,Forensic Step 1: Memory Dump,Completed,ANON-02,2026-08-19T12:55:00Z,2026-08-19T12:58:00Z,Completed analysis for step 1,HASH-SHA256-131
CSE-05-CASE-0013-STP-2,CSE-05-CASE-0013,Forensic Step 2: Egress Inspection,Completed,ANON-02,2026-08-19T13:00:00Z,2026-08-19T13:06:00Z,Completed analysis for step 2,HASH-SHA256-132
CSE-05-CASE-0013-STP-3,CSE-05-CASE-0013,Forensic Step 3: Remediation Review,Completed,ANON-02,2026-08-19T13:05:00Z,2026-08-19T13:14:00Z,Completed analysis for step 3,HASH-SHA256-133
CSE-05-CASE-0013-STP-4,CSE-05-CASE-0013,Forensic Step 4: Artifact Capture,Completed,ANON-02,2026-08-19T13:10:00Z,2026-08-19T13:22:00Z,Completed analysis for step 4,HASH-SHA256-134
CSE-05-CASE-0013-STP-5,CSE-05-CASE-0013,Forensic Step 5: Memory Dump,Completed,ANON-02,2026-08-19T13:15:00Z,2026-08-19T13:30:00Z,Completed analysis for step 5,HASH-SHA256-135
CSE-05-CASE-0014-STP-1,CSE-05-CASE-0014,Forensic Step 1: Memory Dump,Completed,ANON-03,2026-08-09T03:07:00Z,2026-08-09T03:10:00Z,Completed analysis for step 1,HASH-SHA256-141
CSE-05-CASE-0014-STP-2,CSE-05-CASE-0014,Forensic Step 2: Egress Inspection,Completed,ANON-03,2026-08-09T03:12:00Z,2026-08-09T03:18:00Z,Completed analysis for step 2,HASH-SHA256-142
CSE-05-CASE-0014-STP-3,CSE-05-CASE-0014,Forensic Step 3: Remediation Review,Completed,ANON-03,2026-08-09T03:17:00Z,2026-08-09T03:26:00Z,Completed analysis for step 3,HASH-SHA256-143
CSE-05-CASE-0014-STP-4,CSE-05-CASE-0014,Forensic Step 4: Artifact Capture,Completed,ANON-03,2026-08-09T03:22:00Z,2026-08-09T03:34:00Z,Completed analysis for step 4,HASH-SHA256-144
CSE-05-CASE-0014-STP-5,CSE-05-CASE-0014,Forensic Step 5: Memory Dump,Completed,ANON-03,2026-08-09T03:27:00Z,2026-08-09T03:42:00Z,Completed analysis for step 5,HASH-SHA256-145
CSE-05-CASE-0015-STP-1,CSE-05-CASE-0015,Forensic Step 1: Memory Dump,Completed,ANON-04,2026-08-06T06:57:00Z,2026-08-06T07:00:00Z,Completed analysis for step 1,HASH-SHA256-151
CSE-05-CASE-0015-STP-2,CSE-05-CASE-0015,Forensic Step 2: Egress Inspection,Completed,ANON-04,2026-08-06T07:02:00Z,2026-08-06T07:08:00Z,Completed analysis for step 2,HASH-SHA256-152
CSE-05-CASE-0015-STP-3,CSE-05-CASE-0015,Forensic Step 3: Remediation Review,Completed,ANON-04,2026-08-06T07:07:00Z,2026-08-06T07:16:00Z,Completed analysis for step 3,HASH-SHA256-153
CSE-05-CASE-0015-STP-4,CSE-05-CASE-0015,Forensic Step 4: Artifact Capture,Completed,ANON-04,2026-08-06T07:12:00Z,2026-08-06T07:24:00Z,Completed analysis for step 4,HASH-SHA256-154
CSE-05-CASE-0016-STP-1,CSE-05-CASE-0016,Forensic Step 1: Memory Dump,Completed,ANON-01,2026-08-08T10:36:00Z,2026-08-08T10:39:00Z,Completed analysis for step 1,HASH-SHA256-161
CSE-05-CASE-0016-STP-2,CSE-05-CASE-0016,Forensic Step 2: Egress Inspection,Completed,ANON-01,2026-08-08T10:41:00Z,2026-08-08T10:47:00Z,Completed analysis for step 2,HASH-SHA256-162
CSE-05-CASE-0016-STP-3,CSE-05-CASE-0016,Forensic Step 3: Remediation Review,Completed,ANON-01,2026-08-08T10:46:00Z,2026-08-08T10:55:00Z,Completed analysis for step 3,HASH-SHA256-163
CSE-05-CASE-0017-STP-1,CSE-05-CASE-0017,Forensic Step 1: Memory Dump,Completed,ANON-02,2026-08-21T16:59:00Z,2026-08-21T17:02:00Z,Completed analysis for step 1,HASH-SHA256-171
CSE-05-CASE-0017-STP-2,CSE-05-CASE-0017,Forensic Step 2: Egress Inspection,Completed,ANON-02,2026-08-21T17:04:00Z,2026-08-21T17:10:00Z,Completed analysis for step 2,HASH-SHA256-172
CSE-05-CASE-0017-STP-3,CSE-05-CASE-0017,Forensic Step 3: Remediation Review,Completed,ANON-02,2026-08-21T17:09:00Z,2026-08-21T17:18:00Z,Completed analysis for step 3,HASH-SHA256-173
CSE-05-CASE-0017-STP-4,CSE-05-CASE-0017,Forensic Step 4: Artifact Capture,Completed,ANON-02,2026-08-21T17:14:00Z,2026-08-21T17:26:00Z,Completed analysis for step 4,HASH-SHA256-174
CSE-05-CASE-0018-STP-1,CSE-05-CASE-0018,Forensic Step 1: Memory Dump,Completed,ANON-03,2026-08-07T05:44:00Z,2026-08-07T05:47:00Z,Completed analysis for step 1,HASH-SHA256-181
CSE-05-CASE-0018-STP-2,CSE-05-CASE-0018,Forensic Step 2: Egress Inspection,Completed,ANON-03,2026-08-07T05:49:00Z,2026-08-07T05:55:00Z,Completed analysis for step 2,HASH-SHA256-182
CSE-05-CASE-0018-STP-3,CSE-05-CASE-0018,Forensic Step 3: Remediation Review,Completed,ANON-03,2026-08-07T05:54:00Z,2026-08-07T06:03:00Z,Completed analysis for step 3,HASH-SHA256-183
CSE-05-CASE-0019-STP-1,CSE-05-CASE-0019,Forensic Step 1: Memory Dump,Completed,ANON-04,2026-08-23T10:17:00Z,2026-08-23T10:20:00Z,Completed analysis for step 1,HASH-SHA256-191
CSE-05-CASE-0019-STP-2,CSE-05-CASE-0019,Forensic Step 2: Egress Inspection,Completed,ANON-04,2026-08-23T10:22:00Z,2026-08-23T10:28:00Z,Completed analysis for step 2,HASH-SHA256-192
CSE-05-CASE-0019-STP-3,CSE-05-CASE-0019,Forensic Step 3: Remediation Review,Completed,ANON-04,2026-08-23T10:27:00Z,2026-08-23T10:36:00Z,Completed analysis for step 3,HASH-SHA256-193
CSE-05-CASE-0019-STP-4,CSE-05-CASE-0019,Forensic Step 4: Artifact Capture,Completed,ANON-04,2026-08-23T10:32:00Z,2026-08-23T10:44:00Z,Completed analysis for step 4,HASH-SHA256-194
CSE-05-CASE-0019-STP-5,CSE-05-CASE-0019,Forensic Step 5: Memory Dump,Completed,ANON-04,2026-08-23T10:37:00Z,2026-08-23T10:52:00Z,Completed analysis for step 5,HASH-SHA256-195
CSE-05-CASE-0020-STP-1,CSE-05-CASE-0020,Forensic Step 1: Memory Dump,Completed,ANON-01,2026-08-13T18:29:00Z,2026-08-13T18:32:00Z,Completed analysis for step 1,HASH-SHA256-201
CSE-05-CASE-0020-STP-2,CSE-05-CASE-0020,Forensic Step 2: Egress Inspection,Completed,ANON-01,2026-08-13T18:34:00Z,2026-08-13T18:40:00Z,Completed analysis for step 2,HASH-SHA256-202
CSE-05-CASE-0020-STP-3,CSE-05-CASE-0020,Forensic Step 3: Remediation Review,Completed,ANON-01,2026-08-13T18:39:00Z,2026-08-13T18:48:00Z,Completed analysis for step 3,HASH-SHA256-203
CSE-05-CASE-0020-STP-4,CSE-05-CASE-0020,Forensic Step 4: Artifact Capture,Completed,ANON-01,2026-08-13T18:44:00Z,2026-08-13T18:56:00Z,Completed analysis for step 4,HASH-SHA256-204
CSE-05-CASE-0021-STP-1,CSE-05-CASE-0021,Forensic Step 1: Memory Dump,Completed,ANON-02,2026-08-25T16:14:00Z,2026-08-25T16:17:00Z,Completed analysis for step 1,HASH-SHA256-211
CSE-05-CASE-0021-STP-2,CSE-05-CASE-0021,Forensic Step 2: Egress Inspection,Completed,ANON-02,2026-08-25T16:19:00Z,2026-08-25T16:25:00Z,Completed analysis for step 2,HASH-SHA256-212
CSE-05-CASE-0021-STP-3,CSE-05-CASE-0021,Forensic Step 3: Remediation Review,Completed,ANON-02,2026-08-25T16:24:00Z,2026-08-25T16:33:00Z,Completed analysis for step 3,HASH-SHA256-213
CSE-05-CASE-0021-STP-4,CSE-05-CASE-0021,Forensic Step 4: Artifact Capture,Completed,ANON-02,2026-08-25T16:29:00Z,2026-08-25T16:41:00Z,Completed analysis for step 4,HASH-SHA256-214
CSE-05-CASE-0021-STP-5,CSE-05-CASE-0021,Forensic Step 5: Memory Dump,Completed,ANON-02,2026-08-25T16:34:00Z,2026-08-25T16:49:00Z,Completed analysis for step 5,HASH-SHA256-215
CSE-05-CASE-0022-STP-1,CSE-05-CASE-0022,Forensic Step 1: Memory Dump,Completed,ANON-03,2026-08-19T00:33:00Z,2026-08-19T00:36:00Z,Completed analysis for step 1,HASH-SHA256-221
CSE-05-CASE-0022-STP-2,CSE-05-CASE-0022,Forensic Step 2: Egress Inspection,Completed,ANON-03,2026-08-19T00:38:00Z,2026-08-19T00:44:00Z,Completed analysis for step 2,HASH-SHA256-222
CSE-05-CASE-0022-STP-3,CSE-05-CASE-0022,Forensic Step 3: Remediation Review,Completed,ANON-03,2026-08-19T00:43:00Z,2026-08-19T00:52:00Z,Completed analysis for step 3,HASH-SHA256-223
CSE-05-CASE-0022-STP-4,CSE-05-CASE-0022,Forensic Step 4: Artifact Capture,Completed,ANON-03,2026-08-19T00:48:00Z,2026-08-19T01:00:00Z,Completed analysis for step 4,HASH-SHA256-224
CSE-05-CASE-0022-STP-5,CSE-05-CASE-0022,Forensic Step 5: Memory Dump,Completed,ANON-03,2026-08-19T00:53:00Z,2026-08-19T01:08:00Z,Completed analysis for step 5,HASH-SHA256-225
CSE-05-CASE-0023-STP-1,CSE-05-CASE-0023,Forensic Step 1: Memory Dump,Completed,ANON-04,2026-08-20T19:05:00Z,2026-08-20T19:08:00Z,Completed analysis for step 1,HASH-SHA256-231
CSE-05-CASE-0023-STP-2,CSE-05-CASE-0023,Forensic Step 2: Egress Inspection,Completed,ANON-04,2026-08-20T19:10:00Z,2026-08-20T19:16:00Z,Completed analysis for step 2,HASH-SHA256-232
CSE-05-CASE-0023-STP-3,CSE-05-CASE-0023,Forensic Step 3: Remediation Review,Completed,ANON-04,2026-08-20T19:15:00Z,2026-08-20T19:24:00Z,Completed analysis for step 3,HASH-SHA256-233
CSE-05-CASE-0024-STP-1,CSE-05-CASE-0024,Forensic Step 1: Memory Dump,Completed,ANON-01,2026-08-25T02:11:00Z,2026-08-25T02:14:00Z,Completed analysis for step 1,HASH-SHA256-241
CSE-05-CASE-0024-STP-2,CSE-05-CASE-0024,Forensic Step 2: Egress Inspection,Completed,ANON-01,2026-08-25T02:16:00Z,2026-08-25T02:22:00Z,Completed analysis for step 2,HASH-SHA256-242
CSE-05-CASE-0024-STP-3,CSE-05-CASE-0024,Forensic Step 3: Remediation Review,Completed,ANON-01,2026-08-25T02:21:00Z,2026-08-25T02:30:00Z,Completed analysis for step 3,HASH-SHA256-243
CSE-05-CASE-0025-STP-1,CSE-05-CASE-0025,Forensic Step 1: Memory Dump,Completed,ANON-02,2026-08-05T16:27:00Z,2026-08-05T16:30:00Z,Completed analysis for step 1,HASH-SHA256-251
CSE-05-CASE-0025-STP-2,CSE-05-CASE-0025,Forensic Step 2: Egress Inspection,Completed,ANON-02,2026-08-05T16:32:00Z,2026-08-05T16:38:00Z,Completed analysis for step 2,HASH-SHA256-252
CSE-05-CASE-0025-STP-3,CSE-05-CASE-0025,Forensic Step 3: Remediation Review,Completed,ANON-02,2026-08-05T16:37:00Z,2026-08-05T16:46:00Z,Completed analysis for step 3,HASH-SHA256-253
CSE-05-CASE-0025-STP-4,CSE-05-CASE-0025,Forensic Step 4: Artifact Capture,Completed,ANON-02,2026-08-05T16:42:00Z,2026-08-05T16:54:00Z,Completed analysis for step 4,HASH-SHA256-254
CSE-05-CASE-0026-STP-1,CSE-05-CASE-0026,Forensic Step 1: Memory Dump,Completed,ANON-03,2026-08-09T21:30:00Z,2026-08-09T21:33:00Z,Completed analysis for step 1,HASH-SHA256-261
CSE-05-CASE-0026-STP-2,CSE-05-CASE-0026,Forensic Step 2: Egress Inspection,Completed,ANON-03,2026-08-09T21:35:00Z,2026-08-09T21:41:00Z,Completed analysis for step 2,HASH-SHA256-262
CSE-05-CASE-0026-STP-3,CSE-05-CASE-0026,Forensic Step 3: Remediation Review,Completed,ANON-03,2026-08-09T21:40:00Z,2026-08-09T21:49:00Z,Completed analysis for step 3,HASH-SHA256-263
CSE-05-CASE-0026-STP-4,CSE-05-CASE-0026,Forensic Step 4: Artifact Capture,Completed,ANON-03,2026-08-09T21:45:00Z,2026-08-09T21:57:00Z,Completed analysis for step 4,HASH-SHA256-264
CSE-05-CASE-0026-STP-5,CSE-05-CASE-0026,Forensic Step 5: Memory Dump,Completed,ANON-03,2026-08-09T21:50:00Z,2026-08-09T22:05:00Z,Completed analysis for step 5,HASH-SHA256-265
CSE-05-CASE-0027-STP-1,CSE-05-CASE-0027,Forensic Step 1: Memory Dump,Completed,ANON-04,2026-08-21T23:51:00Z,2026-08-21T23:54:00Z,Completed analysis for step 1,HASH-SHA256-271
CSE-05-CASE-0027-STP-2,CSE-05-CASE-0027,Forensic Step 2: Egress Inspection,Completed,ANON-04,2026-08-21T23:56:00Z,2026-08-22T00:02:00Z,Completed analysis for step 2,HASH-SHA256-272
CSE-05-CASE-0027-STP-3,CSE-05-CASE-0027,Forensic Step 3: Remediation Review,Completed,ANON-04,2026-08-22T00:01:00Z,2026-08-22T00:10:00Z,Completed analysis for step 3,HASH-SHA256-273
CSE-05-CASE-0027-STP-4,CSE-05-CASE-0027,Forensic Step 4: Artifact Capture,Completed,ANON-04,2026-08-22T00:06:00Z,2026-08-22T00:18:00Z,Completed analysis for step 4,HASH-SHA256-274
CSE-05-CASE-0028-STP-1,CSE-05-CASE-0028,Forensic Step 1: Memory Dump,Completed,ANON-01,2026-08-01T20:33:00Z,2026-08-01T20:36:00Z,Completed analysis for step 1,HASH-SHA256-281
CSE-05-CASE-0028-STP-2,CSE-05-CASE-0028,Forensic Step 2: Egress Inspection,Completed,ANON-01,2026-08-01T20:38:00Z,2026-08-01T20:44:00Z,Completed analysis for step 2,HASH-SHA256-282
CSE-05-CASE-0028-STP-3,CSE-05-CASE-0028,Forensic Step 3: Remediation Review,Completed,ANON-01,2026-08-01T20:43:00Z,2026-08-01T20:52:00Z,Completed analysis for step 3,HASH-SHA256-283
CSE-05-CASE-0028-STP-4,CSE-05-CASE-0028,Forensic Step 4: Artifact Capture,Completed,ANON-01,2026-08-01T20:48:00Z,2026-08-01T21:00:00Z,Completed analysis for step 4,HASH-SHA256-284
CSE-05-CASE-0029-STP-1,CSE-05-CASE-0029,Forensic Step 1: Memory Dump,Completed,ANON-02,2026-08-15T04:49:00Z,2026-08-15T04:52:00Z,Completed analysis for step 1,HASH-SHA256-291
CSE-05-CASE-0029-STP-2,CSE-05-CASE-0029,Forensic Step 2: Egress Inspection,Completed,ANON-02,2026-08-15T04:54:00Z,2026-08-15T05:00:00Z,Completed analysis for step 2,HASH-SHA256-292
CSE-05-CASE-0029-STP-3,CSE-05-CASE-0029,Forensic Step 3: Remediation Review,Completed,ANON-02,2026-08-15T04:59:00Z,2026-08-15T05:08:00Z,Completed analysis for step 3,HASH-SHA256-293
CSE-05-CASE-0029-STP-4,CSE-05-CASE-0029,Forensic Step 4: Artifact Capture,Completed,ANON-02,2026-08-15T05:04:00Z,2026-08-15T05:16:00Z,Completed analysis for step 4,HASH-SHA256-294
CSE-05-CASE-0030-STP-1,CSE-05-CASE-0030,Forensic Step 1: Memory Dump,Completed,ANON-03,2026-08-11T13:38:00Z,2026-08-11T13:41:00Z,Completed analysis for step 1,HASH-SHA256-301
CSE-05-CASE-0030-STP-2,CSE-05-CASE-0030,Forensic Step 2: Egress Inspection,Completed,ANON-03,2026-08-11T13:43:00Z,2026-08-11T13:49:00Z,Completed analysis for step 2,HASH-SHA256-302
CSE-05-CASE-0030-STP-3,CSE-05-CASE-0030,Forensic Step 3: Remediation Review,Completed,ANON-03,2026-08-11T13:48:00Z,2026-08-11T13:57:00Z,Completed analysis for step 3,HASH-SHA256-303
CSE-05-CASE-0030-STP-4,CSE-05-CASE-0030,Forensic Step 4: Artifact Capture,Completed,ANON-03,2026-08-11T13:53:00Z,2026-08-11T14:05:00Z,Completed analysis for step 4,HASH-SHA256-304
CSE-05-CASE-0031-STP-1,CSE-05-CASE-0031,Forensic Step 1: Memory Dump,Completed,ANON-04,2026-08-13T17:03:00Z,2026-08-13T17:06:00Z,Completed analysis for step 1,HASH-SHA256-311
CSE-05-CASE-0031-STP-2,CSE-05-CASE-0031,Forensic Step 2: Egress Inspection,Completed,ANON-04,2026-08-13T17:08:00Z,2026-08-13T17:14:00Z,Completed analysis for step 2,HASH-SHA256-312
CSE-05-CASE-0031-STP-3,CSE-05-CASE-0031,Forensic Step 3: Remediation Review,Completed,ANON-04,2026-08-13T17:13:00Z,2026-08-13T17:22:00Z,Completed analysis for step 3,HASH-SHA256-313
CSE-05-CASE-0031-STP-4,CSE-05-CASE-0031,Forensic Step 4: Artifact Capture,Completed,ANON-04,2026-08-13T17:18:00Z,2026-08-13T17:30:00Z,Completed analysis for step 4,HASH-SHA256-314
CSE-05-CASE-0031-STP-5,CSE-05-CASE-0031,Forensic Step 5: Memory Dump,Completed,ANON-04,2026-08-13T17:23:00Z,2026-08-13T17:38:00Z,Completed analysis for step 5,HASH-SHA256-315
CSE-05-CASE-0032-STP-1,CSE-05-CASE-0032,Forensic Step 1: Memory Dump,Completed,ANON-01,2026-08-18T13:49:00Z,2026-08-18T13:52:00Z,Completed analysis for step 1,HASH-SHA256-321
CSE-05-CASE-0032-STP-2,CSE-05-CASE-0032,Forensic Step 2: Egress Inspection,Completed,ANON-01,2026-08-18T13:54:00Z,2026-08-18T14:00:00Z,Completed analysis for step 2,HASH-SHA256-322
CSE-05-CASE-0032-STP-3,CSE-05-CASE-0032,Forensic Step 3: Remediation Review,Completed,ANON-01,2026-08-18T13:59:00Z,2026-08-18T14:08:00Z,Completed analysis for step 3,HASH-SHA256-323
CSE-05-CASE-0032-STP-4,CSE-05-CASE-0032,Forensic Step 4: Artifact Capture,Completed,ANON-01,2026-08-18T14:04:00Z,2026-08-18T14:16:00Z,Completed analysis for step 4,HASH-SHA256-324
CSE-05-CASE-0032-STP-5,CSE-05-CASE-0032,Forensic Step 5: Memory Dump,Completed,ANON-01,2026-08-18T14:09:00Z,2026-08-18T14:24:00Z,Completed analysis for step 5,HASH-SHA256-325
CSE-05-CASE-0033-STP-1,CSE-05-CASE-0033,Forensic Step 1: Memory Dump,Completed,ANON-02,2026-08-07T23:03:00Z,2026-08-07T23:06:00Z,Completed analysis for step 1,HASH-SHA256-331
CSE-05-CASE-0033-STP-2,CSE-05-CASE-0033,Forensic Step 2: Egress Inspection,Completed,ANON-02,2026-08-07T23:08:00Z,2026-08-07T23:14:00Z,Completed analysis for step 2,HASH-SHA256-332
CSE-05-CASE-0033-STP-3,CSE-05-CASE-0033,Forensic Step 3: Remediation Review,Completed,ANON-02,2026-08-07T23:13:00Z,2026-08-07T23:22:00Z,Completed analysis for step 3,HASH-SHA256-333
CSE-05-CASE-0034-STP-1,CSE-05-CASE-0034,Forensic Step 1: Memory Dump,Completed,ANON-03,2026-08-21T17:27:00Z,2026-08-21T17:30:00Z,Completed analysis for step 1,HASH-SHA256-341
CSE-05-CASE-0034-STP-2,CSE-05-CASE-0034,Forensic Step 2: Egress Inspection,Completed,ANON-03,2026-08-21T17:32:00Z,2026-08-21T17:38:00Z,Completed analysis for step 2,HASH-SHA256-342
CSE-05-CASE-0034-STP-3,CSE-05-CASE-0034,Forensic Step 3: Remediation Review,Completed,ANON-03,2026-08-21T17:37:00Z,2026-08-21T17:46:00Z,Completed analysis for step 3,HASH-SHA256-343
CSE-05-CASE-0034-STP-4,CSE-05-CASE-0034,Forensic Step 4: Artifact Capture,Completed,ANON-03,2026-08-21T17:42:00Z,2026-08-21T17:54:00Z,Completed analysis for step 4,HASH-SHA256-344
CSE-05-CASE-0035-STP-1,CSE-05-CASE-0035,Forensic Step 1: Memory Dump,Completed,ANON-04,2026-08-20T23:51:00Z,2026-08-20T23:54:00Z,Completed analysis for step 1,HASH-SHA256-351
CSE-05-CASE-0035-STP-2,CSE-05-CASE-0035,Forensic Step 2: Egress Inspection,Completed,ANON-04,2026-08-20T23:56:00Z,2026-08-21T00:02:00Z,Completed analysis for step 2,HASH-SHA256-352
CSE-05-CASE-0035-STP-3,CSE-05-CASE-0035,Forensic Step 3: Remediation Review,Completed,ANON-04,2026-08-21T00:01:00Z,2026-08-21T00:10:00Z,Completed analysis for step 3,HASH-SHA256-353
CSE-05-CASE-0035-STP-4,CSE-05-CASE-0035,Forensic Step 4: Artifact Capture,Completed,ANON-04,2026-08-21T00:06:00Z,2026-08-21T00:18:00Z,Completed analysis for step 4,HASH-SHA256-354
CSE-05-CASE-0035-STP-5,CSE-05-CASE-0035,Forensic Step 5: Memory Dump,Completed,ANON-04,2026-08-21T00:11:00Z,2026-08-21T00:26:00Z,Completed analysis for step 5,HASH-SHA256-355
CSE-05-CASE-0036-STP-1,CSE-05-CASE-0036,Forensic Step 1: Memory Dump,Completed,ANON-01,2026-08-02T19:59:00Z,2026-08-02T20:02:00Z,Completed analysis for step 1,HASH-SHA256-361
CSE-05-CASE-0036-STP-2,CSE-05-CASE-0036,Forensic Step 2: Egress Inspection,Completed,ANON-01,2026-08-02T20:04:00Z,2026-08-02T20:10:00Z,Completed analysis for step 2,HASH-SHA256-362
CSE-05-CASE-0036-STP-3,CSE-05-CASE-0036,Forensic Step 3: Remediation Review,Completed,ANON-01,2026-08-02T20:09:00Z,2026-08-02T20:18:00Z,Completed analysis for step 3,HASH-SHA256-363
CSE-05-CASE-0037-STP-1,CSE-05-CASE-0037,Forensic Step 1: Memory Dump,Completed,ANON-02,2026-08-25T15:50:00Z,2026-08-25T15:53:00Z,Completed analysis for step 1,HASH-SHA256-371
CSE-05-CASE-0037-STP-2,CSE-05-CASE-0037,Forensic Step 2: Egress Inspection,Completed,ANON-02,2026-08-25T15:55:00Z,2026-08-25T16:01:00Z,Completed analysis for step 2,HASH-SHA256-372
CSE-05-CASE-0037-STP-3,CSE-05-CASE-0037,Forensic Step 3: Remediation Review,Completed,ANON-02,2026-08-25T16:00:00Z,2026-08-25T16:09:00Z,Completed analysis for step 3,HASH-SHA256-373
CSE-05-CASE-0037-STP-4,CSE-05-CASE-0037,Forensic Step 4: Artifact Capture,Completed,ANON-02,2026-08-25T16:05:00Z,2026-08-25T16:17:00Z,Completed analysis for step 4,HASH-SHA256-374
CSE-05-CASE-0037-STP-5,CSE-05-CASE-0037,Forensic Step 5: Memory Dump,Completed,ANON-02,2026-08-25T16:10:00Z,2026-08-25T16:25:00Z,Completed analysis for step 5,HASH-SHA256-375
CSE-05-CASE-0038-STP-1,CSE-05-CASE-0038,Forensic Step 1: Memory Dump,Completed,ANON-03,2026-08-22T05:53:00Z,2026-08-22T05:56:00Z,Completed analysis for step 1,HASH-SHA256-381
CSE-05-CASE-0038-STP-2,CSE-05-CASE-0038,Forensic Step 2: Egress Inspection,Completed,ANON-03,2026-08-22T05:58:00Z,2026-08-22T06:04:00Z,Completed analysis for step 2,HASH-SHA256-382
CSE-05-CASE-0038-STP-3,CSE-05-CASE-0038,Forensic Step 3: Remediation Review,Completed,ANON-03,2026-08-22T06:03:00Z,2026-08-22T06:12:00Z,Completed analysis for step 3,HASH-SHA256-383
CSE-05-CASE-0039-STP-1,CSE-05-CASE-0039,Forensic Step 1: Memory Dump,Completed,ANON-04,2026-08-09T15:46:00Z,2026-08-09T15:49:00Z,Completed analysis for step 1,HASH-SHA256-391
CSE-05-CASE-0039-STP-2,CSE-05-CASE-0039,Forensic Step 2: Egress Inspection,Completed,ANON-04,2026-08-09T15:51:00Z,2026-08-09T15:57:00Z,Completed analysis for step 2,HASH-SHA256-392
CSE-05-CASE-0039-STP-3,CSE-05-CASE-0039,Forensic Step 3: Remediation Review,Completed,ANON-04,2026-08-09T15:56:00Z,2026-08-09T16:05:00Z,Completed analysis for step 3,HASH-SHA256-393
CSE-05-CASE-0039-STP-4,CSE-05-CASE-0039,Forensic Step 4: Artifact Capture,Completed,ANON-04,2026-08-09T16:01:00Z,2026-08-09T16:13:00Z,Completed analysis for step 4,HASH-SHA256-394
CSE-05-CASE-0040-STP-1,CSE-05-CASE-0040,Forensic Step 1: Memory Dump,Completed,ANON-01,2026-08-12T20:43:00Z,2026-08-12T20:46:00Z,Completed analysis for step 1,HASH-SHA256-401
CSE-05-CASE-0040-STP-2,CSE-05-CASE-0040,Forensic Step 2: Egress Inspection,Completed,ANON-01,2026-08-12T20:48:00Z,2026-08-12T20:54:00Z,Completed analysis for step 2,HASH-SHA256-402
CSE-05-CASE-0040-STP-3,CSE-05-CASE-0040,Forensic Step 3: Remediation Review,Completed,ANON-01,2026-08-12T20:53:00Z,2026-08-12T21:02:00Z,Completed analysis for step 3,HASH-SHA256-403
CSE-05-CASE-0041-STP-1,CSE-05-CASE-0041,Forensic Step 1: Memory Dump,Completed,ANON-02,2026-08-16T11:25:00Z,2026-08-16T11:28:00Z,Completed analysis for step 1,HASH-SHA256-411
CSE-05-CASE-0041-STP-2,CSE-05-CASE-0041,Forensic Step 2: Egress Inspection,Completed,ANON-02,2026-08-16T11:30:00Z,2026-08-16T11:36:00Z,Completed analysis for step 2,HASH-SHA256-412
CSE-05-CASE-0041-STP-3,CSE-05-CASE-0041,Forensic Step 3: Remediation Review,Completed,ANON-02,2026-08-16T11:35:00Z,2026-08-16T11:44:00Z,Completed analysis for step 3,HASH-SHA256-413
CSE-05-CASE-0041-STP-4,CSE-05-CASE-0041,Forensic Step 4: Artifact Capture,Completed,ANON-02,2026-08-16T11:40:00Z,2026-08-16T11:52:00Z,Completed analysis for step 4,HASH-SHA256-414
CSE-05-CASE-0042-STP-1,CSE-05-CASE-0042,Forensic Step 1: Memory Dump,Completed,ANON-03,2026-08-10T18:43:00Z,2026-08-10T18:46:00Z,Completed analysis for step 1,HASH-SHA256-421
CSE-05-CASE-0042-STP-2,CSE-05-CASE-0042,Forensic Step 2: Egress Inspection,Completed,ANON-03,2026-08-10T18:48:00Z,2026-08-10T18:54:00Z,Completed analysis for step 2,HASH-SHA256-422
CSE-05-CASE-0042-STP-3,CSE-05-CASE-0042,Forensic Step 3: Remediation Review,Completed,ANON-03,2026-08-10T18:53:00Z,2026-08-10T19:02:00Z,Completed analysis for step 3,HASH-SHA256-423
CSE-05-CASE-0042-STP-4,CSE-05-CASE-0042,Forensic Step 4: Artifact Capture,Completed,ANON-03,2026-08-10T18:58:00Z,2026-08-10T19:10:00Z,Completed analysis for step 4,HASH-SHA256-424
CSE-05-CASE-0043-STP-1,CSE-05-CASE-0043,Forensic Step 1: Memory Dump,Completed,ANON-04,2026-08-04T22:57:00Z,2026-08-04T23:00:00Z,Completed analysis for step 1,HASH-SHA256-431
CSE-05-CASE-0043-STP-2,CSE-05-CASE-0043,Forensic Step 2: Egress Inspection,Completed,ANON-04,2026-08-04T23:02:00Z,2026-08-04T23:08:00Z,Completed analysis for step 2,HASH-SHA256-432
CSE-05-CASE-0043-STP-3,CSE-05-CASE-0043,Forensic Step 3: Remediation Review,Completed,ANON-04,2026-08-04T23:07:00Z,2026-08-04T23:16:00Z,Completed analysis for step 3,HASH-SHA256-433
CSE-05-CASE-0044-STP-1,CSE-05-CASE-0044,Forensic Step 1: Memory Dump,Completed,ANON-01,2026-08-27T06:14:00Z,2026-08-27T06:17:00Z,Completed analysis for step 1,HASH-SHA256-441
CSE-05-CASE-0044-STP-2,CSE-05-CASE-0044,Forensic Step 2: Egress Inspection,Completed,ANON-01,2026-08-27T06:19:00Z,2026-08-27T06:25:00Z,Completed analysis for step 2,HASH-SHA256-442
CSE-05-CASE-0044-STP-3,CSE-05-CASE-0044,Forensic Step 3: Remediation Review,Completed,ANON-01,2026-08-27T06:24:00Z,2026-08-27T06:33:00Z,Completed analysis for step 3,HASH-SHA256-443
CSE-05-CASE-0044-STP-4,CSE-05-CASE-0044,Forensic Step 4: Artifact Capture,Completed,ANON-01,2026-08-27T06:29:00Z,2026-08-27T06:41:00Z,Completed analysis for step 4,HASH-SHA256-444
CSE-05-CASE-0044-STP-5,CSE-05-CASE-0044,Forensic Step 5: Memory Dump,Completed,ANON-01,2026-08-27T06:34:00Z,2026-08-27T06:49:00Z,Completed analysis for step 5,HASH-SHA256-445
CSE-05-CASE-0045-STP-1,CSE-05-CASE-0045,Forensic Step 1: Memory Dump,Completed,ANON-02,2026-08-09T00:22:00Z,2026-08-09T00:25:00Z,Completed analysis for step 1,HASH-SHA256-451
CSE-05-CASE-0045-STP-2,CSE-05-CASE-0045,Forensic Step 2: Egress Inspection,Completed,ANON-02,2026-08-09T00:27:00Z,2026-08-09T00:33:00Z,Completed analysis for step 2,HASH-SHA256-452
CSE-05-CASE-0045-STP-3,CSE-05-CASE-0045,Forensic Step 3: Remediation Review,Completed,ANON-02,2026-08-09T00:32:00Z,2026-08-09T00:41:00Z,Completed analysis for step 3,HASH-SHA256-453
CSE-05-CASE-0045-STP-4,CSE-05-CASE-0045,Forensic Step 4: Artifact Capture,Completed,ANON-02,2026-08-09T00:37:00Z,2026-08-09T00:49:00Z,Completed analysis for step 4,HASH-SHA256-454
CSE-05-CASE-0046-STP-1,CSE-05-CASE-0046,Forensic Step 1: Memory Dump,Completed,ANON-03,2026-08-08T20:52:00Z,2026-08-08T20:55:00Z,Completed analysis for step 1,HASH-SHA256-461
CSE-05-CASE-0046-STP-2,CSE-05-CASE-0046,Forensic Step 2: Egress Inspection,Completed,ANON-03,2026-08-08T20:57:00Z,2026-08-08T21:03:00Z,Completed analysis for step 2,HASH-SHA256-462
CSE-05-CASE-0046-STP-3,CSE-05-CASE-0046,Forensic Step 3: Remediation Review,Completed,ANON-03,2026-08-08T21:02:00Z,2026-08-08T21:11:00Z,Completed analysis for step 3,HASH-SHA256-463
CSE-05-CASE-0046-STP-4,CSE-05-CASE-0046,Forensic Step 4: Artifact Capture,Completed,ANON-03,2026-08-08T21:07:00Z,2026-08-08T21:19:00Z,Completed analysis for step 4,HASH-SHA256-464
CSE-05-CASE-0046-STP-5,CSE-05-CASE-0046,Forensic Step 5: Memory Dump,Completed,ANON-03,2026-08-08T21:12:00Z,2026-08-08T21:27:00Z,Completed analysis for step 5,HASH-SHA256-465
CSE-05-CASE-0047-STP-1,CSE-05-CASE-0047,Forensic Step 1: Memory Dump,Completed,ANON-04,2026-08-20T14:40:00Z,2026-08-20T14:43:00Z,Completed analysis for step 1,HASH-SHA256-471
CSE-05-CASE-0047-STP-2,CSE-05-CASE-0047,Forensic Step 2: Egress Inspection,Completed,ANON-04,2026-08-20T14:45:00Z,2026-08-20T14:51:00Z,Completed analysis for step 2,HASH-SHA256-472
CSE-05-CASE-0047-STP-3,CSE-05-CASE-0047,Forensic Step 3: Remediation Review,Completed,ANON-04,2026-08-20T14:50:00Z,2026-08-20T14:59:00Z,Completed analysis for step 3,HASH-SHA256-473
CSE-05-CASE-0048-STP-1,CSE-05-CASE-0048,Forensic Step 1: Memory Dump,Completed,ANON-01,2026-08-10T07:06:00Z,2026-08-10T07:09:00Z,Completed analysis for step 1,HASH-SHA256-481
CSE-05-CASE-0048-STP-2,CSE-05-CASE-0048,Forensic Step 2: Egress Inspection,Completed,ANON-01,2026-08-10T07:11:00Z,2026-08-10T07:17:00Z,Completed analysis for step 2,HASH-SHA256-482
CSE-05-CASE-0048-STP-3,CSE-05-CASE-0048,Forensic Step 3: Remediation Review,Completed,ANON-01,2026-08-10T07:16:00Z,2026-08-10T07:25:00Z,Completed analysis for step 3,HASH-SHA256-483
CSE-05-CASE-0048-STP-4,CSE-05-CASE-0048,Forensic Step 4: Artifact Capture,Completed,ANON-01,2026-08-10T07:21:00Z,2026-08-10T07:33:00Z,Completed analysis for step 4,HASH-SHA256-484
CSE-05-CASE-0049-STP-1,CSE-05-CASE-0049,Forensic Step 1: Memory Dump,Completed,ANON-02,2026-08-11T14:42:00Z,2026-08-11T14:45:00Z,Completed analysis for step 1,HASH-SHA256-491
CSE-05-CASE-0049-STP-2,CSE-05-CASE-0049,Forensic Step 2: Egress Inspection,Completed,ANON-02,2026-08-11T14:47:00Z,2026-08-11T14:53:00Z,Completed analysis for step 2,HASH-SHA256-492
CSE-05-CASE-0049-STP-3,CSE-05-CASE-0049,Forensic Step 3: Remediation Review,Completed,ANON-02,2026-08-11T14:52:00Z,2026-08-11T15:01:00Z,Completed analysis for step 3,HASH-SHA256-493
CSE-05-CASE-0049-STP-4,CSE-05-CASE-0049,Forensic Step 4: Artifact Capture,Completed,ANON-02,2026-08-11T14:57:00Z,2026-08-11T15:09:00Z,Completed analysis for step 4,HASH-SHA256-494
CSE-05-CASE-0049-STP-5,CSE-05-CASE-0049,Forensic Step 5: Memory Dump,Completed,ANON-02,2026-08-11T15:02:00Z,2026-08-11T15:17:00Z,Completed analysis for step 5,HASH-SHA256-495
CSE-05-CASE-0050-STP-1,CSE-05-CASE-0050,Forensic Step 1: Memory Dump,Completed,ANON-03,2026-08-14T03:36:00Z,2026-08-14T03:39:00Z,Completed analysis for step 1,HASH-SHA256-501
CSE-05-CASE-0050-STP-2,CSE-05-CASE-0050,Forensic Step 2: Egress Inspection,Completed,ANON-03,2026-08-14T03:41:00Z,2026-08-14T03:47:00Z,Completed analysis for step 2,HASH-SHA256-502
CSE-05-CASE-0050-STP-3,CSE-05-CASE-0050,Forensic Step 3: Remediation Review,Completed,ANON-03,2026-08-14T03:46:00Z,2026-08-14T03:55:00Z,Completed analysis for step 3,HASH-SHA256-503
CSE-05-CASE-0050-STP-4,CSE-05-CASE-0050,Forensic Step 4: Artifact Capture,Completed,ANON-03,2026-08-14T03:51:00Z,2026-08-14T04:03:00Z,Completed analysis for step 4,HASH-SHA256-504
CSE-05-CASE-0050-STP-5,CSE-05-CASE-0050,Forensic Step 5: Memory Dump,Completed,ANON-03,2026-08-14T03:56:00Z,2026-08-14T04:11:00Z,Completed analysis for step 5,HASH-SHA256-505
CSE-05-CASE-0051-STP-1,CSE-05-CASE-0051,Forensic Step 1: Memory Dump,Completed,ANON-04,2026-08-07T06:00:00Z,2026-08-07T06:03:00Z,Completed analysis for step 1,HASH-SHA256-511
CSE-05-CASE-0051-STP-2,CSE-05-CASE-0051,Forensic Step 2: Egress Inspection,Completed,ANON-04,2026-08-07T06:05:00Z,2026-08-07T06:11:00Z,Completed analysis for step 2,HASH-SHA256-512
CSE-05-CASE-0051-STP-3,CSE-05-CASE-0051,Forensic Step 3: Remediation Review,Completed,ANON-04,2026-08-07T06:10:00Z,2026-08-07T06:19:00Z,Completed analysis for step 3,HASH-SHA256-513
CSE-05-CASE-0051-STP-4,CSE-05-CASE-0051,Forensic Step 4: Artifact Capture,Completed,ANON-04,2026-08-07T06:15:00Z,2026-08-07T06:27:00Z,Completed analysis for step 4,HASH-SHA256-514
CSE-05-CASE-0051-STP-5,CSE-05-CASE-0051,Forensic Step 5: Memory Dump,Completed,ANON-04,2026-08-07T06:20:00Z,2026-08-07T06:35:00Z,Completed analysis for step 5,HASH-SHA256-515
CSE-05-CASE-0052-STP-1,CSE-05-CASE-0052,Forensic Step 1: Memory Dump,Completed,ANON-01,2026-08-05T18:14:00Z,2026-08-05T18:17:00Z,Completed analysis for step 1,HASH-SHA256-521
CSE-05-CASE-0052-STP-2,CSE-05-CASE-0052,Forensic Step 2: Egress Inspection,Completed,ANON-01,2026-08-05T18:19:00Z,2026-08-05T18:25:00Z,Completed analysis for step 2,HASH-SHA256-522
CSE-05-CASE-0052-STP-3,CSE-05-CASE-0052,Forensic Step 3: Remediation Review,Completed,ANON-01,2026-08-05T18:24:00Z,2026-08-05T18:33:00Z,Completed analysis for step 3,HASH-SHA256-523
CSE-05-CASE-0052-STP-4,CSE-05-CASE-0052,Forensic Step 4: Artifact Capture,Completed,ANON-01,2026-08-05T18:29:00Z,2026-08-05T18:41:00Z,Completed analysis for step 4,HASH-SHA256-524
CSE-05-CASE-0052-STP-5,CSE-05-CASE-0052,Forensic Step 5: Memory Dump,Completed,ANON-01,2026-08-05T18:34:00Z,2026-08-05T18:49:00Z,Completed analysis for step 5,HASH-SHA256-525
CSE-05-CASE-0053-STP-1,CSE-05-CASE-0053,Forensic Step 1: Memory Dump,Completed,ANON-02,2026-08-06T00:32:00Z,2026-08-06T00:35:00Z,Completed analysis for step 1,HASH-SHA256-531
CSE-05-CASE-0053-STP-2,CSE-05-CASE-0053,Forensic Step 2: Egress Inspection,Completed,ANON-02,2026-08-06T00:37:00Z,2026-08-06T00:43:00Z,Completed analysis for step 2,HASH-SHA256-532
CSE-05-CASE-0053-STP-3,CSE-05-CASE-0053,Forensic Step 3: Remediation Review,Completed,ANON-02,2026-08-06T00:42:00Z,2026-08-06T00:51:00Z,Completed analysis for step 3,HASH-SHA256-533
CSE-05-CASE-0053-STP-4,CSE-05-CASE-0053,Forensic Step 4: Artifact Capture,Completed,ANON-02,2026-08-06T00:47:00Z,2026-08-06T00:59:00Z,Completed analysis for step 4,HASH-SHA256-534
CSE-05-CASE-0054-STP-1,CSE-05-CASE-0054,Forensic Step 1: Memory Dump,Completed,ANON-03,2026-08-06T23:54:00Z,2026-08-06T23:57:00Z,Completed analysis for step 1,HASH-SHA256-541
CSE-05-CASE-0054-STP-2,CSE-05-CASE-0054,Forensic Step 2: Egress Inspection,Completed,ANON-03,2026-08-06T23:59:00Z,2026-08-07T00:05:00Z,Completed analysis for step 2,HASH-SHA256-542
CSE-05-CASE-0054-STP-3,CSE-05-CASE-0054,Forensic Step 3: Remediation Review,Completed,ANON-03,2026-08-07T00:04:00Z,2026-08-07T00:13:00Z,Completed analysis for step 3,HASH-SHA256-543
CSE-05-CASE-0054-STP-4,CSE-05-CASE-0054,Forensic Step 4: Artifact Capture,Completed,ANON-03,2026-08-07T00:09:00Z,2026-08-07T00:21:00Z,Completed analysis for step 4,HASH-SHA256-544
CSE-05-CASE-0055-STP-1,CSE-05-CASE-0055,Forensic Step 1: Memory Dump,Completed,ANON-04,2026-08-05T13:35:00Z,2026-08-05T13:38:00Z,Completed analysis for step 1,HASH-SHA256-551
CSE-05-CASE-0055-STP-2,CSE-05-CASE-0055,Forensic Step 2: Egress Inspection,Completed,ANON-04,2026-08-05T13:40:00Z,2026-08-05T13:46:00Z,Completed analysis for step 2,HASH-SHA256-552
CSE-05-CASE-0055-STP-3,CSE-05-CASE-0055,Forensic Step 3: Remediation Review,Completed,ANON-04,2026-08-05T13:45:00Z,2026-08-05T13:54:00Z,Completed analysis for step 3,HASH-SHA256-553
CSE-05-CASE-0056-STP-1,CSE-05-CASE-0056,Forensic Step 1: Memory Dump,Completed,ANON-01,2026-08-16T12:26:00Z,2026-08-16T12:29:00Z,Completed analysis for step 1,HASH-SHA256-561
CSE-05-CASE-0056-STP-2,CSE-05-CASE-0056,Forensic Step 2: Egress Inspection,Completed,ANON-01,2026-08-16T12:31:00Z,2026-08-16T12:37:00Z,Completed analysis for step 2,HASH-SHA256-562
CSE-05-CASE-0056-STP-3,CSE-05-CASE-0056,Forensic Step 3: Remediation Review,Completed,ANON-01,2026-08-16T12:36:00Z,2026-08-16T12:45:00Z,Completed analysis for step 3,HASH-SHA256-563
CSE-05-CASE-0056-STP-4,CSE-05-CASE-0056,Forensic Step 4: Artifact Capture,Completed,ANON-01,2026-08-16T12:41:00Z,2026-08-16T12:53:00Z,Completed analysis for step 4,HASH-SHA256-564
CSE-05-CASE-0057-STP-1,CSE-05-CASE-0057,Forensic Step 1: Memory Dump,Completed,ANON-02,2026-08-22T23:39:00Z,2026-08-22T23:42:00Z,Completed analysis for step 1,HASH-SHA256-571
CSE-05-CASE-0057-STP-2,CSE-05-CASE-0057,Forensic Step 2: Egress Inspection,Completed,ANON-02,2026-08-22T23:44:00Z,2026-08-22T23:50:00Z,Completed analysis for step 2,HASH-SHA256-572
CSE-05-CASE-0057-STP-3,CSE-05-CASE-0057,Forensic Step 3: Remediation Review,Completed,ANON-02,2026-08-22T23:49:00Z,2026-08-22T23:58:00Z,Completed analysis for step 3,HASH-SHA256-573
CSE-05-CASE-0057-STP-4,CSE-05-CASE-0057,Forensic Step 4: Artifact Capture,Completed,ANON-02,2026-08-22T23:54:00Z,2026-08-23T00:06:00Z,Completed analysis for step 4,HASH-SHA256-574
CSE-05-CASE-0057-STP-5,CSE-05-CASE-0057,Forensic Step 5: Memory Dump,Completed,ANON-02,2026-08-22T23:59:00Z,2026-08-23T00:14:00Z,Completed analysis for step 5,HASH-SHA256-575
CSE-05-CASE-0058-STP-1,CSE-05-CASE-0058,Forensic Step 1: Memory Dump,Completed,ANON-03,2026-08-01T15:27:00Z,2026-08-01T15:30:00Z,Completed analysis for step 1,HASH-SHA256-581
CSE-05-CASE-0058-STP-2,CSE-05-CASE-0058,Forensic Step 2: Egress Inspection,Completed,ANON-03,2026-08-01T15:32:00Z,2026-08-01T15:38:00Z,Completed analysis for step 2,HASH-SHA256-582
CSE-05-CASE-0058-STP-3,CSE-05-CASE-0058,Forensic Step 3: Remediation Review,Completed,ANON-03,2026-08-01T15:37:00Z,2026-08-01T15:46:00Z,Completed analysis for step 3,HASH-SHA256-583
CSE-05-CASE-0059-STP-1,CSE-05-CASE-0059,Forensic Step 1: Memory Dump,Completed,ANON-04,2026-08-25T22:50:00Z,2026-08-25T22:53:00Z,Completed analysis for step 1,HASH-SHA256-591
CSE-05-CASE-0059-STP-2,CSE-05-CASE-0059,Forensic Step 2: Egress Inspection,Completed,ANON-04,2026-08-25T22:55:00Z,2026-08-25T23:01:00Z,Completed analysis for step 2,HASH-SHA256-592
CSE-05-CASE-0059-STP-3,CSE-05-CASE-0059,Forensic Step 3: Remediation Review,Completed,ANON-04,2026-08-25T23:00:00Z,2026-08-25T23:09:00Z,Completed analysis for step 3,HASH-SHA256-593
CSE-05-CASE-0059-STP-4,CSE-05-CASE-0059,Forensic Step 4: Artifact Capture,Completed,ANON-04,2026-08-25T23:05:00Z,2026-08-25T23:17:00Z,Completed analysis for step 4,HASH-SHA256-594
CSE-05-CASE-0059-STP-5,CSE-05-CASE-0059,Forensic Step 5: Memory Dump,Completed,ANON-04,2026-08-25T23:10:00Z,2026-08-25T23:25:00Z,Completed analysis for step 5,HASH-SHA256-595
CSE-05-CASE-0060-STP-1,CSE-05-CASE-0060,Forensic Step 1: Memory Dump,Completed,ANON-01,2026-08-04T17:03:00Z,2026-08-04T17:06:00Z,Completed analysis for step 1,HASH-SHA256-601
CSE-05-CASE-0060-STP-2,CSE-05-CASE-0060,Forensic Step 2: Egress Inspection,Completed,ANON-01,2026-08-04T17:08:00Z,2026-08-04T17:14:00Z,Completed analysis for step 2,HASH-SHA256-602
CSE-05-CASE-0060-STP-3,CSE-05-CASE-0060,Forensic Step 3: Remediation Review,Completed,ANON-01,2026-08-04T17:13:00Z,2026-08-04T17:22:00Z,Completed analysis for step 3,HASH-SHA256-603
CSE-05-CASE-0060-STP-4,CSE-05-CASE-0060,Forensic Step 4: Artifact Capture,Completed,ANON-01,2026-08-04T17:18:00Z,2026-08-04T17:30:00Z,Completed analysis for step 4,HASH-SHA256-604
CSE-05-CASE-0060-STP-5,CSE-05-CASE-0060,Forensic Step 5: Memory Dump,Completed,ANON-01,2026-08-04T17:23:00Z,2026-08-04T17:38:00Z,Completed analysis for step 5,HASH-SHA256-605
CSE-06-CASE-0001-STP-1,CSE-06-CASE-0001,Forensic Step 1: Memory Dump,Completed,ANON-02,2026-08-23T20:07:00Z,2026-08-23T20:10:00Z,Completed analysis for step 1,HASH-SHA256-11
CSE-06-CASE-0001-STP-2,CSE-06-CASE-0001,Forensic Step 2: Egress Inspection,Completed,ANON-02,2026-08-23T20:12:00Z,2026-08-23T20:18:00Z,Completed analysis for step 2,HASH-SHA256-12
CSE-06-CASE-0001-STP-3,CSE-06-CASE-0001,Forensic Step 3: Remediation Review,Completed,ANON-02,2026-08-23T20:17:00Z,2026-08-23T20:26:00Z,Completed analysis for step 3,HASH-SHA256-13
CSE-06-CASE-0002-STP-1,CSE-06-CASE-0002,Forensic Step 1: Memory Dump,Completed,ANON-03,2026-08-27T15:02:00Z,2026-08-27T15:05:00Z,Completed analysis for step 1,HASH-SHA256-21
CSE-06-CASE-0002-STP-2,CSE-06-CASE-0002,Forensic Step 2: Egress Inspection,Completed,ANON-03,2026-08-27T15:07:00Z,2026-08-27T15:13:00Z,Completed analysis for step 2,HASH-SHA256-22
CSE-06-CASE-0002-STP-3,CSE-06-CASE-0002,Forensic Step 3: Remediation Review,Completed,ANON-03,2026-08-27T15:12:00Z,2026-08-27T15:21:00Z,Completed analysis for step 3,HASH-SHA256-23
CSE-06-CASE-0002-STP-4,CSE-06-CASE-0002,Forensic Step 4: Artifact Capture,Completed,ANON-03,2026-08-27T15:17:00Z,2026-08-27T15:29:00Z,Completed analysis for step 4,HASH-SHA256-24
CSE-06-CASE-0002-STP-5,CSE-06-CASE-0002,Forensic Step 5: Memory Dump,Completed,ANON-03,2026-08-27T15:22:00Z,2026-08-27T15:37:00Z,Completed analysis for step 5,HASH-SHA256-25
CSE-06-CASE-0003-STP-1,CSE-06-CASE-0003,Forensic Step 1: Memory Dump,Completed,ANON-04,2026-08-18T13:30:00Z,2026-08-18T13:33:00Z,Completed analysis for step 1,HASH-SHA256-31
CSE-06-CASE-0003-STP-2,CSE-06-CASE-0003,Forensic Step 2: Egress Inspection,Completed,ANON-04,2026-08-18T13:35:00Z,2026-08-18T13:41:00Z,Completed analysis for step 2,HASH-SHA256-32
CSE-06-CASE-0003-STP-3,CSE-06-CASE-0003,Forensic Step 3: Remediation Review,Completed,ANON-04,2026-08-18T13:40:00Z,2026-08-18T13:49:00Z,Completed analysis for step 3,HASH-SHA256-33
CSE-06-CASE-0003-STP-4,CSE-06-CASE-0003,Forensic Step 4: Artifact Capture,Completed,ANON-04,2026-08-18T13:45:00Z,2026-08-18T13:57:00Z,Completed analysis for step 4,HASH-SHA256-34
CSE-06-CASE-0003-STP-5,CSE-06-CASE-0003,Forensic Step 5: Memory Dump,Completed,ANON-04,2026-08-18T13:50:00Z,2026-08-18T14:05:00Z,Completed analysis for step 5,HASH-SHA256-35
CSE-06-CASE-0004-STP-1,CSE-06-CASE-0004,Forensic Step 1: Memory Dump,Completed,ANON-01,2026-08-30T06:04:00Z,2026-08-30T06:07:00Z,Completed analysis for step 1,HASH-SHA256-41
CSE-06-CASE-0004-STP-2,CSE-06-CASE-0004,Forensic Step 2: Egress Inspection,Completed,ANON-01,2026-08-30T06:09:00Z,2026-08-30T06:15:00Z,Completed analysis for step 2,HASH-SHA256-42
CSE-06-CASE-0004-STP-3,CSE-06-CASE-0004,Forensic Step 3: Remediation Review,Completed,ANON-01,2026-08-30T06:14:00Z,2026-08-30T06:23:00Z,Completed analysis for step 3,HASH-SHA256-43
CSE-06-CASE-0004-STP-4,CSE-06-CASE-0004,Forensic Step 4: Artifact Capture,Completed,ANON-01,2026-08-30T06:19:00Z,2026-08-30T06:31:00Z,Completed analysis for step 4,HASH-SHA256-44
CSE-06-CASE-0004-STP-5,CSE-06-CASE-0004,Forensic Step 5: Memory Dump,Completed,ANON-01,2026-08-30T06:24:00Z,2026-08-30T06:39:00Z,Completed analysis for step 5,HASH-SHA256-45
CSE-06-CASE-0005-STP-1,CSE-06-CASE-0005,Forensic Step 1: Memory Dump,Completed,ANON-02,2026-08-06T07:03:00Z,2026-08-06T07:06:00Z,Completed analysis for step 1,HASH-SHA256-51
CSE-06-CASE-0005-STP-2,CSE-06-CASE-0005,Forensic Step 2: Egress Inspection,Completed,ANON-02,2026-08-06T07:08:00Z,2026-08-06T07:14:00Z,Completed analysis for step 2,HASH-SHA256-52
CSE-06-CASE-0005-STP-3,CSE-06-CASE-0005,Forensic Step 3: Remediation Review,Completed,ANON-02,2026-08-06T07:13:00Z,2026-08-06T07:22:00Z,Completed analysis for step 3,HASH-SHA256-53
CSE-06-CASE-0006-STP-1,CSE-06-CASE-0006,Forensic Step 1: Memory Dump,Completed,ANON-03,2026-08-26T05:40:00Z,2026-08-26T05:43:00Z,Completed analysis for step 1,HASH-SHA256-61
CSE-06-CASE-0006-STP-2,CSE-06-CASE-0006,Forensic Step 2: Egress Inspection,Completed,ANON-03,2026-08-26T05:45:00Z,2026-08-26T05:51:00Z,Completed analysis for step 2,HASH-SHA256-62
CSE-06-CASE-0006-STP-3,CSE-06-CASE-0006,Forensic Step 3: Remediation Review,Completed,ANON-03,2026-08-26T05:50:00Z,2026-08-26T05:59:00Z,Completed analysis for step 3,HASH-SHA256-63
CSE-06-CASE-0006-STP-4,CSE-06-CASE-0006,Forensic Step 4: Artifact Capture,Completed,ANON-03,2026-08-26T05:55:00Z,2026-08-26T06:07:00Z,Completed analysis for step 4,HASH-SHA256-64
CSE-06-CASE-0006-STP-5,CSE-06-CASE-0006,Forensic Step 5: Memory Dump,Completed,ANON-03,2026-08-26T06:00:00Z,2026-08-26T06:15:00Z,Completed analysis for step 5,HASH-SHA256-65
CSE-06-CASE-0007-STP-1,CSE-06-CASE-0007,Forensic Step 1: Memory Dump,Completed,ANON-04,2026-08-14T20:40:00Z,2026-08-14T20:43:00Z,Completed analysis for step 1,HASH-SHA256-71
CSE-06-CASE-0007-STP-2,CSE-06-CASE-0007,Forensic Step 2: Egress Inspection,Completed,ANON-04,2026-08-14T20:45:00Z,2026-08-14T20:51:00Z,Completed analysis for step 2,HASH-SHA256-72
CSE-06-CASE-0007-STP-3,CSE-06-CASE-0007,Forensic Step 3: Remediation Review,Completed,ANON-04,2026-08-14T20:50:00Z,2026-08-14T20:59:00Z,Completed analysis for step 3,HASH-SHA256-73
CSE-06-CASE-0007-STP-4,CSE-06-CASE-0007,Forensic Step 4: Artifact Capture,Completed,ANON-04,2026-08-14T20:55:00Z,2026-08-14T21:07:00Z,Completed analysis for step 4,HASH-SHA256-74
CSE-06-CASE-0007-STP-5,CSE-06-CASE-0007,Forensic Step 5: Memory Dump,Completed,ANON-04,2026-08-14T21:00:00Z,2026-08-14T21:15:00Z,Completed analysis for step 5,HASH-SHA256-75
CSE-06-CASE-0008-STP-1,CSE-06-CASE-0008,Forensic Step 1: Memory Dump,Completed,ANON-01,2026-08-29T19:44:00Z,2026-08-29T19:47:00Z,Completed analysis for step 1,HASH-SHA256-81
CSE-06-CASE-0008-STP-2,CSE-06-CASE-0008,Forensic Step 2: Egress Inspection,Completed,ANON-01,2026-08-29T19:49:00Z,2026-08-29T19:55:00Z,Completed analysis for step 2,HASH-SHA256-82
CSE-06-CASE-0008-STP-3,CSE-06-CASE-0008,Forensic Step 3: Remediation Review,Completed,ANON-01,2026-08-29T19:54:00Z,2026-08-29T20:03:00Z,Completed analysis for step 3,HASH-SHA256-83
CSE-06-CASE-0008-STP-4,CSE-06-CASE-0008,Forensic Step 4: Artifact Capture,Completed,ANON-01,2026-08-29T19:59:00Z,2026-08-29T20:11:00Z,Completed analysis for step 4,HASH-SHA256-84
CSE-06-CASE-0008-STP-5,CSE-06-CASE-0008,Forensic Step 5: Memory Dump,Completed,ANON-01,2026-08-29T20:04:00Z,2026-08-29T20:19:00Z,Completed analysis for step 5,HASH-SHA256-85
CSE-06-CASE-0009-STP-1,CSE-06-CASE-0009,Forensic Step 1: Memory Dump,Completed,ANON-02,2026-08-16T04:49:00Z,2026-08-16T04:52:00Z,Completed analysis for step 1,HASH-SHA256-91
CSE-06-CASE-0009-STP-2,CSE-06-CASE-0009,Forensic Step 2: Egress Inspection,Completed,ANON-02,2026-08-16T04:54:00Z,2026-08-16T05:00:00Z,Completed analysis for step 2,HASH-SHA256-92
CSE-06-CASE-0009-STP-3,CSE-06-CASE-0009,Forensic Step 3: Remediation Review,Completed,ANON-02,2026-08-16T04:59:00Z,2026-08-16T05:08:00Z,Completed analysis for step 3,HASH-SHA256-93
CSE-06-CASE-0010-STP-1,CSE-06-CASE-0010,Forensic Step 1: Memory Dump,Completed,ANON-03,2026-08-14T14:41:00Z,2026-08-14T14:44:00Z,Completed analysis for step 1,HASH-SHA256-101
CSE-06-CASE-0010-STP-2,CSE-06-CASE-0010,Forensic Step 2: Egress Inspection,Completed,ANON-03,2026-08-14T14:46:00Z,2026-08-14T14:52:00Z,Completed analysis for step 2,HASH-SHA256-102
CSE-06-CASE-0010-STP-3,CSE-06-CASE-0010,Forensic Step 3: Remediation Review,Completed,ANON-03,2026-08-14T14:51:00Z,2026-08-14T15:00:00Z,Completed analysis for step 3,HASH-SHA256-103
CSE-06-CASE-0010-STP-4,CSE-06-CASE-0010,Forensic Step 4: Artifact Capture,Completed,ANON-03,2026-08-14T14:56:00Z,2026-08-14T15:08:00Z,Completed analysis for step 4,HASH-SHA256-104
CSE-06-CASE-0010-STP-5,CSE-06-CASE-0010,Forensic Step 5: Memory Dump,Completed,ANON-03,2026-08-14T15:01:00Z,2026-08-14T15:16:00Z,Completed analysis for step 5,HASH-SHA256-105
CSE-06-CASE-0011-STP-1,CSE-06-CASE-0011,Forensic Step 1: Memory Dump,Completed,ANON-04,2026-08-28T23:56:00Z,2026-08-28T23:59:00Z,Completed analysis for step 1,HASH-SHA256-111
CSE-06-CASE-0011-STP-2,CSE-06-CASE-0011,Forensic Step 2: Egress Inspection,Completed,ANON-04,2026-08-29T00:01:00Z,2026-08-29T00:07:00Z,Completed analysis for step 2,HASH-SHA256-112
CSE-06-CASE-0011-STP-3,CSE-06-CASE-0011,Forensic Step 3: Remediation Review,Completed,ANON-04,2026-08-29T00:06:00Z,2026-08-29T00:15:00Z,Completed analysis for step 3,HASH-SHA256-113
CSE-06-CASE-0012-STP-1,CSE-06-CASE-0012,Forensic Step 1: Memory Dump,Completed,ANON-01,2026-08-04T13:40:00Z,2026-08-04T13:43:00Z,Completed analysis for step 1,HASH-SHA256-121
CSE-06-CASE-0012-STP-2,CSE-06-CASE-0012,Forensic Step 2: Egress Inspection,Completed,ANON-01,2026-08-04T13:45:00Z,2026-08-04T13:51:00Z,Completed analysis for step 2,HASH-SHA256-122
CSE-06-CASE-0012-STP-3,CSE-06-CASE-0012,Forensic Step 3: Remediation Review,Completed,ANON-01,2026-08-04T13:50:00Z,2026-08-04T13:59:00Z,Completed analysis for step 3,HASH-SHA256-123
CSE-06-CASE-0012-STP-4,CSE-06-CASE-0012,Forensic Step 4: Artifact Capture,Completed,ANON-01,2026-08-04T13:55:00Z,2026-08-04T14:07:00Z,Completed analysis for step 4,HASH-SHA256-124
CSE-06-CASE-0012-STP-5,CSE-06-CASE-0012,Forensic Step 5: Memory Dump,Completed,ANON-01,2026-08-04T14:00:00Z,2026-08-04T14:15:00Z,Completed analysis for step 5,HASH-SHA256-125
CSE-06-CASE-0013-STP-1,CSE-06-CASE-0013,Forensic Step 1: Memory Dump,Completed,ANON-02,2026-08-10T14:06:00Z,2026-08-10T14:09:00Z,Completed analysis for step 1,HASH-SHA256-131
CSE-06-CASE-0013-STP-2,CSE-06-CASE-0013,Forensic Step 2: Egress Inspection,Completed,ANON-02,2026-08-10T14:11:00Z,2026-08-10T14:17:00Z,Completed analysis for step 2,HASH-SHA256-132
CSE-06-CASE-0013-STP-3,CSE-06-CASE-0013,Forensic Step 3: Remediation Review,Completed,ANON-02,2026-08-10T14:16:00Z,2026-08-10T14:25:00Z,Completed analysis for step 3,HASH-SHA256-133
CSE-06-CASE-0013-STP-4,CSE-06-CASE-0013,Forensic Step 4: Artifact Capture,Completed,ANON-02,2026-08-10T14:21:00Z,2026-08-10T14:33:00Z,Completed analysis for step 4,HASH-SHA256-134
CSE-06-CASE-0014-STP-1,CSE-06-CASE-0014,Forensic Step 1: Memory Dump,Completed,ANON-03,2026-08-23T04:20:00Z,2026-08-23T04:23:00Z,Completed analysis for step 1,HASH-SHA256-141
CSE-06-CASE-0014-STP-2,CSE-06-CASE-0014,Forensic Step 2: Egress Inspection,Completed,ANON-03,2026-08-23T04:25:00Z,2026-08-23T04:31:00Z,Completed analysis for step 2,HASH-SHA256-142
CSE-06-CASE-0014-STP-3,CSE-06-CASE-0014,Forensic Step 3: Remediation Review,Completed,ANON-03,2026-08-23T04:30:00Z,2026-08-23T04:39:00Z,Completed analysis for step 3,HASH-SHA256-143
CSE-06-CASE-0014-STP-4,CSE-06-CASE-0014,Forensic Step 4: Artifact Capture,Completed,ANON-03,2026-08-23T04:35:00Z,2026-08-23T04:47:00Z,Completed analysis for step 4,HASH-SHA256-144
CSE-06-CASE-0015-STP-1,CSE-06-CASE-0015,Forensic Step 1: Memory Dump,Completed,ANON-04,2026-08-21T10:54:00Z,2026-08-21T10:57:00Z,Completed analysis for step 1,HASH-SHA256-151
CSE-06-CASE-0015-STP-2,CSE-06-CASE-0015,Forensic Step 2: Egress Inspection,Completed,ANON-04,2026-08-21T10:59:00Z,2026-08-21T11:05:00Z,Completed analysis for step 2,HASH-SHA256-152
CSE-06-CASE-0015-STP-3,CSE-06-CASE-0015,Forensic Step 3: Remediation Review,Completed,ANON-04,2026-08-21T11:04:00Z,2026-08-21T11:13:00Z,Completed analysis for step 3,HASH-SHA256-153
CSE-06-CASE-0016-STP-1,CSE-06-CASE-0016,Forensic Step 1: Memory Dump,Completed,ANON-01,2026-08-19T15:39:00Z,2026-08-19T15:42:00Z,Completed analysis for step 1,HASH-SHA256-161
CSE-06-CASE-0016-STP-2,CSE-06-CASE-0016,Forensic Step 2: Egress Inspection,Completed,ANON-01,2026-08-19T15:44:00Z,2026-08-19T15:50:00Z,Completed analysis for step 2,HASH-SHA256-162
CSE-06-CASE-0016-STP-3,CSE-06-CASE-0016,Forensic Step 3: Remediation Review,Completed,ANON-01,2026-08-19T15:49:00Z,2026-08-19T15:58:00Z,Completed analysis for step 3,HASH-SHA256-163
CSE-06-CASE-0017-STP-1,CSE-06-CASE-0017,Forensic Step 1: Memory Dump,Completed,ANON-02,2026-08-28T21:51:00Z,2026-08-28T21:54:00Z,Completed analysis for step 1,HASH-SHA256-171
CSE-06-CASE-0017-STP-2,CSE-06-CASE-0017,Forensic Step 2: Egress Inspection,Completed,ANON-02,2026-08-28T21:56:00Z,2026-08-28T22:02:00Z,Completed analysis for step 2,HASH-SHA256-172
CSE-06-CASE-0017-STP-3,CSE-06-CASE-0017,Forensic Step 3: Remediation Review,Completed,ANON-02,2026-08-28T22:01:00Z,2026-08-28T22:10:00Z,Completed analysis for step 3,HASH-SHA256-173
CSE-06-CASE-0018-STP-1,CSE-06-CASE-0018,Forensic Step 1: Memory Dump,Completed,ANON-03,2026-08-24T11:16:00Z,2026-08-24T11:19:00Z,Completed analysis for step 1,HASH-SHA256-181
CSE-06-CASE-0018-STP-2,CSE-06-CASE-0018,Forensic Step 2: Egress Inspection,Completed,ANON-03,2026-08-24T11:21:00Z,2026-08-24T11:27:00Z,Completed analysis for step 2,HASH-SHA256-182
CSE-06-CASE-0018-STP-3,CSE-06-CASE-0018,Forensic Step 3: Remediation Review,Completed,ANON-03,2026-08-24T11:26:00Z,2026-08-24T11:35:00Z,Completed analysis for step 3,HASH-SHA256-183
CSE-06-CASE-0019-STP-1,CSE-06-CASE-0019,Forensic Step 1: Memory Dump,Completed,ANON-04,2026-08-22T05:24:00Z,2026-08-22T05:27:00Z,Completed analysis for step 1,HASH-SHA256-191
CSE-06-CASE-0019-STP-2,CSE-06-CASE-0019,Forensic Step 2: Egress Inspection,Completed,ANON-04,2026-08-22T05:29:00Z,2026-08-22T05:35:00Z,Completed analysis for step 2,HASH-SHA256-192
CSE-06-CASE-0019-STP-3,CSE-06-CASE-0019,Forensic Step 3: Remediation Review,Completed,ANON-04,2026-08-22T05:34:00Z,2026-08-22T05:43:00Z,Completed analysis for step 3,HASH-SHA256-193
CSE-06-CASE-0019-STP-4,CSE-06-CASE-0019,Forensic Step 4: Artifact Capture,Completed,ANON-04,2026-08-22T05:39:00Z,2026-08-22T05:51:00Z,Completed analysis for step 4,HASH-SHA256-194
CSE-06-CASE-0020-STP-1,CSE-06-CASE-0020,Forensic Step 1: Memory Dump,Completed,ANON-01,2026-08-13T07:25:00Z,2026-08-13T07:28:00Z,Completed analysis for step 1,HASH-SHA256-201
CSE-06-CASE-0020-STP-2,CSE-06-CASE-0020,Forensic Step 2: Egress Inspection,Completed,ANON-01,2026-08-13T07:30:00Z,2026-08-13T07:36:00Z,Completed analysis for step 2,HASH-SHA256-202
CSE-06-CASE-0020-STP-3,CSE-06-CASE-0020,Forensic Step 3: Remediation Review,Completed,ANON-01,2026-08-13T07:35:00Z,2026-08-13T07:44:00Z,Completed analysis for step 3,HASH-SHA256-203
CSE-06-CASE-0021-STP-1,CSE-06-CASE-0021,Forensic Step 1: Memory Dump,Completed,ANON-02,2026-08-03T11:23:00Z,2026-08-03T11:26:00Z,Completed analysis for step 1,HASH-SHA256-211
CSE-06-CASE-0021-STP-2,CSE-06-CASE-0021,Forensic Step 2: Egress Inspection,Completed,ANON-02,2026-08-03T11:28:00Z,2026-08-03T11:34:00Z,Completed analysis for step 2,HASH-SHA256-212
CSE-06-CASE-0021-STP-3,CSE-06-CASE-0021,Forensic Step 3: Remediation Review,Completed,ANON-02,2026-08-03T11:33:00Z,2026-08-03T11:42:00Z,Completed analysis for step 3,HASH-SHA256-213
CSE-06-CASE-0021-STP-4,CSE-06-CASE-0021,Forensic Step 4: Artifact Capture,Completed,ANON-02,2026-08-03T11:38:00Z,2026-08-03T11:50:00Z,Completed analysis for step 4,HASH-SHA256-214
CSE-06-CASE-0022-STP-1,CSE-06-CASE-0022,Forensic Step 1: Memory Dump,Completed,ANON-03,2026-08-14T19:00:00Z,2026-08-14T19:03:00Z,Completed analysis for step 1,HASH-SHA256-221
CSE-06-CASE-0022-STP-2,CSE-06-CASE-0022,Forensic Step 2: Egress Inspection,Completed,ANON-03,2026-08-14T19:05:00Z,2026-08-14T19:11:00Z,Completed analysis for step 2,HASH-SHA256-222
CSE-06-CASE-0022-STP-3,CSE-06-CASE-0022,Forensic Step 3: Remediation Review,Completed,ANON-03,2026-08-14T19:10:00Z,2026-08-14T19:19:00Z,Completed analysis for step 3,HASH-SHA256-223
CSE-06-CASE-0023-STP-1,CSE-06-CASE-0023,Forensic Step 1: Memory Dump,Completed,ANON-04,2026-08-19T03:48:00Z,2026-08-19T03:51:00Z,Completed analysis for step 1,HASH-SHA256-231
CSE-06-CASE-0023-STP-2,CSE-06-CASE-0023,Forensic Step 2: Egress Inspection,Completed,ANON-04,2026-08-19T03:53:00Z,2026-08-19T03:59:00Z,Completed analysis for step 2,HASH-SHA256-232
CSE-06-CASE-0023-STP-3,CSE-06-CASE-0023,Forensic Step 3: Remediation Review,Completed,ANON-04,2026-08-19T03:58:00Z,2026-08-19T04:07:00Z,Completed analysis for step 3,HASH-SHA256-233
CSE-06-CASE-0023-STP-4,CSE-06-CASE-0023,Forensic Step 4: Artifact Capture,Completed,ANON-04,2026-08-19T04:03:00Z,2026-08-19T04:15:00Z,Completed analysis for step 4,HASH-SHA256-234
CSE-06-CASE-0023-STP-5,CSE-06-CASE-0023,Forensic Step 5: Memory Dump,Completed,ANON-04,2026-08-19T04:08:00Z,2026-08-19T04:23:00Z,Completed analysis for step 5,HASH-SHA256-235
CSE-06-CASE-0024-STP-1,CSE-06-CASE-0024,Forensic Step 1: Memory Dump,Completed,ANON-01,2026-08-29T17:27:00Z,2026-08-29T17:30:00Z,Completed analysis for step 1,HASH-SHA256-241
CSE-06-CASE-0024-STP-2,CSE-06-CASE-0024,Forensic Step 2: Egress Inspection,Completed,ANON-01,2026-08-29T17:32:00Z,2026-08-29T17:38:00Z,Completed analysis for step 2,HASH-SHA256-242
CSE-06-CASE-0024-STP-3,CSE-06-CASE-0024,Forensic Step 3: Remediation Review,Completed,ANON-01,2026-08-29T17:37:00Z,2026-08-29T17:46:00Z,Completed analysis for step 3,HASH-SHA256-243
CSE-06-CASE-0024-STP-4,CSE-06-CASE-0024,Forensic Step 4: Artifact Capture,Completed,ANON-01,2026-08-29T17:42:00Z,2026-08-29T17:54:00Z,Completed analysis for step 4,HASH-SHA256-244
CSE-06-CASE-0025-STP-1,CSE-06-CASE-0025,Forensic Step 1: Memory Dump,Completed,ANON-02,2026-08-21T10:03:00Z,2026-08-21T10:06:00Z,Completed analysis for step 1,HASH-SHA256-251
CSE-06-CASE-0025-STP-2,CSE-06-CASE-0025,Forensic Step 2: Egress Inspection,Completed,ANON-02,2026-08-21T10:08:00Z,2026-08-21T10:14:00Z,Completed analysis for step 2,HASH-SHA256-252
CSE-06-CASE-0025-STP-3,CSE-06-CASE-0025,Forensic Step 3: Remediation Review,Completed,ANON-02,2026-08-21T10:13:00Z,2026-08-21T10:22:00Z,Completed analysis for step 3,HASH-SHA256-253
CSE-06-CASE-0026-STP-1,CSE-06-CASE-0026,Forensic Step 1: Memory Dump,Completed,ANON-03,2026-08-17T04:44:00Z,2026-08-17T04:47:00Z,Completed analysis for step 1,HASH-SHA256-261
CSE-06-CASE-0026-STP-2,CSE-06-CASE-0026,Forensic Step 2: Egress Inspection,Completed,ANON-03,2026-08-17T04:49:00Z,2026-08-17T04:55:00Z,Completed analysis for step 2,HASH-SHA256-262
CSE-06-CASE-0026-STP-3,CSE-06-CASE-0026,Forensic Step 3: Remediation Review,Completed,ANON-03,2026-08-17T04:54:00Z,2026-08-17T05:03:00Z,Completed analysis for step 3,HASH-SHA256-263
CSE-06-CASE-0027-STP-1,CSE-06-CASE-0027,Forensic Step 1: Memory Dump,Completed,ANON-04,2026-08-14T02:34:00Z,2026-08-14T02:37:00Z,Completed analysis for step 1,HASH-SHA256-271
CSE-06-CASE-0027-STP-2,CSE-06-CASE-0027,Forensic Step 2: Egress Inspection,Completed,ANON-04,2026-08-14T02:39:00Z,2026-08-14T02:45:00Z,Completed analysis for step 2,HASH-SHA256-272
CSE-06-CASE-0027-STP-3,CSE-06-CASE-0027,Forensic Step 3: Remediation Review,Completed,ANON-04,2026-08-14T02:44:00Z,2026-08-14T02:53:00Z,Completed analysis for step 3,HASH-SHA256-273
CSE-06-CASE-0028-STP-1,CSE-06-CASE-0028,Forensic Step 1: Memory Dump,Completed,ANON-01,2026-08-19T10:06:00Z,2026-08-19T10:09:00Z,Completed analysis for step 1,HASH-SHA256-281
CSE-06-CASE-0028-STP-2,CSE-06-CASE-0028,Forensic Step 2: Egress Inspection,Completed,ANON-01,2026-08-19T10:11:00Z,2026-08-19T10:17:00Z,Completed analysis for step 2,HASH-SHA256-282
CSE-06-CASE-0028-STP-3,CSE-06-CASE-0028,Forensic Step 3: Remediation Review,Completed,ANON-01,2026-08-19T10:16:00Z,2026-08-19T10:25:00Z,Completed analysis for step 3,HASH-SHA256-283
CSE-06-CASE-0028-STP-4,CSE-06-CASE-0028,Forensic Step 4: Artifact Capture,Completed,ANON-01,2026-08-19T10:21:00Z,2026-08-19T10:33:00Z,Completed analysis for step 4,HASH-SHA256-284
CSE-06-CASE-0028-STP-5,CSE-06-CASE-0028,Forensic Step 5: Memory Dump,Completed,ANON-01,2026-08-19T10:26:00Z,2026-08-19T10:41:00Z,Completed analysis for step 5,HASH-SHA256-285
CSE-06-CASE-0029-STP-1,CSE-06-CASE-0029,Forensic Step 1: Memory Dump,Completed,ANON-02,2026-08-11T04:57:00Z,2026-08-11T05:00:00Z,Completed analysis for step 1,HASH-SHA256-291
CSE-06-CASE-0029-STP-2,CSE-06-CASE-0029,Forensic Step 2: Egress Inspection,Completed,ANON-02,2026-08-11T05:02:00Z,2026-08-11T05:08:00Z,Completed analysis for step 2,HASH-SHA256-292
CSE-06-CASE-0029-STP-3,CSE-06-CASE-0029,Forensic Step 3: Remediation Review,Completed,ANON-02,2026-08-11T05:07:00Z,2026-08-11T05:16:00Z,Completed analysis for step 3,HASH-SHA256-293
CSE-06-CASE-0030-STP-1,CSE-06-CASE-0030,Forensic Step 1: Memory Dump,Completed,ANON-03,2026-08-22T01:44:00Z,2026-08-22T01:47:00Z,Completed analysis for step 1,HASH-SHA256-301
CSE-06-CASE-0030-STP-2,CSE-06-CASE-0030,Forensic Step 2: Egress Inspection,Completed,ANON-03,2026-08-22T01:49:00Z,2026-08-22T01:55:00Z,Completed analysis for step 2,HASH-SHA256-302
CSE-06-CASE-0030-STP-3,CSE-06-CASE-0030,Forensic Step 3: Remediation Review,Completed,ANON-03,2026-08-22T01:54:00Z,2026-08-22T02:03:00Z,Completed analysis for step 3,HASH-SHA256-303
CSE-06-CASE-0031-STP-1,CSE-06-CASE-0031,Forensic Step 1: Memory Dump,Completed,ANON-04,2026-08-17T15:02:00Z,2026-08-17T15:05:00Z,Completed analysis for step 1,HASH-SHA256-311
CSE-06-CASE-0031-STP-2,CSE-06-CASE-0031,Forensic Step 2: Egress Inspection,Completed,ANON-04,2026-08-17T15:07:00Z,2026-08-17T15:13:00Z,Completed analysis for step 2,HASH-SHA256-312
CSE-06-CASE-0031-STP-3,CSE-06-CASE-0031,Forensic Step 3: Remediation Review,Completed,ANON-04,2026-08-17T15:12:00Z,2026-08-17T15:21:00Z,Completed analysis for step 3,HASH-SHA256-313
CSE-06-CASE-0031-STP-4,CSE-06-CASE-0031,Forensic Step 4: Artifact Capture,Completed,ANON-04,2026-08-17T15:17:00Z,2026-08-17T15:29:00Z,Completed analysis for step 4,HASH-SHA256-314
CSE-06-CASE-0032-STP-1,CSE-06-CASE-0032,Forensic Step 1: Memory Dump,Completed,ANON-01,2026-08-23T21:52:00Z,2026-08-23T21:55:00Z,Completed analysis for step 1,HASH-SHA256-321
CSE-06-CASE-0032-STP-2,CSE-06-CASE-0032,Forensic Step 2: Egress Inspection,Completed,ANON-01,2026-08-23T21:57:00Z,2026-08-23T22:03:00Z,Completed analysis for step 2,HASH-SHA256-322
CSE-06-CASE-0032-STP-3,CSE-06-CASE-0032,Forensic Step 3: Remediation Review,Completed,ANON-01,2026-08-23T22:02:00Z,2026-08-23T22:11:00Z,Completed analysis for step 3,HASH-SHA256-323
CSE-06-CASE-0032-STP-4,CSE-06-CASE-0032,Forensic Step 4: Artifact Capture,Completed,ANON-01,2026-08-23T22:07:00Z,2026-08-23T22:19:00Z,Completed analysis for step 4,HASH-SHA256-324
CSE-06-CASE-0033-STP-1,CSE-06-CASE-0033,Forensic Step 1: Memory Dump,Completed,ANON-02,2026-08-04T22:49:00Z,2026-08-04T22:52:00Z,Completed analysis for step 1,HASH-SHA256-331
CSE-06-CASE-0033-STP-2,CSE-06-CASE-0033,Forensic Step 2: Egress Inspection,Completed,ANON-02,2026-08-04T22:54:00Z,2026-08-04T23:00:00Z,Completed analysis for step 2,HASH-SHA256-332
CSE-06-CASE-0033-STP-3,CSE-06-CASE-0033,Forensic Step 3: Remediation Review,Completed,ANON-02,2026-08-04T22:59:00Z,2026-08-04T23:08:00Z,Completed analysis for step 3,HASH-SHA256-333
CSE-06-CASE-0034-STP-1,CSE-06-CASE-0034,Forensic Step 1: Memory Dump,Completed,ANON-03,2026-08-02T06:16:00Z,2026-08-02T06:19:00Z,Completed analysis for step 1,HASH-SHA256-341
CSE-06-CASE-0034-STP-2,CSE-06-CASE-0034,Forensic Step 2: Egress Inspection,Completed,ANON-03,2026-08-02T06:21:00Z,2026-08-02T06:27:00Z,Completed analysis for step 2,HASH-SHA256-342
CSE-06-CASE-0034-STP-3,CSE-06-CASE-0034,Forensic Step 3: Remediation Review,Completed,ANON-03,2026-08-02T06:26:00Z,2026-08-02T06:35:00Z,Completed analysis for step 3,HASH-SHA256-343
CSE-06-CASE-0034-STP-4,CSE-06-CASE-0034,Forensic Step 4: Artifact Capture,Completed,ANON-03,2026-08-02T06:31:00Z,2026-08-02T06:43:00Z,Completed analysis for step 4,HASH-SHA256-344
CSE-06-CASE-0034-STP-5,CSE-06-CASE-0034,Forensic Step 5: Memory Dump,Completed,ANON-03,2026-08-02T06:36:00Z,2026-08-02T06:51:00Z,Completed analysis for step 5,HASH-SHA256-345
CSE-06-CASE-0035-STP-1,CSE-06-CASE-0035,Forensic Step 1: Memory Dump,Completed,ANON-04,2026-08-18T07:24:00Z,2026-08-18T07:27:00Z,Completed analysis for step 1,HASH-SHA256-351
CSE-06-CASE-0035-STP-2,CSE-06-CASE-0035,Forensic Step 2: Egress Inspection,Completed,ANON-04,2026-08-18T07:29:00Z,2026-08-18T07:35:00Z,Completed analysis for step 2,HASH-SHA256-352
CSE-06-CASE-0035-STP-3,CSE-06-CASE-0035,Forensic Step 3: Remediation Review,Completed,ANON-04,2026-08-18T07:34:00Z,2026-08-18T07:43:00Z,Completed analysis for step 3,HASH-SHA256-353
CSE-06-CASE-0035-STP-4,CSE-06-CASE-0035,Forensic Step 4: Artifact Capture,Completed,ANON-04,2026-08-18T07:39:00Z,2026-08-18T07:51:00Z,Completed analysis for step 4,HASH-SHA256-354
CSE-06-CASE-0035-STP-5,CSE-06-CASE-0035,Forensic Step 5: Memory Dump,Completed,ANON-04,2026-08-18T07:44:00Z,2026-08-18T07:59:00Z,Completed analysis for step 5,HASH-SHA256-355
CSE-06-CASE-0036-STP-1,CSE-06-CASE-0036,Forensic Step 1: Memory Dump,Completed,ANON-01,2026-08-29T12:01:00Z,2026-08-29T12:04:00Z,Completed analysis for step 1,HASH-SHA256-361
CSE-06-CASE-0036-STP-2,CSE-06-CASE-0036,Forensic Step 2: Egress Inspection,Completed,ANON-01,2026-08-29T12:06:00Z,2026-08-29T12:12:00Z,Completed analysis for step 2,HASH-SHA256-362
CSE-06-CASE-0036-STP-3,CSE-06-CASE-0036,Forensic Step 3: Remediation Review,Completed,ANON-01,2026-08-29T12:11:00Z,2026-08-29T12:20:00Z,Completed analysis for step 3,HASH-SHA256-363
CSE-06-CASE-0036-STP-4,CSE-06-CASE-0036,Forensic Step 4: Artifact Capture,Completed,ANON-01,2026-08-29T12:16:00Z,2026-08-29T12:28:00Z,Completed analysis for step 4,HASH-SHA256-364
CSE-06-CASE-0037-STP-1,CSE-06-CASE-0037,Forensic Step 1: Memory Dump,Completed,ANON-02,2026-08-24T02:53:00Z,2026-08-24T02:56:00Z,Completed analysis for step 1,HASH-SHA256-371
CSE-06-CASE-0037-STP-2,CSE-06-CASE-0037,Forensic Step 2: Egress Inspection,Completed,ANON-02,2026-08-24T02:58:00Z,2026-08-24T03:04:00Z,Completed analysis for step 2,HASH-SHA256-372
CSE-06-CASE-0037-STP-3,CSE-06-CASE-0037,Forensic Step 3: Remediation Review,Completed,ANON-02,2026-08-24T03:03:00Z,2026-08-24T03:12:00Z,Completed analysis for step 3,HASH-SHA256-373
CSE-06-CASE-0038-STP-1,CSE-06-CASE-0038,Forensic Step 1: Memory Dump,Completed,ANON-03,2026-08-17T02:20:00Z,2026-08-17T02:23:00Z,Completed analysis for step 1,HASH-SHA256-381
CSE-06-CASE-0038-STP-2,CSE-06-CASE-0038,Forensic Step 2: Egress Inspection,Completed,ANON-03,2026-08-17T02:25:00Z,2026-08-17T02:31:00Z,Completed analysis for step 2,HASH-SHA256-382
CSE-06-CASE-0038-STP-3,CSE-06-CASE-0038,Forensic Step 3: Remediation Review,Completed,ANON-03,2026-08-17T02:30:00Z,2026-08-17T02:39:00Z,Completed analysis for step 3,HASH-SHA256-383
CSE-06-CASE-0039-STP-1,CSE-06-CASE-0039,Forensic Step 1: Memory Dump,Completed,ANON-04,2026-08-25T00:09:00Z,2026-08-25T00:12:00Z,Completed analysis for step 1,HASH-SHA256-391
CSE-06-CASE-0039-STP-2,CSE-06-CASE-0039,Forensic Step 2: Egress Inspection,Completed,ANON-04,2026-08-25T00:14:00Z,2026-08-25T00:20:00Z,Completed analysis for step 2,HASH-SHA256-392
CSE-06-CASE-0039-STP-3,CSE-06-CASE-0039,Forensic Step 3: Remediation Review,Completed,ANON-04,2026-08-25T00:19:00Z,2026-08-25T00:28:00Z,Completed analysis for step 3,HASH-SHA256-393
CSE-06-CASE-0039-STP-4,CSE-06-CASE-0039,Forensic Step 4: Artifact Capture,Completed,ANON-04,2026-08-25T00:24:00Z,2026-08-25T00:36:00Z,Completed analysis for step 4,HASH-SHA256-394
CSE-06-CASE-0040-STP-1,CSE-06-CASE-0040,Forensic Step 1: Memory Dump,Completed,ANON-01,2026-08-13T12:25:00Z,2026-08-13T12:28:00Z,Completed analysis for step 1,HASH-SHA256-401
CSE-06-CASE-0040-STP-2,CSE-06-CASE-0040,Forensic Step 2: Egress Inspection,Completed,ANON-01,2026-08-13T12:30:00Z,2026-08-13T12:36:00Z,Completed analysis for step 2,HASH-SHA256-402
CSE-06-CASE-0040-STP-3,CSE-06-CASE-0040,Forensic Step 3: Remediation Review,Completed,ANON-01,2026-08-13T12:35:00Z,2026-08-13T12:44:00Z,Completed analysis for step 3,HASH-SHA256-403
CSE-06-CASE-0041-STP-1,CSE-06-CASE-0041,Forensic Step 1: Memory Dump,Completed,ANON-02,2026-08-11T15:36:00Z,2026-08-11T15:39:00Z,Completed analysis for step 1,HASH-SHA256-411
CSE-06-CASE-0041-STP-2,CSE-06-CASE-0041,Forensic Step 2: Egress Inspection,Completed,ANON-02,2026-08-11T15:41:00Z,2026-08-11T15:47:00Z,Completed analysis for step 2,HASH-SHA256-412
CSE-06-CASE-0041-STP-3,CSE-06-CASE-0041,Forensic Step 3: Remediation Review,Completed,ANON-02,2026-08-11T15:46:00Z,2026-08-11T15:55:00Z,Completed analysis for step 3,HASH-SHA256-413
CSE-06-CASE-0042-STP-1,CSE-06-CASE-0042,Forensic Step 1: Memory Dump,Completed,ANON-03,2026-08-18T06:06:00Z,2026-08-18T06:09:00Z,Completed analysis for step 1,HASH-SHA256-421
CSE-06-CASE-0042-STP-2,CSE-06-CASE-0042,Forensic Step 2: Egress Inspection,Completed,ANON-03,2026-08-18T06:11:00Z,2026-08-18T06:17:00Z,Completed analysis for step 2,HASH-SHA256-422
CSE-06-CASE-0042-STP-3,CSE-06-CASE-0042,Forensic Step 3: Remediation Review,Completed,ANON-03,2026-08-18T06:16:00Z,2026-08-18T06:25:00Z,Completed analysis for step 3,HASH-SHA256-423
CSE-06-CASE-0042-STP-4,CSE-06-CASE-0042,Forensic Step 4: Artifact Capture,Completed,ANON-03,2026-08-18T06:21:00Z,2026-08-18T06:33:00Z,Completed analysis for step 4,HASH-SHA256-424
CSE-06-CASE-0043-STP-1,CSE-06-CASE-0043,Forensic Step 1: Memory Dump,Completed,ANON-04,2026-08-03T23:06:00Z,2026-08-03T23:09:00Z,Completed analysis for step 1,HASH-SHA256-431
CSE-06-CASE-0043-STP-2,CSE-06-CASE-0043,Forensic Step 2: Egress Inspection,Completed,ANON-04,2026-08-03T23:11:00Z,2026-08-03T23:17:00Z,Completed analysis for step 2,HASH-SHA256-432
CSE-06-CASE-0043-STP-3,CSE-06-CASE-0043,Forensic Step 3: Remediation Review,Completed,ANON-04,2026-08-03T23:16:00Z,2026-08-03T23:25:00Z,Completed analysis for step 3,HASH-SHA256-433
CSE-06-CASE-0044-STP-1,CSE-06-CASE-0044,Forensic Step 1: Memory Dump,Completed,ANON-01,2026-08-12T14:33:00Z,2026-08-12T14:36:00Z,Completed analysis for step 1,HASH-SHA256-441
CSE-06-CASE-0044-STP-2,CSE-06-CASE-0044,Forensic Step 2: Egress Inspection,Completed,ANON-01,2026-08-12T14:38:00Z,2026-08-12T14:44:00Z,Completed analysis for step 2,HASH-SHA256-442
CSE-06-CASE-0044-STP-3,CSE-06-CASE-0044,Forensic Step 3: Remediation Review,Completed,ANON-01,2026-08-12T14:43:00Z,2026-08-12T14:52:00Z,Completed analysis for step 3,HASH-SHA256-443
CSE-06-CASE-0044-STP-4,CSE-06-CASE-0044,Forensic Step 4: Artifact Capture,Completed,ANON-01,2026-08-12T14:48:00Z,2026-08-12T15:00:00Z,Completed analysis for step 4,HASH-SHA256-444
CSE-06-CASE-0045-STP-1,CSE-06-CASE-0045,Forensic Step 1: Memory Dump,Completed,ANON-02,2026-08-20T00:03:00Z,2026-08-20T00:06:00Z,Completed analysis for step 1,HASH-SHA256-451
CSE-06-CASE-0045-STP-2,CSE-06-CASE-0045,Forensic Step 2: Egress Inspection,Completed,ANON-02,2026-08-20T00:08:00Z,2026-08-20T00:14:00Z,Completed analysis for step 2,HASH-SHA256-452
CSE-06-CASE-0045-STP-3,CSE-06-CASE-0045,Forensic Step 3: Remediation Review,Completed,ANON-02,2026-08-20T00:13:00Z,2026-08-20T00:22:00Z,Completed analysis for step 3,HASH-SHA256-453
CSE-06-CASE-0046-STP-1,CSE-06-CASE-0046,Forensic Step 1: Memory Dump,Completed,ANON-03,2026-08-14T08:20:00Z,2026-08-14T08:23:00Z,Completed analysis for step 1,HASH-SHA256-461
CSE-06-CASE-0046-STP-2,CSE-06-CASE-0046,Forensic Step 2: Egress Inspection,Completed,ANON-03,2026-08-14T08:25:00Z,2026-08-14T08:31:00Z,Completed analysis for step 2,HASH-SHA256-462
CSE-06-CASE-0046-STP-3,CSE-06-CASE-0046,Forensic Step 3: Remediation Review,Completed,ANON-03,2026-08-14T08:30:00Z,2026-08-14T08:39:00Z,Completed analysis for step 3,HASH-SHA256-463
CSE-06-CASE-0046-STP-4,CSE-06-CASE-0046,Forensic Step 4: Artifact Capture,Completed,ANON-03,2026-08-14T08:35:00Z,2026-08-14T08:47:00Z,Completed analysis for step 4,HASH-SHA256-464
CSE-06-CASE-0046-STP-5,CSE-06-CASE-0046,Forensic Step 5: Memory Dump,Completed,ANON-03,2026-08-14T08:40:00Z,2026-08-14T08:55:00Z,Completed analysis for step 5,HASH-SHA256-465
CSE-06-CASE-0047-STP-1,CSE-06-CASE-0047,Forensic Step 1: Memory Dump,Completed,ANON-04,2026-08-14T07:55:00Z,2026-08-14T07:58:00Z,Completed analysis for step 1,HASH-SHA256-471
CSE-06-CASE-0047-STP-2,CSE-06-CASE-0047,Forensic Step 2: Egress Inspection,Completed,ANON-04,2026-08-14T08:00:00Z,2026-08-14T08:06:00Z,Completed analysis for step 2,HASH-SHA256-472
CSE-06-CASE-0047-STP-3,CSE-06-CASE-0047,Forensic Step 3: Remediation Review,Completed,ANON-04,2026-08-14T08:05:00Z,2026-08-14T08:14:00Z,Completed analysis for step 3,HASH-SHA256-473
CSE-06-CASE-0047-STP-4,CSE-06-CASE-0047,Forensic Step 4: Artifact Capture,Completed,ANON-04,2026-08-14T08:10:00Z,2026-08-14T08:22:00Z,Completed analysis for step 4,HASH-SHA256-474
CSE-06-CASE-0048-STP-1,CSE-06-CASE-0048,Forensic Step 1: Memory Dump,Completed,ANON-01,2026-08-16T09:16:00Z,2026-08-16T09:19:00Z,Completed analysis for step 1,HASH-SHA256-481
CSE-06-CASE-0048-STP-2,CSE-06-CASE-0048,Forensic Step 2: Egress Inspection,Completed,ANON-01,2026-08-16T09:21:00Z,2026-08-16T09:27:00Z,Completed analysis for step 2,HASH-SHA256-482
CSE-06-CASE-0048-STP-3,CSE-06-CASE-0048,Forensic Step 3: Remediation Review,Completed,ANON-01,2026-08-16T09:26:00Z,2026-08-16T09:35:00Z,Completed analysis for step 3,HASH-SHA256-483
CSE-06-CASE-0048-STP-4,CSE-06-CASE-0048,Forensic Step 4: Artifact Capture,Completed,ANON-01,2026-08-16T09:31:00Z,2026-08-16T09:43:00Z,Completed analysis for step 4,HASH-SHA256-484
CSE-06-CASE-0048-STP-5,CSE-06-CASE-0048,Forensic Step 5: Memory Dump,Completed,ANON-01,2026-08-16T09:36:00Z,2026-08-16T09:51:00Z,Completed analysis for step 5,HASH-SHA256-485
CSE-06-CASE-0049-STP-1,CSE-06-CASE-0049,Forensic Step 1: Memory Dump,Completed,ANON-02,2026-08-15T07:04:00Z,2026-08-15T07:07:00Z,Completed analysis for step 1,HASH-SHA256-491
CSE-06-CASE-0049-STP-2,CSE-06-CASE-0049,Forensic Step 2: Egress Inspection,Completed,ANON-02,2026-08-15T07:09:00Z,2026-08-15T07:15:00Z,Completed analysis for step 2,HASH-SHA256-492
CSE-06-CASE-0049-STP-3,CSE-06-CASE-0049,Forensic Step 3: Remediation Review,Completed,ANON-02,2026-08-15T07:14:00Z,2026-08-15T07:23:00Z,Completed analysis for step 3,HASH-SHA256-493
CSE-06-CASE-0049-STP-4,CSE-06-CASE-0049,Forensic Step 4: Artifact Capture,Completed,ANON-02,2026-08-15T07:19:00Z,2026-08-15T07:31:00Z,Completed analysis for step 4,HASH-SHA256-494
CSE-06-CASE-0049-STP-5,CSE-06-CASE-0049,Forensic Step 5: Memory Dump,Completed,ANON-02,2026-08-15T07:24:00Z,2026-08-15T07:39:00Z,Completed analysis for step 5,HASH-SHA256-495
CSE-06-CASE-0050-STP-1,CSE-06-CASE-0050,Forensic Step 1: Memory Dump,Completed,ANON-03,2026-08-06T05:07:00Z,2026-08-06T05:10:00Z,Completed analysis for step 1,HASH-SHA256-501
CSE-06-CASE-0050-STP-2,CSE-06-CASE-0050,Forensic Step 2: Egress Inspection,Completed,ANON-03,2026-08-06T05:12:00Z,2026-08-06T05:18:00Z,Completed analysis for step 2,HASH-SHA256-502
CSE-06-CASE-0050-STP-3,CSE-06-CASE-0050,Forensic Step 3: Remediation Review,Completed,ANON-03,2026-08-06T05:17:00Z,2026-08-06T05:26:00Z,Completed analysis for step 3,HASH-SHA256-503
CSE-06-CASE-0050-STP-4,CSE-06-CASE-0050,Forensic Step 4: Artifact Capture,Completed,ANON-03,2026-08-06T05:22:00Z,2026-08-06T05:34:00Z,Completed analysis for step 4,HASH-SHA256-504
CSE-06-CASE-0051-STP-1,CSE-06-CASE-0051,Forensic Step 1: Memory Dump,Completed,ANON-04,2026-08-22T12:26:00Z,2026-08-22T12:29:00Z,Completed analysis for step 1,HASH-SHA256-511
CSE-06-CASE-0051-STP-2,CSE-06-CASE-0051,Forensic Step 2: Egress Inspection,Completed,ANON-04,2026-08-22T12:31:00Z,2026-08-22T12:37:00Z,Completed analysis for step 2,HASH-SHA256-512
CSE-06-CASE-0051-STP-3,CSE-06-CASE-0051,Forensic Step 3: Remediation Review,Completed,ANON-04,2026-08-22T12:36:00Z,2026-08-22T12:45:00Z,Completed analysis for step 3,HASH-SHA256-513
CSE-06-CASE-0051-STP-4,CSE-06-CASE-0051,Forensic Step 4: Artifact Capture,Completed,ANON-04,2026-08-22T12:41:00Z,2026-08-22T12:53:00Z,Completed analysis for step 4,HASH-SHA256-514
CSE-06-CASE-0052-STP-1,CSE-06-CASE-0052,Forensic Step 1: Memory Dump,Completed,ANON-01,2026-08-15T16:22:00Z,2026-08-15T16:25:00Z,Completed analysis for step 1,HASH-SHA256-521
CSE-06-CASE-0052-STP-2,CSE-06-CASE-0052,Forensic Step 2: Egress Inspection,Completed,ANON-01,2026-08-15T16:27:00Z,2026-08-15T16:33:00Z,Completed analysis for step 2,HASH-SHA256-522
CSE-06-CASE-0052-STP-3,CSE-06-CASE-0052,Forensic Step 3: Remediation Review,Completed,ANON-01,2026-08-15T16:32:00Z,2026-08-15T16:41:00Z,Completed analysis for step 3,HASH-SHA256-523
CSE-06-CASE-0053-STP-1,CSE-06-CASE-0053,Forensic Step 1: Memory Dump,Completed,ANON-02,2026-08-04T13:40:00Z,2026-08-04T13:43:00Z,Completed analysis for step 1,HASH-SHA256-531
CSE-06-CASE-0053-STP-2,CSE-06-CASE-0053,Forensic Step 2: Egress Inspection,Completed,ANON-02,2026-08-04T13:45:00Z,2026-08-04T13:51:00Z,Completed analysis for step 2,HASH-SHA256-532
CSE-06-CASE-0053-STP-3,CSE-06-CASE-0053,Forensic Step 3: Remediation Review,Completed,ANON-02,2026-08-04T13:50:00Z,2026-08-04T13:59:00Z,Completed analysis for step 3,HASH-SHA256-533
CSE-06-CASE-0054-STP-1,CSE-06-CASE-0054,Forensic Step 1: Memory Dump,Completed,ANON-03,2026-08-15T17:36:00Z,2026-08-15T17:39:00Z,Completed analysis for step 1,HASH-SHA256-541
CSE-06-CASE-0054-STP-2,CSE-06-CASE-0054,Forensic Step 2: Egress Inspection,Completed,ANON-03,2026-08-15T17:41:00Z,2026-08-15T17:47:00Z,Completed analysis for step 2,HASH-SHA256-542
CSE-06-CASE-0054-STP-3,CSE-06-CASE-0054,Forensic Step 3: Remediation Review,Completed,ANON-03,2026-08-15T17:46:00Z,2026-08-15T17:55:00Z,Completed analysis for step 3,HASH-SHA256-543
CSE-06-CASE-0054-STP-4,CSE-06-CASE-0054,Forensic Step 4: Artifact Capture,Completed,ANON-03,2026-08-15T17:51:00Z,2026-08-15T18:03:00Z,Completed analysis for step 4,HASH-SHA256-544
CSE-06-CASE-0054-STP-5,CSE-06-CASE-0054,Forensic Step 5: Memory Dump,Completed,ANON-03,2026-08-15T17:56:00Z,2026-08-15T18:11:00Z,Completed analysis for step 5,HASH-SHA256-545
CSE-06-CASE-0055-STP-1,CSE-06-CASE-0055,Forensic Step 1: Memory Dump,Completed,ANON-04,2026-08-24T03:10:00Z,2026-08-24T03:13:00Z,Completed analysis for step 1,HASH-SHA256-551
CSE-06-CASE-0055-STP-2,CSE-06-CASE-0055,Forensic Step 2: Egress Inspection,Completed,ANON-04,2026-08-24T03:15:00Z,2026-08-24T03:21:00Z,Completed analysis for step 2,HASH-SHA256-552
CSE-06-CASE-0055-STP-3,CSE-06-CASE-0055,Forensic Step 3: Remediation Review,Completed,ANON-04,2026-08-24T03:20:00Z,2026-08-24T03:29:00Z,Completed analysis for step 3,HASH-SHA256-553
CSE-06-CASE-0055-STP-4,CSE-06-CASE-0055,Forensic Step 4: Artifact Capture,Completed,ANON-04,2026-08-24T03:25:00Z,2026-08-24T03:37:00Z,Completed analysis for step 4,HASH-SHA256-554
CSE-06-CASE-0056-STP-1,CSE-06-CASE-0056,Forensic Step 1: Memory Dump,Completed,ANON-01,2026-08-14T00:13:00Z,2026-08-14T00:16:00Z,Completed analysis for step 1,HASH-SHA256-561
CSE-06-CASE-0056-STP-2,CSE-06-CASE-0056,Forensic Step 2: Egress Inspection,Completed,ANON-01,2026-08-14T00:18:00Z,2026-08-14T00:24:00Z,Completed analysis for step 2,HASH-SHA256-562
CSE-06-CASE-0056-STP-3,CSE-06-CASE-0056,Forensic Step 3: Remediation Review,Completed,ANON-01,2026-08-14T00:23:00Z,2026-08-14T00:32:00Z,Completed analysis for step 3,HASH-SHA256-563
CSE-06-CASE-0056-STP-4,CSE-06-CASE-0056,Forensic Step 4: Artifact Capture,Completed,ANON-01,2026-08-14T00:28:00Z,2026-08-14T00:40:00Z,Completed analysis for step 4,HASH-SHA256-564
CSE-06-CASE-0057-STP-1,CSE-06-CASE-0057,Forensic Step 1: Memory Dump,Completed,ANON-02,2026-08-28T22:44:00Z,2026-08-28T22:47:00Z,Completed analysis for step 1,HASH-SHA256-571
CSE-06-CASE-0057-STP-2,CSE-06-CASE-0057,Forensic Step 2: Egress Inspection,Completed,ANON-02,2026-08-28T22:49:00Z,2026-08-28T22:55:00Z,Completed analysis for step 2,HASH-SHA256-572
CSE-06-CASE-0057-STP-3,CSE-06-CASE-0057,Forensic Step 3: Remediation Review,Completed,ANON-02,2026-08-28T22:54:00Z,2026-08-28T23:03:00Z,Completed analysis for step 3,HASH-SHA256-573
CSE-06-CASE-0058-STP-1,CSE-06-CASE-0058,Forensic Step 1: Memory Dump,Completed,ANON-03,2026-08-26T12:16:00Z,2026-08-26T12:19:00Z,Completed analysis for step 1,HASH-SHA256-581
CSE-06-CASE-0058-STP-2,CSE-06-CASE-0058,Forensic Step 2: Egress Inspection,Completed,ANON-03,2026-08-26T12:21:00Z,2026-08-26T12:27:00Z,Completed analysis for step 2,HASH-SHA256-582
CSE-06-CASE-0058-STP-3,CSE-06-CASE-0058,Forensic Step 3: Remediation Review,Completed,ANON-03,2026-08-26T12:26:00Z,2026-08-26T12:35:00Z,Completed analysis for step 3,HASH-SHA256-583
CSE-06-CASE-0058-STP-4,CSE-06-CASE-0058,Forensic Step 4: Artifact Capture,Completed,ANON-03,2026-08-26T12:31:00Z,2026-08-26T12:43:00Z,Completed analysis for step 4,HASH-SHA256-584
CSE-06-CASE-0059-STP-1,CSE-06-CASE-0059,Forensic Step 1: Memory Dump,Completed,ANON-04,2026-08-13T05:55:00Z,2026-08-13T05:58:00Z,Completed analysis for step 1,HASH-SHA256-591
CSE-06-CASE-0059-STP-2,CSE-06-CASE-0059,Forensic Step 2: Egress Inspection,Completed,ANON-04,2026-08-13T06:00:00Z,2026-08-13T06:06:00Z,Completed analysis for step 2,HASH-SHA256-592
CSE-06-CASE-0059-STP-3,CSE-06-CASE-0059,Forensic Step 3: Remediation Review,Completed,ANON-04,2026-08-13T06:05:00Z,2026-08-13T06:14:00Z,Completed analysis for step 3,HASH-SHA256-593
CSE-06-CASE-0060-STP-1,CSE-06-CASE-0060,Forensic Step 1: Memory Dump,Completed,ANON-01,2026-08-01T10:20:00Z,2026-08-01T10:23:00Z,Completed analysis for step 1,HASH-SHA256-601
CSE-06-CASE-0060-STP-2,CSE-06-CASE-0060,Forensic Step 2: Egress Inspection,Completed,ANON-01,2026-08-01T10:25:00Z,2026-08-01T10:31:00Z,Completed analysis for step 2,HASH-SHA256-602
CSE-06-CASE-0060-STP-3,CSE-06-CASE-0060,Forensic Step 3: Remediation Review,Completed,ANON-01,2026-08-01T10:30:00Z,2026-08-01T10:39:00Z,Completed analysis for step 3,HASH-SHA256-603
CSE-07-CASE-0001-STP-1,CSE-07-CASE-0001,Forensic Step 1: Memory Dump,Completed,ANON-02,2026-08-12T15:08:00Z,2026-08-12T15:11:00Z,Completed analysis for step 1,HASH-SHA256-11
CSE-07-CASE-0001-STP-2,CSE-07-CASE-0001,Forensic Step 2: Egress Inspection,Completed,ANON-02,2026-08-12T15:13:00Z,2026-08-12T15:19:00Z,Completed analysis for step 2,HASH-SHA256-12
CSE-07-CASE-0001-STP-3,CSE-07-CASE-0001,Forensic Step 3: Remediation Review,Completed,ANON-02,2026-08-12T15:18:00Z,2026-08-12T15:27:00Z,Completed analysis for step 3,HASH-SHA256-13
CSE-07-CASE-0002-STP-1,CSE-07-CASE-0002,Forensic Step 1: Memory Dump,Completed,ANON-03,2026-08-21T03:52:00Z,2026-08-21T03:55:00Z,Completed analysis for step 1,HASH-SHA256-21
CSE-07-CASE-0002-STP-2,CSE-07-CASE-0002,Forensic Step 2: Egress Inspection,Completed,ANON-03,2026-08-21T03:57:00Z,2026-08-21T04:03:00Z,Completed analysis for step 2,HASH-SHA256-22
CSE-07-CASE-0002-STP-3,CSE-07-CASE-0002,Forensic Step 3: Remediation Review,Completed,ANON-03,2026-08-21T04:02:00Z,2026-08-21T04:11:00Z,Completed analysis for step 3,HASH-SHA256-23
CSE-07-CASE-0003-STP-1,CSE-07-CASE-0003,Forensic Step 1: Memory Dump,Completed,ANON-04,2026-08-03T16:33:00Z,2026-08-03T16:36:00Z,Completed analysis for step 1,HASH-SHA256-31
CSE-07-CASE-0003-STP-2,CSE-07-CASE-0003,Forensic Step 2: Egress Inspection,Completed,ANON-04,2026-08-03T16:38:00Z,2026-08-03T16:44:00Z,Completed analysis for step 2,HASH-SHA256-32
CSE-07-CASE-0003-STP-3,CSE-07-CASE-0003,Forensic Step 3: Remediation Review,Completed,ANON-04,2026-08-03T16:43:00Z,2026-08-03T16:52:00Z,Completed analysis for step 3,HASH-SHA256-33
CSE-07-CASE-0003-STP-4,CSE-07-CASE-0003,Forensic Step 4: Artifact Capture,Completed,ANON-04,2026-08-03T16:48:00Z,2026-08-03T17:00:00Z,Completed analysis for step 4,HASH-SHA256-34
CSE-07-CASE-0003-STP-5,CSE-07-CASE-0003,Forensic Step 5: Memory Dump,Completed,ANON-04,2026-08-03T16:53:00Z,2026-08-03T17:08:00Z,Completed analysis for step 5,HASH-SHA256-35
CSE-07-CASE-0004-STP-1,CSE-07-CASE-0004,Forensic Step 1: Memory Dump,Completed,ANON-01,2026-08-27T02:01:00Z,2026-08-27T02:04:00Z,Completed analysis for step 1,HASH-SHA256-41
CSE-07-CASE-0004-STP-2,CSE-07-CASE-0004,Forensic Step 2: Egress Inspection,Completed,ANON-01,2026-08-27T02:06:00Z,2026-08-27T02:12:00Z,Completed analysis for step 2,HASH-SHA256-42
CSE-07-CASE-0004-STP-3,CSE-07-CASE-0004,Forensic Step 3: Remediation Review,Completed,ANON-01,2026-08-27T02:11:00Z,2026-08-27T02:20:00Z,Completed analysis for step 3,HASH-SHA256-43
CSE-07-CASE-0004-STP-4,CSE-07-CASE-0004,Forensic Step 4: Artifact Capture,Completed,ANON-01,2026-08-27T02:16:00Z,2026-08-27T02:28:00Z,Completed analysis for step 4,HASH-SHA256-44
CSE-07-CASE-0005-STP-1,CSE-07-CASE-0005,Forensic Step 1: Memory Dump,Completed,ANON-02,2026-08-20T00:28:00Z,2026-08-20T00:31:00Z,Completed analysis for step 1,HASH-SHA256-51
CSE-07-CASE-0005-STP-2,CSE-07-CASE-0005,Forensic Step 2: Egress Inspection,Completed,ANON-02,2026-08-20T00:33:00Z,2026-08-20T00:39:00Z,Completed analysis for step 2,HASH-SHA256-52
CSE-07-CASE-0005-STP-3,CSE-07-CASE-0005,Forensic Step 3: Remediation Review,Completed,ANON-02,2026-08-20T00:38:00Z,2026-08-20T00:47:00Z,Completed analysis for step 3,HASH-SHA256-53
CSE-07-CASE-0005-STP-4,CSE-07-CASE-0005,Forensic Step 4: Artifact Capture,Completed,ANON-02,2026-08-20T00:43:00Z,2026-08-20T00:55:00Z,Completed analysis for step 4,HASH-SHA256-54
CSE-07-CASE-0005-STP-5,CSE-07-CASE-0005,Forensic Step 5: Memory Dump,Completed,ANON-02,2026-08-20T00:48:00Z,2026-08-20T01:03:00Z,Completed analysis for step 5,HASH-SHA256-55
CSE-07-CASE-0006-STP-1,CSE-07-CASE-0006,Forensic Step 1: Memory Dump,Completed,ANON-03,2026-08-08T09:03:00Z,2026-08-08T09:06:00Z,Completed analysis for step 1,HASH-SHA256-61
CSE-07-CASE-0006-STP-2,CSE-07-CASE-0006,Forensic Step 2: Egress Inspection,Completed,ANON-03,2026-08-08T09:08:00Z,2026-08-08T09:14:00Z,Completed analysis for step 2,HASH-SHA256-62
CSE-07-CASE-0006-STP-3,CSE-07-CASE-0006,Forensic Step 3: Remediation Review,Completed,ANON-03,2026-08-08T09:13:00Z,2026-08-08T09:22:00Z,Completed analysis for step 3,HASH-SHA256-63
CSE-07-CASE-0006-STP-4,CSE-07-CASE-0006,Forensic Step 4: Artifact Capture,Completed,ANON-03,2026-08-08T09:18:00Z,2026-08-08T09:30:00Z,Completed analysis for step 4,HASH-SHA256-64
CSE-07-CASE-0006-STP-5,CSE-07-CASE-0006,Forensic Step 5: Memory Dump,Completed,ANON-03,2026-08-08T09:23:00Z,2026-08-08T09:38:00Z,Completed analysis for step 5,HASH-SHA256-65
CSE-07-CASE-0007-STP-1,CSE-07-CASE-0007,Forensic Step 1: Memory Dump,Completed,ANON-04,2026-08-08T13:16:00Z,2026-08-08T13:19:00Z,Completed analysis for step 1,HASH-SHA256-71
CSE-07-CASE-0007-STP-2,CSE-07-CASE-0007,Forensic Step 2: Egress Inspection,Completed,ANON-04,2026-08-08T13:21:00Z,2026-08-08T13:27:00Z,Completed analysis for step 2,HASH-SHA256-72
CSE-07-CASE-0007-STP-3,CSE-07-CASE-0007,Forensic Step 3: Remediation Review,Completed,ANON-04,2026-08-08T13:26:00Z,2026-08-08T13:35:00Z,Completed analysis for step 3,HASH-SHA256-73
CSE-07-CASE-0008-STP-1,CSE-07-CASE-0008,Forensic Step 1: Memory Dump,Completed,ANON-01,2026-08-19T20:30:00Z,2026-08-19T20:33:00Z,Completed analysis for step 1,HASH-SHA256-81
CSE-07-CASE-0008-STP-2,CSE-07-CASE-0008,Forensic Step 2: Egress Inspection,Completed,ANON-01,2026-08-19T20:35:00Z,2026-08-19T20:41:00Z,Completed analysis for step 2,HASH-SHA256-82
CSE-07-CASE-0008-STP-3,CSE-07-CASE-0008,Forensic Step 3: Remediation Review,Completed,ANON-01,2026-08-19T20:40:00Z,2026-08-19T20:49:00Z,Completed analysis for step 3,HASH-SHA256-83
CSE-07-CASE-0008-STP-4,CSE-07-CASE-0008,Forensic Step 4: Artifact Capture,Completed,ANON-01,2026-08-19T20:45:00Z,2026-08-19T20:57:00Z,Completed analysis for step 4,HASH-SHA256-84
CSE-07-CASE-0008-STP-5,CSE-07-CASE-0008,Forensic Step 5: Memory Dump,Completed,ANON-01,2026-08-19T20:50:00Z,2026-08-19T21:05:00Z,Completed analysis for step 5,HASH-SHA256-85
CSE-07-CASE-0009-STP-1,CSE-07-CASE-0009,Forensic Step 1: Memory Dump,Completed,ANON-02,2026-08-23T20:09:00Z,2026-08-23T20:12:00Z,Completed analysis for step 1,HASH-SHA256-91
CSE-07-CASE-0009-STP-2,CSE-07-CASE-0009,Forensic Step 2: Egress Inspection,Completed,ANON-02,2026-08-23T20:14:00Z,2026-08-23T20:20:00Z,Completed analysis for step 2,HASH-SHA256-92
CSE-07-CASE-0009-STP-3,CSE-07-CASE-0009,Forensic Step 3: Remediation Review,Completed,ANON-02,2026-08-23T20:19:00Z,2026-08-23T20:28:00Z,Completed analysis for step 3,HASH-SHA256-93
CSE-07-CASE-0009-STP-4,CSE-07-CASE-0009,Forensic Step 4: Artifact Capture,Completed,ANON-02,2026-08-23T20:24:00Z,2026-08-23T20:36:00Z,Completed analysis for step 4,HASH-SHA256-94
CSE-07-CASE-0009-STP-5,CSE-07-CASE-0009,Forensic Step 5: Memory Dump,Completed,ANON-02,2026-08-23T20:29:00Z,2026-08-23T20:44:00Z,Completed analysis for step 5,HASH-SHA256-95
CSE-07-CASE-0010-STP-1,CSE-07-CASE-0010,Forensic Step 1: Memory Dump,Completed,ANON-03,2026-08-07T23:47:00Z,2026-08-07T23:50:00Z,Completed analysis for step 1,HASH-SHA256-101
CSE-07-CASE-0010-STP-2,CSE-07-CASE-0010,Forensic Step 2: Egress Inspection,Completed,ANON-03,2026-08-07T23:52:00Z,2026-08-07T23:58:00Z,Completed analysis for step 2,HASH-SHA256-102
CSE-07-CASE-0010-STP-3,CSE-07-CASE-0010,Forensic Step 3: Remediation Review,Completed,ANON-03,2026-08-07T23:57:00Z,2026-08-08T00:06:00Z,Completed analysis for step 3,HASH-SHA256-103
CSE-07-CASE-0011-STP-1,CSE-07-CASE-0011,Forensic Step 1: Memory Dump,Completed,ANON-04,2026-08-09T03:27:00Z,2026-08-09T03:30:00Z,Completed analysis for step 1,HASH-SHA256-111
CSE-07-CASE-0011-STP-2,CSE-07-CASE-0011,Forensic Step 2: Egress Inspection,Completed,ANON-04,2026-08-09T03:32:00Z,2026-08-09T03:38:00Z,Completed analysis for step 2,HASH-SHA256-112
CSE-07-CASE-0011-STP-3,CSE-07-CASE-0011,Forensic Step 3: Remediation Review,Completed,ANON-04,2026-08-09T03:37:00Z,2026-08-09T03:46:00Z,Completed analysis for step 3,HASH-SHA256-113
CSE-07-CASE-0011-STP-4,CSE-07-CASE-0011,Forensic Step 4: Artifact Capture,Completed,ANON-04,2026-08-09T03:42:00Z,2026-08-09T03:54:00Z,Completed analysis for step 4,HASH-SHA256-114
CSE-07-CASE-0011-STP-5,CSE-07-CASE-0011,Forensic Step 5: Memory Dump,Completed,ANON-04,2026-08-09T03:47:00Z,2026-08-09T04:02:00Z,Completed analysis for step 5,HASH-SHA256-115
CSE-07-CASE-0012-STP-1,CSE-07-CASE-0012,Forensic Step 1: Memory Dump,Completed,ANON-01,2026-08-07T12:32:00Z,2026-08-07T12:35:00Z,Completed analysis for step 1,HASH-SHA256-121
CSE-07-CASE-0012-STP-2,CSE-07-CASE-0012,Forensic Step 2: Egress Inspection,Completed,ANON-01,2026-08-07T12:37:00Z,2026-08-07T12:43:00Z,Completed analysis for step 2,HASH-SHA256-122
CSE-07-CASE-0012-STP-3,CSE-07-CASE-0012,Forensic Step 3: Remediation Review,Completed,ANON-01,2026-08-07T12:42:00Z,2026-08-07T12:51:00Z,Completed analysis for step 3,HASH-SHA256-123
CSE-07-CASE-0013-STP-1,CSE-07-CASE-0013,Forensic Step 1: Memory Dump,Completed,ANON-02,2026-08-20T07:12:00Z,2026-08-20T07:15:00Z,Completed analysis for step 1,HASH-SHA256-131
CSE-07-CASE-0013-STP-2,CSE-07-CASE-0013,Forensic Step 2: Egress Inspection,Completed,ANON-02,2026-08-20T07:17:00Z,2026-08-20T07:23:00Z,Completed analysis for step 2,HASH-SHA256-132
CSE-07-CASE-0013-STP-3,CSE-07-CASE-0013,Forensic Step 3: Remediation Review,Completed,ANON-02,2026-08-20T07:22:00Z,2026-08-20T07:31:00Z,Completed analysis for step 3,HASH-SHA256-133
CSE-07-CASE-0013-STP-4,CSE-07-CASE-0013,Forensic Step 4: Artifact Capture,Completed,ANON-02,2026-08-20T07:27:00Z,2026-08-20T07:39:00Z,Completed analysis for step 4,HASH-SHA256-134
CSE-07-CASE-0014-STP-1,CSE-07-CASE-0014,Forensic Step 1: Memory Dump,Completed,ANON-03,2026-08-24T05:36:00Z,2026-08-24T05:39:00Z,Completed analysis for step 1,HASH-SHA256-141
CSE-07-CASE-0014-STP-2,CSE-07-CASE-0014,Forensic Step 2: Egress Inspection,Completed,ANON-03,2026-08-24T05:41:00Z,2026-08-24T05:47:00Z,Completed analysis for step 2,HASH-SHA256-142
CSE-07-CASE-0014-STP-3,CSE-07-CASE-0014,Forensic Step 3: Remediation Review,Completed,ANON-03,2026-08-24T05:46:00Z,2026-08-24T05:55:00Z,Completed analysis for step 3,HASH-SHA256-143
CSE-07-CASE-0015-STP-1,CSE-07-CASE-0015,Forensic Step 1: Memory Dump,Completed,ANON-04,2026-08-07T07:38:00Z,2026-08-07T07:41:00Z,Completed analysis for step 1,HASH-SHA256-151
CSE-07-CASE-0015-STP-2,CSE-07-CASE-0015,Forensic Step 2: Egress Inspection,Completed,ANON-04,2026-08-07T07:43:00Z,2026-08-07T07:49:00Z,Completed analysis for step 2,HASH-SHA256-152
CSE-07-CASE-0015-STP-3,CSE-07-CASE-0015,Forensic Step 3: Remediation Review,Completed,ANON-04,2026-08-07T07:48:00Z,2026-08-07T07:57:00Z,Completed analysis for step 3,HASH-SHA256-153
CSE-07-CASE-0016-STP-1,CSE-07-CASE-0016,Forensic Step 1: Memory Dump,Completed,ANON-01,2026-08-23T03:02:00Z,2026-08-23T03:05:00Z,Completed analysis for step 1,HASH-SHA256-161
CSE-07-CASE-0016-STP-2,CSE-07-CASE-0016,Forensic Step 2: Egress Inspection,Completed,ANON-01,2026-08-23T03:07:00Z,2026-08-23T03:13:00Z,Completed analysis for step 2,HASH-SHA256-162
CSE-07-CASE-0016-STP-3,CSE-07-CASE-0016,Forensic Step 3: Remediation Review,Completed,ANON-01,2026-08-23T03:12:00Z,2026-08-23T03:21:00Z,Completed analysis for step 3,HASH-SHA256-163
CSE-07-CASE-0017-STP-1,CSE-07-CASE-0017,Forensic Step 1: Memory Dump,Completed,ANON-02,2026-08-07T07:12:00Z,2026-08-07T07:15:00Z,Completed analysis for step 1,HASH-SHA256-171
CSE-07-CASE-0017-STP-2,CSE-07-CASE-0017,Forensic Step 2: Egress Inspection,Completed,ANON-02,2026-08-07T07:17:00Z,2026-08-07T07:23:00Z,Completed analysis for step 2,HASH-SHA256-172
CSE-07-CASE-0017-STP-3,CSE-07-CASE-0017,Forensic Step 3: Remediation Review,Completed,ANON-02,2026-08-07T07:22:00Z,2026-08-07T07:31:00Z,Completed analysis for step 3,HASH-SHA256-173
CSE-07-CASE-0018-STP-1,CSE-07-CASE-0018,Forensic Step 1: Memory Dump,Completed,ANON-03,2026-08-20T19:07:00Z,2026-08-20T19:10:00Z,Completed analysis for step 1,HASH-SHA256-181
CSE-07-CASE-0018-STP-2,CSE-07-CASE-0018,Forensic Step 2: Egress Inspection,Completed,ANON-03,2026-08-20T19:12:00Z,2026-08-20T19:18:00Z,Completed analysis for step 2,HASH-SHA256-182
CSE-07-CASE-0018-STP-3,CSE-07-CASE-0018,Forensic Step 3: Remediation Review,Completed,ANON-03,2026-08-20T19:17:00Z,2026-08-20T19:26:00Z,Completed analysis for step 3,HASH-SHA256-183
CSE-07-CASE-0018-STP-4,CSE-07-CASE-0018,Forensic Step 4: Artifact Capture,Completed,ANON-03,2026-08-20T19:22:00Z,2026-08-20T19:34:00Z,Completed analysis for step 4,HASH-SHA256-184
CSE-07-CASE-0019-STP-1,CSE-07-CASE-0019,Forensic Step 1: Memory Dump,Completed,ANON-04,2026-08-05T18:58:00Z,2026-08-05T19:01:00Z,Completed analysis for step 1,HASH-SHA256-191
CSE-07-CASE-0019-STP-2,CSE-07-CASE-0019,Forensic Step 2: Egress Inspection,Completed,ANON-04,2026-08-05T19:03:00Z,2026-08-05T19:09:00Z,Completed analysis for step 2,HASH-SHA256-192
CSE-07-CASE-0019-STP-3,CSE-07-CASE-0019,Forensic Step 3: Remediation Review,Completed,ANON-04,2026-08-05T19:08:00Z,2026-08-05T19:17:00Z,Completed analysis for step 3,HASH-SHA256-193
CSE-07-CASE-0019-STP-4,CSE-07-CASE-0019,Forensic Step 4: Artifact Capture,Completed,ANON-04,2026-08-05T19:13:00Z,2026-08-05T19:25:00Z,Completed analysis for step 4,HASH-SHA256-194
CSE-07-CASE-0019-STP-5,CSE-07-CASE-0019,Forensic Step 5: Memory Dump,Completed,ANON-04,2026-08-05T19:18:00Z,2026-08-05T19:33:00Z,Completed analysis for step 5,HASH-SHA256-195
CSE-07-CASE-0020-STP-1,CSE-07-CASE-0020,Forensic Step 1: Memory Dump,Completed,ANON-01,2026-08-29T11:05:00Z,2026-08-29T11:08:00Z,Completed analysis for step 1,HASH-SHA256-201
CSE-07-CASE-0020-STP-2,CSE-07-CASE-0020,Forensic Step 2: Egress Inspection,Completed,ANON-01,2026-08-29T11:10:00Z,2026-08-29T11:16:00Z,Completed analysis for step 2,HASH-SHA256-202
CSE-07-CASE-0020-STP-3,CSE-07-CASE-0020,Forensic Step 3: Remediation Review,Completed,ANON-01,2026-08-29T11:15:00Z,2026-08-29T11:24:00Z,Completed analysis for step 3,HASH-SHA256-203
CSE-07-CASE-0021-STP-1,CSE-07-CASE-0021,Forensic Step 1: Memory Dump,Completed,ANON-02,2026-08-09T06:11:00Z,2026-08-09T06:14:00Z,Completed analysis for step 1,HASH-SHA256-211
CSE-07-CASE-0021-STP-2,CSE-07-CASE-0021,Forensic Step 2: Egress Inspection,Completed,ANON-02,2026-08-09T06:16:00Z,2026-08-09T06:22:00Z,Completed analysis for step 2,HASH-SHA256-212
CSE-07-CASE-0021-STP-3,CSE-07-CASE-0021,Forensic Step 3: Remediation Review,Completed,ANON-02,2026-08-09T06:21:00Z,2026-08-09T06:30:00Z,Completed analysis for step 3,HASH-SHA256-213
CSE-07-CASE-0022-STP-1,CSE-07-CASE-0022,Forensic Step 1: Memory Dump,Completed,ANON-03,2026-08-13T22:58:00Z,2026-08-13T23:01:00Z,Completed analysis for step 1,HASH-SHA256-221
CSE-07-CASE-0022-STP-2,CSE-07-CASE-0022,Forensic Step 2: Egress Inspection,Completed,ANON-03,2026-08-13T23:03:00Z,2026-08-13T23:09:00Z,Completed analysis for step 2,HASH-SHA256-222
CSE-07-CASE-0022-STP-3,CSE-07-CASE-0022,Forensic Step 3: Remediation Review,Completed,ANON-03,2026-08-13T23:08:00Z,2026-08-13T23:17:00Z,Completed analysis for step 3,HASH-SHA256-223
CSE-07-CASE-0022-STP-4,CSE-07-CASE-0022,Forensic Step 4: Artifact Capture,Completed,ANON-03,2026-08-13T23:13:00Z,2026-08-13T23:25:00Z,Completed analysis for step 4,HASH-SHA256-224
CSE-07-CASE-0023-STP-1,CSE-07-CASE-0023,Forensic Step 1: Memory Dump,Completed,ANON-04,2026-08-18T20:21:00Z,2026-08-18T20:24:00Z,Completed analysis for step 1,HASH-SHA256-231
CSE-07-CASE-0023-STP-2,CSE-07-CASE-0023,Forensic Step 2: Egress Inspection,Completed,ANON-04,2026-08-18T20:26:00Z,2026-08-18T20:32:00Z,Completed analysis for step 2,HASH-SHA256-232
CSE-07-CASE-0023-STP-3,CSE-07-CASE-0023,Forensic Step 3: Remediation Review,Completed,ANON-04,2026-08-18T20:31:00Z,2026-08-18T20:40:00Z,Completed analysis for step 3,HASH-SHA256-233
CSE-07-CASE-0024-STP-1,CSE-07-CASE-0024,Forensic Step 1: Memory Dump,Completed,ANON-01,2026-08-15T11:01:00Z,2026-08-15T11:04:00Z,Completed analysis for step 1,HASH-SHA256-241
CSE-07-CASE-0024-STP-2,CSE-07-CASE-0024,Forensic Step 2: Egress Inspection,Completed,ANON-01,2026-08-15T11:06:00Z,2026-08-15T11:12:00Z,Completed analysis for step 2,HASH-SHA256-242
CSE-07-CASE-0024-STP-3,CSE-07-CASE-0024,Forensic Step 3: Remediation Review,Completed,ANON-01,2026-08-15T11:11:00Z,2026-08-15T11:20:00Z,Completed analysis for step 3,HASH-SHA256-243
CSE-07-CASE-0024-STP-4,CSE-07-CASE-0024,Forensic Step 4: Artifact Capture,Completed,ANON-01,2026-08-15T11:16:00Z,2026-08-15T11:28:00Z,Completed analysis for step 4,HASH-SHA256-244
CSE-07-CASE-0025-STP-1,CSE-07-CASE-0025,Forensic Step 1: Memory Dump,Completed,ANON-02,2026-08-04T10:29:00Z,2026-08-04T10:32:00Z,Completed analysis for step 1,HASH-SHA256-251
CSE-07-CASE-0025-STP-2,CSE-07-CASE-0025,Forensic Step 2: Egress Inspection,Completed,ANON-02,2026-08-04T10:34:00Z,2026-08-04T10:40:00Z,Completed analysis for step 2,HASH-SHA256-252
CSE-07-CASE-0025-STP-3,CSE-07-CASE-0025,Forensic Step 3: Remediation Review,Completed,ANON-02,2026-08-04T10:39:00Z,2026-08-04T10:48:00Z,Completed analysis for step 3,HASH-SHA256-253
CSE-07-CASE-0025-STP-4,CSE-07-CASE-0025,Forensic Step 4: Artifact Capture,Completed,ANON-02,2026-08-04T10:44:00Z,2026-08-04T10:56:00Z,Completed analysis for step 4,HASH-SHA256-254
CSE-07-CASE-0025-STP-5,CSE-07-CASE-0025,Forensic Step 5: Memory Dump,Completed,ANON-02,2026-08-04T10:49:00Z,2026-08-04T11:04:00Z,Completed analysis for step 5,HASH-SHA256-255
CSE-07-CASE-0026-STP-1,CSE-07-CASE-0026,Forensic Step 1: Memory Dump,Completed,ANON-03,2026-08-29T10:34:00Z,2026-08-29T10:37:00Z,Completed analysis for step 1,HASH-SHA256-261
CSE-07-CASE-0026-STP-2,CSE-07-CASE-0026,Forensic Step 2: Egress Inspection,Completed,ANON-03,2026-08-29T10:39:00Z,2026-08-29T10:45:00Z,Completed analysis for step 2,HASH-SHA256-262
CSE-07-CASE-0026-STP-3,CSE-07-CASE-0026,Forensic Step 3: Remediation Review,Completed,ANON-03,2026-08-29T10:44:00Z,2026-08-29T10:53:00Z,Completed analysis for step 3,HASH-SHA256-263
CSE-07-CASE-0026-STP-4,CSE-07-CASE-0026,Forensic Step 4: Artifact Capture,Completed,ANON-03,2026-08-29T10:49:00Z,2026-08-29T11:01:00Z,Completed analysis for step 4,HASH-SHA256-264
CSE-07-CASE-0027-STP-1,CSE-07-CASE-0027,Forensic Step 1: Memory Dump,Completed,ANON-04,2026-08-21T13:44:00Z,2026-08-21T13:47:00Z,Completed analysis for step 1,HASH-SHA256-271
CSE-07-CASE-0027-STP-2,CSE-07-CASE-0027,Forensic Step 2: Egress Inspection,Completed,ANON-04,2026-08-21T13:49:00Z,2026-08-21T13:55:00Z,Completed analysis for step 2,HASH-SHA256-272
CSE-07-CASE-0027-STP-3,CSE-07-CASE-0027,Forensic Step 3: Remediation Review,Completed,ANON-04,2026-08-21T13:54:00Z,2026-08-21T14:03:00Z,Completed analysis for step 3,HASH-SHA256-273
CSE-07-CASE-0028-STP-1,CSE-07-CASE-0028,Forensic Step 1: Memory Dump,Completed,ANON-01,2026-08-07T21:54:00Z,2026-08-07T21:57:00Z,Completed analysis for step 1,HASH-SHA256-281
CSE-07-CASE-0028-STP-2,CSE-07-CASE-0028,Forensic Step 2: Egress Inspection,Completed,ANON-01,2026-08-07T21:59:00Z,2026-08-07T22:05:00Z,Completed analysis for step 2,HASH-SHA256-282
CSE-07-CASE-0028-STP-3,CSE-07-CASE-0028,Forensic Step 3: Remediation Review,Completed,ANON-01,2026-08-07T22:04:00Z,2026-08-07T22:13:00Z,Completed analysis for step 3,HASH-SHA256-283
CSE-07-CASE-0028-STP-4,CSE-07-CASE-0028,Forensic Step 4: Artifact Capture,Completed,ANON-01,2026-08-07T22:09:00Z,2026-08-07T22:21:00Z,Completed analysis for step 4,HASH-SHA256-284
CSE-07-CASE-0029-STP-1,CSE-07-CASE-0029,Forensic Step 1: Memory Dump,Completed,ANON-02,2026-08-08T11:17:00Z,2026-08-08T11:20:00Z,Completed analysis for step 1,HASH-SHA256-291
CSE-07-CASE-0029-STP-2,CSE-07-CASE-0029,Forensic Step 2: Egress Inspection,Completed,ANON-02,2026-08-08T11:22:00Z,2026-08-08T11:28:00Z,Completed analysis for step 2,HASH-SHA256-292
CSE-07-CASE-0029-STP-3,CSE-07-CASE-0029,Forensic Step 3: Remediation Review,Completed,ANON-02,2026-08-08T11:27:00Z,2026-08-08T11:36:00Z,Completed analysis for step 3,HASH-SHA256-293
CSE-07-CASE-0030-STP-1,CSE-07-CASE-0030,Forensic Step 1: Memory Dump,Completed,ANON-03,2026-08-12T08:42:00Z,2026-08-12T08:45:00Z,Completed analysis for step 1,HASH-SHA256-301
CSE-07-CASE-0030-STP-2,CSE-07-CASE-0030,Forensic Step 2: Egress Inspection,Completed,ANON-03,2026-08-12T08:47:00Z,2026-08-12T08:53:00Z,Completed analysis for step 2,HASH-SHA256-302
CSE-07-CASE-0030-STP-3,CSE-07-CASE-0030,Forensic Step 3: Remediation Review,Completed,ANON-03,2026-08-12T08:52:00Z,2026-08-12T09:01:00Z,Completed analysis for step 3,HASH-SHA256-303
CSE-07-CASE-0031-STP-1,CSE-07-CASE-0031,Forensic Step 1: Memory Dump,Completed,ANON-04,2026-08-01T14:17:00Z,2026-08-01T14:20:00Z,Completed analysis for step 1,HASH-SHA256-311
CSE-07-CASE-0031-STP-2,CSE-07-CASE-0031,Forensic Step 2: Egress Inspection,Completed,ANON-04,2026-08-01T14:22:00Z,2026-08-01T14:28:00Z,Completed analysis for step 2,HASH-SHA256-312
CSE-07-CASE-0031-STP-3,CSE-07-CASE-0031,Forensic Step 3: Remediation Review,Completed,ANON-04,2026-08-01T14:27:00Z,2026-08-01T14:36:00Z,Completed analysis for step 3,HASH-SHA256-313
CSE-07-CASE-0031-STP-4,CSE-07-CASE-0031,Forensic Step 4: Artifact Capture,Completed,ANON-04,2026-08-01T14:32:00Z,2026-08-01T14:44:00Z,Completed analysis for step 4,HASH-SHA256-314
CSE-07-CASE-0032-STP-1,CSE-07-CASE-0032,Forensic Step 1: Memory Dump,Completed,ANON-01,2026-08-26T20:37:00Z,2026-08-26T20:40:00Z,Completed analysis for step 1,HASH-SHA256-321
CSE-07-CASE-0032-STP-2,CSE-07-CASE-0032,Forensic Step 2: Egress Inspection,Completed,ANON-01,2026-08-26T20:42:00Z,2026-08-26T20:48:00Z,Completed analysis for step 2,HASH-SHA256-322
CSE-07-CASE-0032-STP-3,CSE-07-CASE-0032,Forensic Step 3: Remediation Review,Completed,ANON-01,2026-08-26T20:47:00Z,2026-08-26T20:56:00Z,Completed analysis for step 3,HASH-SHA256-323
CSE-07-CASE-0033-STP-1,CSE-07-CASE-0033,Forensic Step 1: Memory Dump,Completed,ANON-02,2026-08-12T20:29:00Z,2026-08-12T20:32:00Z,Completed analysis for step 1,HASH-SHA256-331
CSE-07-CASE-0033-STP-2,CSE-07-CASE-0033,Forensic Step 2: Egress Inspection,Completed,ANON-02,2026-08-12T20:34:00Z,2026-08-12T20:40:00Z,Completed analysis for step 2,HASH-SHA256-332
CSE-07-CASE-0033-STP-3,CSE-07-CASE-0033,Forensic Step 3: Remediation Review,Completed,ANON-02,2026-08-12T20:39:00Z,2026-08-12T20:48:00Z,Completed analysis for step 3,HASH-SHA256-333
CSE-07-CASE-0033-STP-4,CSE-07-CASE-0033,Forensic Step 4: Artifact Capture,Completed,ANON-02,2026-08-12T20:44:00Z,2026-08-12T20:56:00Z,Completed analysis for step 4,HASH-SHA256-334
CSE-07-CASE-0034-STP-1,CSE-07-CASE-0034,Forensic Step 1: Memory Dump,Completed,ANON-03,2026-08-09T15:59:00Z,2026-08-09T16:02:00Z,Completed analysis for step 1,HASH-SHA256-341
CSE-07-CASE-0034-STP-2,CSE-07-CASE-0034,Forensic Step 2: Egress Inspection,Completed,ANON-03,2026-08-09T16:04:00Z,2026-08-09T16:10:00Z,Completed analysis for step 2,HASH-SHA256-342
CSE-07-CASE-0034-STP-3,CSE-07-CASE-0034,Forensic Step 3: Remediation Review,Completed,ANON-03,2026-08-09T16:09:00Z,2026-08-09T16:18:00Z,Completed analysis for step 3,HASH-SHA256-343
CSE-07-CASE-0035-STP-1,CSE-07-CASE-0035,Forensic Step 1: Memory Dump,Completed,ANON-04,2026-08-22T20:06:00Z,2026-08-22T20:09:00Z,Completed analysis for step 1,HASH-SHA256-351
CSE-07-CASE-0035-STP-2,CSE-07-CASE-0035,Forensic Step 2: Egress Inspection,Completed,ANON-04,2026-08-22T20:11:00Z,2026-08-22T20:17:00Z,Completed analysis for step 2,HASH-SHA256-352
CSE-07-CASE-0035-STP-3,CSE-07-CASE-0035,Forensic Step 3: Remediation Review,Completed,ANON-04,2026-08-22T20:16:00Z,2026-08-22T20:25:00Z,Completed analysis for step 3,HASH-SHA256-353
CSE-07-CASE-0035-STP-4,CSE-07-CASE-0035,Forensic Step 4: Artifact Capture,Completed,ANON-04,2026-08-22T20:21:00Z,2026-08-22T20:33:00Z,Completed analysis for step 4,HASH-SHA256-354
CSE-07-CASE-0036-STP-1,CSE-07-CASE-0036,Forensic Step 1: Memory Dump,Completed,ANON-01,2026-08-28T00:41:00Z,2026-08-28T00:44:00Z,Completed analysis for step 1,HASH-SHA256-361
CSE-07-CASE-0036-STP-2,CSE-07-CASE-0036,Forensic Step 2: Egress Inspection,Completed,ANON-01,2026-08-28T00:46:00Z,2026-08-28T00:52:00Z,Completed analysis for step 2,HASH-SHA256-362
CSE-07-CASE-0036-STP-3,CSE-07-CASE-0036,Forensic Step 3: Remediation Review,Completed,ANON-01,2026-08-28T00:51:00Z,2026-08-28T01:00:00Z,Completed analysis for step 3,HASH-SHA256-363
CSE-07-CASE-0036-STP-4,CSE-07-CASE-0036,Forensic Step 4: Artifact Capture,Completed,ANON-01,2026-08-28T00:56:00Z,2026-08-28T01:08:00Z,Completed analysis for step 4,HASH-SHA256-364
CSE-07-CASE-0037-STP-1,CSE-07-CASE-0037,Forensic Step 1: Memory Dump,Completed,ANON-02,2026-08-03T21:11:00Z,2026-08-03T21:14:00Z,Completed analysis for step 1,HASH-SHA256-371
CSE-07-CASE-0037-STP-2,CSE-07-CASE-0037,Forensic Step 2: Egress Inspection,Completed,ANON-02,2026-08-03T21:16:00Z,2026-08-03T21:22:00Z,Completed analysis for step 2,HASH-SHA256-372
CSE-07-CASE-0037-STP-3,CSE-07-CASE-0037,Forensic Step 3: Remediation Review,Completed,ANON-02,2026-08-03T21:21:00Z,2026-08-03T21:30:00Z,Completed analysis for step 3,HASH-SHA256-373
CSE-07-CASE-0038-STP-1,CSE-07-CASE-0038,Forensic Step 1: Memory Dump,Completed,ANON-03,2026-08-25T22:20:00Z,2026-08-25T22:23:00Z,Completed analysis for step 1,HASH-SHA256-381
CSE-07-CASE-0038-STP-2,CSE-07-CASE-0038,Forensic Step 2: Egress Inspection,Completed,ANON-03,2026-08-25T22:25:00Z,2026-08-25T22:31:00Z,Completed analysis for step 2,HASH-SHA256-382
CSE-07-CASE-0038-STP-3,CSE-07-CASE-0038,Forensic Step 3: Remediation Review,Completed,ANON-03,2026-08-25T22:30:00Z,2026-08-25T22:39:00Z,Completed analysis for step 3,HASH-SHA256-383
CSE-07-CASE-0038-STP-4,CSE-07-CASE-0038,Forensic Step 4: Artifact Capture,Completed,ANON-03,2026-08-25T22:35:00Z,2026-08-25T22:47:00Z,Completed analysis for step 4,HASH-SHA256-384
CSE-07-CASE-0039-STP-1,CSE-07-CASE-0039,Forensic Step 1: Memory Dump,Completed,ANON-04,2026-08-04T05:35:00Z,2026-08-04T05:38:00Z,Completed analysis for step 1,HASH-SHA256-391
CSE-07-CASE-0039-STP-2,CSE-07-CASE-0039,Forensic Step 2: Egress Inspection,Completed,ANON-04,2026-08-04T05:40:00Z,2026-08-04T05:46:00Z,Completed analysis for step 2,HASH-SHA256-392
CSE-07-CASE-0039-STP-3,CSE-07-CASE-0039,Forensic Step 3: Remediation Review,Completed,ANON-04,2026-08-04T05:45:00Z,2026-08-04T05:54:00Z,Completed analysis for step 3,HASH-SHA256-393
CSE-07-CASE-0039-STP-4,CSE-07-CASE-0039,Forensic Step 4: Artifact Capture,Completed,ANON-04,2026-08-04T05:50:00Z,2026-08-04T06:02:00Z,Completed analysis for step 4,HASH-SHA256-394
CSE-07-CASE-0040-STP-1,CSE-07-CASE-0040,Forensic Step 1: Memory Dump,Completed,ANON-01,2026-08-24T10:17:00Z,2026-08-24T10:20:00Z,Completed analysis for step 1,HASH-SHA256-401
CSE-07-CASE-0040-STP-2,CSE-07-CASE-0040,Forensic Step 2: Egress Inspection,Completed,ANON-01,2026-08-24T10:22:00Z,2026-08-24T10:28:00Z,Completed analysis for step 2,HASH-SHA256-402
CSE-07-CASE-0040-STP-3,CSE-07-CASE-0040,Forensic Step 3: Remediation Review,Completed,ANON-01,2026-08-24T10:27:00Z,2026-08-24T10:36:00Z,Completed analysis for step 3,HASH-SHA256-403
CSE-07-CASE-0040-STP-4,CSE-07-CASE-0040,Forensic Step 4: Artifact Capture,Completed,ANON-01,2026-08-24T10:32:00Z,2026-08-24T10:44:00Z,Completed analysis for step 4,HASH-SHA256-404
CSE-07-CASE-0041-STP-1,CSE-07-CASE-0041,Forensic Step 1: Memory Dump,Completed,ANON-02,2026-08-17T23:13:00Z,2026-08-17T23:16:00Z,Completed analysis for step 1,HASH-SHA256-411
CSE-07-CASE-0041-STP-2,CSE-07-CASE-0041,Forensic Step 2: Egress Inspection,Completed,ANON-02,2026-08-17T23:18:00Z,2026-08-17T23:24:00Z,Completed analysis for step 2,HASH-SHA256-412
CSE-07-CASE-0041-STP-3,CSE-07-CASE-0041,Forensic Step 3: Remediation Review,Completed,ANON-02,2026-08-17T23:23:00Z,2026-08-17T23:32:00Z,Completed analysis for step 3,HASH-SHA256-413
CSE-07-CASE-0042-STP-1,CSE-07-CASE-0042,Forensic Step 1: Memory Dump,Completed,ANON-03,2026-08-14T12:24:00Z,2026-08-14T12:27:00Z,Completed analysis for step 1,HASH-SHA256-421
CSE-07-CASE-0042-STP-2,CSE-07-CASE-0042,Forensic Step 2: Egress Inspection,Completed,ANON-03,2026-08-14T12:29:00Z,2026-08-14T12:35:00Z,Completed analysis for step 2,HASH-SHA256-422
CSE-07-CASE-0042-STP-3,CSE-07-CASE-0042,Forensic Step 3: Remediation Review,Completed,ANON-03,2026-08-14T12:34:00Z,2026-08-14T12:43:00Z,Completed analysis for step 3,HASH-SHA256-423
CSE-07-CASE-0042-STP-4,CSE-07-CASE-0042,Forensic Step 4: Artifact Capture,Completed,ANON-03,2026-08-14T12:39:00Z,2026-08-14T12:51:00Z,Completed analysis for step 4,HASH-SHA256-424
CSE-07-CASE-0042-STP-5,CSE-07-CASE-0042,Forensic Step 5: Memory Dump,Completed,ANON-03,2026-08-14T12:44:00Z,2026-08-14T12:59:00Z,Completed analysis for step 5,HASH-SHA256-425
CSE-07-CASE-0043-STP-1,CSE-07-CASE-0043,Forensic Step 1: Memory Dump,Completed,ANON-04,2026-08-25T12:01:00Z,2026-08-25T12:04:00Z,Completed analysis for step 1,HASH-SHA256-431
CSE-07-CASE-0043-STP-2,CSE-07-CASE-0043,Forensic Step 2: Egress Inspection,Completed,ANON-04,2026-08-25T12:06:00Z,2026-08-25T12:12:00Z,Completed analysis for step 2,HASH-SHA256-432
CSE-07-CASE-0043-STP-3,CSE-07-CASE-0043,Forensic Step 3: Remediation Review,Completed,ANON-04,2026-08-25T12:11:00Z,2026-08-25T12:20:00Z,Completed analysis for step 3,HASH-SHA256-433
CSE-07-CASE-0043-STP-4,CSE-07-CASE-0043,Forensic Step 4: Artifact Capture,Completed,ANON-04,2026-08-25T12:16:00Z,2026-08-25T12:28:00Z,Completed analysis for step 4,HASH-SHA256-434
CSE-07-CASE-0044-STP-1,CSE-07-CASE-0044,Forensic Step 1: Memory Dump,Completed,ANON-01,2026-08-21T23:42:00Z,2026-08-21T23:45:00Z,Completed analysis for step 1,HASH-SHA256-441
CSE-07-CASE-0044-STP-2,CSE-07-CASE-0044,Forensic Step 2: Egress Inspection,Completed,ANON-01,2026-08-21T23:47:00Z,2026-08-21T23:53:00Z,Completed analysis for step 2,HASH-SHA256-442
CSE-07-CASE-0044-STP-3,CSE-07-CASE-0044,Forensic Step 3: Remediation Review,Completed,ANON-01,2026-08-21T23:52:00Z,2026-08-22T00:01:00Z,Completed analysis for step 3,HASH-SHA256-443
CSE-07-CASE-0044-STP-4,CSE-07-CASE-0044,Forensic Step 4: Artifact Capture,Completed,ANON-01,2026-08-21T23:57:00Z,2026-08-22T00:09:00Z,Completed analysis for step 4,HASH-SHA256-444
CSE-07-CASE-0045-STP-1,CSE-07-CASE-0045,Forensic Step 1: Memory Dump,Completed,ANON-02,2026-08-06T03:44:00Z,2026-08-06T03:47:00Z,Completed analysis for step 1,HASH-SHA256-451
CSE-07-CASE-0045-STP-2,CSE-07-CASE-0045,Forensic Step 2: Egress Inspection,Completed,ANON-02,2026-08-06T03:49:00Z,2026-08-06T03:55:00Z,Completed analysis for step 2,HASH-SHA256-452
CSE-07-CASE-0045-STP-3,CSE-07-CASE-0045,Forensic Step 3: Remediation Review,Completed,ANON-02,2026-08-06T03:54:00Z,2026-08-06T04:03:00Z,Completed analysis for step 3,HASH-SHA256-453
CSE-07-CASE-0045-STP-4,CSE-07-CASE-0045,Forensic Step 4: Artifact Capture,Completed,ANON-02,2026-08-06T03:59:00Z,2026-08-06T04:11:00Z,Completed analysis for step 4,HASH-SHA256-454
CSE-07-CASE-0045-STP-5,CSE-07-CASE-0045,Forensic Step 5: Memory Dump,Completed,ANON-02,2026-08-06T04:04:00Z,2026-08-06T04:19:00Z,Completed analysis for step 5,HASH-SHA256-455
CSE-07-CASE-0046-STP-1,CSE-07-CASE-0046,Forensic Step 1: Memory Dump,Completed,ANON-03,2026-08-08T09:58:00Z,2026-08-08T10:01:00Z,Completed analysis for step 1,HASH-SHA256-461
CSE-07-CASE-0046-STP-2,CSE-07-CASE-0046,Forensic Step 2: Egress Inspection,Completed,ANON-03,2026-08-08T10:03:00Z,2026-08-08T10:09:00Z,Completed analysis for step 2,HASH-SHA256-462
CSE-07-CASE-0046-STP-3,CSE-07-CASE-0046,Forensic Step 3: Remediation Review,Completed,ANON-03,2026-08-08T10:08:00Z,2026-08-08T10:17:00Z,Completed analysis for step 3,HASH-SHA256-463
CSE-07-CASE-0046-STP-4,CSE-07-CASE-0046,Forensic Step 4: Artifact Capture,Completed,ANON-03,2026-08-08T10:13:00Z,2026-08-08T10:25:00Z,Completed analysis for step 4,HASH-SHA256-464
CSE-07-CASE-0047-STP-1,CSE-07-CASE-0047,Forensic Step 1: Memory Dump,Completed,ANON-04,2026-08-10T17:02:00Z,2026-08-10T17:05:00Z,Completed analysis for step 1,HASH-SHA256-471
CSE-07-CASE-0047-STP-2,CSE-07-CASE-0047,Forensic Step 2: Egress Inspection,Completed,ANON-04,2026-08-10T17:07:00Z,2026-08-10T17:13:00Z,Completed analysis for step 2,HASH-SHA256-472
CSE-07-CASE-0047-STP-3,CSE-07-CASE-0047,Forensic Step 3: Remediation Review,Completed,ANON-04,2026-08-10T17:12:00Z,2026-08-10T17:21:00Z,Completed analysis for step 3,HASH-SHA256-473
CSE-07-CASE-0047-STP-4,CSE-07-CASE-0047,Forensic Step 4: Artifact Capture,Completed,ANON-04,2026-08-10T17:17:00Z,2026-08-10T17:29:00Z,Completed analysis for step 4,HASH-SHA256-474
CSE-07-CASE-0047-STP-5,CSE-07-CASE-0047,Forensic Step 5: Memory Dump,Completed,ANON-04,2026-08-10T17:22:00Z,2026-08-10T17:37:00Z,Completed analysis for step 5,HASH-SHA256-475
CSE-07-CASE-0048-STP-1,CSE-07-CASE-0048,Forensic Step 1: Memory Dump,Completed,ANON-01,2026-08-15T18:32:00Z,2026-08-15T18:35:00Z,Completed analysis for step 1,HASH-SHA256-481
CSE-07-CASE-0048-STP-2,CSE-07-CASE-0048,Forensic Step 2: Egress Inspection,Completed,ANON-01,2026-08-15T18:37:00Z,2026-08-15T18:43:00Z,Completed analysis for step 2,HASH-SHA256-482
CSE-07-CASE-0048-STP-3,CSE-07-CASE-0048,Forensic Step 3: Remediation Review,Completed,ANON-01,2026-08-15T18:42:00Z,2026-08-15T18:51:00Z,Completed analysis for step 3,HASH-SHA256-483
CSE-07-CASE-0049-STP-1,CSE-07-CASE-0049,Forensic Step 1: Memory Dump,Completed,ANON-02,2026-08-15T15:11:00Z,2026-08-15T15:14:00Z,Completed analysis for step 1,HASH-SHA256-491
CSE-07-CASE-0049-STP-2,CSE-07-CASE-0049,Forensic Step 2: Egress Inspection,Completed,ANON-02,2026-08-15T15:16:00Z,2026-08-15T15:22:00Z,Completed analysis for step 2,HASH-SHA256-492
CSE-07-CASE-0049-STP-3,CSE-07-CASE-0049,Forensic Step 3: Remediation Review,Completed,ANON-02,2026-08-15T15:21:00Z,2026-08-15T15:30:00Z,Completed analysis for step 3,HASH-SHA256-493
CSE-07-CASE-0050-STP-1,CSE-07-CASE-0050,Forensic Step 1: Memory Dump,Completed,ANON-03,2026-08-17T13:16:00Z,2026-08-17T13:19:00Z,Completed analysis for step 1,HASH-SHA256-501
CSE-07-CASE-0050-STP-2,CSE-07-CASE-0050,Forensic Step 2: Egress Inspection,Completed,ANON-03,2026-08-17T13:21:00Z,2026-08-17T13:27:00Z,Completed analysis for step 2,HASH-SHA256-502
CSE-07-CASE-0050-STP-3,CSE-07-CASE-0050,Forensic Step 3: Remediation Review,Completed,ANON-03,2026-08-17T13:26:00Z,2026-08-17T13:35:00Z,Completed analysis for step 3,HASH-SHA256-503
CSE-07-CASE-0051-STP-1,CSE-07-CASE-0051,Forensic Step 1: Memory Dump,Completed,ANON-04,2026-08-07T14:59:00Z,2026-08-07T15:02:00Z,Completed analysis for step 1,HASH-SHA256-511
CSE-07-CASE-0051-STP-2,CSE-07-CASE-0051,Forensic Step 2: Egress Inspection,Completed,ANON-04,2026-08-07T15:04:00Z,2026-08-07T15:10:00Z,Completed analysis for step 2,HASH-SHA256-512
CSE-07-CASE-0051-STP-3,CSE-07-CASE-0051,Forensic Step 3: Remediation Review,Completed,ANON-04,2026-08-07T15:09:00Z,2026-08-07T15:18:00Z,Completed analysis for step 3,HASH-SHA256-513
CSE-07-CASE-0051-STP-4,CSE-07-CASE-0051,Forensic Step 4: Artifact Capture,Completed,ANON-04,2026-08-07T15:14:00Z,2026-08-07T15:26:00Z,Completed analysis for step 4,HASH-SHA256-514
CSE-07-CASE-0052-STP-1,CSE-07-CASE-0052,Forensic Step 1: Memory Dump,Completed,ANON-01,2026-08-23T14:31:00Z,2026-08-23T14:34:00Z,Completed analysis for step 1,HASH-SHA256-521
CSE-07-CASE-0052-STP-2,CSE-07-CASE-0052,Forensic Step 2: Egress Inspection,Completed,ANON-01,2026-08-23T14:36:00Z,2026-08-23T14:42:00Z,Completed analysis for step 2,HASH-SHA256-522
CSE-07-CASE-0052-STP-3,CSE-07-CASE-0052,Forensic Step 3: Remediation Review,Completed,ANON-01,2026-08-23T14:41:00Z,2026-08-23T14:50:00Z,Completed analysis for step 3,HASH-SHA256-523
CSE-07-CASE-0052-STP-4,CSE-07-CASE-0052,Forensic Step 4: Artifact Capture,Completed,ANON-01,2026-08-23T14:46:00Z,2026-08-23T14:58:00Z,Completed analysis for step 4,HASH-SHA256-524
CSE-07-CASE-0052-STP-5,CSE-07-CASE-0052,Forensic Step 5: Memory Dump,Completed,ANON-01,2026-08-23T14:51:00Z,2026-08-23T15:06:00Z,Completed analysis for step 5,HASH-SHA256-525
CSE-07-CASE-0053-STP-1,CSE-07-CASE-0053,Forensic Step 1: Memory Dump,Completed,ANON-02,2026-08-01T15:36:00Z,2026-08-01T15:39:00Z,Completed analysis for step 1,HASH-SHA256-531
CSE-07-CASE-0053-STP-2,CSE-07-CASE-0053,Forensic Step 2: Egress Inspection,Completed,ANON-02,2026-08-01T15:41:00Z,2026-08-01T15:47:00Z,Completed analysis for step 2,HASH-SHA256-532
CSE-07-CASE-0053-STP-3,CSE-07-CASE-0053,Forensic Step 3: Remediation Review,Completed,ANON-02,2026-08-01T15:46:00Z,2026-08-01T15:55:00Z,Completed analysis for step 3,HASH-SHA256-533
CSE-07-CASE-0053-STP-4,CSE-07-CASE-0053,Forensic Step 4: Artifact Capture,Completed,ANON-02,2026-08-01T15:51:00Z,2026-08-01T16:03:00Z,Completed analysis for step 4,HASH-SHA256-534
CSE-07-CASE-0053-STP-5,CSE-07-CASE-0053,Forensic Step 5: Memory Dump,Completed,ANON-02,2026-08-01T15:56:00Z,2026-08-01T16:11:00Z,Completed analysis for step 5,HASH-SHA256-535
CSE-07-CASE-0054-STP-1,CSE-07-CASE-0054,Forensic Step 1: Memory Dump,Completed,ANON-03,2026-08-18T19:29:00Z,2026-08-18T19:32:00Z,Completed analysis for step 1,HASH-SHA256-541
CSE-07-CASE-0054-STP-2,CSE-07-CASE-0054,Forensic Step 2: Egress Inspection,Completed,ANON-03,2026-08-18T19:34:00Z,2026-08-18T19:40:00Z,Completed analysis for step 2,HASH-SHA256-542
CSE-07-CASE-0054-STP-3,CSE-07-CASE-0054,Forensic Step 3: Remediation Review,Completed,ANON-03,2026-08-18T19:39:00Z,2026-08-18T19:48:00Z,Completed analysis for step 3,HASH-SHA256-543
CSE-07-CASE-0054-STP-4,CSE-07-CASE-0054,Forensic Step 4: Artifact Capture,Completed,ANON-03,2026-08-18T19:44:00Z,2026-08-18T19:56:00Z,Completed analysis for step 4,HASH-SHA256-544
CSE-07-CASE-0055-STP-1,CSE-07-CASE-0055,Forensic Step 1: Memory Dump,Completed,ANON-04,2026-08-02T14:03:00Z,2026-08-02T14:06:00Z,Completed analysis for step 1,HASH-SHA256-551
CSE-07-CASE-0055-STP-2,CSE-07-CASE-0055,Forensic Step 2: Egress Inspection,Completed,ANON-04,2026-08-02T14:08:00Z,2026-08-02T14:14:00Z,Completed analysis for step 2,HASH-SHA256-552
CSE-07-CASE-0055-STP-3,CSE-07-CASE-0055,Forensic Step 3: Remediation Review,Completed,ANON-04,2026-08-02T14:13:00Z,2026-08-02T14:22:00Z,Completed analysis for step 3,HASH-SHA256-553
CSE-07-CASE-0055-STP-4,CSE-07-CASE-0055,Forensic Step 4: Artifact Capture,Completed,ANON-04,2026-08-02T14:18:00Z,2026-08-02T14:30:00Z,Completed analysis for step 4,HASH-SHA256-554
CSE-07-CASE-0055-STP-5,CSE-07-CASE-0055,Forensic Step 5: Memory Dump,Completed,ANON-04,2026-08-02T14:23:00Z,2026-08-02T14:38:00Z,Completed analysis for step 5,HASH-SHA256-555
CSE-07-CASE-0056-STP-1,CSE-07-CASE-0056,Forensic Step 1: Memory Dump,Completed,ANON-01,2026-08-07T16:47:00Z,2026-08-07T16:50:00Z,Completed analysis for step 1,HASH-SHA256-561
CSE-07-CASE-0056-STP-2,CSE-07-CASE-0056,Forensic Step 2: Egress Inspection,Completed,ANON-01,2026-08-07T16:52:00Z,2026-08-07T16:58:00Z,Completed analysis for step 2,HASH-SHA256-562
CSE-07-CASE-0056-STP-3,CSE-07-CASE-0056,Forensic Step 3: Remediation Review,Completed,ANON-01,2026-08-07T16:57:00Z,2026-08-07T17:06:00Z,Completed analysis for step 3,HASH-SHA256-563
CSE-07-CASE-0056-STP-4,CSE-07-CASE-0056,Forensic Step 4: Artifact Capture,Completed,ANON-01,2026-08-07T17:02:00Z,2026-08-07T17:14:00Z,Completed analysis for step 4,HASH-SHA256-564
CSE-07-CASE-0057-STP-1,CSE-07-CASE-0057,Forensic Step 1: Memory Dump,Completed,ANON-02,2026-08-06T04:20:00Z,2026-08-06T04:23:00Z,Completed analysis for step 1,HASH-SHA256-571
CSE-07-CASE-0057-STP-2,CSE-07-CASE-0057,Forensic Step 2: Egress Inspection,Completed,ANON-02,2026-08-06T04:25:00Z,2026-08-06T04:31:00Z,Completed analysis for step 2,HASH-SHA256-572
CSE-07-CASE-0057-STP-3,CSE-07-CASE-0057,Forensic Step 3: Remediation Review,Completed,ANON-02,2026-08-06T04:30:00Z,2026-08-06T04:39:00Z,Completed analysis for step 3,HASH-SHA256-573
CSE-07-CASE-0057-STP-4,CSE-07-CASE-0057,Forensic Step 4: Artifact Capture,Completed,ANON-02,2026-08-06T04:35:00Z,2026-08-06T04:47:00Z,Completed analysis for step 4,HASH-SHA256-574
CSE-07-CASE-0057-STP-5,CSE-07-CASE-0057,Forensic Step 5: Memory Dump,Completed,ANON-02,2026-08-06T04:40:00Z,2026-08-06T04:55:00Z,Completed analysis for step 5,HASH-SHA256-575
CSE-07-CASE-0058-STP-1,CSE-07-CASE-0058,Forensic Step 1: Memory Dump,Completed,ANON-03,2026-08-24T04:28:00Z,2026-08-24T04:31:00Z,Completed analysis for step 1,HASH-SHA256-581
CSE-07-CASE-0058-STP-2,CSE-07-CASE-0058,Forensic Step 2: Egress Inspection,Completed,ANON-03,2026-08-24T04:33:00Z,2026-08-24T04:39:00Z,Completed analysis for step 2,HASH-SHA256-582
CSE-07-CASE-0058-STP-3,CSE-07-CASE-0058,Forensic Step 3: Remediation Review,Completed,ANON-03,2026-08-24T04:38:00Z,2026-08-24T04:47:00Z,Completed analysis for step 3,HASH-SHA256-583
CSE-07-CASE-0059-STP-1,CSE-07-CASE-0059,Forensic Step 1: Memory Dump,Completed,ANON-04,2026-08-15T17:55:00Z,2026-08-15T17:58:00Z,Completed analysis for step 1,HASH-SHA256-591
CSE-07-CASE-0059-STP-2,CSE-07-CASE-0059,Forensic Step 2: Egress Inspection,Completed,ANON-04,2026-08-15T18:00:00Z,2026-08-15T18:06:00Z,Completed analysis for step 2,HASH-SHA256-592
CSE-07-CASE-0059-STP-3,CSE-07-CASE-0059,Forensic Step 3: Remediation Review,Completed,ANON-04,2026-08-15T18:05:00Z,2026-08-15T18:14:00Z,Completed analysis for step 3,HASH-SHA256-593
CSE-07-CASE-0060-STP-1,CSE-07-CASE-0060,Forensic Step 1: Memory Dump,Completed,ANON-01,2026-08-18T06:07:00Z,2026-08-18T06:10:00Z,Completed analysis for step 1,HASH-SHA256-601
CSE-07-CASE-0060-STP-2,CSE-07-CASE-0060,Forensic Step 2: Egress Inspection,Completed,ANON-01,2026-08-18T06:12:00Z,2026-08-18T06:18:00Z,Completed analysis for step 2,HASH-SHA256-602
CSE-07-CASE-0060-STP-3,CSE-07-CASE-0060,Forensic Step 3: Remediation Review,Completed,ANON-01,2026-08-18T06:17:00Z,2026-08-18T06:26:00Z,Completed analysis for step 3,HASH-SHA256-603
CSE-07-CASE-0060-STP-4,CSE-07-CASE-0060,Forensic Step 4: Artifact Capture,Completed,ANON-01,2026-08-18T06:22:00Z,2026-08-18T06:34:00Z,Completed analysis for step 4,HASH-SHA256-604
CSE-08-CASE-0001-STP-1,CSE-08-CASE-0001,Forensic Step 1: Memory Dump,Completed,ANON-02,2026-08-14T05:26:00Z,2026-08-14T05:29:00Z,Completed analysis for step 1,HASH-SHA256-11
CSE-08-CASE-0001-STP-2,CSE-08-CASE-0001,Forensic Step 2: Egress Inspection,Completed,ANON-02,2026-08-14T05:31:00Z,2026-08-14T05:37:00Z,Completed analysis for step 2,HASH-SHA256-12
CSE-08-CASE-0001-STP-3,CSE-08-CASE-0001,Forensic Step 3: Remediation Review,Completed,ANON-02,2026-08-14T05:36:00Z,2026-08-14T05:45:00Z,Completed analysis for step 3,HASH-SHA256-13
CSE-08-CASE-0001-STP-4,CSE-08-CASE-0001,Forensic Step 4: Artifact Capture,Completed,ANON-02,2026-08-14T05:41:00Z,2026-08-14T05:53:00Z,Completed analysis for step 4,HASH-SHA256-14
CSE-08-CASE-0002-STP-1,CSE-08-CASE-0002,Forensic Step 1: Memory Dump,Completed,ANON-03,2026-08-09T21:40:00Z,2026-08-09T21:43:00Z,Completed analysis for step 1,HASH-SHA256-21
CSE-08-CASE-0002-STP-2,CSE-08-CASE-0002,Forensic Step 2: Egress Inspection,Completed,ANON-03,2026-08-09T21:45:00Z,2026-08-09T21:51:00Z,Completed analysis for step 2,HASH-SHA256-22
CSE-08-CASE-0002-STP-3,CSE-08-CASE-0002,Forensic Step 3: Remediation Review,Completed,ANON-03,2026-08-09T21:50:00Z,2026-08-09T21:59:00Z,Completed analysis for step 3,HASH-SHA256-23
CSE-08-CASE-0002-STP-4,CSE-08-CASE-0002,Forensic Step 4: Artifact Capture,Completed,ANON-03,2026-08-09T21:55:00Z,2026-08-09T22:07:00Z,Completed analysis for step 4,HASH-SHA256-24
CSE-08-CASE-0003-STP-1,CSE-08-CASE-0003,Forensic Step 1: Memory Dump,Completed,ANON-04,2026-08-25T06:27:00Z,2026-08-25T06:30:00Z,Completed analysis for step 1,HASH-SHA256-31
CSE-08-CASE-0003-STP-2,CSE-08-CASE-0003,Forensic Step 2: Egress Inspection,Completed,ANON-04,2026-08-25T06:32:00Z,2026-08-25T06:38:00Z,Completed analysis for step 2,HASH-SHA256-32
CSE-08-CASE-0003-STP-3,CSE-08-CASE-0003,Forensic Step 3: Remediation Review,Completed,ANON-04,2026-08-25T06:37:00Z,2026-08-25T06:46:00Z,Completed analysis for step 3,HASH-SHA256-33
CSE-08-CASE-0003-STP-4,CSE-08-CASE-0003,Forensic Step 4: Artifact Capture,Completed,ANON-04,2026-08-25T06:42:00Z,2026-08-25T06:54:00Z,Completed analysis for step 4,HASH-SHA256-34
CSE-08-CASE-0003-STP-5,CSE-08-CASE-0003,Forensic Step 5: Memory Dump,Completed,ANON-04,2026-08-25T06:47:00Z,2026-08-25T07:02:00Z,Completed analysis for step 5,HASH-SHA256-35
CSE-08-CASE-0004-STP-1,CSE-08-CASE-0004,Forensic Step 1: Memory Dump,Completed,ANON-01,2026-08-10T14:01:00Z,2026-08-10T14:04:00Z,Completed analysis for step 1,HASH-SHA256-41
CSE-08-CASE-0004-STP-2,CSE-08-CASE-0004,Forensic Step 2: Egress Inspection,Completed,ANON-01,2026-08-10T14:06:00Z,2026-08-10T14:12:00Z,Completed analysis for step 2,HASH-SHA256-42
CSE-08-CASE-0004-STP-3,CSE-08-CASE-0004,Forensic Step 3: Remediation Review,Completed,ANON-01,2026-08-10T14:11:00Z,2026-08-10T14:20:00Z,Completed analysis for step 3,HASH-SHA256-43
CSE-08-CASE-0004-STP-4,CSE-08-CASE-0004,Forensic Step 4: Artifact Capture,Completed,ANON-01,2026-08-10T14:16:00Z,2026-08-10T14:28:00Z,Completed analysis for step 4,HASH-SHA256-44
CSE-08-CASE-0005-STP-1,CSE-08-CASE-0005,Forensic Step 1: Memory Dump,Completed,ANON-02,2026-08-06T07:24:00Z,2026-08-06T07:27:00Z,Completed analysis for step 1,HASH-SHA256-51
CSE-08-CASE-0005-STP-2,CSE-08-CASE-0005,Forensic Step 2: Egress Inspection,Completed,ANON-02,2026-08-06T07:29:00Z,2026-08-06T07:35:00Z,Completed analysis for step 2,HASH-SHA256-52
CSE-08-CASE-0005-STP-3,CSE-08-CASE-0005,Forensic Step 3: Remediation Review,Completed,ANON-02,2026-08-06T07:34:00Z,2026-08-06T07:43:00Z,Completed analysis for step 3,HASH-SHA256-53
CSE-08-CASE-0005-STP-4,CSE-08-CASE-0005,Forensic Step 4: Artifact Capture,Completed,ANON-02,2026-08-06T07:39:00Z,2026-08-06T07:51:00Z,Completed analysis for step 4,HASH-SHA256-54
CSE-08-CASE-0005-STP-5,CSE-08-CASE-0005,Forensic Step 5: Memory Dump,Completed,ANON-02,2026-08-06T07:44:00Z,2026-08-06T07:59:00Z,Completed analysis for step 5,HASH-SHA256-55
CSE-08-CASE-0006-STP-1,CSE-08-CASE-0006,Forensic Step 1: Memory Dump,Completed,ANON-03,2026-08-03T15:34:00Z,2026-08-03T15:37:00Z,Completed analysis for step 1,HASH-SHA256-61
CSE-08-CASE-0006-STP-2,CSE-08-CASE-0006,Forensic Step 2: Egress Inspection,Completed,ANON-03,2026-08-03T15:39:00Z,2026-08-03T15:45:00Z,Completed analysis for step 2,HASH-SHA256-62
CSE-08-CASE-0006-STP-3,CSE-08-CASE-0006,Forensic Step 3: Remediation Review,Completed,ANON-03,2026-08-03T15:44:00Z,2026-08-03T15:53:00Z,Completed analysis for step 3,HASH-SHA256-63
CSE-08-CASE-0006-STP-4,CSE-08-CASE-0006,Forensic Step 4: Artifact Capture,Completed,ANON-03,2026-08-03T15:49:00Z,2026-08-03T16:01:00Z,Completed analysis for step 4,HASH-SHA256-64
CSE-08-CASE-0007-STP-1,CSE-08-CASE-0007,Forensic Step 1: Memory Dump,Completed,ANON-04,2026-08-19T17:42:00Z,2026-08-19T17:45:00Z,Completed analysis for step 1,HASH-SHA256-71
CSE-08-CASE-0007-STP-2,CSE-08-CASE-0007,Forensic Step 2: Egress Inspection,Completed,ANON-04,2026-08-19T17:47:00Z,2026-08-19T17:53:00Z,Completed analysis for step 2,HASH-SHA256-72
CSE-08-CASE-0007-STP-3,CSE-08-CASE-0007,Forensic Step 3: Remediation Review,Completed,ANON-04,2026-08-19T17:52:00Z,2026-08-19T18:01:00Z,Completed analysis for step 3,HASH-SHA256-73
CSE-08-CASE-0007-STP-4,CSE-08-CASE-0007,Forensic Step 4: Artifact Capture,Completed,ANON-04,2026-08-19T17:57:00Z,2026-08-19T18:09:00Z,Completed analysis for step 4,HASH-SHA256-74
CSE-08-CASE-0008-STP-1,CSE-08-CASE-0008,Forensic Step 1: Memory Dump,Completed,ANON-01,2026-08-29T14:46:00Z,2026-08-29T14:49:00Z,Completed analysis for step 1,HASH-SHA256-81
CSE-08-CASE-0008-STP-2,CSE-08-CASE-0008,Forensic Step 2: Egress Inspection,Completed,ANON-01,2026-08-29T14:51:00Z,2026-08-29T14:57:00Z,Completed analysis for step 2,HASH-SHA256-82
CSE-08-CASE-0008-STP-3,CSE-08-CASE-0008,Forensic Step 3: Remediation Review,Completed,ANON-01,2026-08-29T14:56:00Z,2026-08-29T15:05:00Z,Completed analysis for step 3,HASH-SHA256-83
CSE-09-CASE-0001-STP-1,CSE-09-CASE-0001,Forensic Step 1: Memory Dump,Completed,ANON-02,2026-08-21T09:09:00Z,2026-08-21T09:12:00Z,Completed analysis for step 1,HASH-SHA256-11
CSE-09-CASE-0001-STP-2,CSE-09-CASE-0001,Forensic Step 2: Egress Inspection,Completed,ANON-02,2026-08-21T09:14:00Z,2026-08-21T09:20:00Z,Completed analysis for step 2,HASH-SHA256-12
CSE-09-CASE-0001-STP-3,CSE-09-CASE-0001,Forensic Step 3: Remediation Review,Completed,ANON-02,2026-08-21T09:19:00Z,2026-08-21T09:28:00Z,Completed analysis for step 3,HASH-SHA256-13
CSE-09-CASE-0001-STP-4,CSE-09-CASE-0001,Forensic Step 4: Artifact Capture,Completed,ANON-02,2026-08-21T09:24:00Z,2026-08-21T09:36:00Z,Completed analysis for step 4,HASH-SHA256-14
CSE-09-CASE-0002-STP-1,CSE-09-CASE-0002,Forensic Step 1: Memory Dump,Completed,ANON-03,2026-08-26T10:20:00Z,2026-08-26T10:23:00Z,Completed analysis for step 1,HASH-SHA256-21
CSE-09-CASE-0002-STP-2,CSE-09-CASE-0002,Forensic Step 2: Egress Inspection,Completed,ANON-03,2026-08-26T10:25:00Z,2026-08-26T10:31:00Z,Completed analysis for step 2,HASH-SHA256-22
CSE-09-CASE-0002-STP-3,CSE-09-CASE-0002,Forensic Step 3: Remediation Review,Completed,ANON-03,2026-08-26T10:30:00Z,2026-08-26T10:39:00Z,Completed analysis for step 3,HASH-SHA256-23
CSE-09-CASE-0002-STP-4,CSE-09-CASE-0002,Forensic Step 4: Artifact Capture,Completed,ANON-03,2026-08-26T10:35:00Z,2026-08-26T10:47:00Z,Completed analysis for step 4,HASH-SHA256-24
CSE-09-CASE-0003-STP-1,CSE-09-CASE-0003,Forensic Step 1: Memory Dump,Completed,ANON-04,2026-08-13T08:13:00Z,2026-08-13T08:16:00Z,Completed analysis for step 1,HASH-SHA256-31
CSE-09-CASE-0003-STP-2,CSE-09-CASE-0003,Forensic Step 2: Egress Inspection,Completed,ANON-04,2026-08-13T08:18:00Z,2026-08-13T08:24:00Z,Completed analysis for step 2,HASH-SHA256-32
CSE-09-CASE-0003-STP-3,CSE-09-CASE-0003,Forensic Step 3: Remediation Review,Completed,ANON-04,2026-08-13T08:23:00Z,2026-08-13T08:32:00Z,Completed analysis for step 3,HASH-SHA256-33
CSE-09-CASE-0003-STP-4,CSE-09-CASE-0003,Forensic Step 4: Artifact Capture,Completed,ANON-04,2026-08-13T08:28:00Z,2026-08-13T08:40:00Z,Completed analysis for step 4,HASH-SHA256-34
CSE-09-CASE-0003-STP-5,CSE-09-CASE-0003,Forensic Step 5: Memory Dump,Completed,ANON-04,2026-08-13T08:33:00Z,2026-08-13T08:48:00Z,Completed analysis for step 5,HASH-SHA256-35
CSE-09-CASE-0004-STP-1,CSE-09-CASE-0004,Forensic Step 1: Memory Dump,Completed,ANON-01,2026-08-07T08:52:00Z,2026-08-07T08:55:00Z,Completed analysis for step 1,HASH-SHA256-41
CSE-09-CASE-0004-STP-2,CSE-09-CASE-0004,Forensic Step 2: Egress Inspection,Completed,ANON-01,2026-08-07T08:57:00Z,2026-08-07T09:03:00Z,Completed analysis for step 2,HASH-SHA256-42
CSE-09-CASE-0004-STP-3,CSE-09-CASE-0004,Forensic Step 3: Remediation Review,Completed,ANON-01,2026-08-07T09:02:00Z,2026-08-07T09:11:00Z,Completed analysis for step 3,HASH-SHA256-43
CSE-09-CASE-0004-STP-4,CSE-09-CASE-0004,Forensic Step 4: Artifact Capture,Completed,ANON-01,2026-08-07T09:07:00Z,2026-08-07T09:19:00Z,Completed analysis for step 4,HASH-SHA256-44
CSE-09-CASE-0005-STP-1,CSE-09-CASE-0005,Forensic Step 1: Memory Dump,Completed,ANON-02,2026-08-05T11:34:00Z,2026-08-05T11:37:00Z,Completed analysis for step 1,HASH-SHA256-51
CSE-09-CASE-0005-STP-2,CSE-09-CASE-0005,Forensic Step 2: Egress Inspection,Completed,ANON-02,2026-08-05T11:39:00Z,2026-08-05T11:45:00Z,Completed analysis for step 2,HASH-SHA256-52
CSE-09-CASE-0005-STP-3,CSE-09-CASE-0005,Forensic Step 3: Remediation Review,Completed,ANON-02,2026-08-05T11:44:00Z,2026-08-05T11:53:00Z,Completed analysis for step 3,HASH-SHA256-53
CSE-09-CASE-0006-STP-1,CSE-09-CASE-0006,Forensic Step 1: Memory Dump,Completed,ANON-03,2026-08-10T17:44:00Z,2026-08-10T17:47:00Z,Completed analysis for step 1,HASH-SHA256-61
CSE-09-CASE-0006-STP-2,CSE-09-CASE-0006,Forensic Step 2: Egress Inspection,Completed,ANON-03,2026-08-10T17:49:00Z,2026-08-10T17:55:00Z,Completed analysis for step 2,HASH-SHA256-62
CSE-09-CASE-0006-STP-3,CSE-09-CASE-0006,Forensic Step 3: Remediation Review,Completed,ANON-03,2026-08-10T17:54:00Z,2026-08-10T18:03:00Z,Completed analysis for step 3,HASH-SHA256-63
CSE-09-CASE-0006-STP-4,CSE-09-CASE-0006,Forensic Step 4: Artifact Capture,Completed,ANON-03,2026-08-10T17:59:00Z,2026-08-10T18:11:00Z,Completed analysis for step 4,HASH-SHA256-64
CSE-09-CASE-0007-STP-1,CSE-09-CASE-0007,Forensic Step 1: Memory Dump,Completed,ANON-04,2026-08-30T05:19:00Z,2026-08-30T05:22:00Z,Completed analysis for step 1,HASH-SHA256-71
CSE-09-CASE-0007-STP-2,CSE-09-CASE-0007,Forensic Step 2: Egress Inspection,Completed,ANON-04,2026-08-30T05:24:00Z,2026-08-30T05:30:00Z,Completed analysis for step 2,HASH-SHA256-72
CSE-09-CASE-0007-STP-3,CSE-09-CASE-0007,Forensic Step 3: Remediation Review,Completed,ANON-04,2026-08-30T05:29:00Z,2026-08-30T05:38:00Z,Completed analysis for step 3,HASH-SHA256-73
CSE-09-CASE-0007-STP-4,CSE-09-CASE-0007,Forensic Step 4: Artifact Capture,Completed,ANON-04,2026-08-30T05:34:00Z,2026-08-30T05:46:00Z,Completed analysis for step 4,HASH-SHA256-74
CSE-09-CASE-0008-STP-1,CSE-09-CASE-0008,Forensic Step 1: Memory Dump,Completed,ANON-01,2026-08-01T15:23:00Z,2026-08-01T15:26:00Z,Completed analysis for step 1,HASH-SHA256-81
CSE-09-CASE-0008-STP-2,CSE-09-CASE-0008,Forensic Step 2: Egress Inspection,Completed,ANON-01,2026-08-01T15:28:00Z,2026-08-01T15:34:00Z,Completed analysis for step 2,HASH-SHA256-82
CSE-09-CASE-0008-STP-3,CSE-09-CASE-0008,Forensic Step 3: Remediation Review,Completed,ANON-01,2026-08-01T15:33:00Z,2026-08-01T15:42:00Z,Completed analysis for step 3,HASH-SHA256-83
CSE-09-CASE-0008-STP-4,CSE-09-CASE-0008,Forensic Step 4: Artifact Capture,Completed,ANON-01,2026-08-01T15:38:00Z,2026-08-01T15:50:00Z,Completed analysis for step 4,HASH-SHA256-84
CSE-09-CASE-0008-STP-5,CSE-09-CASE-0008,Forensic Step 5: Memory Dump,Completed,ANON-01,2026-08-01T15:43:00Z,2026-08-01T15:58:00Z,Completed analysis for step 5,HASH-SHA256-85
CSE-09-CASE-0009-STP-1,CSE-09-CASE-0009,Forensic Step 1: Memory Dump,Completed,ANON-02,2026-08-17T13:19:00Z,2026-08-17T13:22:00Z,Completed analysis for step 1,HASH-SHA256-91
CSE-09-CASE-0009-STP-2,CSE-09-CASE-0009,Forensic Step 2: Egress Inspection,Completed,ANON-02,2026-08-17T13:24:00Z,2026-08-17T13:30:00Z,Completed analysis for step 2,HASH-SHA256-92
CSE-09-CASE-0009-STP-3,CSE-09-CASE-0009,Forensic Step 3: Remediation Review,Completed,ANON-02,2026-08-17T13:29:00Z,2026-08-17T13:38:00Z,Completed analysis for step 3,HASH-SHA256-93
CSE-09-CASE-0009-STP-4,CSE-09-CASE-0009,Forensic Step 4: Artifact Capture,Completed,ANON-02,2026-08-17T13:34:00Z,2026-08-17T13:46:00Z,Completed analysis for step 4,HASH-SHA256-94
CSE-09-CASE-0009-STP-5,CSE-09-CASE-0009,Forensic Step 5: Memory Dump,Completed,ANON-02,2026-08-17T13:39:00Z,2026-08-17T13:54:00Z,Completed analysis for step 5,HASH-SHA256-95
CSE-09-CASE-0010-STP-1,CSE-09-CASE-0010,Forensic Step 1: Memory Dump,Completed,ANON-03,2026-08-20T09:44:00Z,2026-08-20T09:47:00Z,Completed analysis for step 1,HASH-SHA256-101
CSE-09-CASE-0010-STP-2,CSE-09-CASE-0010,Forensic Step 2: Egress Inspection,Completed,ANON-03,2026-08-20T09:49:00Z,2026-08-20T09:55:00Z,Completed analysis for step 2,HASH-SHA256-102
CSE-09-CASE-0010-STP-3,CSE-09-CASE-0010,Forensic Step 3: Remediation Review,Completed,ANON-03,2026-08-20T09:54:00Z,2026-08-20T10:03:00Z,Completed analysis for step 3,HASH-SHA256-103
CSE-09-CASE-0010-STP-4,CSE-09-CASE-0010,Forensic Step 4: Artifact Capture,Completed,ANON-03,2026-08-20T09:59:00Z,2026-08-20T10:11:00Z,Completed analysis for step 4,HASH-SHA256-104
CSE-09-CASE-0011-STP-1,CSE-09-CASE-0011,Forensic Step 1: Memory Dump,Completed,ANON-04,2026-08-15T20:20:00Z,2026-08-15T20:23:00Z,Completed analysis for step 1,HASH-SHA256-111
CSE-09-CASE-0011-STP-2,CSE-09-CASE-0011,Forensic Step 2: Egress Inspection,Completed,ANON-04,2026-08-15T20:25:00Z,2026-08-15T20:31:00Z,Completed analysis for step 2,HASH-SHA256-112
CSE-09-CASE-0011-STP-3,CSE-09-CASE-0011,Forensic Step 3: Remediation Review,Completed,ANON-04,2026-08-15T20:30:00Z,2026-08-15T20:39:00Z,Completed analysis for step 3,HASH-SHA256-113
CSE-09-CASE-0012-STP-1,CSE-09-CASE-0012,Forensic Step 1: Memory Dump,Completed,ANON-01,2026-08-24T05:52:00Z,2026-08-24T05:55:00Z,Completed analysis for step 1,HASH-SHA256-121
CSE-09-CASE-0012-STP-2,CSE-09-CASE-0012,Forensic Step 2: Egress Inspection,Completed,ANON-01,2026-08-24T05:57:00Z,2026-08-24T06:03:00Z,Completed analysis for step 2,HASH-SHA256-122
CSE-09-CASE-0012-STP-3,CSE-09-CASE-0012,Forensic Step 3: Remediation Review,Completed,ANON-01,2026-08-24T06:02:00Z,2026-08-24T06:11:00Z,Completed analysis for step 3,HASH-SHA256-123
CSE-09-CASE-0012-STP-4,CSE-09-CASE-0012,Forensic Step 4: Artifact Capture,Completed,ANON-01,2026-08-24T06:07:00Z,2026-08-24T06:19:00Z,Completed analysis for step 4,HASH-SHA256-124
CSE-09-CASE-0012-STP-5,CSE-09-CASE-0012,Forensic Step 5: Memory Dump,Completed,ANON-01,2026-08-24T06:12:00Z,2026-08-24T06:27:00Z,Completed analysis for step 5,HASH-SHA256-125
CSE-09-CASE-0013-STP-1,CSE-09-CASE-0013,Forensic Step 1: Memory Dump,Completed,ANON-02,2026-08-17T16:51:00Z,2026-08-17T16:54:00Z,Completed analysis for step 1,HASH-SHA256-131
CSE-09-CASE-0013-STP-2,CSE-09-CASE-0013,Forensic Step 2: Egress Inspection,Completed,ANON-02,2026-08-17T16:56:00Z,2026-08-17T17:02:00Z,Completed analysis for step 2,HASH-SHA256-132
CSE-09-CASE-0013-STP-3,CSE-09-CASE-0013,Forensic Step 3: Remediation Review,Completed,ANON-02,2026-08-17T17:01:00Z,2026-08-17T17:10:00Z,Completed analysis for step 3,HASH-SHA256-133
CSE-09-CASE-0013-STP-4,CSE-09-CASE-0013,Forensic Step 4: Artifact Capture,Completed,ANON-02,2026-08-17T17:06:00Z,2026-08-17T17:18:00Z,Completed analysis for step 4,HASH-SHA256-134
CSE-09-CASE-0014-STP-1,CSE-09-CASE-0014,Forensic Step 1: Memory Dump,Completed,ANON-03,2026-08-04T11:40:00Z,2026-08-04T11:43:00Z,Completed analysis for step 1,HASH-SHA256-141
CSE-09-CASE-0014-STP-2,CSE-09-CASE-0014,Forensic Step 2: Egress Inspection,Completed,ANON-03,2026-08-04T11:45:00Z,2026-08-04T11:51:00Z,Completed analysis for step 2,HASH-SHA256-142
CSE-09-CASE-0014-STP-3,CSE-09-CASE-0014,Forensic Step 3: Remediation Review,Completed,ANON-03,2026-08-04T11:50:00Z,2026-08-04T11:59:00Z,Completed analysis for step 3,HASH-SHA256-143
CSE-09-CASE-0014-STP-4,CSE-09-CASE-0014,Forensic Step 4: Artifact Capture,Completed,ANON-03,2026-08-04T11:55:00Z,2026-08-04T12:07:00Z,Completed analysis for step 4,HASH-SHA256-144
CSE-09-CASE-0015-STP-1,CSE-09-CASE-0015,Forensic Step 1: Memory Dump,Completed,ANON-04,2026-08-23T21:32:00Z,2026-08-23T21:35:00Z,Completed analysis for step 1,HASH-SHA256-151
CSE-09-CASE-0015-STP-2,CSE-09-CASE-0015,Forensic Step 2: Egress Inspection,Completed,ANON-04,2026-08-23T21:37:00Z,2026-08-23T21:43:00Z,Completed analysis for step 2,HASH-SHA256-152
CSE-09-CASE-0015-STP-3,CSE-09-CASE-0015,Forensic Step 3: Remediation Review,Completed,ANON-04,2026-08-23T21:42:00Z,2026-08-23T21:51:00Z,Completed analysis for step 3,HASH-SHA256-153
CSE-09-CASE-0015-STP-4,CSE-09-CASE-0015,Forensic Step 4: Artifact Capture,Completed,ANON-04,2026-08-23T21:47:00Z,2026-08-23T21:59:00Z,Completed analysis for step 4,HASH-SHA256-154
CSE-09-CASE-0015-STP-5,CSE-09-CASE-0015,Forensic Step 5: Memory Dump,Completed,ANON-04,2026-08-23T21:52:00Z,2026-08-23T22:07:00Z,Completed analysis for step 5,HASH-SHA256-155
CSE-09-CASE-0016-STP-1,CSE-09-CASE-0016,Forensic Step 1: Memory Dump,Completed,ANON-01,2026-08-16T18:22:00Z,2026-08-16T18:25:00Z,Completed analysis for step 1,HASH-SHA256-161
CSE-09-CASE-0016-STP-2,CSE-09-CASE-0016,Forensic Step 2: Egress Inspection,Completed,ANON-01,2026-08-16T18:27:00Z,2026-08-16T18:33:00Z,Completed analysis for step 2,HASH-SHA256-162
CSE-09-CASE-0016-STP-3,CSE-09-CASE-0016,Forensic Step 3: Remediation Review,Completed,ANON-01,2026-08-16T18:32:00Z,2026-08-16T18:41:00Z,Completed analysis for step 3,HASH-SHA256-163
CSE-09-CASE-0017-STP-1,CSE-09-CASE-0017,Forensic Step 1: Memory Dump,Completed,ANON-02,2026-08-04T00:14:00Z,2026-08-04T00:17:00Z,Completed analysis for step 1,HASH-SHA256-171
CSE-09-CASE-0017-STP-2,CSE-09-CASE-0017,Forensic Step 2: Egress Inspection,Completed,ANON-02,2026-08-04T00:19:00Z,2026-08-04T00:25:00Z,Completed analysis for step 2,HASH-SHA256-172
CSE-09-CASE-0017-STP-3,CSE-09-CASE-0017,Forensic Step 3: Remediation Review,Completed,ANON-02,2026-08-04T00:24:00Z,2026-08-04T00:33:00Z,Completed analysis for step 3,HASH-SHA256-173
CSE-09-CASE-0017-STP-4,CSE-09-CASE-0017,Forensic Step 4: Artifact Capture,Completed,ANON-02,2026-08-04T00:29:00Z,2026-08-04T00:41:00Z,Completed analysis for step 4,HASH-SHA256-174
CSE-09-CASE-0018-STP-1,CSE-09-CASE-0018,Forensic Step 1: Memory Dump,Completed,ANON-03,2026-08-10T16:37:00Z,2026-08-10T16:40:00Z,Completed analysis for step 1,HASH-SHA256-181
CSE-09-CASE-0018-STP-2,CSE-09-CASE-0018,Forensic Step 2: Egress Inspection,Completed,ANON-03,2026-08-10T16:42:00Z,2026-08-10T16:48:00Z,Completed analysis for step 2,HASH-SHA256-182
CSE-09-CASE-0018-STP-3,CSE-09-CASE-0018,Forensic Step 3: Remediation Review,Completed,ANON-03,2026-08-10T16:47:00Z,2026-08-10T16:56:00Z,Completed analysis for step 3,HASH-SHA256-183
CSE-09-CASE-0018-STP-4,CSE-09-CASE-0018,Forensic Step 4: Artifact Capture,Completed,ANON-03,2026-08-10T16:52:00Z,2026-08-10T17:04:00Z,Completed analysis for step 4,HASH-SHA256-184
CSE-09-CASE-0019-STP-1,CSE-09-CASE-0019,Forensic Step 1: Memory Dump,Completed,ANON-04,2026-08-27T05:27:00Z,2026-08-27T05:30:00Z,Completed analysis for step 1,HASH-SHA256-191
CSE-09-CASE-0019-STP-2,CSE-09-CASE-0019,Forensic Step 2: Egress Inspection,Completed,ANON-04,2026-08-27T05:32:00Z,2026-08-27T05:38:00Z,Completed analysis for step 2,HASH-SHA256-192
CSE-09-CASE-0019-STP-3,CSE-09-CASE-0019,Forensic Step 3: Remediation Review,Completed,ANON-04,2026-08-27T05:37:00Z,2026-08-27T05:46:00Z,Completed analysis for step 3,HASH-SHA256-193
CSE-09-CASE-0020-STP-1,CSE-09-CASE-0020,Forensic Step 1: Memory Dump,Completed,ANON-01,2026-08-23T04:23:00Z,2026-08-23T04:26:00Z,Completed analysis for step 1,HASH-SHA256-201
CSE-09-CASE-0020-STP-2,CSE-09-CASE-0020,Forensic Step 2: Egress Inspection,Completed,ANON-01,2026-08-23T04:28:00Z,2026-08-23T04:34:00Z,Completed analysis for step 2,HASH-SHA256-202
CSE-09-CASE-0020-STP-3,CSE-09-CASE-0020,Forensic Step 3: Remediation Review,Completed,ANON-01,2026-08-23T04:33:00Z,2026-08-23T04:42:00Z,Completed analysis for step 3,HASH-SHA256-203
CSE-09-CASE-0020-STP-4,CSE-09-CASE-0020,Forensic Step 4: Artifact Capture,Completed,ANON-01,2026-08-23T04:38:00Z,2026-08-23T04:50:00Z,Completed analysis for step 4,HASH-SHA256-204
CSE-09-CASE-0020-STP-5,CSE-09-CASE-0020,Forensic Step 5: Memory Dump,Completed,ANON-01,2026-08-23T04:43:00Z,2026-08-23T04:58:00Z,Completed analysis for step 5,HASH-SHA256-205
CSE-09-CASE-0021-STP-1,CSE-09-CASE-0021,Forensic Step 1: Memory Dump,Completed,ANON-02,2026-08-03T19:59:00Z,2026-08-03T20:02:00Z,Completed analysis for step 1,HASH-SHA256-211
CSE-09-CASE-0021-STP-2,CSE-09-CASE-0021,Forensic Step 2: Egress Inspection,Completed,ANON-02,2026-08-03T20:04:00Z,2026-08-03T20:10:00Z,Completed analysis for step 2,HASH-SHA256-212
CSE-09-CASE-0021-STP-3,CSE-09-CASE-0021,Forensic Step 3: Remediation Review,Completed,ANON-02,2026-08-03T20:09:00Z,2026-08-03T20:18:00Z,Completed analysis for step 3,HASH-SHA256-213
CSE-09-CASE-0021-STP-4,CSE-09-CASE-0021,Forensic Step 4: Artifact Capture,Completed,ANON-02,2026-08-03T20:14:00Z,2026-08-03T20:26:00Z,Completed analysis for step 4,HASH-SHA256-214
CSE-09-CASE-0022-STP-1,CSE-09-CASE-0022,Forensic Step 1: Memory Dump,Completed,ANON-03,2026-08-09T20:56:00Z,2026-08-09T20:59:00Z,Completed analysis for step 1,HASH-SHA256-221
CSE-09-CASE-0022-STP-2,CSE-09-CASE-0022,Forensic Step 2: Egress Inspection,Completed,ANON-03,2026-08-09T21:01:00Z,2026-08-09T21:07:00Z,Completed analysis for step 2,HASH-SHA256-222
CSE-09-CASE-0022-STP-3,CSE-09-CASE-0022,Forensic Step 3: Remediation Review,Completed,ANON-03,2026-08-09T21:06:00Z,2026-08-09T21:15:00Z,Completed analysis for step 3,HASH-SHA256-223
CSE-09-CASE-0023-STP-1,CSE-09-CASE-0023,Forensic Step 1: Memory Dump,Completed,ANON-04,2026-08-06T06:53:00Z,2026-08-06T06:56:00Z,Completed analysis for step 1,HASH-SHA256-231
CSE-09-CASE-0023-STP-2,CSE-09-CASE-0023,Forensic Step 2: Egress Inspection,Completed,ANON-04,2026-08-06T06:58:00Z,2026-08-06T07:04:00Z,Completed analysis for step 2,HASH-SHA256-232
CSE-09-CASE-0023-STP-3,CSE-09-CASE-0023,Forensic Step 3: Remediation Review,Completed,ANON-04,2026-08-06T07:03:00Z,2026-08-06T07:12:00Z,Completed analysis for step 3,HASH-SHA256-233
CSE-09-CASE-0023-STP-4,CSE-09-CASE-0023,Forensic Step 4: Artifact Capture,Completed,ANON-04,2026-08-06T07:08:00Z,2026-08-06T07:20:00Z,Completed analysis for step 4,HASH-SHA256-234
CSE-09-CASE-0023-STP-5,CSE-09-CASE-0023,Forensic Step 5: Memory Dump,Completed,ANON-04,2026-08-06T07:13:00Z,2026-08-06T07:28:00Z,Completed analysis for step 5,HASH-SHA256-235
CSE-09-CASE-0024-STP-1,CSE-09-CASE-0024,Forensic Step 1: Memory Dump,Completed,ANON-01,2026-08-22T22:22:00Z,2026-08-22T22:25:00Z,Completed analysis for step 1,HASH-SHA256-241
CSE-09-CASE-0024-STP-2,CSE-09-CASE-0024,Forensic Step 2: Egress Inspection,Completed,ANON-01,2026-08-22T22:27:00Z,2026-08-22T22:33:00Z,Completed analysis for step 2,HASH-SHA256-242
CSE-09-CASE-0024-STP-3,CSE-09-CASE-0024,Forensic Step 3: Remediation Review,Completed,ANON-01,2026-08-22T22:32:00Z,2026-08-22T22:41:00Z,Completed analysis for step 3,HASH-SHA256-243
CSE-09-CASE-0024-STP-4,CSE-09-CASE-0024,Forensic Step 4: Artifact Capture,Completed,ANON-01,2026-08-22T22:37:00Z,2026-08-22T22:49:00Z,Completed analysis for step 4,HASH-SHA256-244
CSE-09-CASE-0024-STP-5,CSE-09-CASE-0024,Forensic Step 5: Memory Dump,Completed,ANON-01,2026-08-22T22:42:00Z,2026-08-22T22:57:00Z,Completed analysis for step 5,HASH-SHA256-245
CSE-09-CASE-0025-STP-1,CSE-09-CASE-0025,Forensic Step 1: Memory Dump,Completed,ANON-02,2026-08-30T08:10:00Z,2026-08-30T08:13:00Z,Completed analysis for step 1,HASH-SHA256-251
CSE-09-CASE-0025-STP-2,CSE-09-CASE-0025,Forensic Step 2: Egress Inspection,Completed,ANON-02,2026-08-30T08:15:00Z,2026-08-30T08:21:00Z,Completed analysis for step 2,HASH-SHA256-252
CSE-09-CASE-0025-STP-3,CSE-09-CASE-0025,Forensic Step 3: Remediation Review,Completed,ANON-02,2026-08-30T08:20:00Z,2026-08-30T08:29:00Z,Completed analysis for step 3,HASH-SHA256-253
CSE-09-CASE-0025-STP-4,CSE-09-CASE-0025,Forensic Step 4: Artifact Capture,Completed,ANON-02,2026-08-30T08:25:00Z,2026-08-30T08:37:00Z,Completed analysis for step 4,HASH-SHA256-254
CSE-09-CASE-0026-STP-1,CSE-09-CASE-0026,Forensic Step 1: Memory Dump,Completed,ANON-03,2026-08-02T10:22:00Z,2026-08-02T10:25:00Z,Completed analysis for step 1,HASH-SHA256-261
CSE-09-CASE-0026-STP-2,CSE-09-CASE-0026,Forensic Step 2: Egress Inspection,Completed,ANON-03,2026-08-02T10:27:00Z,2026-08-02T10:33:00Z,Completed analysis for step 2,HASH-SHA256-262
CSE-09-CASE-0026-STP-3,CSE-09-CASE-0026,Forensic Step 3: Remediation Review,Completed,ANON-03,2026-08-02T10:32:00Z,2026-08-02T10:41:00Z,Completed analysis for step 3,HASH-SHA256-263
CSE-09-CASE-0026-STP-4,CSE-09-CASE-0026,Forensic Step 4: Artifact Capture,Completed,ANON-03,2026-08-02T10:37:00Z,2026-08-02T10:49:00Z,Completed analysis for step 4,HASH-SHA256-264
CSE-09-CASE-0026-STP-5,CSE-09-CASE-0026,Forensic Step 5: Memory Dump,Completed,ANON-03,2026-08-02T10:42:00Z,2026-08-02T10:57:00Z,Completed analysis for step 5,HASH-SHA256-265
CSE-09-CASE-0027-STP-1,CSE-09-CASE-0027,Forensic Step 1: Memory Dump,Completed,ANON-04,2026-08-28T18:40:00Z,2026-08-28T18:43:00Z,Completed analysis for step 1,HASH-SHA256-271
CSE-09-CASE-0027-STP-2,CSE-09-CASE-0027,Forensic Step 2: Egress Inspection,Completed,ANON-04,2026-08-28T18:45:00Z,2026-08-28T18:51:00Z,Completed analysis for step 2,HASH-SHA256-272
CSE-09-CASE-0027-STP-3,CSE-09-CASE-0027,Forensic Step 3: Remediation Review,Completed,ANON-04,2026-08-28T18:50:00Z,2026-08-28T18:59:00Z,Completed analysis for step 3,HASH-SHA256-273
CSE-09-CASE-0027-STP-4,CSE-09-CASE-0027,Forensic Step 4: Artifact Capture,Completed,ANON-04,2026-08-28T18:55:00Z,2026-08-28T19:07:00Z,Completed analysis for step 4,HASH-SHA256-274
CSE-09-CASE-0028-STP-1,CSE-09-CASE-0028,Forensic Step 1: Memory Dump,Completed,ANON-01,2026-08-13T05:51:00Z,2026-08-13T05:54:00Z,Completed analysis for step 1,HASH-SHA256-281
CSE-09-CASE-0028-STP-2,CSE-09-CASE-0028,Forensic Step 2: Egress Inspection,Completed,ANON-01,2026-08-13T05:56:00Z,2026-08-13T06:02:00Z,Completed analysis for step 2,HASH-SHA256-282
CSE-09-CASE-0028-STP-3,CSE-09-CASE-0028,Forensic Step 3: Remediation Review,Completed,ANON-01,2026-08-13T06:01:00Z,2026-08-13T06:10:00Z,Completed analysis for step 3,HASH-SHA256-283
CSE-09-CASE-0029-STP-1,CSE-09-CASE-0029,Forensic Step 1: Memory Dump,Completed,ANON-02,2026-08-21T13:45:00Z,2026-08-21T13:48:00Z,Completed analysis for step 1,HASH-SHA256-291
CSE-09-CASE-0029-STP-2,CSE-09-CASE-0029,Forensic Step 2: Egress Inspection,Completed,ANON-02,2026-08-21T13:50:00Z,2026-08-21T13:56:00Z,Completed analysis for step 2,HASH-SHA256-292
CSE-09-CASE-0029-STP-3,CSE-09-CASE-0029,Forensic Step 3: Remediation Review,Completed,ANON-02,2026-08-21T13:55:00Z,2026-08-21T14:04:00Z,Completed analysis for step 3,HASH-SHA256-293
CSE-09-CASE-0029-STP-4,CSE-09-CASE-0029,Forensic Step 4: Artifact Capture,Completed,ANON-02,2026-08-21T14:00:00Z,2026-08-21T14:12:00Z,Completed analysis for step 4,HASH-SHA256-294
CSE-09-CASE-0030-STP-1,CSE-09-CASE-0030,Forensic Step 1: Memory Dump,Completed,ANON-03,2026-08-11T15:35:00Z,2026-08-11T15:38:00Z,Completed analysis for step 1,HASH-SHA256-301
CSE-09-CASE-0030-STP-2,CSE-09-CASE-0030,Forensic Step 2: Egress Inspection,Completed,ANON-03,2026-08-11T15:40:00Z,2026-08-11T15:46:00Z,Completed analysis for step 2,HASH-SHA256-302
CSE-09-CASE-0030-STP-3,CSE-09-CASE-0030,Forensic Step 3: Remediation Review,Completed,ANON-03,2026-08-11T15:45:00Z,2026-08-11T15:54:00Z,Completed analysis for step 3,HASH-SHA256-303
CSE-09-CASE-0030-STP-4,CSE-09-CASE-0030,Forensic Step 4: Artifact Capture,Completed,ANON-03,2026-08-11T15:50:00Z,2026-08-11T16:02:00Z,Completed analysis for step 4,HASH-SHA256-304
CSE-09-CASE-0031-STP-1,CSE-09-CASE-0031,Forensic Step 1: Memory Dump,Completed,ANON-04,2026-08-27T15:20:00Z,2026-08-27T15:23:00Z,Completed analysis for step 1,HASH-SHA256-311
CSE-09-CASE-0031-STP-2,CSE-09-CASE-0031,Forensic Step 2: Egress Inspection,Completed,ANON-04,2026-08-27T15:25:00Z,2026-08-27T15:31:00Z,Completed analysis for step 2,HASH-SHA256-312
CSE-09-CASE-0031-STP-3,CSE-09-CASE-0031,Forensic Step 3: Remediation Review,Completed,ANON-04,2026-08-27T15:30:00Z,2026-08-27T15:39:00Z,Completed analysis for step 3,HASH-SHA256-313
CSE-09-CASE-0031-STP-4,CSE-09-CASE-0031,Forensic Step 4: Artifact Capture,Completed,ANON-04,2026-08-27T15:35:00Z,2026-08-27T15:47:00Z,Completed analysis for step 4,HASH-SHA256-314
CSE-09-CASE-0032-STP-1,CSE-09-CASE-0032,Forensic Step 1: Memory Dump,Completed,ANON-01,2026-08-15T18:14:00Z,2026-08-15T18:17:00Z,Completed analysis for step 1,HASH-SHA256-321
CSE-09-CASE-0032-STP-2,CSE-09-CASE-0032,Forensic Step 2: Egress Inspection,Completed,ANON-01,2026-08-15T18:19:00Z,2026-08-15T18:25:00Z,Completed analysis for step 2,HASH-SHA256-322
CSE-09-CASE-0032-STP-3,CSE-09-CASE-0032,Forensic Step 3: Remediation Review,Completed,ANON-01,2026-08-15T18:24:00Z,2026-08-15T18:33:00Z,Completed analysis for step 3,HASH-SHA256-323
CSE-09-CASE-0033-STP-1,CSE-09-CASE-0033,Forensic Step 1: Memory Dump,Completed,ANON-02,2026-08-19T01:15:00Z,2026-08-19T01:18:00Z,Completed analysis for step 1,HASH-SHA256-331
CSE-09-CASE-0033-STP-2,CSE-09-CASE-0033,Forensic Step 2: Egress Inspection,Completed,ANON-02,2026-08-19T01:20:00Z,2026-08-19T01:26:00Z,Completed analysis for step 2,HASH-SHA256-332
CSE-09-CASE-0033-STP-3,CSE-09-CASE-0033,Forensic Step 3: Remediation Review,Completed,ANON-02,2026-08-19T01:25:00Z,2026-08-19T01:34:00Z,Completed analysis for step 3,HASH-SHA256-333
CSE-09-CASE-0033-STP-4,CSE-09-CASE-0033,Forensic Step 4: Artifact Capture,Completed,ANON-02,2026-08-19T01:30:00Z,2026-08-19T01:42:00Z,Completed analysis for step 4,HASH-SHA256-334
CSE-09-CASE-0033-STP-5,CSE-09-CASE-0033,Forensic Step 5: Memory Dump,Completed,ANON-02,2026-08-19T01:35:00Z,2026-08-19T01:50:00Z,Completed analysis for step 5,HASH-SHA256-335
CSE-09-CASE-0034-STP-1,CSE-09-CASE-0034,Forensic Step 1: Memory Dump,Completed,ANON-03,2026-08-18T14:52:00Z,2026-08-18T14:55:00Z,Completed analysis for step 1,HASH-SHA256-341
CSE-09-CASE-0034-STP-2,CSE-09-CASE-0034,Forensic Step 2: Egress Inspection,Completed,ANON-03,2026-08-18T14:57:00Z,2026-08-18T15:03:00Z,Completed analysis for step 2,HASH-SHA256-342
CSE-09-CASE-0034-STP-3,CSE-09-CASE-0034,Forensic Step 3: Remediation Review,Completed,ANON-03,2026-08-18T15:02:00Z,2026-08-18T15:11:00Z,Completed analysis for step 3,HASH-SHA256-343
CSE-09-CASE-0035-STP-1,CSE-09-CASE-0035,Forensic Step 1: Memory Dump,Completed,ANON-04,2026-08-28T22:36:00Z,2026-08-28T22:39:00Z,Completed analysis for step 1,HASH-SHA256-351
CSE-09-CASE-0035-STP-2,CSE-09-CASE-0035,Forensic Step 2: Egress Inspection,Completed,ANON-04,2026-08-28T22:41:00Z,2026-08-28T22:47:00Z,Completed analysis for step 2,HASH-SHA256-352
CSE-09-CASE-0035-STP-3,CSE-09-CASE-0035,Forensic Step 3: Remediation Review,Completed,ANON-04,2026-08-28T22:46:00Z,2026-08-28T22:55:00Z,Completed analysis for step 3,HASH-SHA256-353
CSE-09-CASE-0035-STP-4,CSE-09-CASE-0035,Forensic Step 4: Artifact Capture,Completed,ANON-04,2026-08-28T22:51:00Z,2026-08-28T23:03:00Z,Completed analysis for step 4,HASH-SHA256-354
CSE-09-CASE-0035-STP-5,CSE-09-CASE-0035,Forensic Step 5: Memory Dump,Completed,ANON-04,2026-08-28T22:56:00Z,2026-08-28T23:11:00Z,Completed analysis for step 5,HASH-SHA256-355
CSE-09-CASE-0036-STP-1,CSE-09-CASE-0036,Forensic Step 1: Memory Dump,Completed,ANON-01,2026-08-15T11:12:00Z,2026-08-15T11:15:00Z,Completed analysis for step 1,HASH-SHA256-361
CSE-09-CASE-0036-STP-2,CSE-09-CASE-0036,Forensic Step 2: Egress Inspection,Completed,ANON-01,2026-08-15T11:17:00Z,2026-08-15T11:23:00Z,Completed analysis for step 2,HASH-SHA256-362
CSE-09-CASE-0036-STP-3,CSE-09-CASE-0036,Forensic Step 3: Remediation Review,Completed,ANON-01,2026-08-15T11:22:00Z,2026-08-15T11:31:00Z,Completed analysis for step 3,HASH-SHA256-363
CSE-09-CASE-0036-STP-4,CSE-09-CASE-0036,Forensic Step 4: Artifact Capture,Completed,ANON-01,2026-08-15T11:27:00Z,2026-08-15T11:39:00Z,Completed analysis for step 4,HASH-SHA256-364
CSE-09-CASE-0036-STP-5,CSE-09-CASE-0036,Forensic Step 5: Memory Dump,Completed,ANON-01,2026-08-15T11:32:00Z,2026-08-15T11:47:00Z,Completed analysis for step 5,HASH-SHA256-365
CSE-09-CASE-0037-STP-1,CSE-09-CASE-0037,Forensic Step 1: Memory Dump,Completed,ANON-02,2026-08-26T17:42:00Z,2026-08-26T17:45:00Z,Completed analysis for step 1,HASH-SHA256-371
CSE-09-CASE-0037-STP-2,CSE-09-CASE-0037,Forensic Step 2: Egress Inspection,Completed,ANON-02,2026-08-26T17:47:00Z,2026-08-26T17:53:00Z,Completed analysis for step 2,HASH-SHA256-372
CSE-09-CASE-0037-STP-3,CSE-09-CASE-0037,Forensic Step 3: Remediation Review,Completed,ANON-02,2026-08-26T17:52:00Z,2026-08-26T18:01:00Z,Completed analysis for step 3,HASH-SHA256-373
CSE-09-CASE-0037-STP-4,CSE-09-CASE-0037,Forensic Step 4: Artifact Capture,Completed,ANON-02,2026-08-26T17:57:00Z,2026-08-26T18:09:00Z,Completed analysis for step 4,HASH-SHA256-374
CSE-09-CASE-0038-STP-1,CSE-09-CASE-0038,Forensic Step 1: Memory Dump,Completed,ANON-03,2026-08-06T06:54:00Z,2026-08-06T06:57:00Z,Completed analysis for step 1,HASH-SHA256-381
CSE-09-CASE-0038-STP-2,CSE-09-CASE-0038,Forensic Step 2: Egress Inspection,Completed,ANON-03,2026-08-06T06:59:00Z,2026-08-06T07:05:00Z,Completed analysis for step 2,HASH-SHA256-382
CSE-09-CASE-0038-STP-3,CSE-09-CASE-0038,Forensic Step 3: Remediation Review,Completed,ANON-03,2026-08-06T07:04:00Z,2026-08-06T07:13:00Z,Completed analysis for step 3,HASH-SHA256-383
CSE-09-CASE-0039-STP-1,CSE-09-CASE-0039,Forensic Step 1: Memory Dump,Completed,ANON-04,2026-08-04T20:24:00Z,2026-08-04T20:27:00Z,Completed analysis for step 1,HASH-SHA256-391
CSE-09-CASE-0039-STP-2,CSE-09-CASE-0039,Forensic Step 2: Egress Inspection,Completed,ANON-04,2026-08-04T20:29:00Z,2026-08-04T20:35:00Z,Completed analysis for step 2,HASH-SHA256-392
CSE-09-CASE-0039-STP-3,CSE-09-CASE-0039,Forensic Step 3: Remediation Review,Completed,ANON-04,2026-08-04T20:34:00Z,2026-08-04T20:43:00Z,Completed analysis for step 3,HASH-SHA256-393
CSE-09-CASE-0040-STP-1,CSE-09-CASE-0040,Forensic Step 1: Memory Dump,Completed,ANON-01,2026-08-22T05:50:00Z,2026-08-22T05:53:00Z,Completed analysis for step 1,HASH-SHA256-401
CSE-09-CASE-0040-STP-2,CSE-09-CASE-0040,Forensic Step 2: Egress Inspection,Completed,ANON-01,2026-08-22T05:55:00Z,2026-08-22T06:01:00Z,Completed analysis for step 2,HASH-SHA256-402
CSE-09-CASE-0040-STP-3,CSE-09-CASE-0040,Forensic Step 3: Remediation Review,Completed,ANON-01,2026-08-22T06:00:00Z,2026-08-22T06:09:00Z,Completed analysis for step 3,HASH-SHA256-403
CSE-09-CASE-0040-STP-4,CSE-09-CASE-0040,Forensic Step 4: Artifact Capture,Completed,ANON-01,2026-08-22T06:05:00Z,2026-08-22T06:17:00Z,Completed analysis for step 4,HASH-SHA256-404
CSE-09-CASE-0041-STP-1,CSE-09-CASE-0041,Forensic Step 1: Memory Dump,Completed,ANON-02,2026-08-02T00:59:00Z,2026-08-02T01:02:00Z,Completed analysis for step 1,HASH-SHA256-411
CSE-09-CASE-0041-STP-2,CSE-09-CASE-0041,Forensic Step 2: Egress Inspection,Completed,ANON-02,2026-08-02T01:04:00Z,2026-08-02T01:10:00Z,Completed analysis for step 2,HASH-SHA256-412
CSE-09-CASE-0041-STP-3,CSE-09-CASE-0041,Forensic Step 3: Remediation Review,Completed,ANON-02,2026-08-02T01:09:00Z,2026-08-02T01:18:00Z,Completed analysis for step 3,HASH-SHA256-413
CSE-09-CASE-0041-STP-4,CSE-09-CASE-0041,Forensic Step 4: Artifact Capture,Completed,ANON-02,2026-08-02T01:14:00Z,2026-08-02T01:26:00Z,Completed analysis for step 4,HASH-SHA256-414
CSE-09-CASE-0041-STP-5,CSE-09-CASE-0041,Forensic Step 5: Memory Dump,Completed,ANON-02,2026-08-02T01:19:00Z,2026-08-02T01:34:00Z,Completed analysis for step 5,HASH-SHA256-415
CSE-09-CASE-0042-STP-1,CSE-09-CASE-0042,Forensic Step 1: Memory Dump,Completed,ANON-03,2026-08-25T13:52:00Z,2026-08-25T13:55:00Z,Completed analysis for step 1,HASH-SHA256-421
CSE-09-CASE-0042-STP-2,CSE-09-CASE-0042,Forensic Step 2: Egress Inspection,Completed,ANON-03,2026-08-25T13:57:00Z,2026-08-25T14:03:00Z,Completed analysis for step 2,HASH-SHA256-422
CSE-09-CASE-0042-STP-3,CSE-09-CASE-0042,Forensic Step 3: Remediation Review,Completed,ANON-03,2026-08-25T14:02:00Z,2026-08-25T14:11:00Z,Completed analysis for step 3,HASH-SHA256-423
CSE-09-CASE-0042-STP-4,CSE-09-CASE-0042,Forensic Step 4: Artifact Capture,Completed,ANON-03,2026-08-25T14:07:00Z,2026-08-25T14:19:00Z,Completed analysis for step 4,HASH-SHA256-424
CSE-09-CASE-0042-STP-5,CSE-09-CASE-0042,Forensic Step 5: Memory Dump,Completed,ANON-03,2026-08-25T14:12:00Z,2026-08-25T14:27:00Z,Completed analysis for step 5,HASH-SHA256-425
CSE-09-CASE-0043-STP-1,CSE-09-CASE-0043,Forensic Step 1: Memory Dump,Completed,ANON-04,2026-08-21T04:08:00Z,2026-08-21T04:11:00Z,Completed analysis for step 1,HASH-SHA256-431
CSE-09-CASE-0043-STP-2,CSE-09-CASE-0043,Forensic Step 2: Egress Inspection,Completed,ANON-04,2026-08-21T04:13:00Z,2026-08-21T04:19:00Z,Completed analysis for step 2,HASH-SHA256-432
CSE-09-CASE-0043-STP-3,CSE-09-CASE-0043,Forensic Step 3: Remediation Review,Completed,ANON-04,2026-08-21T04:18:00Z,2026-08-21T04:27:00Z,Completed analysis for step 3,HASH-SHA256-433
CSE-09-CASE-0043-STP-4,CSE-09-CASE-0043,Forensic Step 4: Artifact Capture,Completed,ANON-04,2026-08-21T04:23:00Z,2026-08-21T04:35:00Z,Completed analysis for step 4,HASH-SHA256-434
CSE-09-CASE-0044-STP-1,CSE-09-CASE-0044,Forensic Step 1: Memory Dump,Completed,ANON-01,2026-08-13T18:26:00Z,2026-08-13T18:29:00Z,Completed analysis for step 1,HASH-SHA256-441
CSE-09-CASE-0044-STP-2,CSE-09-CASE-0044,Forensic Step 2: Egress Inspection,Completed,ANON-01,2026-08-13T18:31:00Z,2026-08-13T18:37:00Z,Completed analysis for step 2,HASH-SHA256-442
CSE-09-CASE-0044-STP-3,CSE-09-CASE-0044,Forensic Step 3: Remediation Review,Completed,ANON-01,2026-08-13T18:36:00Z,2026-08-13T18:45:00Z,Completed analysis for step 3,HASH-SHA256-443
CSE-09-CASE-0044-STP-4,CSE-09-CASE-0044,Forensic Step 4: Artifact Capture,Completed,ANON-01,2026-08-13T18:41:00Z,2026-08-13T18:53:00Z,Completed analysis for step 4,HASH-SHA256-444
CSE-09-CASE-0044-STP-5,CSE-09-CASE-0044,Forensic Step 5: Memory Dump,Completed,ANON-01,2026-08-13T18:46:00Z,2026-08-13T19:01:00Z,Completed analysis for step 5,HASH-SHA256-445
CSE-09-CASE-0045-STP-1,CSE-09-CASE-0045,Forensic Step 1: Memory Dump,Completed,ANON-02,2026-08-18T18:54:00Z,2026-08-18T18:57:00Z,Completed analysis for step 1,HASH-SHA256-451
CSE-09-CASE-0045-STP-2,CSE-09-CASE-0045,Forensic Step 2: Egress Inspection,Completed,ANON-02,2026-08-18T18:59:00Z,2026-08-18T19:05:00Z,Completed analysis for step 2,HASH-SHA256-452
CSE-09-CASE-0045-STP-3,CSE-09-CASE-0045,Forensic Step 3: Remediation Review,Completed,ANON-02,2026-08-18T19:04:00Z,2026-08-18T19:13:00Z,Completed analysis for step 3,HASH-SHA256-453
CSE-09-CASE-0045-STP-4,CSE-09-CASE-0045,Forensic Step 4: Artifact Capture,Completed,ANON-02,2026-08-18T19:09:00Z,2026-08-18T19:21:00Z,Completed analysis for step 4,HASH-SHA256-454
CSE-09-CASE-0045-STP-5,CSE-09-CASE-0045,Forensic Step 5: Memory Dump,Completed,ANON-02,2026-08-18T19:14:00Z,2026-08-18T19:29:00Z,Completed analysis for step 5,HASH-SHA256-455
CSE-09-CASE-0046-STP-1,CSE-09-CASE-0046,Forensic Step 1: Memory Dump,Completed,ANON-03,2026-08-23T17:51:00Z,2026-08-23T17:54:00Z,Completed analysis for step 1,HASH-SHA256-461
CSE-09-CASE-0046-STP-2,CSE-09-CASE-0046,Forensic Step 2: Egress Inspection,Completed,ANON-03,2026-08-23T17:56:00Z,2026-08-23T18:02:00Z,Completed analysis for step 2,HASH-SHA256-462
CSE-09-CASE-0046-STP-3,CSE-09-CASE-0046,Forensic Step 3: Remediation Review,Completed,ANON-03,2026-08-23T18:01:00Z,2026-08-23T18:10:00Z,Completed analysis for step 3,HASH-SHA256-463
CSE-09-CASE-0046-STP-4,CSE-09-CASE-0046,Forensic Step 4: Artifact Capture,Completed,ANON-03,2026-08-23T18:06:00Z,2026-08-23T18:18:00Z,Completed analysis for step 4,HASH-SHA256-464
CSE-09-CASE-0046-STP-5,CSE-09-CASE-0046,Forensic Step 5: Memory Dump,Completed,ANON-03,2026-08-23T18:11:00Z,2026-08-23T18:26:00Z,Completed analysis for step 5,HASH-SHA256-465
CSE-09-CASE-0047-STP-1,CSE-09-CASE-0047,Forensic Step 1: Memory Dump,Completed,ANON-04,2026-08-04T19:50:00Z,2026-08-04T19:53:00Z,Completed analysis for step 1,HASH-SHA256-471
CSE-09-CASE-0047-STP-2,CSE-09-CASE-0047,Forensic Step 2: Egress Inspection,Completed,ANON-04,2026-08-04T19:55:00Z,2026-08-04T20:01:00Z,Completed analysis for step 2,HASH-SHA256-472
CSE-09-CASE-0047-STP-3,CSE-09-CASE-0047,Forensic Step 3: Remediation Review,Completed,ANON-04,2026-08-04T20:00:00Z,2026-08-04T20:09:00Z,Completed analysis for step 3,HASH-SHA256-473
CSE-09-CASE-0047-STP-4,CSE-09-CASE-0047,Forensic Step 4: Artifact Capture,Completed,ANON-04,2026-08-04T20:05:00Z,2026-08-04T20:17:00Z,Completed analysis for step 4,HASH-SHA256-474
CSE-09-CASE-0047-STP-5,CSE-09-CASE-0047,Forensic Step 5: Memory Dump,Completed,ANON-04,2026-08-04T20:10:00Z,2026-08-04T20:25:00Z,Completed analysis for step 5,HASH-SHA256-475
CSE-09-CASE-0048-STP-1,CSE-09-CASE-0048,Forensic Step 1: Memory Dump,Completed,ANON-01,2026-08-25T01:24:00Z,2026-08-25T01:27:00Z,Completed analysis for step 1,HASH-SHA256-481
CSE-09-CASE-0048-STP-2,CSE-09-CASE-0048,Forensic Step 2: Egress Inspection,Completed,ANON-01,2026-08-25T01:29:00Z,2026-08-25T01:35:00Z,Completed analysis for step 2,HASH-SHA256-482
CSE-09-CASE-0048-STP-3,CSE-09-CASE-0048,Forensic Step 3: Remediation Review,Completed,ANON-01,2026-08-25T01:34:00Z,2026-08-25T01:43:00Z,Completed analysis for step 3,HASH-SHA256-483
CSE-09-CASE-0049-STP-1,CSE-09-CASE-0049,Forensic Step 1: Memory Dump,Completed,ANON-02,2026-08-13T12:12:00Z,2026-08-13T12:15:00Z,Completed analysis for step 1,HASH-SHA256-491
CSE-09-CASE-0049-STP-2,CSE-09-CASE-0049,Forensic Step 2: Egress Inspection,Completed,ANON-02,2026-08-13T12:17:00Z,2026-08-13T12:23:00Z,Completed analysis for step 2,HASH-SHA256-492
CSE-09-CASE-0049-STP-3,CSE-09-CASE-0049,Forensic Step 3: Remediation Review,Completed,ANON-02,2026-08-13T12:22:00Z,2026-08-13T12:31:00Z,Completed analysis for step 3,HASH-SHA256-493
CSE-09-CASE-0049-STP-4,CSE-09-CASE-0049,Forensic Step 4: Artifact Capture,Completed,ANON-02,2026-08-13T12:27:00Z,2026-08-13T12:39:00Z,Completed analysis for step 4,HASH-SHA256-494
CSE-09-CASE-0050-STP-1,CSE-09-CASE-0050,Forensic Step 1: Memory Dump,Completed,ANON-03,2026-08-22T16:19:00Z,2026-08-22T16:22:00Z,Completed analysis for step 1,HASH-SHA256-501
CSE-09-CASE-0050-STP-2,CSE-09-CASE-0050,Forensic Step 2: Egress Inspection,Completed,ANON-03,2026-08-22T16:24:00Z,2026-08-22T16:30:00Z,Completed analysis for step 2,HASH-SHA256-502
CSE-09-CASE-0050-STP-3,CSE-09-CASE-0050,Forensic Step 3: Remediation Review,Completed,ANON-03,2026-08-22T16:29:00Z,2026-08-22T16:38:00Z,Completed analysis for step 3,HASH-SHA256-503
CSE-09-CASE-0050-STP-4,CSE-09-CASE-0050,Forensic Step 4: Artifact Capture,Completed,ANON-03,2026-08-22T16:34:00Z,2026-08-22T16:46:00Z,Completed analysis for step 4,HASH-SHA256-504
CSE-09-CASE-0051-STP-1,CSE-09-CASE-0051,Forensic Step 1: Memory Dump,Completed,ANON-04,2026-08-27T22:15:00Z,2026-08-27T22:18:00Z,Completed analysis for step 1,HASH-SHA256-511
CSE-09-CASE-0051-STP-2,CSE-09-CASE-0051,Forensic Step 2: Egress Inspection,Completed,ANON-04,2026-08-27T22:20:00Z,2026-08-27T22:26:00Z,Completed analysis for step 2,HASH-SHA256-512
CSE-09-CASE-0051-STP-3,CSE-09-CASE-0051,Forensic Step 3: Remediation Review,Completed,ANON-04,2026-08-27T22:25:00Z,2026-08-27T22:34:00Z,Completed analysis for step 3,HASH-SHA256-513
CSE-09-CASE-0052-STP-1,CSE-09-CASE-0052,Forensic Step 1: Memory Dump,Completed,ANON-01,2026-08-18T06:30:00Z,2026-08-18T06:33:00Z,Completed analysis for step 1,HASH-SHA256-521
CSE-09-CASE-0052-STP-2,CSE-09-CASE-0052,Forensic Step 2: Egress Inspection,Completed,ANON-01,2026-08-18T06:35:00Z,2026-08-18T06:41:00Z,Completed analysis for step 2,HASH-SHA256-522
CSE-09-CASE-0052-STP-3,CSE-09-CASE-0052,Forensic Step 3: Remediation Review,Completed,ANON-01,2026-08-18T06:40:00Z,2026-08-18T06:49:00Z,Completed analysis for step 3,HASH-SHA256-523
CSE-09-CASE-0052-STP-4,CSE-09-CASE-0052,Forensic Step 4: Artifact Capture,Completed,ANON-01,2026-08-18T06:45:00Z,2026-08-18T06:57:00Z,Completed analysis for step 4,HASH-SHA256-524
CSE-09-CASE-0052-STP-5,CSE-09-CASE-0052,Forensic Step 5: Memory Dump,Completed,ANON-01,2026-08-18T06:50:00Z,2026-08-18T07:05:00Z,Completed analysis for step 5,HASH-SHA256-525
CSE-09-CASE-0053-STP-1,CSE-09-CASE-0053,Forensic Step 1: Memory Dump,Completed,ANON-02,2026-08-12T01:12:00Z,2026-08-12T01:15:00Z,Completed analysis for step 1,HASH-SHA256-531
CSE-09-CASE-0053-STP-2,CSE-09-CASE-0053,Forensic Step 2: Egress Inspection,Completed,ANON-02,2026-08-12T01:17:00Z,2026-08-12T01:23:00Z,Completed analysis for step 2,HASH-SHA256-532
CSE-09-CASE-0053-STP-3,CSE-09-CASE-0053,Forensic Step 3: Remediation Review,Completed,ANON-02,2026-08-12T01:22:00Z,2026-08-12T01:31:00Z,Completed analysis for step 3,HASH-SHA256-533
CSE-09-CASE-0054-STP-1,CSE-09-CASE-0054,Forensic Step 1: Memory Dump,Completed,ANON-03,2026-08-22T07:00:00Z,2026-08-22T07:03:00Z,Completed analysis for step 1,HASH-SHA256-541
CSE-09-CASE-0054-STP-2,CSE-09-CASE-0054,Forensic Step 2: Egress Inspection,Completed,ANON-03,2026-08-22T07:05:00Z,2026-08-22T07:11:00Z,Completed analysis for step 2,HASH-SHA256-542
CSE-09-CASE-0054-STP-3,CSE-09-CASE-0054,Forensic Step 3: Remediation Review,Completed,ANON-03,2026-08-22T07:10:00Z,2026-08-22T07:19:00Z,Completed analysis for step 3,HASH-SHA256-543
CSE-09-CASE-0054-STP-4,CSE-09-CASE-0054,Forensic Step 4: Artifact Capture,Completed,ANON-03,2026-08-22T07:15:00Z,2026-08-22T07:27:00Z,Completed analysis for step 4,HASH-SHA256-544
CSE-09-CASE-0054-STP-5,CSE-09-CASE-0054,Forensic Step 5: Memory Dump,Completed,ANON-03,2026-08-22T07:20:00Z,2026-08-22T07:35:00Z,Completed analysis for step 5,HASH-SHA256-545
CSE-09-CASE-0055-STP-1,CSE-09-CASE-0055,Forensic Step 1: Memory Dump,Completed,ANON-04,2026-08-07T17:36:00Z,2026-08-07T17:39:00Z,Completed analysis for step 1,HASH-SHA256-551
CSE-09-CASE-0055-STP-2,CSE-09-CASE-0055,Forensic Step 2: Egress Inspection,Completed,ANON-04,2026-08-07T17:41:00Z,2026-08-07T17:47:00Z,Completed analysis for step 2,HASH-SHA256-552
CSE-09-CASE-0055-STP-3,CSE-09-CASE-0055,Forensic Step 3: Remediation Review,Completed,ANON-04,2026-08-07T17:46:00Z,2026-08-07T17:55:00Z,Completed analysis for step 3,HASH-SHA256-553
CSE-09-CASE-0055-STP-4,CSE-09-CASE-0055,Forensic Step 4: Artifact Capture,Completed,ANON-04,2026-08-07T17:51:00Z,2026-08-07T18:03:00Z,Completed analysis for step 4,HASH-SHA256-554
CSE-09-CASE-0056-STP-1,CSE-09-CASE-0056,Forensic Step 1: Memory Dump,Completed,ANON-01,2026-08-02T21:25:00Z,2026-08-02T21:28:00Z,Completed analysis for step 1,HASH-SHA256-561
CSE-09-CASE-0056-STP-2,CSE-09-CASE-0056,Forensic Step 2: Egress Inspection,Completed,ANON-01,2026-08-02T21:30:00Z,2026-08-02T21:36:00Z,Completed analysis for step 2,HASH-SHA256-562
CSE-09-CASE-0056-STP-3,CSE-09-CASE-0056,Forensic Step 3: Remediation Review,Completed,ANON-01,2026-08-02T21:35:00Z,2026-08-02T21:44:00Z,Completed analysis for step 3,HASH-SHA256-563
CSE-09-CASE-0057-STP-1,CSE-09-CASE-0057,Forensic Step 1: Memory Dump,Completed,ANON-02,2026-08-11T22:53:00Z,2026-08-11T22:56:00Z,Completed analysis for step 1,HASH-SHA256-571
CSE-09-CASE-0057-STP-2,CSE-09-CASE-0057,Forensic Step 2: Egress Inspection,Completed,ANON-02,2026-08-11T22:58:00Z,2026-08-11T23:04:00Z,Completed analysis for step 2,HASH-SHA256-572
CSE-09-CASE-0057-STP-3,CSE-09-CASE-0057,Forensic Step 3: Remediation Review,Completed,ANON-02,2026-08-11T23:03:00Z,2026-08-11T23:12:00Z,Completed analysis for step 3,HASH-SHA256-573
CSE-09-CASE-0057-STP-4,CSE-09-CASE-0057,Forensic Step 4: Artifact Capture,Completed,ANON-02,2026-08-11T23:08:00Z,2026-08-11T23:20:00Z,Completed analysis for step 4,HASH-SHA256-574
CSE-09-CASE-0057-STP-5,CSE-09-CASE-0057,Forensic Step 5: Memory Dump,Completed,ANON-02,2026-08-11T23:13:00Z,2026-08-11T23:28:00Z,Completed analysis for step 5,HASH-SHA256-575
CSE-09-CASE-0058-STP-1,CSE-09-CASE-0058,Forensic Step 1: Memory Dump,Completed,ANON-03,2026-08-21T05:33:00Z,2026-08-21T05:36:00Z,Completed analysis for step 1,HASH-SHA256-581
CSE-09-CASE-0058-STP-2,CSE-09-CASE-0058,Forensic Step 2: Egress Inspection,Completed,ANON-03,2026-08-21T05:38:00Z,2026-08-21T05:44:00Z,Completed analysis for step 2,HASH-SHA256-582
CSE-09-CASE-0058-STP-3,CSE-09-CASE-0058,Forensic Step 3: Remediation Review,Completed,ANON-03,2026-08-21T05:43:00Z,2026-08-21T05:52:00Z,Completed analysis for step 3,HASH-SHA256-583
CSE-09-CASE-0058-STP-4,CSE-09-CASE-0058,Forensic Step 4: Artifact Capture,Completed,ANON-03,2026-08-21T05:48:00Z,2026-08-21T06:00:00Z,Completed analysis for step 4,HASH-SHA256-584
CSE-09-CASE-0058-STP-5,CSE-09-CASE-0058,Forensic Step 5: Memory Dump,Completed,ANON-03,2026-08-21T05:53:00Z,2026-08-21T06:08:00Z,Completed analysis for step 5,HASH-SHA256-585
CSE-09-CASE-0059-STP-1,CSE-09-CASE-0059,Forensic Step 1: Memory Dump,Completed,ANON-04,2026-08-12T00:21:00Z,2026-08-12T00:24:00Z,Completed analysis for step 1,HASH-SHA256-591
CSE-09-CASE-0059-STP-2,CSE-09-CASE-0059,Forensic Step 2: Egress Inspection,Completed,ANON-04,2026-08-12T00:26:00Z,2026-08-12T00:32:00Z,Completed analysis for step 2,HASH-SHA256-592
CSE-09-CASE-0059-STP-3,CSE-09-CASE-0059,Forensic Step 3: Remediation Review,Completed,ANON-04,2026-08-12T00:31:00Z,2026-08-12T00:40:00Z,Completed analysis for step 3,HASH-SHA256-593
CSE-09-CASE-0059-STP-4,CSE-09-CASE-0059,Forensic Step 4: Artifact Capture,Completed,ANON-04,2026-08-12T00:36:00Z,2026-08-12T00:48:00Z,Completed analysis for step 4,HASH-SHA256-594
CSE-09-CASE-0060-STP-1,CSE-09-CASE-0060,Forensic Step 1: Memory Dump,Completed,ANON-01,2026-08-19T01:34:00Z,2026-08-19T01:37:00Z,Completed analysis for step 1,HASH-SHA256-601
CSE-09-CASE-0060-STP-2,CSE-09-CASE-0060,Forensic Step 2: Egress Inspection,Completed,ANON-01,2026-08-19T01:39:00Z,2026-08-19T01:45:00Z,Completed analysis for step 2,HASH-SHA256-602
CSE-09-CASE-0060-STP-3,CSE-09-CASE-0060,Forensic Step 3: Remediation Review,Completed,ANON-01,2026-08-19T01:44:00Z,2026-08-19T01:53:00Z,Completed analysis for step 3,HASH-SHA256-603
CSE-09-CASE-0060-STP-4,CSE-09-CASE-0060,Forensic Step 4: Artifact Capture,Completed,ANON-01,2026-08-19T01:49:00Z,2026-08-19T02:01:00Z,Completed analysis for step 4,HASH-SHA256-604
CSE-10-CASE-0001-STP-1,CSE-10-CASE-0001,Forensic Step 1: Memory Dump,Completed,ANON-02,2026-08-26T11:34:00Z,2026-08-26T11:37:00Z,Completed analysis for step 1,HASH-SHA256-11
CSE-10-CASE-0001-STP-2,CSE-10-CASE-0001,Forensic Step 2: Egress Inspection,Completed,ANON-02,2026-08-26T11:39:00Z,2026-08-26T11:45:00Z,Completed analysis for step 2,HASH-SHA256-12
CSE-10-CASE-0001-STP-3,CSE-10-CASE-0001,Forensic Step 3: Remediation Review,Completed,ANON-02,2026-08-26T11:44:00Z,2026-08-26T11:53:00Z,Completed analysis for step 3,HASH-SHA256-13
CSE-10-CASE-0001-STP-4,CSE-10-CASE-0001,Forensic Step 4: Artifact Capture,Completed,ANON-02,2026-08-26T11:49:00Z,2026-08-26T12:01:00Z,Completed analysis for step 4,HASH-SHA256-14
CSE-10-CASE-0001-STP-5,CSE-10-CASE-0001,Forensic Step 5: Memory Dump,Completed,ANON-02,2026-08-26T11:54:00Z,2026-08-26T12:09:00Z,Completed analysis for step 5,HASH-SHA256-15
CSE-10-CASE-0002-STP-1,CSE-10-CASE-0002,Forensic Step 1: Memory Dump,Completed,ANON-03,2026-08-27T00:38:00Z,2026-08-27T00:41:00Z,Completed analysis for step 1,HASH-SHA256-21
CSE-10-CASE-0002-STP-2,CSE-10-CASE-0002,Forensic Step 2: Egress Inspection,Completed,ANON-03,2026-08-27T00:43:00Z,2026-08-27T00:49:00Z,Completed analysis for step 2,HASH-SHA256-22
CSE-10-CASE-0002-STP-3,CSE-10-CASE-0002,Forensic Step 3: Remediation Review,Completed,ANON-03,2026-08-27T00:48:00Z,2026-08-27T00:57:00Z,Completed analysis for step 3,HASH-SHA256-23
CSE-10-CASE-0002-STP-4,CSE-10-CASE-0002,Forensic Step 4: Artifact Capture,Completed,ANON-03,2026-08-27T00:53:00Z,2026-08-27T01:05:00Z,Completed analysis for step 4,HASH-SHA256-24
CSE-10-CASE-0003-STP-1,CSE-10-CASE-0003,Forensic Step 1: Memory Dump,Completed,ANON-04,2026-08-17T10:16:00Z,2026-08-17T10:19:00Z,Completed analysis for step 1,HASH-SHA256-31
CSE-10-CASE-0004-STP-1,CSE-10-CASE-0004,Forensic Step 1: Memory Dump,Completed,ANON-01,2026-08-21T10:22:00Z,2026-08-21T10:25:00Z,Completed analysis for step 1,HASH-SHA256-41
CSE-10-CASE-0004-STP-2,CSE-10-CASE-0004,Forensic Step 2: Egress Inspection,Completed,ANON-01,2026-08-21T10:27:00Z,2026-08-21T10:33:00Z,Completed analysis for step 2,HASH-SHA256-42
CSE-10-CASE-0004-STP-3,CSE-10-CASE-0004,Forensic Step 3: Remediation Review,Completed,ANON-01,2026-08-21T10:32:00Z,2026-08-21T10:41:00Z,Completed analysis for step 3,HASH-SHA256-43
CSE-10-CASE-0005-STP-1,CSE-10-CASE-0005,Forensic Step 1: Memory Dump,Completed,ANON-02,2026-08-08T02:00:00Z,2026-08-08T02:03:00Z,Completed analysis for step 1,HASH-SHA256-51
CSE-10-CASE-0006-STP-1,CSE-10-CASE-0006,Forensic Step 1: Memory Dump,Completed,ANON-03,2026-08-22T12:07:00Z,2026-08-22T12:10:00Z,Completed analysis for step 1,HASH-SHA256-61
CSE-10-CASE-0007-STP-1,CSE-10-CASE-0007,Forensic Step 1: Memory Dump,Completed,ANON-04,2026-08-03T09:25:00Z,2026-08-03T09:28:00Z,Completed analysis for step 1,HASH-SHA256-71
CSE-10-CASE-0007-STP-2,CSE-10-CASE-0007,Forensic Step 2: Egress Inspection,Completed,ANON-04,2026-08-03T09:30:00Z,2026-08-03T09:36:00Z,Completed analysis for step 2,HASH-SHA256-72
CSE-10-CASE-0007-STP-3,CSE-10-CASE-0007,Forensic Step 3: Remediation Review,Completed,ANON-04,2026-08-03T09:35:00Z,2026-08-03T09:44:00Z,Completed analysis for step 3,HASH-SHA256-73
CSE-10-CASE-0007-STP-4,CSE-10-CASE-0007,Forensic Step 4: Artifact Capture,Completed,ANON-04,2026-08-03T09:40:00Z,2026-08-03T09:52:00Z,Completed analysis for step 4,HASH-SHA256-74
CSE-10-CASE-0008-STP-1,CSE-10-CASE-0008,Forensic Step 1: Memory Dump,Completed,ANON-01,2026-08-14T20:40:00Z,2026-08-14T20:43:00Z,Completed analysis for step 1,HASH-SHA256-81
CSE-10-CASE-0008-STP-2,CSE-10-CASE-0008,Forensic Step 2: Egress Inspection,Completed,ANON-01,2026-08-14T20:45:00Z,2026-08-14T20:51:00Z,Completed analysis for step 2,HASH-SHA256-82
CSE-10-CASE-0008-STP-3,CSE-10-CASE-0008,Forensic Step 3: Remediation Review,Completed,ANON-01,2026-08-14T20:50:00Z,2026-08-14T20:59:00Z,Completed analysis for step 3,HASH-SHA256-83
CSE-10-CASE-0008-STP-4,CSE-10-CASE-0008,Forensic Step 4: Artifact Capture,Completed,ANON-01,2026-08-14T20:55:00Z,2026-08-14T21:07:00Z,Completed analysis for step 4,HASH-SHA256-84
CSE-10-CASE-0009-STP-1,CSE-10-CASE-0009,Forensic Step 1: Memory Dump,Completed,ANON-02,2026-08-22T11:41:00Z,2026-08-22T11:44:00Z,Completed analysis for step 1,HASH-SHA256-91
CSE-10-CASE-0010-STP-1,CSE-10-CASE-0010,Forensic Step 1: Memory Dump,Completed,ANON-03,2026-08-19T09:50:00Z,2026-08-19T09:53:00Z,Completed analysis for step 1,HASH-SHA256-101
CSE-10-CASE-0011-STP-1,CSE-10-CASE-0011,Forensic Step 1: Memory Dump,Completed,ANON-04,2026-08-04T18:05:00Z,2026-08-04T18:08:00Z,Completed analysis for step 1,HASH-SHA256-111
CSE-10-CASE-0011-STP-2,CSE-10-CASE-0011,Forensic Step 2: Egress Inspection,Completed,ANON-04,2026-08-04T18:10:00Z,2026-08-04T18:16:00Z,Completed analysis for step 2,HASH-SHA256-112
CSE-10-CASE-0011-STP-3,CSE-10-CASE-0011,Forensic Step 3: Remediation Review,Completed,ANON-04,2026-08-04T18:15:00Z,2026-08-04T18:24:00Z,Completed analysis for step 3,HASH-SHA256-113
CSE-10-CASE-0011-STP-4,CSE-10-CASE-0011,Forensic Step 4: Artifact Capture,Completed,ANON-04,2026-08-04T18:20:00Z,2026-08-04T18:32:00Z,Completed analysis for step 4,HASH-SHA256-114
CSE-10-CASE-0012-STP-1,CSE-10-CASE-0012,Forensic Step 1: Memory Dump,Completed,ANON-01,2026-08-13T20:58:00Z,2026-08-13T21:01:00Z,Completed analysis for step 1,HASH-SHA256-121
CSE-10-CASE-0013-STP-1,CSE-10-CASE-0013,Forensic Step 1: Memory Dump,Completed,ANON-02,2026-08-18T15:22:00Z,2026-08-18T15:25:00Z,Completed analysis for step 1,HASH-SHA256-131
CSE-10-CASE-0013-STP-2,CSE-10-CASE-0013,Forensic Step 2: Egress Inspection,Completed,ANON-02,2026-08-18T15:27:00Z,2026-08-18T15:33:00Z,Completed analysis for step 2,HASH-SHA256-132
CSE-10-CASE-0013-STP-3,CSE-10-CASE-0013,Forensic Step 3: Remediation Review,Completed,ANON-02,2026-08-18T15:32:00Z,2026-08-18T15:41:00Z,Completed analysis for step 3,HASH-SHA256-133
CSE-10-CASE-0013-STP-4,CSE-10-CASE-0013,Forensic Step 4: Artifact Capture,Completed,ANON-02,2026-08-18T15:37:00Z,2026-08-18T15:49:00Z,Completed analysis for step 4,HASH-SHA256-134
CSE-10-CASE-0014-STP-1,CSE-10-CASE-0014,Forensic Step 1: Memory Dump,Completed,ANON-03,2026-08-23T07:55:00Z,2026-08-23T07:58:00Z,Completed analysis for step 1,HASH-SHA256-141
CSE-10-CASE-0014-STP-2,CSE-10-CASE-0014,Forensic Step 2: Egress Inspection,Completed,ANON-03,2026-08-23T08:00:00Z,2026-08-23T08:06:00Z,Completed analysis for step 2,HASH-SHA256-142
CSE-10-CASE-0014-STP-3,CSE-10-CASE-0014,Forensic Step 3: Remediation Review,Completed,ANON-03,2026-08-23T08:05:00Z,2026-08-23T08:14:00Z,Completed analysis for step 3,HASH-SHA256-143
CSE-10-CASE-0015-STP-1,CSE-10-CASE-0015,Forensic Step 1: Memory Dump,Completed,ANON-04,2026-08-02T08:45:00Z,2026-08-02T08:48:00Z,Completed analysis for step 1,HASH-SHA256-151
CSE-10-CASE-0016-STP-1,CSE-10-CASE-0016,Forensic Step 1: Memory Dump,Completed,ANON-01,2026-08-03T17:22:00Z,2026-08-03T17:25:00Z,Completed analysis for step 1,HASH-SHA256-161
CSE-10-CASE-0016-STP-2,CSE-10-CASE-0016,Forensic Step 2: Egress Inspection,Completed,ANON-01,2026-08-03T17:27:00Z,2026-08-03T17:33:00Z,Completed analysis for step 2,HASH-SHA256-162
CSE-10-CASE-0016-STP-3,CSE-10-CASE-0016,Forensic Step 3: Remediation Review,Completed,ANON-01,2026-08-03T17:32:00Z,2026-08-03T17:41:00Z,Completed analysis for step 3,HASH-SHA256-163
CSE-10-CASE-0017-STP-1,CSE-10-CASE-0017,Forensic Step 1: Memory Dump,Completed,ANON-02,2026-08-06T15:48:00Z,2026-08-06T15:51:00Z,Completed analysis for step 1,HASH-SHA256-171
CSE-10-CASE-0017-STP-2,CSE-10-CASE-0017,Forensic Step 2: Egress Inspection,Completed,ANON-02,2026-08-06T15:53:00Z,2026-08-06T15:59:00Z,Completed analysis for step 2,HASH-SHA256-172
CSE-10-CASE-0017-STP-3,CSE-10-CASE-0017,Forensic Step 3: Remediation Review,Completed,ANON-02,2026-08-06T15:58:00Z,2026-08-06T16:07:00Z,Completed analysis for step 3,HASH-SHA256-173
CSE-10-CASE-0017-STP-4,CSE-10-CASE-0017,Forensic Step 4: Artifact Capture,Completed,ANON-02,2026-08-06T16:03:00Z,2026-08-06T16:15:00Z,Completed analysis for step 4,HASH-SHA256-174
CSE-10-CASE-0017-STP-5,CSE-10-CASE-0017,Forensic Step 5: Memory Dump,Completed,ANON-02,2026-08-06T16:08:00Z,2026-08-06T16:23:00Z,Completed analysis for step 5,HASH-SHA256-175
CSE-10-CASE-0018-STP-1,CSE-10-CASE-0018,Forensic Step 1: Memory Dump,Completed,ANON-03,2026-08-27T03:04:00Z,2026-08-27T03:07:00Z,Completed analysis for step 1,HASH-SHA256-181
CSE-10-CASE-0019-STP-1,CSE-10-CASE-0019,Forensic Step 1: Memory Dump,Completed,ANON-04,2026-08-18T10:28:00Z,2026-08-18T10:31:00Z,Completed analysis for step 1,HASH-SHA256-191
CSE-10-CASE-0019-STP-2,CSE-10-CASE-0019,Forensic Step 2: Egress Inspection,Completed,ANON-04,2026-08-18T10:33:00Z,2026-08-18T10:39:00Z,Completed analysis for step 2,HASH-SHA256-192
CSE-10-CASE-0019-STP-3,CSE-10-CASE-0019,Forensic Step 3: Remediation Review,Completed,ANON-04,2026-08-18T10:38:00Z,2026-08-18T10:47:00Z,Completed analysis for step 3,HASH-SHA256-193
CSE-10-CASE-0019-STP-4,CSE-10-CASE-0019,Forensic Step 4: Artifact Capture,Completed,ANON-04,2026-08-18T10:43:00Z,2026-08-18T10:55:00Z,Completed analysis for step 4,HASH-SHA256-194
CSE-10-CASE-0019-STP-5,CSE-10-CASE-0019,Forensic Step 5: Memory Dump,Completed,ANON-04,2026-08-18T10:48:00Z,2026-08-18T11:03:00Z,Completed analysis for step 5,HASH-SHA256-195
CSE-10-CASE-0020-STP-1,CSE-10-CASE-0020,Forensic Step 1: Memory Dump,Completed,ANON-01,2026-08-19T23:28:00Z,2026-08-19T23:31:00Z,Completed analysis for step 1,HASH-SHA256-201
CSE-10-CASE-0021-STP-1,CSE-10-CASE-0021,Forensic Step 1: Memory Dump,Completed,ANON-02,2026-08-11T03:12:00Z,2026-08-11T03:15:00Z,Completed analysis for step 1,HASH-SHA256-211
CSE-10-CASE-0022-STP-1,CSE-10-CASE-0022,Forensic Step 1: Memory Dump,Completed,ANON-03,2026-08-12T03:50:00Z,2026-08-12T03:53:00Z,Completed analysis for step 1,HASH-SHA256-221
CSE-10-CASE-0022-STP-2,CSE-10-CASE-0022,Forensic Step 2: Egress Inspection,Completed,ANON-03,2026-08-12T03:55:00Z,2026-08-12T04:01:00Z,Completed analysis for step 2,HASH-SHA256-222
CSE-10-CASE-0022-STP-3,CSE-10-CASE-0022,Forensic Step 3: Remediation Review,Completed,ANON-03,2026-08-12T04:00:00Z,2026-08-12T04:09:00Z,Completed analysis for step 3,HASH-SHA256-223
CSE-10-CASE-0022-STP-4,CSE-10-CASE-0022,Forensic Step 4: Artifact Capture,Completed,ANON-03,2026-08-12T04:05:00Z,2026-08-12T04:17:00Z,Completed analysis for step 4,HASH-SHA256-224
CSE-10-CASE-0023-STP-1,CSE-10-CASE-0023,Forensic Step 1: Memory Dump,Completed,ANON-04,2026-08-14T13:09:00Z,2026-08-14T13:12:00Z,Completed analysis for step 1,HASH-SHA256-231
CSE-10-CASE-0023-STP-2,CSE-10-CASE-0023,Forensic Step 2: Egress Inspection,Completed,ANON-04,2026-08-14T13:14:00Z,2026-08-14T13:20:00Z,Completed analysis for step 2,HASH-SHA256-232
CSE-10-CASE-0023-STP-3,CSE-10-CASE-0023,Forensic Step 3: Remediation Review,Completed,ANON-04,2026-08-14T13:19:00Z,2026-08-14T13:28:00Z,Completed analysis for step 3,HASH-SHA256-233
CSE-10-CASE-0023-STP-4,CSE-10-CASE-0023,Forensic Step 4: Artifact Capture,Completed,ANON-04,2026-08-14T13:24:00Z,2026-08-14T13:36:00Z,Completed analysis for step 4,HASH-SHA256-234
CSE-10-CASE-0024-STP-1,CSE-10-CASE-0024,Forensic Step 1: Memory Dump,Completed,ANON-01,2026-08-27T19:16:00Z,2026-08-27T19:19:00Z,Completed analysis for step 1,HASH-SHA256-241
CSE-10-CASE-0025-STP-1,CSE-10-CASE-0025,Forensic Step 1: Memory Dump,Completed,ANON-02,2026-08-15T19:58:00Z,2026-08-15T20:01:00Z,Completed analysis for step 1,HASH-SHA256-251
CSE-10-CASE-0026-STP-1,CSE-10-CASE-0026,Forensic Step 1: Memory Dump,Completed,ANON-03,2026-08-07T04:46:00Z,2026-08-07T04:49:00Z,Completed analysis for step 1,HASH-SHA256-261
CSE-10-CASE-0026-STP-2,CSE-10-CASE-0026,Forensic Step 2: Egress Inspection,Completed,ANON-03,2026-08-07T04:51:00Z,2026-08-07T04:57:00Z,Completed analysis for step 2,HASH-SHA256-262
CSE-10-CASE-0026-STP-3,CSE-10-CASE-0026,Forensic Step 3: Remediation Review,Completed,ANON-03,2026-08-07T04:56:00Z,2026-08-07T05:05:00Z,Completed analysis for step 3,HASH-SHA256-263
CSE-10-CASE-0026-STP-4,CSE-10-CASE-0026,Forensic Step 4: Artifact Capture,Completed,ANON-03,2026-08-07T05:01:00Z,2026-08-07T05:13:00Z,Completed analysis for step 4,HASH-SHA256-264
CSE-10-CASE-0027-STP-1,CSE-10-CASE-0027,Forensic Step 1: Memory Dump,Completed,ANON-04,2026-08-25T04:10:00Z,2026-08-25T04:13:00Z,Completed analysis for step 1,HASH-SHA256-271
CSE-10-CASE-0028-STP-1,CSE-10-CASE-0028,Forensic Step 1: Memory Dump,Completed,ANON-01,2026-08-21T09:04:00Z,2026-08-21T09:07:00Z,Completed analysis for step 1,HASH-SHA256-281
CSE-10-CASE-0028-STP-2,CSE-10-CASE-0028,Forensic Step 2: Egress Inspection,Completed,ANON-01,2026-08-21T09:09:00Z,2026-08-21T09:15:00Z,Completed analysis for step 2,HASH-SHA256-282
CSE-10-CASE-0028-STP-3,CSE-10-CASE-0028,Forensic Step 3: Remediation Review,Completed,ANON-01,2026-08-21T09:14:00Z,2026-08-21T09:23:00Z,Completed analysis for step 3,HASH-SHA256-283
CSE-10-CASE-0029-STP-1,CSE-10-CASE-0029,Forensic Step 1: Memory Dump,Completed,ANON-02,2026-08-18T16:42:00Z,2026-08-18T16:45:00Z,Completed analysis for step 1,HASH-SHA256-291
CSE-10-CASE-0029-STP-2,CSE-10-CASE-0029,Forensic Step 2: Egress Inspection,Completed,ANON-02,2026-08-18T16:47:00Z,2026-08-18T16:53:00Z,Completed analysis for step 2,HASH-SHA256-292
CSE-10-CASE-0029-STP-3,CSE-10-CASE-0029,Forensic Step 3: Remediation Review,Completed,ANON-02,2026-08-18T16:52:00Z,2026-08-18T17:01:00Z,Completed analysis for step 3,HASH-SHA256-293
CSE-10-CASE-0030-STP-1,CSE-10-CASE-0030,Forensic Step 1: Memory Dump,Completed,ANON-03,2026-08-30T02:54:00Z,2026-08-30T02:57:00Z,Completed analysis for step 1,HASH-SHA256-301
CSE-10-CASE-0031-STP-1,CSE-10-CASE-0031,Forensic Step 1: Memory Dump,Completed,ANON-04,2026-08-18T00:19:00Z,2026-08-18T00:22:00Z,Completed analysis for step 1,HASH-SHA256-311
CSE-10-CASE-0031-STP-2,CSE-10-CASE-0031,Forensic Step 2: Egress Inspection,Completed,ANON-04,2026-08-18T00:24:00Z,2026-08-18T00:30:00Z,Completed analysis for step 2,HASH-SHA256-312
CSE-10-CASE-0031-STP-3,CSE-10-CASE-0031,Forensic Step 3: Remediation Review,Completed,ANON-04,2026-08-18T00:29:00Z,2026-08-18T00:38:00Z,Completed analysis for step 3,HASH-SHA256-313
CSE-10-CASE-0031-STP-4,CSE-10-CASE-0031,Forensic Step 4: Artifact Capture,Completed,ANON-04,2026-08-18T00:34:00Z,2026-08-18T00:46:00Z,Completed analysis for step 4,HASH-SHA256-314
CSE-10-CASE-0031-STP-5,CSE-10-CASE-0031,Forensic Step 5: Memory Dump,Completed,ANON-04,2026-08-18T00:39:00Z,2026-08-18T00:54:00Z,Completed analysis for step 5,HASH-SHA256-315
CSE-10-CASE-0032-STP-1,CSE-10-CASE-0032,Forensic Step 1: Memory Dump,Completed,ANON-01,2026-08-22T14:01:00Z,2026-08-22T14:04:00Z,Completed analysis for step 1,HASH-SHA256-321
CSE-10-CASE-0032-STP-2,CSE-10-CASE-0032,Forensic Step 2: Egress Inspection,Completed,ANON-01,2026-08-22T14:06:00Z,2026-08-22T14:12:00Z,Completed analysis for step 2,HASH-SHA256-322
CSE-10-CASE-0032-STP-3,CSE-10-CASE-0032,Forensic Step 3: Remediation Review,Completed,ANON-01,2026-08-22T14:11:00Z,2026-08-22T14:20:00Z,Completed analysis for step 3,HASH-SHA256-323
CSE-10-CASE-0032-STP-4,CSE-10-CASE-0032,Forensic Step 4: Artifact Capture,Completed,ANON-01,2026-08-22T14:16:00Z,2026-08-22T14:28:00Z,Completed analysis for step 4,HASH-SHA256-324
CSE-10-CASE-0032-STP-5,CSE-10-CASE-0032,Forensic Step 5: Memory Dump,Completed,ANON-01,2026-08-22T14:21:00Z,2026-08-22T14:36:00Z,Completed analysis for step 5,HASH-SHA256-325
CSE-10-CASE-0033-STP-1,CSE-10-CASE-0033,Forensic Step 1: Memory Dump,Completed,ANON-02,2026-08-20T06:04:00Z,2026-08-20T06:07:00Z,Completed analysis for step 1,HASH-SHA256-331
CSE-10-CASE-0034-STP-1,CSE-10-CASE-0034,Forensic Step 1: Memory Dump,Completed,ANON-03,2026-08-08T23:25:00Z,2026-08-08T23:28:00Z,Completed analysis for step 1,HASH-SHA256-341
CSE-10-CASE-0034-STP-2,CSE-10-CASE-0034,Forensic Step 2: Egress Inspection,Completed,ANON-03,2026-08-08T23:30:00Z,2026-08-08T23:36:00Z,Completed analysis for step 2,HASH-SHA256-342
CSE-10-CASE-0034-STP-3,CSE-10-CASE-0034,Forensic Step 3: Remediation Review,Completed,ANON-03,2026-08-08T23:35:00Z,2026-08-08T23:44:00Z,Completed analysis for step 3,HASH-SHA256-343
CSE-10-CASE-0034-STP-4,CSE-10-CASE-0034,Forensic Step 4: Artifact Capture,Completed,ANON-03,2026-08-08T23:40:00Z,2026-08-08T23:52:00Z,Completed analysis for step 4,HASH-SHA256-344
CSE-10-CASE-0034-STP-5,CSE-10-CASE-0034,Forensic Step 5: Memory Dump,Completed,ANON-03,2026-08-08T23:45:00Z,2026-08-09T00:00:00Z,Completed analysis for step 5,HASH-SHA256-345
CSE-10-CASE-0035-STP-1,CSE-10-CASE-0035,Forensic Step 1: Memory Dump,Completed,ANON-04,2026-08-08T01:06:00Z,2026-08-08T01:09:00Z,Completed analysis for step 1,HASH-SHA256-351
CSE-10-CASE-0036-STP-1,CSE-10-CASE-0036,Forensic Step 1: Memory Dump,Completed,ANON-01,2026-08-15T09:09:00Z,2026-08-15T09:12:00Z,Completed analysis for step 1,HASH-SHA256-361
CSE-10-CASE-0037-STP-1,CSE-10-CASE-0037,Forensic Step 1: Memory Dump,Completed,ANON-02,2026-08-18T05:08:00Z,2026-08-18T05:11:00Z,Completed analysis for step 1,HASH-SHA256-371
CSE-10-CASE-0037-STP-2,CSE-10-CASE-0037,Forensic Step 2: Egress Inspection,Completed,ANON-02,2026-08-18T05:13:00Z,2026-08-18T05:19:00Z,Completed analysis for step 2,HASH-SHA256-372
CSE-10-CASE-0037-STP-3,CSE-10-CASE-0037,Forensic Step 3: Remediation Review,Completed,ANON-02,2026-08-18T05:18:00Z,2026-08-18T05:27:00Z,Completed analysis for step 3,HASH-SHA256-373
CSE-10-CASE-0037-STP-4,CSE-10-CASE-0037,Forensic Step 4: Artifact Capture,Completed,ANON-02,2026-08-18T05:23:00Z,2026-08-18T05:35:00Z,Completed analysis for step 4,HASH-SHA256-374
CSE-10-CASE-0038-STP-1,CSE-10-CASE-0038,Forensic Step 1: Memory Dump,Completed,ANON-03,2026-08-21T20:37:00Z,2026-08-21T20:40:00Z,Completed analysis for step 1,HASH-SHA256-381
CSE-10-CASE-0038-STP-2,CSE-10-CASE-0038,Forensic Step 2: Egress Inspection,Completed,ANON-03,2026-08-21T20:42:00Z,2026-08-21T20:48:00Z,Completed analysis for step 2,HASH-SHA256-382
CSE-10-CASE-0038-STP-3,CSE-10-CASE-0038,Forensic Step 3: Remediation Review,Completed,ANON-03,2026-08-21T20:47:00Z,2026-08-21T20:56:00Z,Completed analysis for step 3,HASH-SHA256-383
CSE-10-CASE-0039-STP-1,CSE-10-CASE-0039,Forensic Step 1: Memory Dump,Completed,ANON-04,2026-08-17T20:30:00Z,2026-08-17T20:33:00Z,Completed analysis for step 1,HASH-SHA256-391
CSE-10-CASE-0040-STP-1,CSE-10-CASE-0040,Forensic Step 1: Memory Dump,Completed,ANON-01,2026-08-30T03:07:00Z,2026-08-30T03:10:00Z,Completed analysis for step 1,HASH-SHA256-401
CSE-10-CASE-0041-STP-1,CSE-10-CASE-0041,Forensic Step 1: Memory Dump,Completed,ANON-02,2026-08-08T10:41:00Z,2026-08-08T10:44:00Z,Completed analysis for step 1,HASH-SHA256-411
CSE-10-CASE-0041-STP-2,CSE-10-CASE-0041,Forensic Step 2: Egress Inspection,Completed,ANON-02,2026-08-08T10:46:00Z,2026-08-08T10:52:00Z,Completed analysis for step 2,HASH-SHA256-412
CSE-10-CASE-0041-STP-3,CSE-10-CASE-0041,Forensic Step 3: Remediation Review,Completed,ANON-02,2026-08-08T10:51:00Z,2026-08-08T11:00:00Z,Completed analysis for step 3,HASH-SHA256-413
CSE-10-CASE-0042-STP-1,CSE-10-CASE-0042,Forensic Step 1: Memory Dump,Completed,ANON-03,2026-08-13T03:51:00Z,2026-08-13T03:54:00Z,Completed analysis for step 1,HASH-SHA256-421
CSE-10-CASE-0043-STP-1,CSE-10-CASE-0043,Forensic Step 1: Memory Dump,Completed,ANON-04,2026-08-26T18:59:00Z,2026-08-26T19:02:00Z,Completed analysis for step 1,HASH-SHA256-431
CSE-10-CASE-0043-STP-2,CSE-10-CASE-0043,Forensic Step 2: Egress Inspection,Completed,ANON-04,2026-08-26T19:04:00Z,2026-08-26T19:10:00Z,Completed analysis for step 2,HASH-SHA256-432
CSE-10-CASE-0043-STP-3,CSE-10-CASE-0043,Forensic Step 3: Remediation Review,Completed,ANON-04,2026-08-26T19:09:00Z,2026-08-26T19:18:00Z,Completed analysis for step 3,HASH-SHA256-433
CSE-10-CASE-0043-STP-4,CSE-10-CASE-0043,Forensic Step 4: Artifact Capture,Completed,ANON-04,2026-08-26T19:14:00Z,2026-08-26T19:26:00Z,Completed analysis for step 4,HASH-SHA256-434
CSE-10-CASE-0043-STP-5,CSE-10-CASE-0043,Forensic Step 5: Memory Dump,Completed,ANON-04,2026-08-26T19:19:00Z,2026-08-26T19:34:00Z,Completed analysis for step 5,HASH-SHA256-435
CSE-10-CASE-0044-STP-1,CSE-10-CASE-0044,Forensic Step 1: Memory Dump,Completed,ANON-01,2026-08-07T05:02:00Z,2026-08-07T05:05:00Z,Completed analysis for step 1,HASH-SHA256-441
CSE-10-CASE-0044-STP-2,CSE-10-CASE-0044,Forensic Step 2: Egress Inspection,Completed,ANON-01,2026-08-07T05:07:00Z,2026-08-07T05:13:00Z,Completed analysis for step 2,HASH-SHA256-442
CSE-10-CASE-0044-STP-3,CSE-10-CASE-0044,Forensic Step 3: Remediation Review,Completed,ANON-01,2026-08-07T05:12:00Z,2026-08-07T05:21:00Z,Completed analysis for step 3,HASH-SHA256-443
CSE-10-CASE-0044-STP-4,CSE-10-CASE-0044,Forensic Step 4: Artifact Capture,Completed,ANON-01,2026-08-07T05:17:00Z,2026-08-07T05:29:00Z,Completed analysis for step 4,HASH-SHA256-444
CSE-10-CASE-0044-STP-5,CSE-10-CASE-0044,Forensic Step 5: Memory Dump,Completed,ANON-01,2026-08-07T05:22:00Z,2026-08-07T05:37:00Z,Completed analysis for step 5,HASH-SHA256-445
CSE-10-CASE-0045-STP-1,CSE-10-CASE-0045,Forensic Step 1: Memory Dump,Completed,ANON-02,2026-08-19T13:14:00Z,2026-08-19T13:17:00Z,Completed analysis for step 1,HASH-SHA256-451
CSE-10-CASE-0046-STP-1,CSE-10-CASE-0046,Forensic Step 1: Memory Dump,Completed,ANON-03,2026-08-05T09:24:00Z,2026-08-05T09:27:00Z,Completed analysis for step 1,HASH-SHA256-461
CSE-10-CASE-0046-STP-2,CSE-10-CASE-0046,Forensic Step 2: Egress Inspection,Completed,ANON-03,2026-08-05T09:29:00Z,2026-08-05T09:35:00Z,Completed analysis for step 2,HASH-SHA256-462
CSE-10-CASE-0046-STP-3,CSE-10-CASE-0046,Forensic Step 3: Remediation Review,Completed,ANON-03,2026-08-05T09:34:00Z,2026-08-05T09:43:00Z,Completed analysis for step 3,HASH-SHA256-463
CSE-10-CASE-0046-STP-4,CSE-10-CASE-0046,Forensic Step 4: Artifact Capture,Completed,ANON-03,2026-08-05T09:39:00Z,2026-08-05T09:51:00Z,Completed analysis for step 4,HASH-SHA256-464
CSE-10-CASE-0046-STP-5,CSE-10-CASE-0046,Forensic Step 5: Memory Dump,Completed,ANON-03,2026-08-05T09:44:00Z,2026-08-05T09:59:00Z,Completed analysis for step 5,HASH-SHA256-465
CSE-10-CASE-0047-STP-1,CSE-10-CASE-0047,Forensic Step 1: Memory Dump,Completed,ANON-04,2026-08-25T06:01:00Z,2026-08-25T06:04:00Z,Completed analysis for step 1,HASH-SHA256-471
CSE-10-CASE-0047-STP-2,CSE-10-CASE-0047,Forensic Step 2: Egress Inspection,Completed,ANON-04,2026-08-25T06:06:00Z,2026-08-25T06:12:00Z,Completed analysis for step 2,HASH-SHA256-472
CSE-10-CASE-0047-STP-3,CSE-10-CASE-0047,Forensic Step 3: Remediation Review,Completed,ANON-04,2026-08-25T06:11:00Z,2026-08-25T06:20:00Z,Completed analysis for step 3,HASH-SHA256-473
CSE-10-CASE-0047-STP-4,CSE-10-CASE-0047,Forensic Step 4: Artifact Capture,Completed,ANON-04,2026-08-25T06:16:00Z,2026-08-25T06:28:00Z,Completed analysis for step 4,HASH-SHA256-474
CSE-10-CASE-0048-STP-1,CSE-10-CASE-0048,Forensic Step 1: Memory Dump,Completed,ANON-01,2026-08-06T16:01:00Z,2026-08-06T16:04:00Z,Completed analysis for step 1,HASH-SHA256-481
CSE-10-CASE-0049-STP-1,CSE-10-CASE-0049,Forensic Step 1: Memory Dump,Completed,ANON-02,2026-08-27T13:49:00Z,2026-08-27T13:52:00Z,Completed analysis for step 1,HASH-SHA256-491
CSE-10-CASE-0049-STP-2,CSE-10-CASE-0049,Forensic Step 2: Egress Inspection,Completed,ANON-02,2026-08-27T13:54:00Z,2026-08-27T14:00:00Z,Completed analysis for step 2,HASH-SHA256-492
CSE-10-CASE-0049-STP-3,CSE-10-CASE-0049,Forensic Step 3: Remediation Review,Completed,ANON-02,2026-08-27T13:59:00Z,2026-08-27T14:08:00Z,Completed analysis for step 3,HASH-SHA256-493
CSE-10-CASE-0049-STP-4,CSE-10-CASE-0049,Forensic Step 4: Artifact Capture,Completed,ANON-02,2026-08-27T14:04:00Z,2026-08-27T14:16:00Z,Completed analysis for step 4,HASH-SHA256-494
CSE-10-CASE-0050-STP-1,CSE-10-CASE-0050,Forensic Step 1: Memory Dump,Completed,ANON-03,2026-08-21T02:13:00Z,2026-08-21T02:16:00Z,Completed analysis for step 1,HASH-SHA256-501
CSE-10-CASE-0051-STP-1,CSE-10-CASE-0051,Forensic Step 1: Memory Dump,Completed,ANON-04,2026-08-04T08:22:00Z,2026-08-04T08:25:00Z,Completed analysis for step 1,HASH-SHA256-511
CSE-10-CASE-0052-STP-1,CSE-10-CASE-0052,Forensic Step 1: Memory Dump,Completed,ANON-01,2026-08-20T11:26:00Z,2026-08-20T11:29:00Z,Completed analysis for step 1,HASH-SHA256-521
CSE-10-CASE-0052-STP-2,CSE-10-CASE-0052,Forensic Step 2: Egress Inspection,Completed,ANON-01,2026-08-20T11:31:00Z,2026-08-20T11:37:00Z,Completed analysis for step 2,HASH-SHA256-522
CSE-10-CASE-0052-STP-3,CSE-10-CASE-0052,Forensic Step 3: Remediation Review,Completed,ANON-01,2026-08-20T11:36:00Z,2026-08-20T11:45:00Z,Completed analysis for step 3,HASH-SHA256-523
CSE-10-CASE-0053-STP-1,CSE-10-CASE-0053,Forensic Step 1: Memory Dump,Completed,ANON-02,2026-08-17T05:14:00Z,2026-08-17T05:17:00Z,Completed analysis for step 1,HASH-SHA256-531
CSE-10-CASE-0053-STP-2,CSE-10-CASE-0053,Forensic Step 2: Egress Inspection,Completed,ANON-02,2026-08-17T05:19:00Z,2026-08-17T05:25:00Z,Completed analysis for step 2,HASH-SHA256-532
CSE-10-CASE-0053-STP-3,CSE-10-CASE-0053,Forensic Step 3: Remediation Review,Completed,ANON-02,2026-08-17T05:24:00Z,2026-08-17T05:33:00Z,Completed analysis for step 3,HASH-SHA256-533
CSE-10-CASE-0053-STP-4,CSE-10-CASE-0053,Forensic Step 4: Artifact Capture,Completed,ANON-02,2026-08-17T05:29:00Z,2026-08-17T05:41:00Z,Completed analysis for step 4,HASH-SHA256-534
CSE-10-CASE-0053-STP-5,CSE-10-CASE-0053,Forensic Step 5: Memory Dump,Completed,ANON-02,2026-08-17T05:34:00Z,2026-08-17T05:49:00Z,Completed analysis for step 5,HASH-SHA256-535
CSE-10-CASE-0054-STP-1,CSE-10-CASE-0054,Forensic Step 1: Memory Dump,Completed,ANON-03,2026-08-14T20:05:00Z,2026-08-14T20:08:00Z,Completed analysis for step 1,HASH-SHA256-541
CSE-10-CASE-0055-STP-1,CSE-10-CASE-0055,Forensic Step 1: Memory Dump,Completed,ANON-04,2026-08-26T23:59:00Z,2026-08-27T00:02:00Z,Completed analysis for step 1,HASH-SHA256-551
CSE-10-CASE-0056-STP-1,CSE-10-CASE-0056,Forensic Step 1: Memory Dump,Completed,ANON-01,2026-08-27T08:05:00Z,2026-08-27T08:08:00Z,Completed analysis for step 1,HASH-SHA256-561
CSE-10-CASE-0056-STP-2,CSE-10-CASE-0056,Forensic Step 2: Egress Inspection,Completed,ANON-01,2026-08-27T08:10:00Z,2026-08-27T08:16:00Z,Completed analysis for step 2,HASH-SHA256-562
CSE-10-CASE-0056-STP-3,CSE-10-CASE-0056,Forensic Step 3: Remediation Review,Completed,ANON-01,2026-08-27T08:15:00Z,2026-08-27T08:24:00Z,Completed analysis for step 3,HASH-SHA256-563
CSE-10-CASE-0056-STP-4,CSE-10-CASE-0056,Forensic Step 4: Artifact Capture,Completed,ANON-01,2026-08-27T08:20:00Z,2026-08-27T08:32:00Z,Completed analysis for step 4,HASH-SHA256-564
CSE-10-CASE-0057-STP-1,CSE-10-CASE-0057,Forensic Step 1: Memory Dump,Completed,ANON-02,2026-08-16T16:04:00Z,2026-08-16T16:07:00Z,Completed analysis for step 1,HASH-SHA256-571
CSE-10-CASE-0058-STP-1,CSE-10-CASE-0058,Forensic Step 1: Memory Dump,Completed,ANON-03,2026-08-30T01:32:00Z,2026-08-30T01:35:00Z,Completed analysis for step 1,HASH-SHA256-581
CSE-10-CASE-0058-STP-2,CSE-10-CASE-0058,Forensic Step 2: Egress Inspection,Completed,ANON-03,2026-08-30T01:37:00Z,2026-08-30T01:43:00Z,Completed analysis for step 2,HASH-SHA256-582
CSE-10-CASE-0058-STP-3,CSE-10-CASE-0058,Forensic Step 3: Remediation Review,Completed,ANON-03,2026-08-30T01:42:00Z,2026-08-30T01:51:00Z,Completed analysis for step 3,HASH-SHA256-583
CSE-10-CASE-0058-STP-4,CSE-10-CASE-0058,Forensic Step 4: Artifact Capture,Completed,ANON-03,2026-08-30T01:47:00Z,2026-08-30T01:59:00Z,Completed analysis for step 4,HASH-SHA256-584
CSE-10-CASE-0058-STP-5,CSE-10-CASE-0058,Forensic Step 5: Memory Dump,Completed,ANON-03,2026-08-30T01:52:00Z,2026-08-30T02:07:00Z,Completed analysis for step 5,HASH-SHA256-585
CSE-10-CASE-0059-STP-1,CSE-10-CASE-0059,Forensic Step 1: Memory Dump,Completed,ANON-04,2026-08-17T11:42:00Z,2026-08-17T11:45:00Z,Completed analysis for step 1,HASH-SHA256-591
CSE-10-CASE-0059-STP-2,CSE-10-CASE-0059,Forensic Step 2: Egress Inspection,Completed,ANON-04,2026-08-17T11:47:00Z,2026-08-17T11:53:00Z,Completed analysis for step 2,HASH-SHA256-592
CSE-10-CASE-0059-STP-3,CSE-10-CASE-0059,Forensic Step 3: Remediation Review,Completed,ANON-04,2026-08-17T11:52:00Z,2026-08-17T12:01:00Z,Completed analysis for step 3,HASH-SHA256-593
CSE-10-CASE-0059-STP-4,CSE-10-CASE-0059,Forensic Step 4: Artifact Capture,Completed,ANON-04,2026-08-17T11:57:00Z,2026-08-17T12:09:00Z,Completed analysis for step 4,HASH-SHA256-594
CSE-10-CASE-0060-STP-1,CSE-10-CASE-0060,Forensic Step 1: Memory Dump,Completed,ANON-01,2026-08-12T11:19:00Z,2026-08-12T11:22:00Z,Completed analysis for step 1,HASH-SHA256-601
