case_id,cse_id,opened_at,closed_at,investigation_text,investigator_id,escalated,resolution,alert_ids
CAS-CSE-07-0001,CSE-07,2024-11-30 08:26:29.131052,2024-11-30 08:31:14.392288,Investigated system activity on port 35481. Correlated firewall session logs.,ANA-007,False,Resolved,"[""ALT-CSE-07-00000""]"
CAS-CSE-07-0002,CSE-07,2024-12-02 13:40:39.154380,2024-12-02 13:44:08.842653,Alert investigated. No indicators of compromise found. Closed without escalation.,ANA-007,False,Resolved,"[""ALT-CSE-07-00003""]"
CAS-CSE-07-0003,CSE-07,2024-10-22 14:52:55.066873,2024-10-22 14:56:31.882446,Alert investigated. No indicators of compromise found. Closed without escalation.,ANA-007,False,Resolved,"[""ALT-CSE-07-00004""]"
CAS-CSE-07-0004,CSE-07,2024-11-22 14:46:06.036488,2024-11-22 14:50:09.103932,Investigated system activity on port 36651. Correlated firewall session logs.,ANA-007,False,Resolved,"[""ALT-CSE-07-00005""]"
CAS-CSE-07-0005,CSE-07,2024-10-05 11:46:15.553008,2024-10-05 11:50:32.981380,Alert investigated. No indicators of compromise found. Closed without escalation.,ANA-007,False,Resolved,"[""ALT-CSE-07-00006""]"
CAS-CSE-07-0006,CSE-07,2024-10-27 23:57:00.281956,2024-10-28 00:01:15.634480,Alert investigated. No indicators of compromise found. Closed without escalation.,ANA-007,False,Resolved,"[""ALT-CSE-07-00007""]"
CAS-CSE-07-0007,CSE-07,2024-11-29 20:47:06.679282,2024-11-29 20:50:46.639608,Alert investigated. No indicators of compromise found. Closed without escalation.,ANA-007,False,Resolved,"[""ALT-CSE-07-00008""]"
CAS-CSE-07-0008,CSE-07,2024-12-22 09:22:15.615786,2024-12-22 09:26:38.187221,Alert investigated. No indicators of compromise found. Closed without escalation.,ANA-007,False,Resolved,"[""ALT-CSE-07-00010""]"
CAS-CSE-07-0009,CSE-07,2024-10-09 13:15:48.040905,2024-10-09 13:20:00.599490,Alert investigated. No indicators of compromise found. Closed without escalation.,ANA-007,False,Resolved,"[""ALT-CSE-07-00011""]"
CAS-CSE-07-0010,CSE-07,2024-10-28 01:17:43.610928,2024-10-28 01:22:16.621334,Alert investigated. No indicators of compromise found. Closed without escalation.,ANA-007,True,Resolved,"[""ALT-CSE-07-00012""]"
CAS-CSE-07-0011,CSE-07,2024-12-06 23:32:10.652027,2024-12-06 23:36:16.730893,Alert investigated. No indicators of compromise found. Closed without escalation.,ANA-007,False,Resolved,"[""ALT-CSE-07-00013""]"
CAS-CSE-07-0012,CSE-07,2024-12-12 21:02:29.066726,2024-12-12 21:07:07.659396,Investigated system activity on port 62913. Correlated firewall session logs.,ANA-007,False,Resolved,"[""ALT-CSE-07-00014""]"
CAS-CSE-07-0013,CSE-07,2024-11-22 12:22:03.825509,2024-11-22 12:26:41.781555,Alert investigated. No indicators of compromise found. Closed without escalation.,ANA-007,False,Resolved,"[""ALT-CSE-07-00015""]"
CAS-CSE-07-0014,CSE-07,2024-10-04 17:25:30.081714,2024-10-04 17:28:50.526158,Investigated system activity on port 41005. Correlated firewall session logs.,ANA-007,False,Resolved,"[""ALT-CSE-07-00016""]"
CAS-CSE-07-0015,CSE-07,2024-12-07 10:50:39.091402,2024-12-07 10:54:42.431735,Alert investigated. No indicators of compromise found. Closed without escalation.,ANA-007,False,Resolved,"[""ALT-CSE-07-00017""]"
CAS-CSE-07-0016,CSE-07,2024-10-16 05:19:33.224772,2024-10-16 05:23:34.829236,Investigated system activity on port 49469. Correlated firewall session logs.,ANA-007,False,Resolved,"[""ALT-CSE-07-00018""]"
CAS-CSE-07-0017,CSE-07,2024-10-27 14:41:39.845963,2024-10-27 14:45:27.826631,Investigated system activity on port 50908. Correlated firewall session logs.,ANA-007,False,Resolved,"[""ALT-CSE-07-00019""]"
CAS-CSE-07-0018,CSE-07,2024-11-09 17:34:58.826255,2024-11-09 17:38:05.272399,Alert investigated. No indicators of compromise found. Closed without escalation.,ANA-007,False,Resolved,"[""ALT-CSE-07-00020""]"
CAS-CSE-07-0019,CSE-07,2024-10-17 18:07:41.026309,2024-10-17 18:11:13.965714,Alert investigated. No indicators of compromise found. Closed without escalation.,ANA-007,False,Resolved,"[""ALT-CSE-07-00021""]"
CAS-CSE-07-0020,CSE-07,2024-12-11 22:52:53.181059,2024-12-11 22:57:06.751235,Alert investigated. No indicators of compromise found. Closed without escalation.,ANA-007,False,Resolved,"[""ALT-CSE-07-00022""]"
CAS-CSE-07-0021,CSE-07,2024-10-18 04:11:27.463792,2024-10-18 04:15:33.564002,Alert investigated. No indicators of compromise found. Closed without escalation.,ANA-007,False,Resolved,"[""ALT-CSE-07-00023""]"
CAS-CSE-07-0022,CSE-07,2024-10-22 04:58:20.369148,2024-10-22 05:02:19.874543,Investigated system activity on port 28403. Correlated firewall session logs.,ANA-007,False,Resolved,"[""ALT-CSE-07-00024""]"
CAS-CSE-07-0023,CSE-07,2024-12-25 00:50:07.335707,2024-12-25 00:54:39.846611,Investigated system activity on port 15045. Correlated firewall session logs.,ANA-007,False,Resolved,"[""ALT-CSE-07-00025""]"
CAS-CSE-07-0024,CSE-07,2024-11-25 18:12:21.115159,2024-11-25 18:15:55.224606,Alert investigated. No indicators of compromise found. Closed without escalation.,ANA-007,False,Resolved,"[""ALT-CSE-07-00026""]"
CAS-CSE-07-0025,CSE-07,2024-12-03 17:23:59.201494,2024-12-03 17:28:37.754682,Alert investigated. No indicators of compromise found. Closed without escalation.,ANA-007,False,Resolved,"[""ALT-CSE-07-00027""]"
CAS-CSE-07-0026,CSE-07,2024-12-02 06:02:55.417633,2024-12-02 06:07:06.130939,Investigated system activity on port 44513. Correlated firewall session logs.,ANA-007,False,Resolved,"[""ALT-CSE-07-00028""]"
CAS-CSE-07-0027,CSE-07,2024-10-23 00:26:27.938633,2024-10-23 00:30:56.205725,Investigated system activity on port 22487. Correlated firewall session logs.,ANA-007,False,Resolved,"[""ALT-CSE-07-00029""]"
CAS-CSE-07-0028,CSE-07,2024-10-25 10:05:13.423005,2024-10-25 10:09:13.674779,Investigated system activity on port 34204. Correlated firewall session logs.,ANA-007,False,Resolved,"[""ALT-CSE-07-00030""]"
CAS-CSE-07-0029,CSE-07,2024-11-03 07:57:12.098294,2024-11-03 08:01:48.412333,Alert investigated. No indicators of compromise found. Closed without escalation.,ANA-007,False,Resolved,"[""ALT-CSE-07-00031""]"
CAS-CSE-07-0030,CSE-07,2024-12-26 20:29:00.178148,2024-12-26 20:32:30.501050,Alert investigated. No indicators of compromise found. Closed without escalation.,ANA-007,False,Resolved,"[""ALT-CSE-07-00032""]"
CAS-CSE-07-0031,CSE-07,2024-12-15 06:11:12.790117,2024-12-15 06:15:18.857804,Alert investigated. No indicators of compromise found. Closed without escalation.,ANA-007,True,Resolved,"[""ALT-CSE-07-00033""]"
CAS-CSE-07-0032,CSE-07,2024-12-07 11:16:21.060921,2024-12-07 11:20:19.525253,Alert investigated. No indicators of compromise found. Closed without escalation.,ANA-007,False,Resolved,"[""ALT-CSE-07-00034""]"
CAS-CSE-07-0033,CSE-07,2024-10-06 02:11:39.472221,2024-10-06 02:15:26.252800,Alert investigated. No indicators of compromise found. Closed without escalation.,ANA-007,False,Resolved,"[""ALT-CSE-07-00035""]"
CAS-CSE-07-0034,CSE-07,2024-12-01 03:05:37.529485,2024-12-01 03:09:34.391373,Alert investigated. No indicators of compromise found. Closed without escalation.,ANA-007,False,Resolved,"[""ALT-CSE-07-00037""]"
CAS-CSE-07-0035,CSE-07,2024-12-25 14:27:25.086472,2024-12-25 14:31:41.984516,Alert investigated. No indicators of compromise found. Closed without escalation.,ANA-007,False,Resolved,"[""ALT-CSE-07-00039""]"
CAS-CSE-07-0036,CSE-07,2024-10-19 20:43:13.284502,2024-10-19 20:47:21.599489,Investigated system activity on port 17205. Correlated firewall session logs.,ANA-007,False,Resolved,"[""ALT-CSE-07-00040""]"
CAS-CSE-07-0037,CSE-07,2024-11-08 16:07:55.885300,2024-11-08 16:11:08.475425,Alert investigated. No indicators of compromise found. Closed without escalation.,ANA-007,False,Resolved,"[""ALT-CSE-07-00041""]"
CAS-CSE-07-0038,CSE-07,2024-12-23 14:05:40.951073,2024-12-23 14:10:04.227118,Alert investigated. No indicators of compromise found. Closed without escalation.,ANA-007,False,Resolved,"[""ALT-CSE-07-00042""]"
CAS-CSE-07-0039,CSE-07,2024-10-07 07:30:25.350092,2024-10-07 07:33:50.025053,Alert investigated. No indicators of compromise found. Closed without escalation.,ANA-007,False,Resolved,"[""ALT-CSE-07-00043""]"
CAS-CSE-07-0040,CSE-07,2024-11-12 01:15:43.889995,2024-11-12 01:19:11.451054,Alert investigated. No indicators of compromise found. Closed without escalation.,ANA-007,False,Resolved,"[""ALT-CSE-07-00044""]"
CAS-CSE-07-0041,CSE-07,2024-11-24 05:39:19.587584,2024-11-24 05:42:59.591960,Investigated system activity on port 61511. Correlated firewall session logs.,ANA-007,False,Resolved,"[""ALT-CSE-07-00045""]"
CAS-CSE-07-0042,CSE-07,2024-11-17 19:45:07.011361,2024-11-17 19:48:39.182095,Alert investigated. No indicators of compromise found. Closed without escalation.,ANA-007,False,Resolved,"[""ALT-CSE-07-00046""]"
CAS-CSE-07-0043,CSE-07,2024-10-26 03:21:51.926256,2024-10-26 03:26:26.966211,Alert investigated. No indicators of compromise found. Closed without escalation.,ANA-007,False,Resolved,"[""ALT-CSE-07-00047""]"
CAS-CSE-07-0044,CSE-07,2024-12-20 23:50:55.701938,2024-12-20 23:55:23.468950,Alert investigated. No indicators of compromise found. Closed without escalation.,ANA-007,False,Resolved,"[""ALT-CSE-07-00048""]"
CAS-CSE-07-0045,CSE-07,2024-11-01 17:53:57.517683,2024-11-01 17:57:28.629190,Investigated system activity on port 18378. Correlated firewall session logs.,ANA-007,False,Resolved,"[""ALT-CSE-07-00049""]"
CAS-CSE-07-0046,CSE-07,2024-10-10 13:06:38.707050,2024-10-10 13:10:14.532012,Investigated system activity on port 14466. Correlated firewall session logs.,ANA-007,False,Resolved,"[""ALT-CSE-07-00050""]"
CAS-CSE-07-0047,CSE-07,2024-12-13 17:41:14.608582,2024-12-13 17:45:34.413844,Alert investigated. No indicators of compromise found. Closed without escalation.,ANA-007,False,Resolved,"[""ALT-CSE-07-00051""]"
CAS-CSE-07-0048,CSE-07,2024-10-16 03:39:18.871676,2024-10-16 03:43:51.656598,Alert investigated. No indicators of compromise found. Closed without escalation.,ANA-007,False,Resolved,"[""ALT-CSE-07-00052""]"
CAS-CSE-07-0049,CSE-07,2024-12-07 22:38:55.530952,2024-12-07 22:43:13.476910,Investigated system activity on port 8462. Correlated firewall session logs.,ANA-007,False,Resolved,"[""ALT-CSE-07-00053""]"
CAS-CSE-07-0050,CSE-07,2024-10-06 14:20:33.174579,2024-10-06 14:23:33.113762,Alert investigated. No indicators of compromise found. Closed without escalation.,ANA-007,False,Resolved,"[""ALT-CSE-07-00054""]"
CAS-CSE-07-0051,CSE-07,2024-10-10 15:20:14.960959,2024-10-10 15:24:25.928435,Investigated system activity on port 65243. Correlated firewall session logs.,ANA-007,True,Resolved,"[""ALT-CSE-07-00056""]"
CAS-CSE-07-0052,CSE-07,2024-10-25 10:19:55.921413,2024-10-25 10:24:34.961184,Alert investigated. No indicators of compromise found. Closed without escalation.,ANA-007,False,Resolved,"[""ALT-CSE-07-00057""]"
CAS-CSE-07-0053,CSE-07,2024-12-20 08:41:38.025418,2024-12-20 08:45:33.305401,Alert investigated. No indicators of compromise found. Closed without escalation.,ANA-007,False,Resolved,"[""ALT-CSE-07-00058""]"
CAS-CSE-07-0054,CSE-07,2024-10-25 13:31:38.376988,2024-10-25 13:35:31.475004,Alert investigated. No indicators of compromise found. Closed without escalation.,ANA-007,False,Resolved,"[""ALT-CSE-07-00059""]"
CAS-CSE-07-0055,CSE-07,2024-11-20 10:57:13.881905,2024-11-20 11:01:16.809128,Alert investigated. No indicators of compromise found. Closed without escalation.,ANA-007,False,Resolved,"[""ALT-CSE-07-00060""]"
CAS-CSE-07-0056,CSE-07,2024-12-03 05:47:08.163435,2024-12-03 05:51:27.086440,Alert investigated. No indicators of compromise found. Closed without escalation.,ANA-007,False,Resolved,"[""ALT-CSE-07-00061""]"
CAS-CSE-07-0057,CSE-07,2024-10-28 07:57:01.191924,2024-10-28 08:00:40.526617,Investigated system activity on port 37508. Correlated firewall session logs.,ANA-007,False,Resolved,"[""ALT-CSE-07-00063""]"
CAS-CSE-07-0058,CSE-07,2024-10-27 13:54:27.049663,2024-10-27 13:57:51.498037,Alert investigated. No indicators of compromise found. Closed without escalation.,ANA-007,True,Resolved,"[""ALT-CSE-07-00064""]"
CAS-CSE-07-0059,CSE-07,2024-12-08 22:07:31.181237,2024-12-08 22:11:32.947044,Investigated system activity on port 29364. Correlated firewall session logs.,ANA-007,False,Resolved,"[""ALT-CSE-07-00065""]"
CAS-CSE-07-0060,CSE-07,2024-12-04 17:40:58.170156,2024-12-04 17:45:04.339438,Alert investigated. No indicators of compromise found. Closed without escalation.,ANA-007,False,Resolved,"[""ALT-CSE-07-00066""]"
CAS-CSE-07-0061,CSE-07,2024-10-15 20:56:38.106574,2024-10-15 21:01:24.246952,Alert investigated. No indicators of compromise found. Closed without escalation.,ANA-007,False,Resolved,"[""ALT-CSE-07-00067""]"
CAS-CSE-07-0062,CSE-07,2024-10-02 21:01:21.158865,2024-10-02 21:05:44.596841,Alert investigated. No indicators of compromise found. Closed without escalation.,ANA-007,False,Resolved,"[""ALT-CSE-07-00068""]"
CAS-CSE-07-0063,CSE-07,2024-10-17 07:31:25.407920,2024-10-17 07:35:19.042184,Alert investigated. No indicators of compromise found. Closed without escalation.,ANA-007,True,Resolved,"[""ALT-CSE-07-00069""]"
CAS-CSE-07-0064,CSE-07,2024-12-24 18:00:14.539483,2024-12-24 18:03:35.918099,Alert investigated. No indicators of compromise found. Closed without escalation.,ANA-007,False,Resolved,"[""ALT-CSE-07-00070""]"
CAS-CSE-07-0065,CSE-07,2024-12-24 11:08:59.987078,2024-12-24 11:13:11.033262,Investigated system activity on port 55407. Correlated firewall session logs.,ANA-007,False,Resolved,"[""ALT-CSE-07-00072""]"
CAS-CSE-07-0066,CSE-07,2024-10-25 21:01:23.733188,2024-10-25 21:05:35.346755,Investigated system activity on port 22372. Correlated firewall session logs.,ANA-007,False,Resolved,"[""ALT-CSE-07-00073""]"
CAS-CSE-07-0067,CSE-07,2024-10-22 12:47:33.615696,2024-10-22 12:52:21.725342,Alert investigated. No indicators of compromise found. Closed without escalation.,ANA-007,True,Resolved,"[""ALT-CSE-07-00074""]"
CAS-CSE-07-0068,CSE-07,2024-11-24 02:25:03.204911,2024-11-24 02:29:10.346758,Investigated system activity on port 23399. Correlated firewall session logs.,ANA-007,False,Resolved,"[""ALT-CSE-07-00075""]"
CAS-CSE-07-0069,CSE-07,2024-10-03 22:34:41.471924,2024-10-03 22:38:04.542487,Alert investigated. No indicators of compromise found. Closed without escalation.,ANA-007,False,Resolved,"[""ALT-CSE-07-00076""]"
CAS-CSE-07-0070,CSE-07,2024-11-15 20:33:53.068333,2024-11-15 20:37:53.435653,Investigated system activity on port 35081. Correlated firewall session logs.,ANA-007,False,Resolved,"[""ALT-CSE-07-00077""]"
CAS-CSE-07-0071,CSE-07,2024-10-07 18:23:58.141557,2024-10-07 18:28:12.619984,Alert investigated. No indicators of compromise found. Closed without escalation.,ANA-007,False,Resolved,"[""ALT-CSE-07-00079""]"
CAS-CSE-07-0072,CSE-07,2024-10-30 23:51:42.350997,2024-10-30 23:55:03.067954,Investigated system activity on port 41348. Correlated firewall session logs.,ANA-007,False,Resolved,"[""ALT-CSE-07-00080""]"
CAS-CSE-07-0073,CSE-07,2024-12-01 08:15:54.367113,2024-12-01 08:19:26.863143,Alert investigated. No indicators of compromise found. Closed without escalation.,ANA-007,False,Resolved,"[""ALT-CSE-07-00081""]"
CAS-CSE-07-0074,CSE-07,2024-10-28 17:41:52.853433,2024-10-28 17:45:46.488606,Alert investigated. No indicators of compromise found. Closed without escalation.,ANA-007,False,Resolved,"[""ALT-CSE-07-00082""]"
CAS-CSE-07-0075,CSE-07,2024-10-01 17:36:56.503248,2024-10-01 17:40:47.515072,Alert investigated. No indicators of compromise found. Closed without escalation.,ANA-007,False,Resolved,"[""ALT-CSE-07-00083""]"
CAS-CSE-07-0076,CSE-07,2024-11-04 23:35:52.438085,2024-11-04 23:39:59.808786,Alert investigated. No indicators of compromise found. Closed without escalation.,ANA-007,False,Resolved,"[""ALT-CSE-07-00084""]"
CAS-CSE-07-0077,CSE-07,2024-11-03 04:24:13.594290,2024-11-03 04:28:35.668621,Alert investigated. No indicators of compromise found. Closed without escalation.,ANA-007,False,Resolved,"[""ALT-CSE-07-00085""]"
CAS-CSE-07-0078,CSE-07,2024-10-30 17:26:19.133441,2024-10-30 17:30:14.088593,Alert investigated. No indicators of compromise found. Closed without escalation.,ANA-007,False,Resolved,"[""ALT-CSE-07-00086""]"
CAS-CSE-07-0079,CSE-07,2024-10-31 21:54:35.327457,2024-10-31 21:58:09.659486,Investigated system activity on port 28749. Correlated firewall session logs.,ANA-007,False,Resolved,"[""ALT-CSE-07-00088""]"
CAS-CSE-07-0080,CSE-07,2024-11-10 14:22:44.147454,2024-11-10 14:27:08.208305,Alert investigated. No indicators of compromise found. Closed without escalation.,ANA-007,False,Resolved,"[""ALT-CSE-07-00089""]"
CAS-CSE-07-0081,CSE-07,2024-10-17 03:51:14.098372,2024-10-17 03:54:40.417551,Alert investigated. No indicators of compromise found. Closed without escalation.,ANA-007,False,Resolved,"[""ALT-CSE-07-00090""]"
CAS-CSE-07-0082,CSE-07,2024-12-27 01:22:51.982208,2024-12-27 01:27:29.566819,Alert investigated. No indicators of compromise found. Closed without escalation.,ANA-007,False,Resolved,"[""ALT-CSE-07-00091""]"
CAS-CSE-07-0083,CSE-07,2024-10-10 09:07:25.501696,2024-10-10 09:11:42.627237,Alert investigated. No indicators of compromise found. Closed without escalation.,ANA-007,False,Resolved,"[""ALT-CSE-07-00093""]"
CAS-CSE-07-0084,CSE-07,2024-12-22 08:32:29.195636,2024-12-22 08:36:52.989334,Investigated system activity on port 62813. Correlated firewall session logs.,ANA-007,False,Resolved,"[""ALT-CSE-07-00094""]"
CAS-CSE-07-0085,CSE-07,2024-10-07 17:51:43.371182,2024-10-07 17:55:28.717544,Investigated system activity on port 50900. Correlated firewall session logs.,ANA-007,False,Resolved,"[""ALT-CSE-07-00095""]"
CAS-CSE-07-0086,CSE-07,2024-11-18 07:31:39.014497,2024-11-18 07:35:53.419691,Alert investigated. No indicators of compromise found. Closed without escalation.,ANA-007,False,Resolved,"[""ALT-CSE-07-00096""]"
CAS-CSE-07-0087,CSE-07,2024-10-05 07:17:11.871555,2024-10-05 07:20:29.064942,Investigated system activity on port 9221. Correlated firewall session logs.,ANA-007,False,Resolved,"[""ALT-CSE-07-00098""]"
CAS-CSE-07-0088,CSE-07,2024-11-11 01:35:42.684750,2024-11-11 01:39:37.842852,Alert investigated. No indicators of compromise found. Closed without escalation.,ANA-007,False,Resolved,"[""ALT-CSE-07-00099""]"
CAS-CSE-07-0089,CSE-07,2024-12-13 04:54:38.686591,2024-12-13 04:59:20.237770,Alert investigated. No indicators of compromise found. Closed without escalation.,ANA-007,False,Resolved,"[""ALT-CSE-07-00100""]"
CAS-CSE-07-0090,CSE-07,2024-12-25 08:47:38.044614,2024-12-25 08:52:02.019756,Alert investigated. No indicators of compromise found. Closed without escalation.,ANA-007,False,Resolved,"[""ALT-CSE-07-00101""]"
CAS-CSE-07-0091,CSE-07,2024-11-07 17:49:25.269519,2024-11-07 17:53:59.437659,Alert investigated. No indicators of compromise found. Closed without escalation.,ANA-007,False,Resolved,"[""ALT-CSE-07-00102""]"
CAS-CSE-07-0092,CSE-07,2024-11-10 14:56:24.822484,2024-11-10 15:00:48.925114,Investigated system activity on port 10074. Correlated firewall session logs.,ANA-007,False,Resolved,"[""ALT-CSE-07-00103""]"
CAS-CSE-07-0093,CSE-07,2024-11-29 10:59:05.140536,2024-11-29 11:03:19.940794,Investigated system activity on port 37632. Correlated firewall session logs.,ANA-007,False,Resolved,"[""ALT-CSE-07-00105""]"
CAS-CSE-07-0094,CSE-07,2024-12-08 22:54:09.600289,2024-12-08 22:57:15.957228,Investigated system activity on port 33718. Correlated firewall session logs.,ANA-007,False,Resolved,"[""ALT-CSE-07-00106""]"
CAS-CSE-07-0095,CSE-07,2024-10-22 18:56:56.820177,2024-10-22 19:00:49.343918,Alert investigated. No indicators of compromise found. Closed without escalation.,ANA-007,False,Resolved,"[""ALT-CSE-07-00107""]"
CAS-CSE-07-0096,CSE-07,2024-10-29 11:32:11.971440,2024-10-29 11:35:51.322944,Investigated system activity on port 48935. Correlated firewall session logs.,ANA-007,False,Resolved,"[""ALT-CSE-07-00108""]"
CAS-CSE-07-0097,CSE-07,2024-12-23 22:06:46.788205,2024-12-23 22:10:04.154850,Investigated system activity on port 49347. Correlated firewall session logs.,ANA-007,False,Resolved,"[""ALT-CSE-07-00109""]"
CAS-CSE-07-0098,CSE-07,2024-12-27 06:37:58.268683,2024-12-27 06:42:29.864823,Alert investigated. No indicators of compromise found. Closed without escalation.,ANA-007,False,Resolved,"[""ALT-CSE-07-00110""]"
CAS-CSE-07-0099,CSE-07,2024-11-30 13:45:45.121948,2024-11-30 13:50:30.318428,Investigated system activity on port 16957. Correlated firewall session logs.,ANA-007,False,Resolved,"[""ALT-CSE-07-00111""]"
CAS-CSE-07-0100,CSE-07,2024-10-06 03:17:09.686516,2024-10-06 03:21:48.795953,Alert investigated. No indicators of compromise found. Closed without escalation.,ANA-007,False,Resolved,"[""ALT-CSE-07-00112""]"
CAS-CSE-07-0101,CSE-07,2024-10-11 12:40:42.526471,2024-10-11 12:44:57.149800,Alert investigated. No indicators of compromise found. Closed without escalation.,ANA-007,False,Resolved,"[""ALT-CSE-07-00113""]"
CAS-CSE-07-0102,CSE-07,2024-10-24 00:08:21.647267,2024-10-24 00:12:34.735705,Alert investigated. No indicators of compromise found. Closed without escalation.,ANA-007,False,Resolved,"[""ALT-CSE-07-00114""]"
CAS-CSE-07-0103,CSE-07,2024-12-24 19:24:59.708357,2024-12-24 19:29:48.023251,Alert investigated. No indicators of compromise found. Closed without escalation.,ANA-007,False,Resolved,"[""ALT-CSE-07-00115""]"
CAS-CSE-07-0104,CSE-07,2024-11-20 10:36:58.027339,2024-11-20 10:41:15.640745,Alert investigated. No indicators of compromise found. Closed without escalation.,ANA-007,False,Resolved,"[""ALT-CSE-07-00116""]"
CAS-CSE-07-0105,CSE-07,2024-10-12 18:53:26.743908,2024-10-12 18:56:46.429088,Alert investigated. No indicators of compromise found. Closed without escalation.,ANA-007,False,Resolved,"[""ALT-CSE-07-00119""]"
CAS-CSE-07-0106,CSE-07,2024-12-04 02:37:02.774566,2024-12-04 02:40:55.722051,Alert investigated. No indicators of compromise found. Closed without escalation.,ANA-007,False,Resolved,"[""ALT-CSE-07-00121""]"
CAS-CSE-07-0107,CSE-07,2024-11-27 22:29:38.281054,2024-11-27 22:33:03.926353,Alert investigated. No indicators of compromise found. Closed without escalation.,ANA-007,False,Resolved,"[""ALT-CSE-07-00123""]"
CAS-CSE-07-0108,CSE-07,2024-12-07 12:39:55.225103,2024-12-07 12:43:18.673193,Alert investigated. No indicators of compromise found. Closed without escalation.,ANA-007,False,Resolved,"[""ALT-CSE-07-00126""]"
CAS-CSE-07-0109,CSE-07,2024-12-02 18:56:54.952776,2024-12-02 19:00:11.992559,Alert investigated. No indicators of compromise found. Closed without escalation.,ANA-007,False,Resolved,"[""ALT-CSE-07-00127""]"
CAS-CSE-07-0110,CSE-07,2024-11-15 11:03:03.535823,2024-11-15 11:07:14.238674,Investigated system activity on port 31476. Correlated firewall session logs.,ANA-007,False,Resolved,"[""ALT-CSE-07-00129""]"
CAS-CSE-07-0111,CSE-07,2024-10-31 15:59:16.017133,2024-10-31 16:03:16.799016,Alert investigated. No indicators of compromise found. Closed without escalation.,ANA-007,False,Resolved,"[""ALT-CSE-07-00130""]"
CAS-CSE-07-0112,CSE-07,2024-10-02 00:54:57.064056,2024-10-02 00:59:00.728118,Investigated system activity on port 12520. Correlated firewall session logs.,ANA-007,True,Resolved,"[""ALT-CSE-07-00131""]"
CAS-CSE-07-0113,CSE-07,2024-12-09 13:32:01.724128,2024-12-09 13:35:46.589709,Investigated system activity on port 18844. Correlated firewall session logs.,ANA-007,False,Resolved,"[""ALT-CSE-07-00134""]"
CAS-CSE-07-0114,CSE-07,2024-11-06 04:59:03.287247,2024-11-06 05:03:34.889793,Alert investigated. No indicators of compromise found. Closed without escalation.,ANA-007,True,Resolved,"[""ALT-CSE-07-00137""]"
CAS-CSE-07-0115,CSE-07,2024-12-15 01:34:40.322350,2024-12-15 01:38:06.799752,Alert investigated. No indicators of compromise found. Closed without escalation.,ANA-007,False,Resolved,"[""ALT-CSE-07-00138""]"
CAS-CSE-07-0116,CSE-07,2024-12-19 17:41:03.233070,2024-12-19 17:44:46.529959,Alert investigated. No indicators of compromise found. Closed without escalation.,ANA-007,False,Resolved,"[""ALT-CSE-07-00139""]"
CAS-CSE-07-0117,CSE-07,2024-11-02 00:13:18.851871,2024-11-02 00:17:36.314981,Alert investigated. No indicators of compromise found. Closed without escalation.,ANA-007,False,Resolved,"[""ALT-CSE-07-00140""]"
CAS-CSE-07-0118,CSE-07,2024-11-07 02:32:01.886217,2024-11-07 02:35:54.117673,Investigated system activity on port 48337. Correlated firewall session logs.,ANA-007,False,Resolved,"[""ALT-CSE-07-00141""]"
CAS-CSE-07-0119,CSE-07,2024-11-13 01:52:09.475560,2024-11-13 01:55:51.665663,Alert investigated. No indicators of compromise found. Closed without escalation.,ANA-007,False,Resolved,"[""ALT-CSE-07-00142""]"
CAS-CSE-07-0120,CSE-07,2024-10-09 05:27:04.719403,2024-10-09 05:30:39.904222,Alert investigated. No indicators of compromise found. Closed without escalation.,ANA-007,False,Resolved,"[""ALT-CSE-07-00143""]"
CAS-CSE-07-0121,CSE-07,2024-10-14 15:11:42.604867,2024-10-14 15:14:44.252908,Investigated system activity on port 37479. Correlated firewall session logs.,ANA-007,False,Resolved,"[""ALT-CSE-07-00144""]"
CAS-CSE-07-0122,CSE-07,2024-10-30 20:38:23.577881,2024-10-30 20:42:43.358580,Alert investigated. No indicators of compromise found. Closed without escalation.,ANA-007,False,Resolved,"[""ALT-CSE-07-00145""]"
CAS-CSE-07-0123,CSE-07,2024-10-18 07:19:13.434259,2024-10-18 07:23:31.790433,Investigated system activity on port 64290. Correlated firewall session logs.,ANA-007,False,Resolved,"[""ALT-CSE-07-00147""]"
CAS-CSE-07-0124,CSE-07,2024-10-23 05:23:22.546286,2024-10-23 05:27:38.252583,Alert investigated. No indicators of compromise found. Closed without escalation.,ANA-007,False,Resolved,"[""ALT-CSE-07-00148""]"
CAS-CSE-07-0125,CSE-07,2024-12-27 12:51:44.616963,2024-12-27 12:54:51.975484,Alert investigated. No indicators of compromise found. Closed without escalation.,ANA-007,False,Resolved,"[""ALT-CSE-07-00149""]"
CAS-CSE-07-0126,CSE-07,2024-12-02 16:09:57.271765,2024-12-02 16:14:17.675485,Alert investigated. No indicators of compromise found. Closed without escalation.,ANA-007,False,Resolved,"[""ALT-CSE-07-00150""]"
CAS-CSE-07-0127,CSE-07,2024-11-23 11:00:33.103994,2024-11-23 11:04:51.222558,Investigated system activity on port 57479. Correlated firewall session logs.,ANA-007,False,Resolved,"[""ALT-CSE-07-00151""]"
CAS-CSE-07-0128,CSE-07,2024-10-13 20:49:39.025270,2024-10-13 20:53:06.626412,Alert investigated. No indicators of compromise found. Closed without escalation.,ANA-007,False,Resolved,"[""ALT-CSE-07-00152""]"
CAS-CSE-07-0129,CSE-07,2024-10-06 17:32:18.912974,2024-10-06 17:36:52.283567,Alert investigated. No indicators of compromise found. Closed without escalation.,ANA-007,False,Resolved,"[""ALT-CSE-07-00153""]"
CAS-CSE-07-0130,CSE-07,2024-11-04 18:21:14.284272,2024-11-04 18:24:54.555123,Alert investigated. No indicators of compromise found. Closed without escalation.,ANA-007,True,Resolved,"[""ALT-CSE-07-00154""]"
CAS-CSE-07-0131,CSE-07,2024-11-18 09:40:13.078841,2024-11-18 09:44:34.646246,Alert investigated. No indicators of compromise found. Closed without escalation.,ANA-007,False,Resolved,"[""ALT-CSE-07-00155""]"
CAS-CSE-07-0132,CSE-07,2024-11-19 09:15:02.594728,2024-11-19 09:19:18.332529,Alert investigated. No indicators of compromise found. Closed without escalation.,ANA-007,False,Resolved,"[""ALT-CSE-07-00156""]"
CAS-CSE-07-0133,CSE-07,2024-12-28 03:31:19.293249,2024-12-28 03:35:52.366332,Alert investigated. No indicators of compromise found. Closed without escalation.,ANA-007,False,Resolved,"[""ALT-CSE-07-00158""]"
CAS-CSE-07-0134,CSE-07,2024-12-06 00:51:19.685761,2024-12-06 00:55:27.932695,Alert investigated. No indicators of compromise found. Closed without escalation.,ANA-007,False,Resolved,"[""ALT-CSE-07-00159""]"
CAS-CSE-07-0135,CSE-07,2024-10-29 14:21:00.348667,2024-10-29 14:24:28.825611,Alert investigated. No indicators of compromise found. Closed without escalation.,ANA-007,False,Resolved,"[""ALT-CSE-07-00162""]"
CAS-CSE-07-0136,CSE-07,2024-11-17 00:24:00.482068,2024-11-17 00:27:43.192827,Alert investigated. No indicators of compromise found. Closed without escalation.,ANA-007,False,Resolved,"[""ALT-CSE-07-00164""]"
CAS-CSE-07-0137,CSE-07,2024-11-07 11:52:31.279113,2024-11-07 11:57:07.497016,Alert investigated. No indicators of compromise found. Closed without escalation.,ANA-007,False,Resolved,"[""ALT-CSE-07-00165""]"
CAS-CSE-07-0138,CSE-07,2024-11-03 11:53:10.306928,2024-11-03 11:56:48.934683,Alert investigated. No indicators of compromise found. Closed without escalation.,ANA-007,False,Resolved,"[""ALT-CSE-07-00166""]"
CAS-CSE-07-0139,CSE-07,2024-12-19 21:19:36.533766,2024-12-19 21:24:10.098860,Alert investigated. No indicators of compromise found. Closed without escalation.,ANA-007,False,Resolved,"[""ALT-CSE-07-00167""]"
CAS-CSE-07-0140,CSE-07,2024-10-04 22:49:37.602509,2024-10-04 22:54:09.814134,Alert investigated. No indicators of compromise found. Closed without escalation.,ANA-007,False,Resolved,"[""ALT-CSE-07-00168""]"
CAS-CSE-07-0141,CSE-07,2024-11-02 19:33:02.625274,2024-11-02 19:36:19.597818,Alert investigated. No indicators of compromise found. Closed without escalation.,ANA-007,False,Resolved,"[""ALT-CSE-07-00169""]"
CAS-CSE-07-0142,CSE-07,2024-12-18 02:39:31.415596,2024-12-18 02:43:38.121762,Alert investigated. No indicators of compromise found. Closed without escalation.,ANA-007,False,Resolved,"[""ALT-CSE-07-00170""]"
CAS-CSE-07-0143,CSE-07,2024-12-18 06:35:38.328339,2024-12-18 06:39:15.906108,Alert investigated. No indicators of compromise found. Closed without escalation.,ANA-007,False,Resolved,"[""ALT-CSE-07-00171""]"
CAS-CSE-07-0144,CSE-07,2024-12-18 00:54:36.794245,2024-12-18 00:58:50.841557,Alert investigated. No indicators of compromise found. Closed without escalation.,ANA-007,False,Resolved,"[""ALT-CSE-07-00173""]"
CAS-CSE-07-0145,CSE-07,2024-11-27 06:14:23.561086,2024-11-27 06:18:41.191898,Alert investigated. No indicators of compromise found. Closed without escalation.,ANA-007,False,Resolved,"[""ALT-CSE-07-00174""]"
CAS-CSE-07-0146,CSE-07,2024-12-23 00:49:00.751304,2024-12-23 00:53:37.869769,Alert investigated. No indicators of compromise found. Closed without escalation.,ANA-007,False,Resolved,"[""ALT-CSE-07-00175""]"
CAS-CSE-07-0147,CSE-07,2024-11-01 07:55:41.022557,2024-11-01 07:59:59.873517,Alert investigated. No indicators of compromise found. Closed without escalation.,ANA-007,False,Resolved,"[""ALT-CSE-07-00176""]"
CAS-CSE-07-0148,CSE-07,2024-10-17 10:01:46.301912,2024-10-17 10:05:56.004986,Alert investigated. No indicators of compromise found. Closed without escalation.,ANA-007,False,Resolved,"[""ALT-CSE-07-00177""]"
CAS-CSE-07-0149,CSE-07,2024-12-06 05:23:43.690542,2024-12-06 05:27:47.414957,Alert investigated. No indicators of compromise found. Closed without escalation.,ANA-007,False,Resolved,"[""ALT-CSE-07-00178""]"
CAS-CSE-07-0150,CSE-07,2024-10-30 12:07:24.418103,2024-10-30 12:10:38.099697,Alert investigated. No indicators of compromise found. Closed without escalation.,ANA-007,False,Resolved,"[""ALT-CSE-07-00180""]"
CAS-CSE-07-0151,CSE-07,2024-11-11 23:49:05.273130,2024-11-11 23:52:55.364295,Alert investigated. No indicators of compromise found. Closed without escalation.,ANA-007,False,Resolved,"[""ALT-CSE-07-00182""]"
CAS-CSE-07-0152,CSE-07,2024-11-28 03:52:59.778284,2024-11-28 03:56:43.969997,Alert investigated. No indicators of compromise found. Closed without escalation.,ANA-007,False,Resolved,"[""ALT-CSE-07-00183""]"
CAS-CSE-07-0153,CSE-07,2024-11-26 23:38:20.097230,2024-11-26 23:42:10.557516,Alert investigated. No indicators of compromise found. Closed without escalation.,ANA-007,False,Resolved,"[""ALT-CSE-07-00184""]"
CAS-CSE-07-0154,CSE-07,2024-10-30 04:21:17.988426,2024-10-30 04:25:07.366314,Alert investigated. No indicators of compromise found. Closed without escalation.,ANA-007,False,Resolved,"[""ALT-CSE-07-00185""]"
CAS-CSE-07-0155,CSE-07,2024-11-27 23:57:57.439359,2024-11-28 00:01:51.157195,Alert investigated. No indicators of compromise found. Closed without escalation.,ANA-007,False,Resolved,"[""ALT-CSE-07-00186""]"
CAS-CSE-07-0156,CSE-07,2024-10-22 10:07:35.946043,2024-10-22 10:11:41.184727,Alert investigated. No indicators of compromise found. Closed without escalation.,ANA-007,False,Resolved,"[""ALT-CSE-07-00187""]"
CAS-CSE-07-0157,CSE-07,2024-10-13 20:38:49.351348,2024-10-13 20:42:29.761237,Alert investigated. No indicators of compromise found. Closed without escalation.,ANA-007,False,Resolved,"[""ALT-CSE-07-00189""]"
CAS-CSE-07-0158,CSE-07,2024-12-25 22:19:32.551237,2024-12-25 22:23:12.356073,Alert investigated. No indicators of compromise found. Closed without escalation.,ANA-007,False,Resolved,"[""ALT-CSE-07-00190""]"
CAS-CSE-07-0159,CSE-07,2024-12-09 12:10:11.341783,2024-12-09 12:13:23.193683,Alert investigated. No indicators of compromise found. Closed without escalation.,ANA-007,False,Resolved,"[""ALT-CSE-07-00191""]"
CAS-CSE-07-0160,CSE-07,2024-10-05 16:08:23.380113,2024-10-05 16:12:27.224404,Alert investigated. No indicators of compromise found. Closed without escalation.,ANA-007,False,Resolved,"[""ALT-CSE-07-00192""]"
CAS-CSE-07-0161,CSE-07,2024-11-18 22:48:44.152148,2024-11-18 22:53:12.415860,Alert investigated. No indicators of compromise found. Closed without escalation.,ANA-007,False,Resolved,"[""ALT-CSE-07-00194""]"
CAS-CSE-07-0162,CSE-07,2024-12-10 23:06:57.248523,2024-12-10 23:11:13.718361,Alert investigated. No indicators of compromise found. Closed without escalation.,ANA-007,False,Resolved,"[""ALT-CSE-07-00195""]"
CAS-CSE-07-0163,CSE-07,2024-12-23 05:32:50.515727,2024-12-23 05:37:23.870410,Alert investigated. No indicators of compromise found. Closed without escalation.,ANA-007,False,Resolved,"[""ALT-CSE-07-00196""]"
CAS-CSE-07-0164,CSE-07,2024-11-06 23:04:43.303578,2024-11-06 23:08:52.154826,Alert investigated. No indicators of compromise found. Closed without escalation.,ANA-007,False,Resolved,"[""ALT-CSE-07-00197""]"
CAS-CSE-07-0165,CSE-07,2024-12-26 23:47:29.637805,2024-12-26 23:51:23.541544,Alert investigated. No indicators of compromise found. Closed without escalation.,ANA-007,False,Resolved,"[""ALT-CSE-07-00198""]"
CAS-CSE-07-0166,CSE-07,2024-10-21 12:15:46.296089,2024-10-21 12:19:28.129270,Alert investigated. No indicators of compromise found. Closed without escalation.,ANA-007,False,Resolved,"[""ALT-CSE-07-00199""]"
CAS-CSE-07-0167,CSE-07,2024-12-28 14:04:28.398249,2024-12-28 14:08:16.623804,Alert investigated. No indicators of compromise found. Closed without escalation.,ANA-007,False,Resolved,"[""ALT-CSE-07-00201""]"
CAS-CSE-07-0168,CSE-07,2024-12-01 21:54:19.654951,2024-12-01 21:58:24.668979,Alert investigated. No indicators of compromise found. Closed without escalation.,ANA-007,False,Resolved,"[""ALT-CSE-07-00202""]"
CAS-CSE-07-0169,CSE-07,2024-12-08 23:05:19.606976,2024-12-08 23:08:42.784995,Alert investigated. No indicators of compromise found. Closed without escalation.,ANA-007,False,Resolved,"[""ALT-CSE-07-00203""]"
CAS-CSE-07-0170,CSE-07,2024-10-24 04:46:26.187848,2024-10-24 04:50:13.945525,Investigated system activity on port 27554. Correlated firewall session logs.,ANA-007,False,Resolved,"[""ALT-CSE-07-00204""]"
CAS-CSE-07-0171,CSE-07,2024-12-11 14:20:44.400810,2024-12-11 14:24:10.841363,Alert investigated. No indicators of compromise found. Closed without escalation.,ANA-007,False,Resolved,"[""ALT-CSE-07-00206""]"
CAS-CSE-07-0172,CSE-07,2024-12-18 23:14:43.615755,2024-12-18 23:17:47.989716,Investigated system activity on port 6371. Correlated firewall session logs.,ANA-007,False,Resolved,"[""ALT-CSE-07-00207""]"
CAS-CSE-07-0173,CSE-07,2024-10-27 15:46:59.680098,2024-10-27 15:51:09.279654,Alert investigated. No indicators of compromise found. Closed without escalation.,ANA-007,False,Resolved,"[""ALT-CSE-07-00208""]"
CAS-CSE-07-0174,CSE-07,2024-10-24 16:02:19.560944,2024-10-24 16:06:29.912267,Alert investigated. No indicators of compromise found. Closed without escalation.,ANA-007,False,Resolved,"[""ALT-CSE-07-00209""]"
CAS-CSE-07-0175,CSE-07,2024-10-26 22:21:31.174303,2024-10-26 22:26:02.424213,Alert investigated. No indicators of compromise found. Closed without escalation.,ANA-007,False,Resolved,"[""ALT-CSE-07-00210""]"
CAS-CSE-07-0176,CSE-07,2024-10-25 15:23:12.216816,2024-10-25 15:27:20.484793,Alert investigated. No indicators of compromise found. Closed without escalation.,ANA-007,False,Resolved,"[""ALT-CSE-07-00212""]"
CAS-CSE-07-0177,CSE-07,2024-11-24 21:00:02.066048,2024-11-24 21:03:40.833458,Alert investigated. No indicators of compromise found. Closed without escalation.,ANA-007,False,Resolved,"[""ALT-CSE-07-00213""]"
CAS-CSE-07-0178,CSE-07,2024-11-30 00:44:02.089629,2024-11-30 00:48:54.681521,Investigated system activity on port 22976. Correlated firewall session logs.,ANA-007,False,Resolved,"[""ALT-CSE-07-00214""]"
CAS-CSE-07-0179,CSE-07,2024-10-24 19:52:46.528068,2024-10-24 19:57:03.742923,Alert investigated. No indicators of compromise found. Closed without escalation.,ANA-007,False,Resolved,"[""ALT-CSE-07-00215""]"
CAS-CSE-07-0180,CSE-07,2024-11-21 16:22:47.495524,2024-11-21 16:26:07.343446,Alert investigated. No indicators of compromise found. Closed without escalation.,ANA-007,False,Resolved,"[""ALT-CSE-07-00217""]"
CAS-CSE-07-0181,CSE-07,2024-12-25 05:09:59.571124,2024-12-25 05:14:28.897173,Alert investigated. No indicators of compromise found. Closed without escalation.,ANA-007,False,Resolved,"[""ALT-CSE-07-00218""]"
CAS-CSE-07-0182,CSE-07,2024-12-03 03:12:24.637051,2024-12-03 03:16:51.349582,Investigated system activity on port 65245. Correlated firewall session logs.,ANA-007,False,Resolved,"[""ALT-CSE-07-00220""]"
CAS-CSE-07-0183,CSE-07,2024-12-15 22:35:14.110229,2024-12-15 22:40:02.508498,Alert investigated. No indicators of compromise found. Closed without escalation.,ANA-007,False,Resolved,"[""ALT-CSE-07-00221""]"
CAS-CSE-07-0184,CSE-07,2024-10-30 07:49:10.402574,2024-10-30 07:53:11.284321,Alert investigated. No indicators of compromise found. Closed without escalation.,ANA-007,False,Resolved,"[""ALT-CSE-07-00222""]"
CAS-CSE-07-0185,CSE-07,2024-11-03 20:12:41.116574,2024-11-03 20:16:01.600665,Investigated system activity on port 57232. Correlated firewall session logs.,ANA-007,False,Resolved,"[""ALT-CSE-07-00223""]"
CAS-CSE-07-0186,CSE-07,2024-12-10 23:25:17.690970,2024-12-10 23:29:01.519538,Alert investigated. No indicators of compromise found. Closed without escalation.,ANA-007,False,Resolved,"[""ALT-CSE-07-00224""]"
CAS-CSE-07-0187,CSE-07,2024-12-28 08:16:23.009503,2024-12-28 08:20:08.736908,Alert investigated. No indicators of compromise found. Closed without escalation.,ANA-007,True,Resolved,"[""ALT-CSE-07-00225""]"
CAS-CSE-07-0188,CSE-07,2024-12-11 10:36:42.746743,2024-12-11 10:40:21.083174,Investigated system activity on port 25818. Correlated firewall session logs.,ANA-007,False,Resolved,"[""ALT-CSE-07-00226""]"
CAS-CSE-07-0189,CSE-07,2024-10-15 13:30:56.490352,2024-10-15 13:35:03.410581,Alert investigated. No indicators of compromise found. Closed without escalation.,ANA-007,False,Resolved,"[""ALT-CSE-07-00227""]"
CAS-CSE-07-0190,CSE-07,2024-10-20 02:50:09.281409,2024-10-20 02:54:01.935956,Alert investigated. No indicators of compromise found. Closed without escalation.,ANA-007,False,Resolved,"[""ALT-CSE-07-00228""]"
CAS-CSE-07-0191,CSE-07,2024-10-06 22:53:50.048227,2024-10-06 22:57:40.805488,Alert investigated. No indicators of compromise found. Closed without escalation.,ANA-007,False,Resolved,"[""ALT-CSE-07-00229""]"
CAS-CSE-07-0192,CSE-07,2024-11-24 19:59:02.092541,2024-11-24 20:03:18.870430,Alert investigated. No indicators of compromise found. Closed without escalation.,ANA-007,False,Resolved,"[""ALT-CSE-07-00230""]"
CAS-CSE-07-0193,CSE-07,2024-10-13 03:07:32.783918,2024-10-13 03:11:22.081951,Alert investigated. No indicators of compromise found. Closed without escalation.,ANA-007,False,Resolved,"[""ALT-CSE-07-00232""]"
CAS-CSE-07-0194,CSE-07,2024-11-09 14:41:35.955773,2024-11-09 14:44:58.685753,Alert investigated. No indicators of compromise found. Closed without escalation.,ANA-007,False,Resolved,"[""ALT-CSE-07-00233""]"
CAS-CSE-07-0195,CSE-07,2024-12-10 18:19:55.438577,2024-12-10 18:24:22.134899,Alert investigated. No indicators of compromise found. Closed without escalation.,ANA-007,False,Resolved,"[""ALT-CSE-07-00235""]"
CAS-CSE-07-0196,CSE-07,2024-11-10 16:43:42.734439,2024-11-10 16:48:09.873927,Alert investigated. No indicators of compromise found. Closed without escalation.,ANA-007,False,Resolved,"[""ALT-CSE-07-00236""]"
CAS-CSE-07-0197,CSE-07,2024-11-04 22:34:27.668829,2024-11-04 22:38:31.120509,Alert investigated. No indicators of compromise found. Closed without escalation.,ANA-007,False,Resolved,"[""ALT-CSE-07-00237""]"
CAS-CSE-07-0198,CSE-07,2024-12-25 22:08:11.681260,2024-12-25 22:12:36.611860,Alert investigated. No indicators of compromise found. Closed without escalation.,ANA-007,False,Resolved,"[""ALT-CSE-07-00238""]"
CAS-CSE-07-0199,CSE-07,2024-12-23 00:50:32.488200,2024-12-23 00:54:13.127878,Alert investigated. No indicators of compromise found. Closed without escalation.,ANA-007,False,Resolved,"[""ALT-CSE-07-00239""]"
CAS-CSE-07-0200,CSE-07,2024-11-27 10:35:42.761253,2024-11-27 10:40:04.448186,Alert investigated. No indicators of compromise found. Closed without escalation.,ANA-007,False,Resolved,"[""ALT-CSE-07-00240""]"
CAS-CSE-07-0201,CSE-07,2024-12-04 02:57:32.984959,2024-12-04 03:00:38.455294,Alert investigated. No indicators of compromise found. Closed without escalation.,ANA-007,False,Resolved,"[""ALT-CSE-07-00242""]"
CAS-CSE-07-0202,CSE-07,2024-11-03 18:31:27.063254,2024-11-03 18:35:32.187714,Alert investigated. No indicators of compromise found. Closed without escalation.,ANA-007,True,Resolved,"[""ALT-CSE-07-00243""]"
CAS-CSE-07-0203,CSE-07,2024-12-27 09:29:45.850993,2024-12-27 09:34:13.257058,Alert investigated. No indicators of compromise found. Closed without escalation.,ANA-007,False,Resolved,"[""ALT-CSE-07-00245""]"
CAS-CSE-07-0204,CSE-07,2024-10-12 22:12:31.619579,2024-10-12 22:17:01.248335,Alert investigated. No indicators of compromise found. Closed without escalation.,ANA-007,False,Resolved,"[""ALT-CSE-07-00246""]"
CAS-CSE-07-0205,CSE-07,2024-12-06 19:50:58.154817,2024-12-06 19:54:26.205964,Investigated system activity on port 45861. Correlated firewall session logs.,ANA-007,False,Resolved,"[""ALT-CSE-07-00247""]"
CAS-CSE-07-0206,CSE-07,2024-12-06 03:48:31.124429,2024-12-06 03:52:37.049123,Alert investigated. No indicators of compromise found. Closed without escalation.,ANA-007,False,Resolved,"[""ALT-CSE-07-00248""]"
CAS-CSE-07-0207,CSE-07,2024-12-24 12:12:57.479641,2024-12-24 12:16:27.638389,Alert investigated. No indicators of compromise found. Closed without escalation.,ANA-007,False,Resolved,"[""ALT-CSE-07-00250""]"
CAS-CSE-07-0208,CSE-07,2024-12-02 00:32:12.887087,2024-12-02 00:35:32.125491,Alert investigated. No indicators of compromise found. Closed without escalation.,ANA-007,False,Resolved,"[""ALT-CSE-07-00251""]"
CAS-CSE-07-0209,CSE-07,2024-11-26 15:20:30.590066,2024-11-26 15:24:50.850260,Alert investigated. No indicators of compromise found. Closed without escalation.,ANA-007,False,Resolved,"[""ALT-CSE-07-00252""]"
CAS-CSE-07-0210,CSE-07,2024-11-12 14:25:27.139572,2024-11-12 14:30:19.597656,Investigated system activity on port 9647. Correlated firewall session logs.,ANA-007,False,Resolved,"[""ALT-CSE-07-00255""]"
CAS-CSE-07-0211,CSE-07,2024-12-12 02:07:59.583143,2024-12-12 02:12:01.316971,Alert investigated. No indicators of compromise found. Closed without escalation.,ANA-007,False,Resolved,"[""ALT-CSE-07-00256""]"
CAS-CSE-07-0212,CSE-07,2024-10-25 10:07:17.303617,2024-10-25 10:10:38.898558,Alert investigated. No indicators of compromise found. Closed without escalation.,ANA-007,False,Resolved,"[""ALT-CSE-07-00257""]"
CAS-CSE-07-0213,CSE-07,2024-10-05 18:27:36.471518,2024-10-05 18:31:21.500623,Investigated system activity on port 10178. Correlated firewall session logs.,ANA-007,False,Resolved,"[""ALT-CSE-07-00258""]"
CAS-CSE-07-0214,CSE-07,2024-11-15 06:02:20.632718,2024-11-15 06:06:32.296570,Alert investigated. No indicators of compromise found. Closed without escalation.,ANA-007,False,Resolved,"[""ALT-CSE-07-00259""]"
CAS-CSE-07-0215,CSE-07,2024-12-28 13:48:28.547452,2024-12-28 13:52:31.925071,Alert investigated. No indicators of compromise found. Closed without escalation.,ANA-007,False,Resolved,"[""ALT-CSE-07-00261""]"
CAS-CSE-07-0216,CSE-07,2024-10-17 01:07:56.735157,2024-10-17 01:11:35.142055,Investigated system activity on port 9312. Correlated firewall session logs.,ANA-007,True,Resolved,"[""ALT-CSE-07-00262""]"
CAS-CSE-07-0217,CSE-07,2024-10-31 02:57:39.769029,2024-10-31 03:01:54.407949,Alert investigated. No indicators of compromise found. Closed without escalation.,ANA-007,False,Resolved,"[""ALT-CSE-07-00264""]"
CAS-CSE-07-0218,CSE-07,2024-10-30 17:23:44.520762,2024-10-30 17:27:42.656083,Alert investigated. No indicators of compromise found. Closed without escalation.,ANA-007,False,Resolved,"[""ALT-CSE-07-00265""]"
CAS-CSE-07-0219,CSE-07,2024-12-08 08:26:22.476951,2024-12-08 08:29:39.309852,Alert investigated. No indicators of compromise found. Closed without escalation.,ANA-007,False,Resolved,"[""ALT-CSE-07-00267""]"
CAS-CSE-07-0220,CSE-07,2024-12-28 18:53:24.990919,2024-12-28 18:57:34.284607,Alert investigated. No indicators of compromise found. Closed without escalation.,ANA-007,False,Resolved,"[""ALT-CSE-07-00268""]"
CAS-CSE-07-0221,CSE-07,2024-11-05 17:33:55.920861,2024-11-05 17:38:28.759433,Investigated system activity on port 57199. Correlated firewall session logs.,ANA-007,False,Resolved,"[""ALT-CSE-07-00269""]"
CAS-CSE-07-0222,CSE-07,2024-12-13 05:25:20.742054,2024-12-13 05:29:43.998407,Alert investigated. No indicators of compromise found. Closed without escalation.,ANA-007,False,Resolved,"[""ALT-CSE-07-00270""]"
CAS-CSE-07-0223,CSE-07,2024-10-10 22:24:08.364378,2024-10-10 22:27:45.737938,Investigated system activity on port 23618. Correlated firewall session logs.,ANA-007,False,Resolved,"[""ALT-CSE-07-00272""]"
CAS-CSE-07-0224,CSE-07,2024-12-03 11:44:16.063018,2024-12-03 11:48:37.277227,Alert investigated. No indicators of compromise found. Closed without escalation.,ANA-007,False,Resolved,"[""ALT-CSE-07-00273""]"
CAS-CSE-07-0225,CSE-07,2024-11-06 07:56:35.017507,2024-11-06 08:00:51.970044,Alert investigated. No indicators of compromise found. Closed without escalation.,ANA-007,False,Resolved,"[""ALT-CSE-07-00274""]"
CAS-CSE-07-0226,CSE-07,2024-11-26 09:16:52.101038,2024-11-26 09:20:31.518143,Investigated system activity on port 42925. Correlated firewall session logs.,ANA-007,False,Resolved,"[""ALT-CSE-07-00275""]"
CAS-CSE-07-0227,CSE-07,2024-11-26 20:04:18.431814,2024-11-26 20:08:34.139034,Alert investigated. No indicators of compromise found. Closed without escalation.,ANA-007,False,Resolved,"[""ALT-CSE-07-00276""]"
CAS-CSE-07-0228,CSE-07,2024-10-29 23:04:44.616968,2024-10-29 23:08:58.234425,Alert investigated. No indicators of compromise found. Closed without escalation.,ANA-007,True,Resolved,"[""ALT-CSE-07-00277""]"
CAS-CSE-07-0229,CSE-07,2024-12-25 00:47:11.209021,2024-12-25 00:50:46.375137,Alert investigated. No indicators of compromise found. Closed without escalation.,ANA-007,False,Resolved,"[""ALT-CSE-07-00279""]"
CAS-CSE-07-0230,CSE-07,2024-11-05 17:18:42.672470,2024-11-05 17:23:26.171694,Alert investigated. No indicators of compromise found. Closed without escalation.,ANA-007,False,Resolved,"[""ALT-CSE-07-00280""]"
CAS-CSE-07-0231,CSE-07,2024-12-07 12:17:20.629620,2024-12-07 12:21:10.902833,Alert investigated. No indicators of compromise found. Closed without escalation.,ANA-007,False,Resolved,"[""ALT-CSE-07-00281""]"
CAS-CSE-07-0232,CSE-07,2024-10-19 17:16:06.723176,2024-10-19 17:20:07.424591,Alert investigated. No indicators of compromise found. Closed without escalation.,ANA-007,False,Resolved,"[""ALT-CSE-07-00283""]"
CAS-CSE-07-0233,CSE-07,2024-10-18 15:16:24.248687,2024-10-18 15:19:57.328108,Alert investigated. No indicators of compromise found. Closed without escalation.,ANA-007,False,Resolved,"[""ALT-CSE-07-00284""]"
CAS-CSE-07-0234,CSE-07,2024-10-15 07:41:42.371943,2024-10-15 07:46:21.041019,Alert investigated. No indicators of compromise found. Closed without escalation.,ANA-007,False,Resolved,"[""ALT-CSE-07-00285""]"
CAS-CSE-07-0235,CSE-07,2024-11-01 10:02:52.729100,2024-11-01 10:06:09.005085,Alert investigated. No indicators of compromise found. Closed without escalation.,ANA-007,False,Resolved,"[""ALT-CSE-07-00286""]"
CAS-CSE-07-0236,CSE-07,2024-10-18 20:21:24.854521,2024-10-18 20:25:30.177219,Investigated system activity on port 15211. Correlated firewall session logs.,ANA-007,False,Resolved,"[""ALT-CSE-07-00287""]"
CAS-CSE-07-0237,CSE-07,2024-10-06 10:29:27.377013,2024-10-06 10:34:04.879224,Investigated system activity on port 28382. Correlated firewall session logs.,ANA-007,False,Resolved,"[""ALT-CSE-07-00288""]"
CAS-CSE-07-0238,CSE-07,2024-11-20 15:08:13.923244,2024-11-20 15:12:39.801583,Alert investigated. No indicators of compromise found. Closed without escalation.,ANA-007,False,Resolved,"[""ALT-CSE-07-00289""]"
CAS-CSE-07-0239,CSE-07,2024-12-03 18:11:58.025877,2024-12-03 18:14:54.607345,Alert investigated. No indicators of compromise found. Closed without escalation.,ANA-007,True,Resolved,"[""ALT-CSE-07-00290""]"
CAS-CSE-07-0240,CSE-07,2024-12-21 02:38:28.684368,2024-12-21 02:41:49.691575,Investigated system activity on port 48263. Correlated firewall session logs.,ANA-007,False,Resolved,"[""ALT-CSE-07-00291""]"
CAS-CSE-07-0241,CSE-07,2024-10-02 03:45:16.049181,2024-10-02 03:48:38.126003,Alert investigated. No indicators of compromise found. Closed without escalation.,ANA-007,False,Resolved,"[""ALT-CSE-07-00292""]"
CAS-CSE-07-0242,CSE-07,2024-12-08 23:40:38.226804,2024-12-08 23:44:58.338595,Alert investigated. No indicators of compromise found. Closed without escalation.,ANA-007,False,Resolved,"[""ALT-CSE-07-00293""]"
CAS-CSE-07-0243,CSE-07,2024-10-09 00:49:46.001865,2024-10-09 00:53:25.027519,Alert investigated. No indicators of compromise found. Closed without escalation.,ANA-007,False,Resolved,"[""ALT-CSE-07-00294""]"
CAS-CSE-07-0244,CSE-07,2024-10-13 13:40:46.372582,2024-10-13 13:45:03.915749,Alert investigated. No indicators of compromise found. Closed without escalation.,ANA-007,False,Resolved,"[""ALT-CSE-07-00295""]"
CAS-CSE-07-0245,CSE-07,2024-11-10 10:12:54.700790,2024-11-10 10:17:14.060013,Alert investigated. No indicators of compromise found. Closed without escalation.,ANA-007,False,Resolved,"[""ALT-CSE-07-00296""]"
CAS-CSE-07-0246,CSE-07,2024-11-03 11:06:21.057473,2024-11-03 11:10:06.351185,Alert investigated. No indicators of compromise found. Closed without escalation.,ANA-007,False,Resolved,"[""ALT-CSE-07-00297""]"
CAS-CSE-07-0247,CSE-07,2024-11-15 17:00:33.753056,2024-11-15 17:04:30.149760,Alert investigated. No indicators of compromise found. Closed without escalation.,ANA-007,False,Resolved,"[""ALT-CSE-07-00298""]"
CAS-CSE-07-0248,CSE-07,2024-12-07 03:58:54.613871,2024-12-07 04:02:34.168154,Alert investigated. No indicators of compromise found. Closed without escalation.,ANA-007,False,Resolved,"[""ALT-CSE-07-00299""]"
CAS-CSE-07-0249,CSE-07,2024-12-26 00:27:29.173067,2024-12-26 00:31:52.726111,Alert investigated. No indicators of compromise found. Closed without escalation.,ANA-007,False,Resolved,"[""ALT-CSE-07-00300""]"
CAS-CSE-07-0250,CSE-07,2024-12-05 10:09:18.364678,2024-12-05 10:12:46.293358,Alert investigated. No indicators of compromise found. Closed without escalation.,ANA-007,False,Resolved,"[""ALT-CSE-07-00301""]"
CAS-CSE-07-0251,CSE-07,2024-10-22 17:01:05.070188,2024-10-22 17:05:06.225232,Alert investigated. No indicators of compromise found. Closed without escalation.,ANA-007,False,Resolved,"[""ALT-CSE-07-00302""]"
CAS-CSE-07-0252,CSE-07,2024-12-24 00:53:25.566681,2024-12-24 00:57:40.908107,Alert investigated. No indicators of compromise found. Closed without escalation.,ANA-007,False,Resolved,"[""ALT-CSE-07-00303""]"
CAS-CSE-07-0253,CSE-07,2024-11-17 09:47:17.469140,2024-11-17 09:51:04.644603,Alert investigated. No indicators of compromise found. Closed without escalation.,ANA-007,False,Resolved,"[""ALT-CSE-07-00304""]"
CAS-CSE-07-0254,CSE-07,2024-12-27 23:38:22.106169,2024-12-27 23:42:44.484470,Investigated system activity on port 42175. Correlated firewall session logs.,ANA-007,False,Resolved,"[""ALT-CSE-07-00305""]"
CAS-CSE-07-0255,CSE-07,2024-11-27 17:41:22.011960,2024-11-27 17:45:28.881512,Alert investigated. No indicators of compromise found. Closed without escalation.,ANA-007,False,Resolved,"[""ALT-CSE-07-00306""]"
CAS-CSE-07-0256,CSE-07,2024-12-28 08:46:13.637960,2024-12-28 08:50:40.462824,Alert investigated. No indicators of compromise found. Closed without escalation.,ANA-007,False,Resolved,"[""ALT-CSE-07-00307""]"
CAS-CSE-07-0257,CSE-07,2024-10-10 12:29:43.944175,2024-10-10 12:34:03.761247,Alert investigated. No indicators of compromise found. Closed without escalation.,ANA-007,False,Resolved,"[""ALT-CSE-07-00308""]"
CAS-CSE-07-0258,CSE-07,2024-11-19 06:46:03.678134,2024-11-19 06:50:15.532958,Alert investigated. No indicators of compromise found. Closed without escalation.,ANA-007,False,Resolved,"[""ALT-CSE-07-00309""]"
CAS-CSE-07-0259,CSE-07,2024-10-27 10:23:34.216430,2024-10-27 10:27:45.601034,Alert investigated. No indicators of compromise found. Closed without escalation.,ANA-007,False,Resolved,"[""ALT-CSE-07-00310""]"
CAS-CSE-07-0260,CSE-07,2024-12-12 12:23:31.775655,2024-12-12 12:26:55.796901,Alert investigated. No indicators of compromise found. Closed without escalation.,ANA-007,False,Resolved,"[""ALT-CSE-07-00311""]"
CAS-CSE-07-0261,CSE-07,2024-11-29 09:58:19.863382,2024-11-29 10:02:39.237393,Alert investigated. No indicators of compromise found. Closed without escalation.,ANA-007,True,Resolved,"[""ALT-CSE-07-00312""]"
CAS-CSE-07-0262,CSE-07,2024-10-12 06:29:45.507433,2024-10-12 06:34:27.365730,Alert investigated. No indicators of compromise found. Closed without escalation.,ANA-007,False,Resolved,"[""ALT-CSE-07-00313""]"
CAS-CSE-07-0263,CSE-07,2024-10-28 07:44:51.592728,2024-10-28 07:49:41.621579,Alert investigated. No indicators of compromise found. Closed without escalation.,ANA-007,False,Resolved,"[""ALT-CSE-07-00315""]"
CAS-CSE-07-0264,CSE-07,2024-11-10 09:01:51.027608,2024-11-10 09:05:58.646654,Alert investigated. No indicators of compromise found. Closed without escalation.,ANA-007,False,Resolved,"[""ALT-CSE-07-00316""]"
CAS-CSE-07-0265,CSE-07,2024-11-06 02:48:34.838904,2024-11-06 02:52:39.634702,Alert investigated. No indicators of compromise found. Closed without escalation.,ANA-007,False,Resolved,"[""ALT-CSE-07-00320""]"
CAS-CSE-07-0266,CSE-07,2024-10-14 02:58:37.144563,2024-10-14 03:02:04.715295,Investigated system activity on port 46613. Correlated firewall session logs.,ANA-007,False,Resolved,"[""ALT-CSE-07-00321""]"
CAS-CSE-07-0267,CSE-07,2024-12-17 12:21:46.380704,2024-12-17 12:25:52.256885,Alert investigated. No indicators of compromise found. Closed without escalation.,ANA-007,False,Resolved,"[""ALT-CSE-07-00322""]"
CAS-CSE-07-0268,CSE-07,2024-12-13 10:12:26.060076,2024-12-13 10:17:10.897978,Alert investigated. No indicators of compromise found. Closed without escalation.,ANA-007,False,Resolved,"[""ALT-CSE-07-00323""]"
CAS-CSE-07-0269,CSE-07,2024-10-06 13:21:38.468527,2024-10-06 13:25:00.372178,Alert investigated. No indicators of compromise found. Closed without escalation.,ANA-007,False,Resolved,"[""ALT-CSE-07-00324""]"
CAS-CSE-07-0270,CSE-07,2024-10-18 23:00:46.026328,2024-10-18 23:04:15.155256,Alert investigated. No indicators of compromise found. Closed without escalation.,ANA-007,True,Resolved,"[""ALT-CSE-07-00325""]"
CAS-CSE-07-0271,CSE-07,2024-12-05 04:29:11.375718,2024-12-05 04:33:39.750558,Alert investigated. No indicators of compromise found. Closed without escalation.,ANA-007,False,Resolved,"[""ALT-CSE-07-00326""]"
CAS-CSE-07-0272,CSE-07,2024-12-05 07:21:48.366784,2024-12-05 07:26:34.845487,Alert investigated. No indicators of compromise found. Closed without escalation.,ANA-007,True,Resolved,"[""ALT-CSE-07-00327""]"
CAS-CSE-07-0273,CSE-07,2024-11-23 02:41:05.912313,2024-11-23 02:44:41.186198,Alert investigated. No indicators of compromise found. Closed without escalation.,ANA-007,False,Resolved,"[""ALT-CSE-07-00328""]"
CAS-CSE-07-0274,CSE-07,2024-11-04 14:13:34.142859,2024-11-04 14:18:03.481086,Investigated system activity on port 9935. Correlated firewall session logs.,ANA-007,False,Resolved,"[""ALT-CSE-07-00329""]"
CAS-CSE-07-0275,CSE-07,2024-11-12 16:19:44.079870,2024-11-12 16:23:54.258412,Investigated system activity on port 17932. Correlated firewall session logs.,ANA-007,False,Resolved,"[""ALT-CSE-07-00332""]"
CAS-CSE-07-0276,CSE-07,2024-10-25 09:22:45.021594,2024-10-25 09:27:18.321434,Investigated system activity on port 49045. Correlated firewall session logs.,ANA-007,False,Resolved,"[""ALT-CSE-07-00334""]"
CAS-CSE-07-0277,CSE-07,2024-11-08 22:15:53.779850,2024-11-08 22:19:45.156504,Alert investigated. No indicators of compromise found. Closed without escalation.,ANA-007,False,Resolved,"[""ALT-CSE-07-00335""]"
CAS-CSE-07-0278,CSE-07,2024-12-07 16:04:36.483575,2024-12-07 16:08:35.732966,Alert investigated. No indicators of compromise found. Closed without escalation.,ANA-007,False,Resolved,"[""ALT-CSE-07-00336""]"
CAS-CSE-07-0279,CSE-07,2024-10-19 22:08:48.640279,2024-10-19 22:13:24.217242,Alert investigated. No indicators of compromise found. Closed without escalation.,ANA-007,False,Resolved,"[""ALT-CSE-07-00337""]"
CAS-CSE-07-0280,CSE-07,2024-12-16 05:57:26.895119,2024-12-16 06:01:34.474696,Alert investigated. No indicators of compromise found. Closed without escalation.,ANA-007,False,Resolved,"[""ALT-CSE-07-00338""]"
CAS-CSE-07-0281,CSE-07,2024-11-21 11:42:15.885933,2024-11-21 11:45:26.581605,Alert investigated. No indicators of compromise found. Closed without escalation.,ANA-007,False,Resolved,"[""ALT-CSE-07-00339""]"
CAS-CSE-07-0282,CSE-07,2024-12-10 08:55:07.655414,2024-12-10 08:58:36.463134,Alert investigated. No indicators of compromise found. Closed without escalation.,ANA-007,False,Resolved,"[""ALT-CSE-07-00340""]"
CAS-CSE-07-0283,CSE-07,2024-12-12 03:33:27.668656,2024-12-12 03:37:25.492431,Alert investigated. No indicators of compromise found. Closed without escalation.,ANA-007,False,Resolved,"[""ALT-CSE-07-00342""]"
CAS-CSE-07-0284,CSE-07,2024-11-20 06:33:42.314353,2024-11-20 06:36:54.354291,Alert investigated. No indicators of compromise found. Closed without escalation.,ANA-007,False,Resolved,"[""ALT-CSE-07-00343""]"
CAS-CSE-07-0285,CSE-07,2024-11-10 15:17:00.910875,2024-11-10 15:20:42.854775,Investigated system activity on port 3000. Correlated firewall session logs.,ANA-007,False,Resolved,"[""ALT-CSE-07-00345""]"
CAS-CSE-07-0286,CSE-07,2024-11-27 16:05:25.220878,2024-11-27 16:08:57.308836,Alert investigated. No indicators of compromise found. Closed without escalation.,ANA-007,False,Resolved,"[""ALT-CSE-07-00347""]"
CAS-CSE-07-0287,CSE-07,2024-10-04 20:45:26.548687,2024-10-04 20:49:57.175493,Alert investigated. No indicators of compromise found. Closed without escalation.,ANA-007,True,Resolved,"[""ALT-CSE-07-00349""]"
CAS-CSE-07-0288,CSE-07,2024-12-01 00:08:16.728321,2024-12-01 00:12:23.970113,Alert investigated. No indicators of compromise found. Closed without escalation.,ANA-007,False,Resolved,"[""ALT-CSE-07-00350""]"
CAS-CSE-07-0289,CSE-07,2024-12-28 17:46:19.647261,2024-12-28 17:51:04.671632,Alert investigated. No indicators of compromise found. Closed without escalation.,ANA-007,True,Resolved,"[""ALT-CSE-07-00351""]"
CAS-CSE-07-0290,CSE-07,2024-12-13 23:38:31.051804,2024-12-13 23:42:32.143701,Alert investigated. No indicators of compromise found. Closed without escalation.,ANA-007,False,Resolved,"[""ALT-CSE-07-00352""]"
CAS-CSE-07-0291,CSE-07,2024-12-01 10:47:21.753312,2024-12-01 10:51:01.015596,Alert investigated. No indicators of compromise found. Closed without escalation.,ANA-007,False,Resolved,"[""ALT-CSE-07-00353""]"
CAS-CSE-07-0292,CSE-07,2024-10-15 18:59:35.744836,2024-10-15 19:03:07.329925,Investigated system activity on port 27322. Correlated firewall session logs.,ANA-007,False,Resolved,"[""ALT-CSE-07-00354""]"
CAS-CSE-07-0293,CSE-07,2024-12-08 00:02:42.727781,2024-12-08 00:06:54.169045,Alert investigated. No indicators of compromise found. Closed without escalation.,ANA-007,False,Resolved,"[""ALT-CSE-07-00355""]"
CAS-CSE-07-0294,CSE-07,2024-10-31 08:18:47.308504,2024-10-31 08:22:51.792550,Alert investigated. No indicators of compromise found. Closed without escalation.,ANA-007,False,Resolved,"[""ALT-CSE-07-00356""]"
CAS-CSE-07-0295,CSE-07,2024-11-01 06:07:34.601277,2024-11-01 06:11:52.529034,Alert investigated. No indicators of compromise found. Closed without escalation.,ANA-007,False,Resolved,"[""ALT-CSE-07-00357""]"
CAS-CSE-07-0296,CSE-07,2024-10-06 09:23:15.757724,2024-10-06 09:27:19.446447,Alert investigated. No indicators of compromise found. Closed without escalation.,ANA-007,False,Resolved,"[""ALT-CSE-07-00358""]"
CAS-CSE-07-0297,CSE-07,2024-11-23 03:01:09.319007,2024-11-23 03:05:25.134888,Alert investigated. No indicators of compromise found. Closed without escalation.,ANA-007,False,Resolved,"[""ALT-CSE-07-00359""]"
CAS-CSE-07-0298,CSE-07,2024-10-11 22:46:55.061089,2024-10-11 22:51:31.063744,Alert investigated. No indicators of compromise found. Closed without escalation.,ANA-007,False,Resolved,"[""ALT-CSE-07-00361""]"
CAS-CSE-07-0299,CSE-07,2024-10-13 04:57:01.209372,2024-10-13 05:00:57.899511,Alert investigated. No indicators of compromise found. Closed without escalation.,ANA-007,False,Resolved,"[""ALT-CSE-07-00362""]"
CAS-CSE-07-0300,CSE-07,2024-11-16 08:25:15.470304,2024-11-16 08:29:47.294159,Alert investigated. No indicators of compromise found. Closed without escalation.,ANA-007,False,Resolved,"[""ALT-CSE-07-00363""]"
CAS-CSE-07-0301,CSE-07,2024-12-01 15:51:43.044448,2024-12-01 15:55:53.203768,Alert investigated. No indicators of compromise found. Closed without escalation.,ANA-007,False,Resolved,"[""ALT-CSE-07-00364""]"
CAS-CSE-07-0302,CSE-07,2024-12-18 20:55:04.639637,2024-12-18 20:58:55.209521,Alert investigated. No indicators of compromise found. Closed without escalation.,ANA-007,False,Resolved,"[""ALT-CSE-07-00365""]"
CAS-CSE-07-0303,CSE-07,2024-11-08 07:25:55.423086,2024-11-08 07:29:25.370168,Alert investigated. No indicators of compromise found. Closed without escalation.,ANA-007,False,Resolved,"[""ALT-CSE-07-00366""]"
CAS-CSE-07-0304,CSE-07,2024-11-06 12:51:40.804194,2024-11-06 12:55:31.831972,Investigated system activity on port 48356. Correlated firewall session logs.,ANA-007,False,Resolved,"[""ALT-CSE-07-00368""]"
CAS-CSE-07-0305,CSE-07,2024-12-06 04:35:46.981090,2024-12-06 04:40:16.719497,Alert investigated. No indicators of compromise found. Closed without escalation.,ANA-007,False,Resolved,"[""ALT-CSE-07-00370""]"
CAS-CSE-07-0306,CSE-07,2024-10-01 09:38:56.317127,2024-10-01 09:42:33.514516,Alert investigated. No indicators of compromise found. Closed without escalation.,ANA-007,False,Resolved,"[""ALT-CSE-07-00371""]"
CAS-CSE-07-0307,CSE-07,2024-11-14 21:25:37.949391,2024-11-14 21:29:54.210573,Investigated system activity on port 26787. Correlated firewall session logs.,ANA-007,False,Resolved,"[""ALT-CSE-07-00372""]"
CAS-CSE-07-0308,CSE-07,2024-11-08 09:16:34.418621,2024-11-08 09:20:44.720466,Alert investigated. No indicators of compromise found. Closed without escalation.,ANA-007,False,Resolved,"[""ALT-CSE-07-00373""]"
CAS-CSE-07-0309,CSE-07,2024-12-25 23:19:27.512291,2024-12-25 23:24:14.386019,Alert investigated. No indicators of compromise found. Closed without escalation.,ANA-007,False,Resolved,"[""ALT-CSE-07-00375""]"
CAS-CSE-07-0310,CSE-07,2024-12-09 01:16:55.295638,2024-12-09 01:21:14.861012,Alert investigated. No indicators of compromise found. Closed without escalation.,ANA-007,False,Resolved,"[""ALT-CSE-07-00376""]"
CAS-CSE-07-0311,CSE-07,2024-10-29 13:38:24.236393,2024-10-29 13:41:53.636957,Investigated system activity on port 38128. Correlated firewall session logs.,ANA-007,False,Resolved,"[""ALT-CSE-07-00378""]"
CAS-CSE-07-0312,CSE-07,2024-10-25 19:18:17.821932,2024-10-25 19:21:21.243627,Alert investigated. No indicators of compromise found. Closed without escalation.,ANA-007,False,Resolved,"[""ALT-CSE-07-00379""]"
CAS-CSE-07-0313,CSE-07,2024-12-02 02:03:12.577581,2024-12-02 02:06:17.559410,Alert investigated. No indicators of compromise found. Closed without escalation.,ANA-007,False,Resolved,"[""ALT-CSE-07-00380""]"
CAS-CSE-07-0314,CSE-07,2024-11-17 09:14:41.384274,2024-11-17 09:18:18.031781,Alert investigated. No indicators of compromise found. Closed without escalation.,ANA-007,False,Resolved,"[""ALT-CSE-07-00381""]"
CAS-CSE-07-0315,CSE-07,2024-12-21 04:52:44.367218,2024-12-21 04:56:17.074731,Alert investigated. No indicators of compromise found. Closed without escalation.,ANA-007,False,Resolved,"[""ALT-CSE-07-00383""]"
CAS-CSE-07-0316,CSE-07,2024-10-31 22:12:39.367550,2024-10-31 22:16:32.751478,Investigated system activity on port 30230. Correlated firewall session logs.,ANA-007,False,Resolved,"[""ALT-CSE-07-00384""]"
CAS-CSE-07-0317,CSE-07,2024-12-16 10:13:04.140537,2024-12-16 10:17:32.434848,Alert investigated. No indicators of compromise found. Closed without escalation.,ANA-007,False,Resolved,"[""ALT-CSE-07-00385""]"
CAS-CSE-07-0318,CSE-07,2024-10-23 02:29:47.952707,2024-10-23 02:33:05.139043,Alert investigated. No indicators of compromise found. Closed without escalation.,ANA-007,False,Resolved,"[""ALT-CSE-07-00386""]"
CAS-CSE-07-0319,CSE-07,2024-10-08 23:55:24.033412,2024-10-08 23:59:37.997163,Alert investigated. No indicators of compromise found. Closed without escalation.,ANA-007,False,Resolved,"[""ALT-CSE-07-00387""]"
CAS-CSE-07-0320,CSE-07,2024-10-23 15:15:56.748646,2024-10-23 15:20:32.807148,Alert investigated. No indicators of compromise found. Closed without escalation.,ANA-007,False,Resolved,"[""ALT-CSE-07-00388""]"
CAS-CSE-07-0321,CSE-07,2024-10-12 02:06:59.219407,2024-10-12 02:10:08.803269,Alert investigated. No indicators of compromise found. Closed without escalation.,ANA-007,False,Resolved,"[""ALT-CSE-07-00389""]"
CAS-CSE-07-0322,CSE-07,2024-12-20 09:22:53.489939,2024-12-20 09:27:25.010709,Investigated system activity on port 27846. Correlated firewall session logs.,ANA-007,False,Resolved,"[""ALT-CSE-07-00390""]"
CAS-CSE-07-0323,CSE-07,2024-12-09 20:45:38.134209,2024-12-09 20:49:03.489905,Investigated system activity on port 52848. Correlated firewall session logs.,ANA-007,False,Resolved,"[""ALT-CSE-07-00391""]"
CAS-CSE-07-0324,CSE-07,2024-12-14 11:43:32.573525,2024-12-14 11:47:50.645270,Investigated system activity on port 30240. Correlated firewall session logs.,ANA-007,False,Resolved,"[""ALT-CSE-07-00392""]"
CAS-CSE-07-0325,CSE-07,2024-10-03 21:54:37.151660,2024-10-03 21:58:56.986960,Investigated system activity on port 40504. Correlated firewall session logs.,ANA-007,False,Resolved,"[""ALT-CSE-07-00393""]"
CAS-CSE-07-0326,CSE-07,2024-11-29 08:03:57.347855,2024-11-29 08:08:45.207110,Investigated system activity on port 51662. Correlated firewall session logs.,ANA-007,False,Resolved,"[""ALT-CSE-07-00394""]"
CAS-CSE-07-0327,CSE-07,2024-11-07 03:26:32.949847,2024-11-07 03:30:15.468765,Alert investigated. No indicators of compromise found. Closed without escalation.,ANA-007,False,Resolved,"[""ALT-CSE-07-00395""]"
CAS-CSE-07-0328,CSE-07,2024-11-30 12:41:18.583981,2024-11-30 12:45:00.086494,Alert investigated. No indicators of compromise found. Closed without escalation.,ANA-007,False,Resolved,"[""ALT-CSE-07-00396""]"
CAS-CSE-07-0329,CSE-07,2024-10-20 10:40:00.185066,2024-10-20 10:44:40.996963,Alert investigated. No indicators of compromise found. Closed without escalation.,ANA-007,False,Resolved,"[""ALT-CSE-07-00397""]"
CAS-CSE-07-0330,CSE-07,2024-10-16 04:06:58.135251,2024-10-16 04:10:37.646600,Alert investigated. No indicators of compromise found. Closed without escalation.,ANA-007,False,Resolved,"[""ALT-CSE-07-00398""]"
CAS-CSE-07-0331,CSE-07,2024-10-17 15:26:31.416608,2024-10-17 15:30:33.544396,Investigated system activity on port 7748. Correlated firewall session logs.,ANA-007,False,Resolved,"[""ALT-CSE-07-00399""]"
CAS-CSE-07-0332,CSE-07,2024-10-13 17:18:32.415596,2024-10-13 17:22:08.328769,Investigated system activity on port 43306. Correlated firewall session logs.,ANA-007,False,Resolved,"[""ALT-CSE-07-00400""]"
CAS-CSE-07-0333,CSE-07,2024-12-26 04:42:34.210011,2024-12-26 04:47:07.617028,Investigated system activity on port 31256. Correlated firewall session logs.,ANA-007,False,Resolved,"[""ALT-CSE-07-00401""]"
CAS-CSE-07-0334,CSE-07,2024-10-16 14:20:58.652702,2024-10-16 14:24:26.883088,Investigated system activity on port 36809. Correlated firewall session logs.,ANA-007,False,Resolved,"[""ALT-CSE-07-00403""]"
CAS-CSE-07-0335,CSE-07,2024-11-16 02:12:26.372279,2024-11-16 02:16:16.172762,Alert investigated. No indicators of compromise found. Closed without escalation.,ANA-007,False,Resolved,"[""ALT-CSE-07-00405""]"
CAS-CSE-07-0336,CSE-07,2024-10-11 08:55:14.116672,2024-10-11 08:59:18.364756,Alert investigated. No indicators of compromise found. Closed without escalation.,ANA-007,False,Resolved,"[""ALT-CSE-07-00406""]"
CAS-CSE-07-0337,CSE-07,2024-11-16 02:42:41.848558,2024-11-16 02:47:29.004033,Alert investigated. No indicators of compromise found. Closed without escalation.,ANA-007,False,Resolved,"[""ALT-CSE-07-00407""]"
CAS-CSE-07-0338,CSE-07,2024-10-17 22:33:41.537908,2024-10-17 22:37:51.730138,Alert investigated. No indicators of compromise found. Closed without escalation.,ANA-007,False,Resolved,"[""ALT-CSE-07-00408""]"
CAS-CSE-07-0339,CSE-07,2024-11-24 21:05:08.164176,2024-11-24 21:09:31.986616,Alert investigated. No indicators of compromise found. Closed without escalation.,ANA-007,False,Resolved,"[""ALT-CSE-07-00409""]"
CAS-CSE-07-0340,CSE-07,2024-11-02 18:56:57.398828,2024-11-02 19:00:45.031373,Alert investigated. No indicators of compromise found. Closed without escalation.,ANA-007,False,Resolved,"[""ALT-CSE-07-00410""]"
CAS-CSE-07-0341,CSE-07,2024-11-09 16:37:37.258096,2024-11-09 16:42:05.875105,Alert investigated. No indicators of compromise found. Closed without escalation.,ANA-007,False,Resolved,"[""ALT-CSE-07-00411""]"
CAS-CSE-07-0342,CSE-07,2024-10-18 03:09:26.216369,2024-10-18 03:13:09.473967,Investigated system activity on port 37986. Correlated firewall session logs.,ANA-007,True,Resolved,"[""ALT-CSE-07-00414""]"
CAS-CSE-07-0343,CSE-07,2024-12-12 17:58:08.786462,2024-12-12 18:01:45.356863,Alert investigated. No indicators of compromise found. Closed without escalation.,ANA-007,False,Resolved,"[""ALT-CSE-07-00415""]"
CAS-CSE-07-0344,CSE-07,2024-10-24 09:35:17.600143,2024-10-24 09:38:54.118123,Alert investigated. No indicators of compromise found. Closed without escalation.,ANA-007,False,Resolved,"[""ALT-CSE-07-00417""]"
CAS-CSE-07-0345,CSE-07,2024-10-15 23:51:57.210609,2024-10-15 23:55:12.112661,Alert investigated. No indicators of compromise found. Closed without escalation.,ANA-007,False,Resolved,"[""ALT-CSE-07-00418""]"
CAS-CSE-07-0346,CSE-07,2024-10-01 19:53:47.441460,2024-10-01 19:58:07.727700,Alert investigated. No indicators of compromise found. Closed without escalation.,ANA-007,False,Resolved,"[""ALT-CSE-07-00419""]"
CAS-CSE-07-0347,CSE-07,2024-11-12 13:58:04.052432,2024-11-12 14:02:02.685600,Alert investigated. No indicators of compromise found. Closed without escalation.,ANA-007,False,Resolved,"[""ALT-CSE-07-00420""]"
CAS-CSE-07-0348,CSE-07,2024-11-16 21:36:50.007762,2024-11-16 21:40:10.564143,Investigated system activity on port 5521. Correlated firewall session logs.,ANA-007,False,Resolved,"[""ALT-CSE-07-00421""]"
CAS-CSE-07-0349,CSE-07,2024-12-02 06:54:12.313522,2024-12-02 06:57:51.206209,Investigated system activity on port 2846. Correlated firewall session logs.,ANA-007,False,Resolved,"[""ALT-CSE-07-00422""]"
CAS-CSE-07-0350,CSE-07,2024-12-11 06:41:24.280658,2024-12-11 06:46:02.208657,Alert investigated. No indicators of compromise found. Closed without escalation.,ANA-007,False,Resolved,"[""ALT-CSE-07-00423""]"
CAS-CSE-07-0351,CSE-07,2024-11-06 16:53:03.269025,2024-11-06 16:57:49.245264,Alert investigated. No indicators of compromise found. Closed without escalation.,ANA-007,False,Resolved,"[""ALT-CSE-07-00425""]"
CAS-CSE-07-0352,CSE-07,2024-12-20 07:03:00.701878,2024-12-20 07:06:46.852048,Investigated system activity on port 5504. Correlated firewall session logs.,ANA-007,False,Resolved,"[""ALT-CSE-07-00426""]"
CAS-CSE-07-0353,CSE-07,2024-12-23 15:54:44.767904,2024-12-23 15:58:08.528259,Alert investigated. No indicators of compromise found. Closed without escalation.,ANA-007,False,Resolved,"[""ALT-CSE-07-00427""]"
CAS-CSE-07-0354,CSE-07,2024-12-06 02:25:52.870166,2024-12-06 02:29:10.055217,Alert investigated. No indicators of compromise found. Closed without escalation.,ANA-007,False,Resolved,"[""ALT-CSE-07-00429""]"
CAS-CSE-07-0355,CSE-07,2024-10-31 12:35:10.587390,2024-10-31 12:39:35.705764,Investigated system activity on port 35966. Correlated firewall session logs.,ANA-007,False,Resolved,"[""ALT-CSE-07-00430""]"
CAS-CSE-07-0356,CSE-07,2024-10-30 11:40:47.779737,2024-10-30 11:44:55.370190,Investigated system activity on port 30625. Correlated firewall session logs.,ANA-007,False,Resolved,"[""ALT-CSE-07-00431""]"
CAS-CSE-07-0357,CSE-07,2024-10-23 22:39:58.389396,2024-10-23 22:43:42.740271,Alert investigated. No indicators of compromise found. Closed without escalation.,ANA-007,False,Resolved,"[""ALT-CSE-07-00432""]"
CAS-CSE-07-0358,CSE-07,2024-11-16 20:45:27.839828,2024-11-16 20:49:27.652273,Alert investigated. No indicators of compromise found. Closed without escalation.,ANA-007,False,Resolved,"[""ALT-CSE-07-00434""]"
CAS-CSE-07-0359,CSE-07,2024-12-02 02:22:52.476024,2024-12-02 02:27:23.307341,Investigated system activity on port 42293. Correlated firewall session logs.,ANA-007,False,Resolved,"[""ALT-CSE-07-00435""]"
CAS-CSE-07-0360,CSE-07,2024-12-08 00:11:57.815669,2024-12-08 00:15:00.415564,Alert investigated. No indicators of compromise found. Closed without escalation.,ANA-007,False,Resolved,"[""ALT-CSE-07-00436""]"
CAS-CSE-07-0361,CSE-07,2024-12-15 13:20:06.915960,2024-12-15 13:24:18.741052,Investigated system activity on port 51623. Correlated firewall session logs.,ANA-007,False,Resolved,"[""ALT-CSE-07-00437""]"
CAS-CSE-07-0362,CSE-07,2024-12-07 04:32:51.130815,2024-12-07 04:37:24.718866,Alert investigated. No indicators of compromise found. Closed without escalation.,ANA-007,False,Resolved,"[""ALT-CSE-07-00438""]"
CAS-CSE-07-0363,CSE-07,2024-12-02 19:43:10.155599,2024-12-02 19:46:36.283196,Alert investigated. No indicators of compromise found. Closed without escalation.,ANA-007,False,Resolved,"[""ALT-CSE-07-00439""]"
CAS-CSE-07-0364,CSE-07,2024-11-26 10:20:47.679650,2024-11-26 10:25:41.428751,Alert investigated. No indicators of compromise found. Closed without escalation.,ANA-007,False,Resolved,"[""ALT-CSE-07-00440""]"
CAS-CSE-07-0365,CSE-07,2024-10-19 12:54:41.626641,2024-10-19 12:58:12.964368,Alert investigated. No indicators of compromise found. Closed without escalation.,ANA-007,False,Resolved,"[""ALT-CSE-07-00441""]"
CAS-CSE-07-0366,CSE-07,2024-10-13 23:59:37.739522,2024-10-14 00:03:56.155377,Alert investigated. No indicators of compromise found. Closed without escalation.,ANA-007,False,Resolved,"[""ALT-CSE-07-00442""]"
CAS-CSE-07-0367,CSE-07,2024-12-02 11:12:14.473313,2024-12-02 11:15:40.900441,Investigated system activity on port 19778. Correlated firewall session logs.,ANA-007,False,Resolved,"[""ALT-CSE-07-00445""]"
CAS-CSE-07-0368,CSE-07,2024-11-03 02:20:06.933989,2024-11-03 02:23:19.515405,Alert investigated. No indicators of compromise found. Closed without escalation.,ANA-007,False,Resolved,"[""ALT-CSE-07-00446""]"
CAS-CSE-07-0369,CSE-07,2024-12-26 11:55:02.303424,2024-12-26 11:59:21.122288,Alert investigated. No indicators of compromise found. Closed without escalation.,ANA-007,False,Resolved,"[""ALT-CSE-07-00447""]"
CAS-CSE-07-0370,CSE-07,2024-11-15 12:11:41.471797,2024-11-15 12:15:08.246799,Alert investigated. No indicators of compromise found. Closed without escalation.,ANA-007,False,Resolved,"[""ALT-CSE-07-00448""]"
CAS-CSE-07-0371,CSE-07,2024-12-24 11:19:00.961153,2024-12-24 11:22:59.959154,Investigated system activity on port 64011. Correlated firewall session logs.,ANA-007,False,Resolved,"[""ALT-CSE-07-00449""]"
CAS-CSE-07-0372,CSE-07,2024-11-04 01:04:27.364656,2024-11-04 01:07:55.264731,Alert investigated. No indicators of compromise found. Closed without escalation.,ANA-007,False,Resolved,"[""ALT-CSE-07-00450""]"
CAS-CSE-07-0373,CSE-07,2024-11-26 21:45:50.428812,2024-11-26 21:50:15.407458,Alert investigated. No indicators of compromise found. Closed without escalation.,ANA-007,False,Resolved,"[""ALT-CSE-07-00451""]"
CAS-CSE-07-0374,CSE-07,2024-10-13 02:46:22.504275,2024-10-13 02:50:49.444954,Alert investigated. No indicators of compromise found. Closed without escalation.,ANA-007,False,Resolved,"[""ALT-CSE-07-00453""]"
CAS-CSE-07-0375,CSE-07,2024-11-08 12:18:39.763980,2024-11-08 12:21:52.261739,Alert investigated. No indicators of compromise found. Closed without escalation.,ANA-007,False,Resolved,"[""ALT-CSE-07-00454""]"
CAS-CSE-07-0376,CSE-07,2024-10-20 04:04:26.881431,2024-10-20 04:08:46.781490,Investigated system activity on port 23606. Correlated firewall session logs.,ANA-007,False,Resolved,"[""ALT-CSE-07-00455""]"
CAS-CSE-07-0377,CSE-07,2024-10-02 07:13:33.576350,2024-10-02 07:17:35.859247,Alert investigated. No indicators of compromise found. Closed without escalation.,ANA-007,False,Resolved,"[""ALT-CSE-07-00456""]"
CAS-CSE-07-0378,CSE-07,2024-12-15 02:59:53.705000,2024-12-15 03:03:04.724478,Alert investigated. No indicators of compromise found. Closed without escalation.,ANA-007,False,Resolved,"[""ALT-CSE-07-00458""]"
CAS-CSE-07-0379,CSE-07,2024-11-11 02:31:36.323947,2024-11-11 02:35:14.823921,Investigated system activity on port 46078. Correlated firewall session logs.,ANA-007,False,Resolved,"[""ALT-CSE-07-00459""]"
CAS-CSE-07-0380,CSE-07,2024-10-28 02:01:45.667585,2024-10-28 02:06:17.361389,Alert investigated. No indicators of compromise found. Closed without escalation.,ANA-007,False,Resolved,"[""ALT-CSE-07-00460""]"
CAS-CSE-07-0381,CSE-07,2024-10-01 03:50:00.267961,2024-10-01 03:54:40.132699,Investigated system activity on port 5088. Correlated firewall session logs.,ANA-007,False,Resolved,"[""ALT-CSE-07-00462""]"
CAS-CSE-07-0382,CSE-07,2024-12-15 19:43:21.529118,2024-12-15 19:47:32.664432,Alert investigated. No indicators of compromise found. Closed without escalation.,ANA-007,False,Resolved,"[""ALT-CSE-07-00464""]"
CAS-CSE-07-0383,CSE-07,2024-10-04 00:55:46.084469,2024-10-04 00:58:48.746429,Investigated system activity on port 59890. Correlated firewall session logs.,ANA-007,False,Resolved,"[""ALT-CSE-07-00465""]"
CAS-CSE-07-0384,CSE-07,2024-11-08 19:37:33.694446,2024-11-08 19:42:17.783242,Alert investigated. No indicators of compromise found. Closed without escalation.,ANA-007,False,Resolved,"[""ALT-CSE-07-00466""]"
CAS-CSE-07-0385,CSE-07,2024-12-24 07:21:17.720861,2024-12-24 07:25:17.213923,Alert investigated. No indicators of compromise found. Closed without escalation.,ANA-007,False,Resolved,"[""ALT-CSE-07-00467""]"
CAS-CSE-07-0386,CSE-07,2024-10-21 14:43:32.950722,2024-10-21 14:47:22.289285,Alert investigated. No indicators of compromise found. Closed without escalation.,ANA-007,True,Resolved,"[""ALT-CSE-07-00469""]"
CAS-CSE-07-0387,CSE-07,2024-10-10 00:27:51.158658,2024-10-10 00:31:40.349666,Alert investigated. No indicators of compromise found. Closed without escalation.,ANA-007,False,Resolved,"[""ALT-CSE-07-00470""]"
CAS-CSE-07-0388,CSE-07,2024-10-25 17:19:12.698411,2024-10-25 17:23:29.333152,Investigated system activity on port 34533. Correlated firewall session logs.,ANA-007,False,Resolved,"[""ALT-CSE-07-00471""]"
CAS-CSE-07-0389,CSE-07,2024-11-12 20:31:34.615838,2024-11-12 20:35:11.433055,Alert investigated. No indicators of compromise found. Closed without escalation.,ANA-007,False,Resolved,"[""ALT-CSE-07-00472""]"
CAS-CSE-07-0390,CSE-07,2024-10-02 13:55:27.709346,2024-10-02 13:59:12.374211,Alert investigated. No indicators of compromise found. Closed without escalation.,ANA-007,False,Resolved,"[""ALT-CSE-07-00474""]"
CAS-CSE-07-0391,CSE-07,2024-12-29 21:16:29.290887,2024-12-29 21:20:49.677207,Investigated system activity on port 10501. Correlated firewall session logs.,ANA-007,False,Resolved,"[""ALT-CSE-07-00475""]"
CAS-CSE-07-0392,CSE-07,2024-11-23 06:32:59.297671,2024-11-23 06:36:56.292115,Alert investigated. No indicators of compromise found. Closed without escalation.,ANA-007,False,Resolved,"[""ALT-CSE-07-00476""]"
CAS-CSE-07-0393,CSE-07,2024-10-12 18:39:51.282816,2024-10-12 18:43:03.944107,Alert investigated. No indicators of compromise found. Closed without escalation.,ANA-007,False,Resolved,"[""ALT-CSE-07-00477""]"
CAS-CSE-07-0394,CSE-07,2024-10-09 01:12:38.328244,2024-10-09 01:16:05.644109,Alert investigated. No indicators of compromise found. Closed without escalation.,ANA-007,False,Resolved,"[""ALT-CSE-07-00478""]"
CAS-CSE-07-0395,CSE-07,2024-10-24 13:00:47.321634,2024-10-24 13:04:55.101080,Alert investigated. No indicators of compromise found. Closed without escalation.,ANA-007,False,Resolved,"[""ALT-CSE-07-00479""]"
CAS-CSE-07-0396,CSE-07,2024-11-23 03:51:23.195677,2024-11-23 03:56:08.910083,Alert investigated. No indicators of compromise found. Closed without escalation.,ANA-007,False,Resolved,"[""ALT-CSE-07-00480""]"
CAS-CSE-07-0397,CSE-07,2024-12-03 16:51:45.637585,2024-12-03 16:55:38.248062,Alert investigated. No indicators of compromise found. Closed without escalation.,ANA-007,False,Resolved,"[""ALT-CSE-07-00481""]"
CAS-CSE-07-0398,CSE-07,2024-10-29 09:23:59.568644,2024-10-29 09:28:35.047387,Alert investigated. No indicators of compromise found. Closed without escalation.,ANA-007,False,Resolved,"[""ALT-CSE-07-00482""]"
CAS-CSE-07-0399,CSE-07,2024-11-25 12:11:14.660994,2024-11-25 12:15:16.928556,Alert investigated. No indicators of compromise found. Closed without escalation.,ANA-007,False,Resolved,"[""ALT-CSE-07-00483""]"
CAS-CSE-07-0400,CSE-07,2024-12-03 11:31:17.637922,2024-12-03 11:34:19.494642,Alert investigated. No indicators of compromise found. Closed without escalation.,ANA-007,False,Resolved,"[""ALT-CSE-07-00484""]"
CAS-CSE-07-0401,CSE-07,2024-10-30 15:11:17.799877,2024-10-30 15:14:49.302191,Alert investigated. No indicators of compromise found. Closed without escalation.,ANA-007,False,Resolved,"[""ALT-CSE-07-00485""]"
CAS-CSE-07-0402,CSE-07,2024-12-01 01:41:08.795292,2024-12-01 01:44:25.563022,Alert investigated. No indicators of compromise found. Closed without escalation.,ANA-007,False,Resolved,"[""ALT-CSE-07-00486""]"
CAS-CSE-07-0403,CSE-07,2024-11-19 09:50:31.061297,2024-11-19 09:54:54.562089,Investigated system activity on port 60541. Correlated firewall session logs.,ANA-007,False,Resolved,"[""ALT-CSE-07-00487""]"
CAS-CSE-07-0404,CSE-07,2024-11-20 08:27:37.753900,2024-11-20 08:31:05.291411,Alert investigated. No indicators of compromise found. Closed without escalation.,ANA-007,False,Resolved,"[""ALT-CSE-07-00488""]"
CAS-CSE-07-0405,CSE-07,2024-10-20 21:51:45.666746,2024-10-20 21:55:00.753834,Alert investigated. No indicators of compromise found. Closed without escalation.,ANA-007,False,Resolved,"[""ALT-CSE-07-00489""]"
CAS-CSE-07-0406,CSE-07,2024-11-02 02:54:14.484779,2024-11-02 02:58:52.520558,Alert investigated. No indicators of compromise found. Closed without escalation.,ANA-007,False,Resolved,"[""ALT-CSE-07-00490""]"
CAS-CSE-07-0407,CSE-07,2024-11-07 23:22:40.511003,2024-11-07 23:27:07.222009,Alert investigated. No indicators of compromise found. Closed without escalation.,ANA-007,False,Resolved,"[""ALT-CSE-07-00491""]"
CAS-CSE-07-0408,CSE-07,2024-10-26 23:31:35.889426,2024-10-26 23:36:10.456832,Alert investigated. No indicators of compromise found. Closed without escalation.,ANA-007,False,Resolved,"[""ALT-CSE-07-00493""]"
CAS-CSE-07-0409,CSE-07,2024-12-03 12:45:48.637163,2024-12-03 12:49:56.386172,Investigated system activity on port 29159. Correlated firewall session logs.,ANA-007,False,Resolved,"[""ALT-CSE-07-00495""]"
CAS-CSE-07-0410,CSE-07,2024-10-07 07:50:02.024083,2024-10-07 07:53:40.176964,Alert investigated. No indicators of compromise found. Closed without escalation.,ANA-007,False,Resolved,"[""ALT-CSE-07-00496""]"
CAS-CSE-07-0411,CSE-07,2024-12-15 04:16:40.132732,2024-12-15 04:20:08.501683,Alert investigated. No indicators of compromise found. Closed without escalation.,ANA-007,False,Resolved,"[""ALT-CSE-07-00497""]"
CAS-CSE-07-0412,CSE-07,2024-11-28 03:07:06.840667,2024-11-28 03:10:39.020400,Alert investigated. No indicators of compromise found. Closed without escalation.,ANA-007,False,Resolved,"[""ALT-CSE-07-00498""]"
CAS-CSE-07-0413,CSE-07,2024-10-23 04:13:01.915402,2024-10-23 04:17:22.127132,Alert investigated. No indicators of compromise found. Closed without escalation.,ANA-007,False,Resolved,"[""ALT-CSE-07-00501""]"
CAS-CSE-07-0414,CSE-07,2024-11-10 17:00:31.885729,2024-11-10 17:04:32.955423,Investigated system activity on port 36446. Correlated firewall session logs.,ANA-007,False,Resolved,"[""ALT-CSE-07-00502""]"
CAS-CSE-07-0415,CSE-07,2024-10-13 06:27:15.038215,2024-10-13 06:32:07.500119,Alert investigated. No indicators of compromise found. Closed without escalation.,ANA-007,False,Resolved,"[""ALT-CSE-07-00503""]"
CAS-CSE-07-0416,CSE-07,2024-11-01 05:51:40.878826,2024-11-01 05:55:28.187540,Alert investigated. No indicators of compromise found. Closed without escalation.,ANA-007,True,Resolved,"[""ALT-CSE-07-00505""]"
CAS-CSE-07-0417,CSE-07,2024-10-26 18:05:56.921939,2024-10-26 18:10:03.298783,Alert investigated. No indicators of compromise found. Closed without escalation.,ANA-007,False,Resolved,"[""ALT-CSE-07-00506""]"
CAS-CSE-07-0418,CSE-07,2024-12-19 09:14:34.512875,2024-12-19 09:17:53.998526,Alert investigated. No indicators of compromise found. Closed without escalation.,ANA-007,False,Resolved,"[""ALT-CSE-07-00507""]"
CAS-CSE-07-0419,CSE-07,2024-12-08 16:08:33.969711,2024-12-08 16:12:51.816091,Alert investigated. No indicators of compromise found. Closed without escalation.,ANA-007,False,Resolved,"[""ALT-CSE-07-00508""]"
CAS-CSE-07-0420,CSE-07,2024-12-29 04:19:24.807307,2024-12-29 04:22:37.297912,Alert investigated. No indicators of compromise found. Closed without escalation.,ANA-007,False,Resolved,"[""ALT-CSE-07-00509""]"
CAS-CSE-07-0421,CSE-07,2024-11-15 12:01:52.537399,2024-11-15 12:06:00.343514,Investigated system activity on port 6703. Correlated firewall session logs.,ANA-007,False,Resolved,"[""ALT-CSE-07-00510""]"
CAS-CSE-07-0422,CSE-07,2024-11-27 19:56:34.188502,2024-11-27 19:59:56.461602,Alert investigated. No indicators of compromise found. Closed without escalation.,ANA-007,False,Resolved,"[""ALT-CSE-07-00511""]"
CAS-CSE-07-0423,CSE-07,2024-12-06 12:53:59.907759,2024-12-06 12:58:16.658870,Alert investigated. No indicators of compromise found. Closed without escalation.,ANA-007,False,Resolved,"[""ALT-CSE-07-00512""]"
CAS-CSE-07-0424,CSE-07,2024-11-09 05:21:22.332922,2024-11-09 05:25:11.161144,Alert investigated. No indicators of compromise found. Closed without escalation.,ANA-007,False,Resolved,"[""ALT-CSE-07-00513""]"
CAS-CSE-07-0425,CSE-07,2024-12-10 10:44:48.173293,2024-12-10 10:48:31.920898,Alert investigated. No indicators of compromise found. Closed without escalation.,ANA-007,False,Resolved,"[""ALT-CSE-07-00514""]"
CAS-CSE-07-0426,CSE-07,2024-12-17 23:45:44.908870,2024-12-17 23:50:30.904984,Alert investigated. No indicators of compromise found. Closed without escalation.,ANA-007,False,Resolved,"[""ALT-CSE-07-00515""]"
CAS-CSE-07-0427,CSE-07,2024-11-20 11:56:27.991444,2024-11-20 12:00:24.166087,Investigated system activity on port 8465. Correlated firewall session logs.,ANA-007,False,Resolved,"[""ALT-CSE-07-00516""]"
CAS-CSE-07-0428,CSE-07,2024-11-26 04:24:02.757385,2024-11-26 04:27:43.590076,Alert investigated. No indicators of compromise found. Closed without escalation.,ANA-007,False,Resolved,"[""ALT-CSE-07-00517""]"
CAS-CSE-07-0429,CSE-07,2024-11-12 12:33:23.772713,2024-11-12 12:37:29.388202,Investigated system activity on port 28870. Correlated firewall session logs.,ANA-007,False,Resolved,"[""ALT-CSE-07-00519""]"
CAS-CSE-07-0430,CSE-07,2024-12-16 00:54:48.549127,2024-12-16 00:58:47.181942,Investigated system activity on port 13876. Correlated firewall session logs.,ANA-007,False,Resolved,"[""ALT-CSE-07-00520""]"
CAS-CSE-07-0431,CSE-07,2024-12-27 09:10:17.329881,2024-12-27 09:14:07.258672,Investigated system activity on port 60993. Correlated firewall session logs.,ANA-007,False,Resolved,"[""ALT-CSE-07-00521""]"
CAS-CSE-07-0432,CSE-07,2024-12-27 18:24:56.605447,2024-12-27 18:29:35.149045,Alert investigated. No indicators of compromise found. Closed without escalation.,ANA-007,False,Resolved,"[""ALT-CSE-07-00522""]"
CAS-CSE-07-0433,CSE-07,2024-12-18 02:20:47.392576,2024-12-18 02:24:49.940943,Alert investigated. No indicators of compromise found. Closed without escalation.,ANA-007,False,Resolved,"[""ALT-CSE-07-00523""]"
CAS-CSE-07-0434,CSE-07,2024-12-28 21:37:33.557463,2024-12-28 21:40:58.077222,Alert investigated. No indicators of compromise found. Closed without escalation.,ANA-007,False,Resolved,"[""ALT-CSE-07-00524""]"
CAS-CSE-07-0435,CSE-07,2024-11-15 21:49:59.141481,2024-11-15 21:54:36.842483,Investigated system activity on port 9745. Correlated firewall session logs.,ANA-007,False,Resolved,"[""ALT-CSE-07-00525""]"
CAS-CSE-07-0436,CSE-07,2024-10-29 02:24:16.183136,2024-10-29 02:27:40.700694,Alert investigated. No indicators of compromise found. Closed without escalation.,ANA-007,False,Resolved,"[""ALT-CSE-07-00527""]"
CAS-CSE-07-0437,CSE-07,2024-12-26 09:38:19.190061,2024-12-26 09:41:51.677159,Investigated system activity on port 62077. Correlated firewall session logs.,ANA-007,False,Resolved,"[""ALT-CSE-07-00528""]"
CAS-CSE-07-0438,CSE-07,2024-11-08 11:00:06.237042,2024-11-08 11:04:02.986981,Alert investigated. No indicators of compromise found. Closed without escalation.,ANA-007,False,Resolved,"[""ALT-CSE-07-00529""]"
CAS-CSE-07-0439,CSE-07,2024-11-04 20:56:25.536986,2024-11-04 21:00:31.842307,Investigated system activity on port 29434. Correlated firewall session logs.,ANA-007,False,Resolved,"[""ALT-CSE-07-00530""]"
CAS-CSE-07-0440,CSE-07,2024-10-29 08:12:45.146748,2024-10-29 08:16:53.174928,Investigated system activity on port 29595. Correlated firewall session logs.,ANA-007,False,Resolved,"[""ALT-CSE-07-00531""]"
CAS-CSE-07-0441,CSE-07,2024-11-04 03:35:53.384395,2024-11-04 03:39:30.340754,Alert investigated. No indicators of compromise found. Closed without escalation.,ANA-007,False,Resolved,"[""ALT-CSE-07-00532""]"
CAS-CSE-07-0442,CSE-07,2024-11-22 11:50:22.894772,2024-11-22 11:54:54.942815,Alert investigated. No indicators of compromise found. Closed without escalation.,ANA-007,False,Resolved,"[""ALT-CSE-07-00533""]"
CAS-CSE-07-0443,CSE-07,2024-12-29 00:47:57.718135,2024-12-29 00:52:40.824400,Alert investigated. No indicators of compromise found. Closed without escalation.,ANA-007,False,Resolved,"[""ALT-CSE-07-00534""]"
CAS-CSE-07-0444,CSE-07,2024-12-05 13:18:44.678655,2024-12-05 13:22:44.435888,Alert investigated. No indicators of compromise found. Closed without escalation.,ANA-007,False,Resolved,"[""ALT-CSE-07-00536""]"
CAS-CSE-07-0445,CSE-07,2024-11-24 09:09:28.821412,2024-11-24 09:13:08.100763,Investigated system activity on port 64163. Correlated firewall session logs.,ANA-007,False,Resolved,"[""ALT-CSE-07-00537""]"
CAS-CSE-07-0446,CSE-07,2024-11-25 20:28:04.243855,2024-11-25 20:31:13.215702,Investigated system activity on port 38315. Correlated firewall session logs.,ANA-007,False,Resolved,"[""ALT-CSE-07-00538""]"
CAS-CSE-07-0447,CSE-07,2024-10-09 20:14:13.794067,2024-10-09 20:17:42.414187,Alert investigated. No indicators of compromise found. Closed without escalation.,ANA-007,False,Resolved,"[""ALT-CSE-07-00539""]"
CAS-CSE-07-0448,CSE-07,2024-12-24 05:36:06.544630,2024-12-24 05:39:12.551432,Investigated system activity on port 15260. Correlated firewall session logs.,ANA-007,False,Resolved,"[""ALT-CSE-07-00540""]"
CAS-CSE-07-0449,CSE-07,2024-10-04 01:03:17.811620,2024-10-04 01:07:12.754248,Investigated system activity on port 51213. Correlated firewall session logs.,ANA-007,False,Resolved,"[""ALT-CSE-07-00542""]"
CAS-CSE-07-0450,CSE-07,2024-11-23 06:35:01.678170,2024-11-23 06:39:39.477093,Alert investigated. No indicators of compromise found. Closed without escalation.,ANA-007,False,Resolved,"[""ALT-CSE-07-00543""]"
CAS-CSE-07-0451,CSE-07,2024-10-25 05:23:13.072298,2024-10-25 05:27:25.372718,Investigated system activity on port 13847. Correlated firewall session logs.,ANA-007,False,Resolved,"[""ALT-CSE-07-00544""]"
CAS-CSE-07-0452,CSE-07,2024-11-01 09:14:13.408110,2024-11-01 09:18:46.982411,Investigated system activity on port 29707. Correlated firewall session logs.,ANA-007,False,Resolved,"[""ALT-CSE-07-00545""]"
CAS-CSE-07-0453,CSE-07,2024-12-12 10:48:20.305408,2024-12-12 10:51:39.850530,Alert investigated. No indicators of compromise found. Closed without escalation.,ANA-007,False,Resolved,"[""ALT-CSE-07-00547""]"
CAS-CSE-07-0454,CSE-07,2024-11-04 18:09:42.130474,2024-11-04 18:13:57.987749,Alert investigated. No indicators of compromise found. Closed without escalation.,ANA-007,False,Resolved,"[""ALT-CSE-07-00548""]"
CAS-CSE-07-0455,CSE-07,2024-12-21 09:17:30.140427,2024-12-21 09:21:31.870993,Alert investigated. No indicators of compromise found. Closed without escalation.,ANA-007,False,Resolved,"[""ALT-CSE-07-00549""]"
CAS-CSE-07-0456,CSE-07,2024-12-04 08:34:04.005990,2024-12-04 08:38:39.904870,Alert investigated. No indicators of compromise found. Closed without escalation.,ANA-007,False,Resolved,"[""ALT-CSE-07-00551""]"
CAS-CSE-07-0457,CSE-07,2024-12-18 15:39:15.676267,2024-12-18 15:43:47.910870,Alert investigated. No indicators of compromise found. Closed without escalation.,ANA-007,False,Resolved,"[""ALT-CSE-07-00552""]"
CAS-CSE-07-0458,CSE-07,2024-12-02 00:48:30.163185,2024-12-02 00:52:30.044445,Alert investigated. No indicators of compromise found. Closed without escalation.,ANA-007,False,Resolved,"[""ALT-CSE-07-00553""]"
CAS-CSE-07-0459,CSE-07,2024-11-28 14:17:43.025197,2024-11-28 14:21:55.905342,Investigated system activity on port 59390. Correlated firewall session logs.,ANA-007,False,Resolved,"[""ALT-CSE-07-00554""]"
CAS-CSE-07-0460,CSE-07,2024-11-20 10:39:21.113197,2024-11-20 10:44:01.385652,Alert investigated. No indicators of compromise found. Closed without escalation.,ANA-007,False,Resolved,"[""ALT-CSE-07-00555""]"
CAS-CSE-07-0461,CSE-07,2024-10-26 04:04:19.765264,2024-10-26 04:08:00.888558,Alert investigated. No indicators of compromise found. Closed without escalation.,ANA-007,False,Resolved,"[""ALT-CSE-07-00556""]"
CAS-CSE-07-0462,CSE-07,2024-10-21 13:30:35.282366,2024-10-21 13:35:02.978137,Alert investigated. No indicators of compromise found. Closed without escalation.,ANA-007,False,Resolved,"[""ALT-CSE-07-00557""]"
CAS-CSE-07-0463,CSE-07,2024-10-10 01:02:52.498591,2024-10-10 01:06:59.828562,Alert investigated. No indicators of compromise found. Closed without escalation.,ANA-007,False,Resolved,"[""ALT-CSE-07-00558""]"
CAS-CSE-07-0464,CSE-07,2024-10-28 20:29:24.379682,2024-10-28 20:33:50.758357,Alert investigated. No indicators of compromise found. Closed without escalation.,ANA-007,False,Resolved,"[""ALT-CSE-07-00559""]"
CAS-CSE-07-0465,CSE-07,2024-10-22 16:55:08.000387,2024-10-22 16:59:45.746346,Alert investigated. No indicators of compromise found. Closed without escalation.,ANA-007,False,Resolved,"[""ALT-CSE-07-00560""]"
CAS-CSE-07-0466,CSE-07,2024-10-05 13:42:27.373327,2024-10-05 13:47:25.264215,Alert investigated. No indicators of compromise found. Closed without escalation.,ANA-007,True,Resolved,"[""ALT-CSE-07-00561""]"
CAS-CSE-07-0467,CSE-07,2024-12-29 21:13:27.112350,2024-12-29 21:17:35.539258,Alert investigated. No indicators of compromise found. Closed without escalation.,ANA-007,False,Resolved,"[""ALT-CSE-07-00563""]"
CAS-CSE-07-0468,CSE-07,2024-10-18 03:18:47.630660,2024-10-18 03:21:59.696608,Investigated system activity on port 26458. Correlated firewall session logs.,ANA-007,False,Resolved,"[""ALT-CSE-07-00565""]"
CAS-CSE-07-0469,CSE-07,2024-11-24 21:57:29.852312,2024-11-24 22:01:02.498655,Alert investigated. No indicators of compromise found. Closed without escalation.,ANA-007,False,Resolved,"[""ALT-CSE-07-00566""]"
CAS-CSE-07-0470,CSE-07,2024-11-19 21:13:23.161504,2024-11-19 21:18:12.951775,Alert investigated. No indicators of compromise found. Closed without escalation.,ANA-007,False,Resolved,"[""ALT-CSE-07-00568""]"
CAS-CSE-07-0471,CSE-07,2024-12-13 15:39:19.991022,2024-12-13 15:42:51.555356,Alert investigated. No indicators of compromise found. Closed without escalation.,ANA-007,False,Resolved,"[""ALT-CSE-07-00570""]"
CAS-CSE-07-0472,CSE-07,2024-11-30 09:45:34.319077,2024-11-30 09:49:33.761891,Alert investigated. No indicators of compromise found. Closed without escalation.,ANA-007,False,Resolved,"[""ALT-CSE-07-00571""]"
CAS-CSE-07-0473,CSE-07,2024-11-09 10:45:52.434309,2024-11-09 10:49:37.543537,Alert investigated. No indicators of compromise found. Closed without escalation.,ANA-007,False,Resolved,"[""ALT-CSE-07-00572""]"
CAS-CSE-07-0474,CSE-07,2024-11-04 23:33:49.272123,2024-11-04 23:37:13.141361,Alert investigated. No indicators of compromise found. Closed without escalation.,ANA-007,False,Resolved,"[""ALT-CSE-07-00574""]"
CAS-CSE-07-0475,CSE-07,2024-12-25 21:09:49.588826,2024-12-25 21:13:06.809236,Alert investigated. No indicators of compromise found. Closed without escalation.,ANA-007,False,Resolved,"[""ALT-CSE-07-00575""]"
CAS-CSE-07-0476,CSE-07,2024-11-18 19:45:55.286587,2024-11-18 19:49:51.113543,Alert investigated. No indicators of compromise found. Closed without escalation.,ANA-007,False,Resolved,"[""ALT-CSE-07-00576""]"
CAS-CSE-07-0477,CSE-07,2024-12-19 02:39:24.594654,2024-12-19 02:42:37.877573,Alert investigated. No indicators of compromise found. Closed without escalation.,ANA-007,False,Resolved,"[""ALT-CSE-07-00577""]"
CAS-CSE-07-0478,CSE-07,2024-10-30 05:57:45.840291,2024-10-30 06:01:10.567905,Alert investigated. No indicators of compromise found. Closed without escalation.,ANA-007,False,Resolved,"[""ALT-CSE-07-00578""]"
CAS-CSE-07-0479,CSE-07,2024-11-08 07:07:49.970217,2024-11-08 07:11:11.330588,Alert investigated. No indicators of compromise found. Closed without escalation.,ANA-007,False,Resolved,"[""ALT-CSE-07-00579""]"
CAS-CSE-07-0480,CSE-07,2024-11-18 11:10:37.930599,2024-11-18 11:14:58.308628,Investigated system activity on port 32636. Correlated firewall session logs.,ANA-007,False,Resolved,"[""ALT-CSE-07-00580""]"
CAS-CSE-07-0481,CSE-07,2024-12-18 19:40:52.205942,2024-12-18 19:44:38.484133,Investigated system activity on port 1514. Correlated firewall session logs.,ANA-007,False,Resolved,"[""ALT-CSE-07-00581""]"
CAS-CSE-07-0482,CSE-07,2024-12-16 19:35:07.087034,2024-12-16 19:38:54.398704,Alert investigated. No indicators of compromise found. Closed without escalation.,ANA-007,False,Resolved,"[""ALT-CSE-07-00583""]"
CAS-CSE-07-0483,CSE-07,2024-12-01 07:55:48.557350,2024-12-01 08:00:15.499367,Investigated system activity on port 29366. Correlated firewall session logs.,ANA-007,False,Resolved,"[""ALT-CSE-07-00584""]"
CAS-CSE-07-0484,CSE-07,2024-11-28 10:24:58.475176,2024-11-28 10:28:48.740865,Alert investigated. No indicators of compromise found. Closed without escalation.,ANA-007,False,Resolved,"[""ALT-CSE-07-00586""]"
CAS-CSE-07-0485,CSE-07,2024-11-25 05:51:52.229063,2024-11-25 05:55:19.803547,Investigated system activity on port 17077. Correlated firewall session logs.,ANA-007,False,Resolved,"[""ALT-CSE-07-00587""]"
CAS-CSE-07-0486,CSE-07,2024-11-24 02:04:31.525078,2024-11-24 02:07:54.188100,Alert investigated. No indicators of compromise found. Closed without escalation.,ANA-007,False,Resolved,"[""ALT-CSE-07-00588""]"
CAS-CSE-07-0487,CSE-07,2024-12-19 19:16:41.293739,2024-12-19 19:20:00.221439,Investigated system activity on port 3253. Correlated firewall session logs.,ANA-007,False,Resolved,"[""ALT-CSE-07-00590""]"
CAS-CSE-07-0488,CSE-07,2024-10-02 09:33:59.148352,2024-10-02 09:38:04.790594,Alert investigated. No indicators of compromise found. Closed without escalation.,ANA-007,False,Resolved,"[""ALT-CSE-07-00591""]"
CAS-CSE-07-0489,CSE-07,2024-11-20 22:19:51.515862,2024-11-20 22:23:11.803329,Alert investigated. No indicators of compromise found. Closed without escalation.,ANA-007,False,Resolved,"[""ALT-CSE-07-00592""]"
CAS-CSE-07-0490,CSE-07,2024-10-27 12:43:41.321159,2024-10-27 12:46:53.522718,Alert investigated. No indicators of compromise found. Closed without escalation.,ANA-007,False,Resolved,"[""ALT-CSE-07-00594""]"
CAS-CSE-07-0491,CSE-07,2024-12-03 18:35:35.504188,2024-12-03 18:40:02.595024,Alert investigated. No indicators of compromise found. Closed without escalation.,ANA-007,True,Resolved,"[""ALT-CSE-07-00596""]"
CAS-CSE-07-0492,CSE-07,2024-10-10 09:56:54.877239,2024-10-10 10:01:23.961191,Alert investigated. No indicators of compromise found. Closed without escalation.,ANA-007,False,Resolved,"[""ALT-CSE-07-00597""]"
CAS-CSE-07-0493,CSE-07,2024-10-01 19:40:53.543531,2024-10-01 19:44:08.221802,Investigated system activity on port 56576. Correlated firewall session logs.,ANA-007,False,Resolved,"[""ALT-CSE-07-00598""]"
CAS-CSE-07-0494,CSE-07,2024-12-22 03:58:52.025489,2024-12-22 04:02:53.064139,Investigated system activity on port 53489. Correlated firewall session logs.,ANA-007,False,Resolved,"[""ALT-CSE-07-00599""]"
CAS-CSE-07-0495,CSE-07,2024-12-29 10:04:47.168164,2024-12-29 10:08:52.855326,Investigated system activity on port 5545. Correlated firewall session logs.,ANA-007,False,Resolved,"[""ALT-CSE-07-00600""]"
CAS-CSE-07-0496,CSE-07,2024-11-20 10:40:08.047609,2024-11-20 10:44:09.084761,Alert investigated. No indicators of compromise found. Closed without escalation.,ANA-007,False,Resolved,"[""ALT-CSE-07-00602""]"
CAS-CSE-07-0497,CSE-07,2024-12-19 09:00:11.638831,2024-12-19 09:04:17.139376,Investigated system activity on port 46158. Correlated firewall session logs.,ANA-007,False,Resolved,"[""ALT-CSE-07-00603""]"
CAS-CSE-07-0498,CSE-07,2024-12-05 04:22:19.603045,2024-12-05 04:26:23.969739,Alert investigated. No indicators of compromise found. Closed without escalation.,ANA-007,False,Resolved,"[""ALT-CSE-07-00605""]"
CAS-CSE-07-0499,CSE-07,2024-10-11 10:34:46.703459,2024-10-11 10:37:55.679310,Alert investigated. No indicators of compromise found. Closed without escalation.,ANA-007,False,Resolved,"[""ALT-CSE-07-00606""]"
CAS-CSE-07-0500,CSE-07,2024-11-05 05:01:42.984008,2024-11-05 05:05:32.501901,Alert investigated. No indicators of compromise found. Closed without escalation.,ANA-007,False,Resolved,"[""ALT-CSE-07-00607""]"
CAS-CSE-07-0501,CSE-07,2024-12-02 14:51:47.446091,2024-12-02 14:55:40.872139,Alert investigated. No indicators of compromise found. Closed without escalation.,ANA-007,False,Resolved,"[""ALT-CSE-07-00608""]"
CAS-CSE-07-0502,CSE-07,2024-12-02 00:28:40.679412,2024-12-02 00:33:01.501430,Alert investigated. No indicators of compromise found. Closed without escalation.,ANA-007,False,Resolved,"[""ALT-CSE-07-00609""]"
CAS-CSE-07-0503,CSE-07,2024-10-07 15:42:06.050181,2024-10-07 15:45:51.254098,Alert investigated. No indicators of compromise found. Closed without escalation.,ANA-007,False,Resolved,"[""ALT-CSE-07-00610""]"
CAS-CSE-07-0504,CSE-07,2024-10-24 15:46:42.704998,2024-10-24 15:51:09.764533,Alert investigated. No indicators of compromise found. Closed without escalation.,ANA-007,False,Resolved,"[""ALT-CSE-07-00611""]"
CAS-CSE-07-0505,CSE-07,2024-11-25 20:39:14.929518,2024-11-25 20:42:52.487600,Alert investigated. No indicators of compromise found. Closed without escalation.,ANA-007,False,Resolved,"[""ALT-CSE-07-00612""]"
CAS-CSE-07-0506,CSE-07,2024-10-21 07:38:10.453693,2024-10-21 07:42:07.370075,Investigated system activity on port 17960. Correlated firewall session logs.,ANA-007,False,Resolved,"[""ALT-CSE-07-00614""]"
CAS-CSE-07-0507,CSE-07,2024-12-10 15:27:02.243156,2024-12-10 15:31:35.239183,Alert investigated. No indicators of compromise found. Closed without escalation.,ANA-007,False,Resolved,"[""ALT-CSE-07-00615""]"
CAS-CSE-07-0508,CSE-07,2024-10-06 14:36:42.181771,2024-10-06 14:41:21.579343,Alert investigated. No indicators of compromise found. Closed without escalation.,ANA-007,False,Resolved,"[""ALT-CSE-07-00616""]"
CAS-CSE-07-0509,CSE-07,2024-10-12 06:47:07.307524,2024-10-12 06:50:27.399365,Alert investigated. No indicators of compromise found. Closed without escalation.,ANA-007,False,Resolved,"[""ALT-CSE-07-00617""]"
CAS-CSE-07-0510,CSE-07,2024-11-11 08:02:23.467756,2024-11-11 08:07:02.290930,Alert investigated. No indicators of compromise found. Closed without escalation.,ANA-007,False,Resolved,"[""ALT-CSE-07-00619""]"
CAS-CSE-07-0511,CSE-07,2024-11-03 03:08:41.323723,2024-11-03 03:12:25.582343,Alert investigated. No indicators of compromise found. Closed without escalation.,ANA-007,False,Resolved,"[""ALT-CSE-07-00620""]"
CAS-CSE-07-0512,CSE-07,2024-12-22 14:09:50.147838,2024-12-22 14:14:25.162755,Investigated system activity on port 39853. Correlated firewall session logs.,ANA-007,False,Resolved,"[""ALT-CSE-07-00621""]"
CAS-CSE-07-0513,CSE-07,2024-10-27 17:42:37.909592,2024-10-27 17:46:01.347651,Alert investigated. No indicators of compromise found. Closed without escalation.,ANA-007,False,Resolved,"[""ALT-CSE-07-00622""]"
CAS-CSE-07-0514,CSE-07,2024-12-12 05:02:19.721462,2024-12-12 05:06:05.540097,Alert investigated. No indicators of compromise found. Closed without escalation.,ANA-007,False,Resolved,"[""ALT-CSE-07-00623""]"
CAS-CSE-07-0515,CSE-07,2024-12-04 11:28:08.719668,2024-12-04 11:32:16.756738,Alert investigated. No indicators of compromise found. Closed without escalation.,ANA-007,False,Resolved,"[""ALT-CSE-07-00624""]"
CAS-CSE-07-0516,CSE-07,2024-10-25 12:57:24.259060,2024-10-25 13:01:33.048927,Alert investigated. No indicators of compromise found. Closed without escalation.,ANA-007,False,Resolved,"[""ALT-CSE-07-00626""]"
CAS-CSE-07-0517,CSE-07,2024-12-22 16:39:44.216241,2024-12-22 16:43:48.254476,Alert investigated. No indicators of compromise found. Closed without escalation.,ANA-007,True,Resolved,"[""ALT-CSE-07-00627""]"
CAS-CSE-07-0518,CSE-07,2024-12-28 16:26:20.812255,2024-12-28 16:30:31.228646,Alert investigated. No indicators of compromise found. Closed without escalation.,ANA-007,False,Resolved,"[""ALT-CSE-07-00628""]"
CAS-CSE-07-0519,CSE-07,2024-10-22 03:49:03.619733,2024-10-22 03:53:49.971555,Investigated system activity on port 38482. Correlated firewall session logs.,ANA-007,False,Resolved,"[""ALT-CSE-07-00629""]"
CAS-CSE-07-0520,CSE-07,2024-12-21 01:18:12.567527,2024-12-21 01:22:49.211417,Alert investigated. No indicators of compromise found. Closed without escalation.,ANA-007,False,Resolved,"[""ALT-CSE-07-00631""]"
CAS-CSE-07-0521,CSE-07,2024-11-14 13:32:04.014633,2024-11-14 13:36:22.366315,Alert investigated. No indicators of compromise found. Closed without escalation.,ANA-007,False,Resolved,"[""ALT-CSE-07-00632""]"
CAS-CSE-07-0522,CSE-07,2024-10-30 23:47:25.755332,2024-10-30 23:51:32.787006,Alert investigated. No indicators of compromise found. Closed without escalation.,ANA-007,False,Resolved,"[""ALT-CSE-07-00634""]"
CAS-CSE-07-0523,CSE-07,2024-12-17 23:42:07.905076,2024-12-17 23:45:44.134683,Alert investigated. No indicators of compromise found. Closed without escalation.,ANA-007,False,Resolved,"[""ALT-CSE-07-00635""]"
CAS-CSE-07-0524,CSE-07,2024-12-26 08:28:56.803126,2024-12-26 08:32:14.671855,Alert investigated. No indicators of compromise found. Closed without escalation.,ANA-007,False,Resolved,"[""ALT-CSE-07-00636""]"
CAS-CSE-07-0525,CSE-07,2024-12-12 10:29:12.154966,2024-12-12 10:33:52.075157,Alert investigated. No indicators of compromise found. Closed without escalation.,ANA-007,False,Resolved,"[""ALT-CSE-07-00637""]"
CAS-CSE-07-0526,CSE-07,2024-11-03 18:09:53.028819,2024-11-03 18:13:19.936040,Alert investigated. No indicators of compromise found. Closed without escalation.,ANA-007,False,Resolved,"[""ALT-CSE-07-00638""]"
CAS-CSE-07-0527,CSE-07,2024-12-19 16:15:14.582072,2024-12-19 16:19:38.708375,Alert investigated. No indicators of compromise found. Closed without escalation.,ANA-007,True,Resolved,"[""ALT-CSE-07-00639""]"
CAS-CSE-07-0528,CSE-07,2024-10-26 15:37:44.253095,2024-10-26 15:41:22.011661,Alert investigated. No indicators of compromise found. Closed without escalation.,ANA-007,False,Resolved,"[""ALT-CSE-07-00640""]"
CAS-CSE-07-0529,CSE-07,2024-11-18 02:36:08.845349,2024-11-18 02:40:51.978726,Alert investigated. No indicators of compromise found. Closed without escalation.,ANA-007,False,Resolved,"[""ALT-CSE-07-00642""]"
CAS-CSE-07-0530,CSE-07,2024-12-15 02:50:06.200952,2024-12-15 02:53:46.245635,Alert investigated. No indicators of compromise found. Closed without escalation.,ANA-007,True,Resolved,"[""ALT-CSE-07-00644""]"
CAS-CSE-07-0531,CSE-07,2024-10-08 06:31:37.182106,2024-10-08 06:35:25.823170,Alert investigated. No indicators of compromise found. Closed without escalation.,ANA-007,False,Resolved,"[""ALT-CSE-07-00645""]"
CAS-CSE-07-0532,CSE-07,2024-10-28 20:06:08.152634,2024-10-28 20:10:44.482001,Alert investigated. No indicators of compromise found. Closed without escalation.,ANA-007,False,Resolved,"[""ALT-CSE-07-00646""]"
CAS-CSE-07-0533,CSE-07,2024-10-28 16:58:22.240436,2024-10-28 17:01:33.272507,Alert investigated. No indicators of compromise found. Closed without escalation.,ANA-007,False,Resolved,"[""ALT-CSE-07-00647""]"
CAS-CSE-07-0534,CSE-07,2024-11-02 16:18:38.622941,2024-11-02 16:21:53.054788,Alert investigated. No indicators of compromise found. Closed without escalation.,ANA-007,False,Resolved,"[""ALT-CSE-07-00648""]"
CAS-CSE-07-0535,CSE-07,2024-12-02 14:31:57.362572,2024-12-02 14:35:58.801705,Investigated system activity on port 56344. Correlated firewall session logs.,ANA-007,True,Resolved,"[""ALT-CSE-07-00649""]"
CAS-CSE-07-0536,CSE-07,2024-12-07 14:03:05.608048,2024-12-07 14:07:22.259929,Alert investigated. No indicators of compromise found. Closed without escalation.,ANA-007,False,Resolved,"[""ALT-CSE-07-00650""]"
CAS-CSE-07-0537,CSE-07,2024-12-21 10:30:44.923301,2024-12-21 10:35:19.530886,Alert investigated. No indicators of compromise found. Closed without escalation.,ANA-007,False,Resolved,"[""ALT-CSE-07-00651""]"
CAS-CSE-07-0538,CSE-07,2024-12-20 14:59:58.178614,2024-12-20 15:04:15.875026,Alert investigated. No indicators of compromise found. Closed without escalation.,ANA-007,False,Resolved,"[""ALT-CSE-07-00652""]"
CAS-CSE-07-0539,CSE-07,2024-10-28 20:26:39.456676,2024-10-28 20:31:19.977258,Alert investigated. No indicators of compromise found. Closed without escalation.,ANA-007,False,Resolved,"[""ALT-CSE-07-00653""]"
CAS-CSE-07-0540,CSE-07,2024-12-26 22:48:54.950731,2024-12-26 22:52:52.028296,Alert investigated. No indicators of compromise found. Closed without escalation.,ANA-007,False,Resolved,"[""ALT-CSE-07-00654""]"
CAS-CSE-07-0541,CSE-07,2024-10-25 00:32:02.961014,2024-10-25 00:35:53.520699,Alert investigated. No indicators of compromise found. Closed without escalation.,ANA-007,False,Resolved,"[""ALT-CSE-07-00656""]"
CAS-CSE-07-0542,CSE-07,2024-11-24 02:16:05.947002,2024-11-24 02:20:35.201365,Alert investigated. No indicators of compromise found. Closed without escalation.,ANA-007,False,Resolved,"[""ALT-CSE-07-00658""]"
CAS-CSE-07-0543,CSE-07,2024-10-24 12:19:10.225342,2024-10-24 12:23:42.198189,Alert investigated. No indicators of compromise found. Closed without escalation.,ANA-007,False,Resolved,"[""ALT-CSE-07-00659""]"
CAS-CSE-07-0544,CSE-07,2024-12-26 10:59:49.506540,2024-12-26 11:04:09.626753,Alert investigated. No indicators of compromise found. Closed without escalation.,ANA-007,False,Resolved,"[""ALT-CSE-07-00660""]"
CAS-CSE-07-0545,CSE-07,2024-12-29 20:44:37.128738,2024-12-29 20:48:02.939940,Alert investigated. No indicators of compromise found. Closed without escalation.,ANA-007,False,Resolved,"[""ALT-CSE-07-00661""]"
CAS-CSE-07-0546,CSE-07,2024-12-23 17:43:36.834558,2024-12-23 17:47:25.087962,Investigated system activity on port 56101. Correlated firewall session logs.,ANA-007,False,Resolved,"[""ALT-CSE-07-00662""]"
CAS-CSE-07-0547,CSE-07,2024-10-12 21:30:13.306693,2024-10-12 21:34:30.015372,Alert investigated. No indicators of compromise found. Closed without escalation.,ANA-007,False,Resolved,"[""ALT-CSE-07-00663""]"
CAS-CSE-07-0548,CSE-07,2024-11-15 05:14:53.374075,2024-11-15 05:18:38.626636,Alert investigated. No indicators of compromise found. Closed without escalation.,ANA-007,False,Resolved,"[""ALT-CSE-07-00664""]"
CAS-CSE-07-0549,CSE-07,2024-12-10 00:19:20.341087,2024-12-10 00:23:35.437232,Alert investigated. No indicators of compromise found. Closed without escalation.,ANA-007,False,Resolved,"[""ALT-CSE-07-00665""]"
CAS-CSE-07-0550,CSE-07,2024-11-11 20:00:39.054004,2024-11-11 20:04:02.890762,Investigated system activity on port 31146. Correlated firewall session logs.,ANA-007,False,Resolved,"[""ALT-CSE-07-00666""]"
CAS-CSE-07-0551,CSE-07,2024-12-12 04:00:48.814120,2024-12-12 04:04:14.111760,Investigated system activity on port 30249. Correlated firewall session logs.,ANA-007,False,Resolved,"[""ALT-CSE-07-00669""]"
CAS-CSE-07-0552,CSE-07,2024-12-14 21:10:55.683847,2024-12-14 21:14:07.659902,Alert investigated. No indicators of compromise found. Closed without escalation.,ANA-007,False,Resolved,"[""ALT-CSE-07-00670""]"
CAS-CSE-07-0553,CSE-07,2024-11-04 05:40:36.931581,2024-11-04 05:44:56.076170,Alert investigated. No indicators of compromise found. Closed without escalation.,ANA-007,False,Resolved,"[""ALT-CSE-07-00671""]"
CAS-CSE-07-0554,CSE-07,2024-10-22 01:44:11.078378,2024-10-22 01:47:49.937259,Investigated system activity on port 48684. Correlated firewall session logs.,ANA-007,False,Resolved,"[""ALT-CSE-07-00672""]"
CAS-CSE-07-0555,CSE-07,2024-11-10 09:41:13.920710,2024-11-10 09:45:11.606639,Alert investigated. No indicators of compromise found. Closed without escalation.,ANA-007,False,Resolved,"[""ALT-CSE-07-00673""]"
CAS-CSE-07-0556,CSE-07,2024-12-12 22:03:07.111742,2024-12-12 22:07:26.047909,Alert investigated. No indicators of compromise found. Closed without escalation.,ANA-007,False,Resolved,"[""ALT-CSE-07-00674""]"
CAS-CSE-07-0557,CSE-07,2024-10-04 09:02:24.140318,2024-10-04 09:06:39.557407,Investigated system activity on port 36267. Correlated firewall session logs.,ANA-007,True,Resolved,"[""ALT-CSE-07-00675""]"
CAS-CSE-07-0558,CSE-07,2024-10-31 16:27:55.567494,2024-10-31 16:32:20.132144,Alert investigated. No indicators of compromise found. Closed without escalation.,ANA-007,False,Resolved,"[""ALT-CSE-07-00676""]"
CAS-CSE-07-0559,CSE-07,2024-10-04 11:10:41.767632,2024-10-04 11:15:08.284916,Alert investigated. No indicators of compromise found. Closed without escalation.,ANA-007,True,Resolved,"[""ALT-CSE-07-00677""]"
CAS-CSE-07-0560,CSE-07,2024-10-21 21:06:02.482261,2024-10-21 21:10:03.634064,Alert investigated. No indicators of compromise found. Closed without escalation.,ANA-007,False,Resolved,"[""ALT-CSE-07-00679""]"
CAS-CSE-07-0561,CSE-07,2024-11-07 21:59:12.649290,2024-11-07 22:03:13.340904,Alert investigated. No indicators of compromise found. Closed without escalation.,ANA-007,True,Resolved,"[""ALT-CSE-07-00680""]"
CAS-CSE-07-0562,CSE-07,2024-11-02 02:53:30.388940,2024-11-02 02:57:04.365393,Alert investigated. No indicators of compromise found. Closed without escalation.,ANA-007,True,Resolved,"[""ALT-CSE-07-00681""]"
CAS-CSE-07-0563,CSE-07,2024-12-23 10:40:17.044738,2024-12-23 10:43:42.439482,Alert investigated. No indicators of compromise found. Closed without escalation.,ANA-007,False,Resolved,"[""ALT-CSE-07-00682""]"
CAS-CSE-07-0564,CSE-07,2024-12-01 12:10:20.565759,2024-12-01 12:13:50.974432,Alert investigated. No indicators of compromise found. Closed without escalation.,ANA-007,False,Resolved,"[""ALT-CSE-07-00683""]"
CAS-CSE-07-0565,CSE-07,2024-10-22 16:25:07.925752,2024-10-22 16:29:10.966388,Alert investigated. No indicators of compromise found. Closed without escalation.,ANA-007,False,Resolved,"[""ALT-CSE-07-00684""]"
CAS-CSE-07-0566,CSE-07,2024-12-17 06:35:42.512618,2024-12-17 06:40:12.644713,Alert investigated. No indicators of compromise found. Closed without escalation.,ANA-007,False,Resolved,"[""ALT-CSE-07-00685""]"
CAS-CSE-07-0567,CSE-07,2024-12-28 15:25:58.365095,2024-12-28 15:30:35.344854,Investigated system activity on port 34812. Correlated firewall session logs.,ANA-007,False,Resolved,"[""ALT-CSE-07-00686""]"
CAS-CSE-07-0568,CSE-07,2024-10-07 12:25:42.341550,2024-10-07 12:29:19.201688,Investigated system activity on port 62790. Correlated firewall session logs.,ANA-007,False,Resolved,"[""ALT-CSE-07-00688""]"
CAS-CSE-07-0569,CSE-07,2024-10-20 21:42:17.184574,2024-10-20 21:45:34.094024,Alert investigated. No indicators of compromise found. Closed without escalation.,ANA-007,False,Resolved,"[""ALT-CSE-07-00689""]"
CAS-CSE-07-0570,CSE-07,2024-12-28 02:49:45.461389,2024-12-28 02:52:58.547263,Investigated system activity on port 10209. Correlated firewall session logs.,ANA-007,True,Resolved,"[""ALT-CSE-07-00690""]"
CAS-CSE-07-0571,CSE-07,2024-12-15 19:30:48.337543,2024-12-15 19:35:09.730043,Investigated system activity on port 48033. Correlated firewall session logs.,ANA-007,False,Resolved,"[""ALT-CSE-07-00691""]"
CAS-CSE-07-0572,CSE-07,2024-11-11 12:47:53.748918,2024-11-11 12:51:13.036343,Alert investigated. No indicators of compromise found. Closed without escalation.,ANA-007,False,Resolved,"[""ALT-CSE-07-00692""]"
CAS-CSE-07-0573,CSE-07,2024-12-04 18:24:47.288272,2024-12-04 18:28:23.299660,Investigated system activity on port 15190. Correlated firewall session logs.,ANA-007,False,Resolved,"[""ALT-CSE-07-00694""]"
CAS-CSE-07-0574,CSE-07,2024-10-31 09:06:09.380846,2024-10-31 09:10:06.800149,Investigated system activity on port 61826. Correlated firewall session logs.,ANA-007,False,Resolved,"[""ALT-CSE-07-00695""]"
CAS-CSE-07-0575,CSE-07,2024-12-03 19:14:21.898967,2024-12-03 19:17:57.448946,Alert investigated. No indicators of compromise found. Closed without escalation.,ANA-007,True,Resolved,"[""ALT-CSE-07-00696""]"
CAS-CSE-07-0576,CSE-07,2024-11-16 14:02:07.106891,2024-11-16 14:05:49.487224,Alert investigated. No indicators of compromise found. Closed without escalation.,ANA-007,False,Resolved,"[""ALT-CSE-07-00698""]"
CAS-CSE-07-0577,CSE-07,2024-11-27 00:52:06.421699,2024-11-27 00:55:36.266046,Alert investigated. No indicators of compromise found. Closed without escalation.,ANA-007,False,Resolved,"[""ALT-CSE-07-00700""]"
CAS-CSE-07-0578,CSE-07,2024-12-25 15:29:43.537756,2024-12-25 15:33:02.029941,Investigated system activity on port 28633. Correlated firewall session logs.,ANA-007,False,Resolved,"[""ALT-CSE-07-00701""]"
CAS-CSE-07-0579,CSE-07,2024-11-05 02:58:35.515344,2024-11-05 03:03:00.963044,Alert investigated. No indicators of compromise found. Closed without escalation.,ANA-007,False,Resolved,"[""ALT-CSE-07-00702""]"
CAS-CSE-07-0580,CSE-07,2024-10-30 06:59:04.308255,2024-10-30 07:02:39.518285,Investigated system activity on port 64406. Correlated firewall session logs.,ANA-007,False,Resolved,"[""ALT-CSE-07-00704""]"
CAS-CSE-07-0581,CSE-07,2024-10-14 20:06:40.923070,2024-10-14 20:09:53.040052,Alert investigated. No indicators of compromise found. Closed without escalation.,ANA-007,False,Resolved,"[""ALT-CSE-07-00705""]"
CAS-CSE-07-0582,CSE-07,2024-11-20 17:25:32.359668,2024-11-20 17:29:06.195721,Investigated system activity on port 24172. Correlated firewall session logs.,ANA-007,False,Resolved,"[""ALT-CSE-07-00706""]"
CAS-CSE-07-0583,CSE-07,2024-11-01 08:17:27.781977,2024-11-01 08:20:46.257970,Investigated system activity on port 35874. Correlated firewall session logs.,ANA-007,False,Resolved,"[""ALT-CSE-07-00707""]"
CAS-CSE-07-0584,CSE-07,2024-12-29 07:42:25.092642,2024-12-29 07:45:49.681836,Investigated system activity on port 4017. Correlated firewall session logs.,ANA-007,False,Resolved,"[""ALT-CSE-07-00708""]"
CAS-CSE-07-0585,CSE-07,2024-10-20 21:54:35.601141,2024-10-20 21:59:05.516266,Alert investigated. No indicators of compromise found. Closed without escalation.,ANA-007,False,Resolved,"[""ALT-CSE-07-00709""]"
CAS-CSE-07-0586,CSE-07,2024-12-21 06:37:47.403478,2024-12-21 06:42:12.025490,Alert investigated. No indicators of compromise found. Closed without escalation.,ANA-007,False,Resolved,"[""ALT-CSE-07-00710""]"
CAS-CSE-07-0587,CSE-07,2024-10-17 03:48:47.213132,2024-10-17 03:52:30.494193,Alert investigated. No indicators of compromise found. Closed without escalation.,ANA-007,False,Resolved,"[""ALT-CSE-07-00711""]"
CAS-CSE-07-0588,CSE-07,2024-10-13 00:54:06.047191,2024-10-13 00:58:01.408257,Investigated system activity on port 50567. Correlated firewall session logs.,ANA-007,False,Resolved,"[""ALT-CSE-07-00712""]"
CAS-CSE-07-0589,CSE-07,2024-12-21 22:42:55.268950,2024-12-21 22:47:05.765764,Alert investigated. No indicators of compromise found. Closed without escalation.,ANA-007,False,Resolved,"[""ALT-CSE-07-00713""]"
CAS-CSE-07-0590,CSE-07,2024-11-08 10:06:54.905451,2024-11-08 10:11:21.990844,Alert investigated. No indicators of compromise found. Closed without escalation.,ANA-007,False,Resolved,"[""ALT-CSE-07-00714""]"
CAS-CSE-07-0591,CSE-07,2024-10-04 15:47:24.119079,2024-10-04 15:50:43.736846,Alert investigated. No indicators of compromise found. Closed without escalation.,ANA-007,False,Resolved,"[""ALT-CSE-07-00715""]"
CAS-CSE-07-0592,CSE-07,2024-12-15 07:23:58.406856,2024-12-15 07:27:42.763354,Investigated system activity on port 54961. Correlated firewall session logs.,ANA-007,False,Resolved,"[""ALT-CSE-07-00716""]"
CAS-CSE-07-0593,CSE-07,2024-12-03 17:52:52.378616,2024-12-03 17:56:27.352735,Alert investigated. No indicators of compromise found. Closed without escalation.,ANA-007,False,Resolved,"[""ALT-CSE-07-00717""]"
CAS-CSE-07-0594,CSE-07,2024-10-17 01:10:51.261081,2024-10-17 01:14:32.512683,Alert investigated. No indicators of compromise found. Closed without escalation.,ANA-007,False,Resolved,"[""ALT-CSE-07-00718""]"
CAS-CSE-07-0595,CSE-07,2024-12-17 15:56:04.046925,2024-12-17 16:00:28.555395,Alert investigated. No indicators of compromise found. Closed without escalation.,ANA-007,False,Resolved,"[""ALT-CSE-07-00719""]"
CAS-CSE-07-0596,CSE-07,2024-11-09 03:22:34.794509,2024-11-09 03:26:38.661281,Alert investigated. No indicators of compromise found. Closed without escalation.,ANA-007,False,Resolved,"[""ALT-CSE-07-00720""]"
CAS-CSE-07-0597,CSE-07,2024-12-17 11:26:51.798503,2024-12-17 11:31:20.779388,Alert investigated. No indicators of compromise found. Closed without escalation.,ANA-007,False,Resolved,"[""ALT-CSE-07-00721""]"
CAS-CSE-07-0598,CSE-07,2024-12-10 23:29:02.825697,2024-12-10 23:33:35.935724,Investigated system activity on port 61490. Correlated firewall session logs.,ANA-007,False,Resolved,"[""ALT-CSE-07-00722""]"
CAS-CSE-07-0599,CSE-07,2024-10-12 23:09:37.602600,2024-10-12 23:14:21.163166,Investigated system activity on port 45969. Correlated firewall session logs.,ANA-007,True,Resolved,"[""ALT-CSE-07-00723""]"
CAS-CSE-07-0600,CSE-07,2024-12-04 05:03:51.978008,2024-12-04 05:07:16.662033,Investigated system activity on port 8111. Correlated firewall session logs.,ANA-007,False,Resolved,"[""ALT-CSE-07-00724""]"
CAS-CSE-07-0601,CSE-07,2024-12-18 06:34:07.281920,2024-12-18 06:38:01.893133,Alert investigated. No indicators of compromise found. Closed without escalation.,ANA-007,False,Resolved,"[""ALT-CSE-07-00725""]"
CAS-CSE-07-0602,CSE-07,2024-11-14 08:40:12.264518,2024-11-14 08:43:56.262342,Alert investigated. No indicators of compromise found. Closed without escalation.,ANA-007,False,Resolved,"[""ALT-CSE-07-00726""]"
CAS-CSE-07-0603,CSE-07,2024-12-13 05:36:14.129080,2024-12-13 05:40:35.999968,Alert investigated. No indicators of compromise found. Closed without escalation.,ANA-007,False,Resolved,"[""ALT-CSE-07-00727""]"
CAS-CSE-07-0604,CSE-07,2024-10-19 18:53:28.098161,2024-10-19 18:57:44.413477,Alert investigated. No indicators of compromise found. Closed without escalation.,ANA-007,False,Resolved,"[""ALT-CSE-07-00728""]"
CAS-CSE-07-0605,CSE-07,2024-11-28 07:39:29.136826,2024-11-28 07:43:11.726612,Alert investigated. No indicators of compromise found. Closed without escalation.,ANA-007,False,Resolved,"[""ALT-CSE-07-00729""]"
CAS-CSE-07-0606,CSE-07,2024-10-09 01:14:30.883028,2024-10-09 01:18:27.376739,Investigated system activity on port 1287. Correlated firewall session logs.,ANA-007,False,Resolved,"[""ALT-CSE-07-00730""]"
CAS-CSE-07-0607,CSE-07,2024-10-03 15:29:03.244576,2024-10-03 15:33:41.813592,Investigated system activity on port 24851. Correlated firewall session logs.,ANA-007,False,Resolved,"[""ALT-CSE-07-00731""]"
CAS-CSE-07-0608,CSE-07,2024-10-12 14:01:30.398401,2024-10-12 14:05:11.661651,Alert investigated. No indicators of compromise found. Closed without escalation.,ANA-007,False,Resolved,"[""ALT-CSE-07-00733""]"
CAS-CSE-07-0609,CSE-07,2024-11-10 08:43:41.817885,2024-11-10 08:47:08.410698,Alert investigated. No indicators of compromise found. Closed without escalation.,ANA-007,False,Resolved,"[""ALT-CSE-07-00734""]"
CAS-CSE-07-0610,CSE-07,2024-11-08 08:03:12.659493,2024-11-08 08:06:52.031290,Alert investigated. No indicators of compromise found. Closed without escalation.,ANA-007,False,Resolved,"[""ALT-CSE-07-00735""]"
CAS-CSE-07-0611,CSE-07,2024-11-28 06:32:18.269168,2024-11-28 06:35:48.571102,Alert investigated. No indicators of compromise found. Closed without escalation.,ANA-007,False,Resolved,"[""ALT-CSE-07-00736""]"
CAS-CSE-07-0612,CSE-07,2024-11-17 12:14:39.505028,2024-11-17 12:19:02.351140,Investigated system activity on port 41021. Correlated firewall session logs.,ANA-007,False,Resolved,"[""ALT-CSE-07-00737""]"
CAS-CSE-07-0613,CSE-07,2024-11-22 05:20:06.350774,2024-11-22 05:24:25.682380,Alert investigated. No indicators of compromise found. Closed without escalation.,ANA-007,False,Resolved,"[""ALT-CSE-07-00738""]"
CAS-CSE-07-0614,CSE-07,2024-11-13 10:43:50.039300,2024-11-13 10:48:08.137600,Investigated system activity on port 5888. Correlated firewall session logs.,ANA-007,False,Resolved,"[""ALT-CSE-07-00739""]"
CAS-CSE-07-0615,CSE-07,2024-12-09 14:21:39.703784,2024-12-09 14:25:28.976784,Alert investigated. No indicators of compromise found. Closed without escalation.,ANA-007,False,Resolved,"[""ALT-CSE-07-00740""]"
CAS-CSE-07-0616,CSE-07,2024-10-31 01:59:14.424940,2024-10-31 02:02:15.359804,Alert investigated. No indicators of compromise found. Closed without escalation.,ANA-007,False,Resolved,"[""ALT-CSE-07-00741""]"
CAS-CSE-07-0617,CSE-07,2024-10-20 19:07:48.318475,2024-10-20 19:11:50.832875,Investigated system activity on port 15863. Correlated firewall session logs.,ANA-007,True,Resolved,"[""ALT-CSE-07-00742""]"
CAS-CSE-07-0618,CSE-07,2024-10-31 06:39:52.767263,2024-10-31 06:44:14.897691,Investigated system activity on port 12892. Correlated firewall session logs.,ANA-007,False,Resolved,"[""ALT-CSE-07-00743""]"
CAS-CSE-07-0619,CSE-07,2024-11-22 02:26:56.248632,2024-11-22 02:30:35.323983,Alert investigated. No indicators of compromise found. Closed without escalation.,ANA-007,False,Resolved,"[""ALT-CSE-07-00744""]"
CAS-CSE-07-0620,CSE-07,2024-10-14 05:54:42.928480,2024-10-14 05:58:28.964447,Alert investigated. No indicators of compromise found. Closed without escalation.,ANA-007,False,Resolved,"[""ALT-CSE-07-00747""]"
CAS-CSE-07-0621,CSE-07,2024-12-25 06:42:17.351938,2024-12-25 06:46:36.619837,Alert investigated. No indicators of compromise found. Closed without escalation.,ANA-007,False,Resolved,"[""ALT-CSE-07-00749""]"
CAS-CSE-07-0622,CSE-07,2024-10-11 16:23:43.017627,2024-10-11 16:28:07.582000,Alert investigated. No indicators of compromise found. Closed without escalation.,ANA-007,False,Resolved,"[""ALT-CSE-07-00750""]"
CAS-CSE-07-0623,CSE-07,2024-12-04 21:33:47.272380,2024-12-04 21:37:10.966398,Investigated system activity on port 16413. Correlated firewall session logs.,ANA-007,False,Resolved,"[""ALT-CSE-07-00751""]"
CAS-CSE-07-0624,CSE-07,2024-12-02 01:02:05.901111,2024-12-02 01:05:42.673064,Alert investigated. No indicators of compromise found. Closed without escalation.,ANA-007,False,Resolved,"[""ALT-CSE-07-00752""]"
CAS-CSE-07-0625,CSE-07,2024-12-15 23:01:15.364924,2024-12-15 23:05:38.543162,Investigated system activity on port 46190. Correlated firewall session logs.,ANA-007,False,Resolved,"[""ALT-CSE-07-00753""]"
CAS-CSE-07-0626,CSE-07,2024-11-26 22:57:31.368124,2024-11-26 23:01:24.982604,Alert investigated. No indicators of compromise found. Closed without escalation.,ANA-007,False,Resolved,"[""ALT-CSE-07-00755""]"
CAS-CSE-07-0627,CSE-07,2024-11-18 17:54:10.684880,2024-11-18 17:57:17.041953,Alert investigated. No indicators of compromise found. Closed without escalation.,ANA-007,False,Resolved,"[""ALT-CSE-07-00757""]"
CAS-CSE-07-0628,CSE-07,2024-12-16 22:52:29.290044,2024-12-16 22:56:34.274157,Alert investigated. No indicators of compromise found. Closed without escalation.,ANA-007,False,Resolved,"[""ALT-CSE-07-00758""]"
CAS-CSE-07-0629,CSE-07,2024-11-29 12:57:42.024942,2024-11-29 13:01:07.822768,Alert investigated. No indicators of compromise found. Closed without escalation.,ANA-007,False,Resolved,"[""ALT-CSE-07-00759""]"
CAS-CSE-07-0630,CSE-07,2024-12-17 08:25:16.653958,2024-12-17 08:29:26.289138,Alert investigated. No indicators of compromise found. Closed without escalation.,ANA-007,False,Resolved,"[""ALT-CSE-07-00760""]"
CAS-CSE-07-0631,CSE-07,2024-11-19 01:39:36.562581,2024-11-19 01:44:12.686586,Alert investigated. No indicators of compromise found. Closed without escalation.,ANA-007,False,Resolved,"[""ALT-CSE-07-00761""]"
CAS-CSE-07-0632,CSE-07,2024-11-02 01:27:52.344733,2024-11-02 01:32:07.391240,Alert investigated. No indicators of compromise found. Closed without escalation.,ANA-007,False,Resolved,"[""ALT-CSE-07-00762""]"
CAS-CSE-07-0633,CSE-07,2024-12-16 21:01:56.221648,2024-12-16 21:05:26.713246,Investigated system activity on port 11080. Correlated firewall session logs.,ANA-007,False,Resolved,"[""ALT-CSE-07-00763""]"
CAS-CSE-07-0634,CSE-07,2024-11-16 18:50:26.058175,2024-11-16 18:53:49.271943,Alert investigated. No indicators of compromise found. Closed without escalation.,ANA-007,False,Resolved,"[""ALT-CSE-07-00767""]"
CAS-CSE-07-0635,CSE-07,2024-10-29 16:49:25.068878,2024-10-29 16:53:28.990109,Alert investigated. No indicators of compromise found. Closed without escalation.,ANA-007,False,Resolved,"[""ALT-CSE-07-00768""]"
CAS-CSE-07-0636,CSE-07,2024-10-18 12:15:31.132647,2024-10-18 12:18:55.449165,Investigated system activity on port 42997. Correlated firewall session logs.,ANA-007,False,Resolved,"[""ALT-CSE-07-00769""]"
CAS-CSE-07-0637,CSE-07,2024-11-25 06:46:43.990184,2024-11-25 06:50:43.202390,Alert investigated. No indicators of compromise found. Closed without escalation.,ANA-007,False,Resolved,"[""ALT-CSE-07-00770""]"
CAS-CSE-07-0638,CSE-07,2024-10-07 14:33:10.132434,2024-10-07 14:37:02.665512,Alert investigated. No indicators of compromise found. Closed without escalation.,ANA-007,False,Resolved,"[""ALT-CSE-07-00771""]"
CAS-CSE-07-0639,CSE-07,2024-12-25 22:52:49.723891,2024-12-25 22:56:41.527837,Alert investigated. No indicators of compromise found. Closed without escalation.,ANA-007,False,Resolved,"[""ALT-CSE-07-00772""]"
CAS-CSE-07-0640,CSE-07,2024-11-12 01:19:03.036254,2024-11-12 01:23:24.438120,Investigated system activity on port 51348. Correlated firewall session logs.,ANA-007,True,Resolved,"[""ALT-CSE-07-00774""]"
CAS-CSE-07-0641,CSE-07,2024-10-10 18:46:51.167445,2024-10-10 18:51:16.465023,Alert investigated. No indicators of compromise found. Closed without escalation.,ANA-007,False,Resolved,"[""ALT-CSE-07-00775""]"
CAS-CSE-07-0642,CSE-07,2024-12-09 12:44:22.426140,2024-12-09 12:47:55.328724,Investigated system activity on port 34457. Correlated firewall session logs.,ANA-007,False,Resolved,"[""ALT-CSE-07-00776""]"
CAS-CSE-07-0643,CSE-07,2024-12-18 08:30:28.899756,2024-12-18 08:34:14.801339,Investigated system activity on port 51372. Correlated firewall session logs.,ANA-007,False,Resolved,"[""ALT-CSE-07-00777""]"
CAS-CSE-07-0644,CSE-07,2024-10-30 04:10:52.583442,2024-10-30 04:14:57.084985,Alert investigated. No indicators of compromise found. Closed without escalation.,ANA-007,False,Resolved,"[""ALT-CSE-07-00778""]"
CAS-CSE-07-0645,CSE-07,2024-11-05 23:07:12.049977,2024-11-05 23:11:09.092995,Alert investigated. No indicators of compromise found. Closed without escalation.,ANA-007,False,Resolved,"[""ALT-CSE-07-00780""]"
CAS-CSE-07-0646,CSE-07,2024-12-14 15:59:37.077772,2024-12-14 16:03:38.279463,Alert investigated. No indicators of compromise found. Closed without escalation.,ANA-007,False,Resolved,"[""ALT-CSE-07-00781""]"
CAS-CSE-07-0647,CSE-07,2024-11-24 14:34:14.711346,2024-11-24 14:38:35.663099,Alert investigated. No indicators of compromise found. Closed without escalation.,ANA-007,True,Resolved,"[""ALT-CSE-07-00782""]"
CAS-CSE-07-0648,CSE-07,2024-12-03 23:52:13.222661,2024-12-03 23:55:21.381018,Investigated system activity on port 44182. Correlated firewall session logs.,ANA-007,True,Resolved,"[""ALT-CSE-07-00783""]"
CAS-CSE-07-0649,CSE-07,2024-11-26 09:06:33.317638,2024-11-26 09:11:08.529286,Investigated system activity on port 60850. Correlated firewall session logs.,ANA-007,False,Resolved,"[""ALT-CSE-07-00784""]"
CAS-CSE-07-0650,CSE-07,2024-10-14 07:30:28.621050,2024-10-14 07:34:11.289390,Alert investigated. No indicators of compromise found. Closed without escalation.,ANA-007,False,Resolved,"[""ALT-CSE-07-00785""]"
CAS-CSE-07-0651,CSE-07,2024-12-23 06:41:53.320613,2024-12-23 06:46:25.111916,Alert investigated. No indicators of compromise found. Closed without escalation.,ANA-007,False,Resolved,"[""ALT-CSE-07-00786""]"
CAS-CSE-07-0652,CSE-07,2024-10-04 20:18:32.644553,2024-10-04 20:22:55.865064,Alert investigated. No indicators of compromise found. Closed without escalation.,ANA-007,False,Resolved,"[""ALT-CSE-07-00787""]"
CAS-CSE-07-0653,CSE-07,2024-11-29 18:08:35.979644,2024-11-29 18:12:50.558970,Alert investigated. No indicators of compromise found. Closed without escalation.,ANA-007,False,Resolved,"[""ALT-CSE-07-00788""]"
CAS-CSE-07-0654,CSE-07,2024-12-26 11:28:23.392881,2024-12-26 11:31:52.654182,Alert investigated. No indicators of compromise found. Closed without escalation.,ANA-007,False,Resolved,"[""ALT-CSE-07-00789""]"
CAS-CSE-07-0655,CSE-07,2024-12-04 23:26:38.486605,2024-12-04 23:30:29.464774,Alert investigated. No indicators of compromise found. Closed without escalation.,ANA-007,False,Resolved,"[""ALT-CSE-07-00790""]"
CAS-CSE-07-0656,CSE-07,2024-12-01 06:47:02.617498,2024-12-01 06:51:09.571902,Alert investigated. No indicators of compromise found. Closed without escalation.,ANA-007,False,Resolved,"[""ALT-CSE-07-00791""]"
CAS-CSE-07-0657,CSE-07,2024-12-29 01:54:58.980661,2024-12-29 01:59:37.611916,Alert investigated. No indicators of compromise found. Closed without escalation.,ANA-007,False,Resolved,"[""ALT-CSE-07-00793""]"
CAS-CSE-07-0658,CSE-07,2024-10-25 02:42:50.968047,2024-10-25 02:46:09.256934,Investigated system activity on port 4063. Correlated firewall session logs.,ANA-007,False,Resolved,"[""ALT-CSE-07-00794""]"
CAS-CSE-07-0659,CSE-07,2024-12-26 16:55:21.006040,2024-12-26 16:59:09.450085,Alert investigated. No indicators of compromise found. Closed without escalation.,ANA-007,False,Resolved,"[""ALT-CSE-07-00796""]"
CAS-CSE-07-0660,CSE-07,2024-10-07 19:56:55.312497,2024-10-07 20:00:35.590972,Alert investigated. No indicators of compromise found. Closed without escalation.,ANA-007,False,Resolved,"[""ALT-CSE-07-00797""]"
CAS-CSE-07-0661,CSE-07,2024-12-23 08:17:55.215777,2024-12-23 08:21:30.269928,Investigated system activity on port 20910. Correlated firewall session logs.,ANA-007,False,Resolved,"[""ALT-CSE-07-00800""]"
CAS-CSE-07-0662,CSE-07,2024-10-05 11:37:20.076250,2024-10-05 11:41:23.074684,Alert investigated. No indicators of compromise found. Closed without escalation.,ANA-007,False,Resolved,"[""ALT-CSE-07-00801""]"
CAS-CSE-07-0663,CSE-07,2024-12-16 00:13:34.971129,2024-12-16 00:17:14.036500,Alert investigated. No indicators of compromise found. Closed without escalation.,ANA-007,False,Resolved,"[""ALT-CSE-07-00802""]"
CAS-CSE-07-0664,CSE-07,2024-12-23 08:46:22.514065,2024-12-23 08:50:32.156653,Alert investigated. No indicators of compromise found. Closed without escalation.,ANA-007,False,Resolved,"[""ALT-CSE-07-00803""]"
CAS-CSE-07-0665,CSE-07,2024-10-25 01:45:18.451384,2024-10-25 01:49:13.154100,Investigated system activity on port 46677. Correlated firewall session logs.,ANA-007,False,Resolved,"[""ALT-CSE-07-00804""]"
CAS-CSE-07-0666,CSE-07,2024-11-17 11:30:59.805306,2024-11-17 11:35:01.958663,Alert investigated. No indicators of compromise found. Closed without escalation.,ANA-007,False,Resolved,"[""ALT-CSE-07-00805""]"
CAS-CSE-07-0667,CSE-07,2024-12-13 12:41:13.857086,2024-12-13 12:44:53.047477,Alert investigated. No indicators of compromise found. Closed without escalation.,ANA-007,False,Resolved,"[""ALT-CSE-07-00807""]"
CAS-CSE-07-0668,CSE-07,2024-11-24 03:48:09.493787,2024-11-24 03:52:27.762827,Alert investigated. No indicators of compromise found. Closed without escalation.,ANA-007,True,Resolved,"[""ALT-CSE-07-00809""]"
CAS-CSE-07-0669,CSE-07,2024-11-14 20:21:41.778112,2024-11-14 20:25:47.482205,Alert investigated. No indicators of compromise found. Closed without escalation.,ANA-007,False,Resolved,"[""ALT-CSE-07-00810""]"
CAS-CSE-07-0670,CSE-07,2024-11-17 10:30:00.959031,2024-11-17 10:33:20.213192,Alert investigated. No indicators of compromise found. Closed without escalation.,ANA-007,False,Resolved,"[""ALT-CSE-07-00811""]"
CAS-CSE-07-0671,CSE-07,2024-12-13 18:27:25.713346,2024-12-13 18:31:11.819557,Alert investigated. No indicators of compromise found. Closed without escalation.,ANA-007,False,Resolved,"[""ALT-CSE-07-00812""]"
CAS-CSE-07-0672,CSE-07,2024-10-18 22:41:43.395142,2024-10-18 22:45:01.034147,Alert investigated. No indicators of compromise found. Closed without escalation.,ANA-007,True,Resolved,"[""ALT-CSE-07-00813""]"
CAS-CSE-07-0673,CSE-07,2024-12-10 12:48:45.952167,2024-12-10 12:53:01.615868,Alert investigated. No indicators of compromise found. Closed without escalation.,ANA-007,False,Resolved,"[""ALT-CSE-07-00814""]"
CAS-CSE-07-0674,CSE-07,2024-12-27 03:23:43.519081,2024-12-27 03:27:54.277722,Alert investigated. No indicators of compromise found. Closed without escalation.,ANA-007,False,Resolved,"[""ALT-CSE-07-00815""]"
CAS-CSE-07-0675,CSE-07,2024-11-02 02:19:09.346238,2024-11-02 02:23:18.063363,Alert investigated. No indicators of compromise found. Closed without escalation.,ANA-007,False,Resolved,"[""ALT-CSE-07-00816""]"
CAS-CSE-07-0676,CSE-07,2024-11-21 14:19:58.656812,2024-11-21 14:24:18.479013,Alert investigated. No indicators of compromise found. Closed without escalation.,ANA-007,False,Resolved,"[""ALT-CSE-07-00817""]"
CAS-CSE-07-0677,CSE-07,2024-12-16 07:32:41.288834,2024-12-16 07:36:09.167643,Alert investigated. No indicators of compromise found. Closed without escalation.,ANA-007,False,Resolved,"[""ALT-CSE-07-00819""]"
CAS-CSE-07-0678,CSE-07,2024-12-03 15:04:56.917083,2024-12-03 15:08:56.907764,Alert investigated. No indicators of compromise found. Closed without escalation.,ANA-007,False,Resolved,"[""ALT-CSE-07-00820""]"
CAS-CSE-07-0679,CSE-07,2024-10-02 19:53:09.956365,2024-10-02 19:57:51.026017,Alert investigated. No indicators of compromise found. Closed without escalation.,ANA-007,False,Resolved,"[""ALT-CSE-07-00821""]"
CAS-CSE-07-0680,CSE-07,2024-12-21 00:23:04.173109,2024-12-21 00:27:21.596246,Alert investigated. No indicators of compromise found. Closed without escalation.,ANA-007,False,Resolved,"[""ALT-CSE-07-00822""]"
CAS-CSE-07-0681,CSE-07,2024-10-14 08:55:57.269740,2024-10-14 08:59:27.146145,Alert investigated. No indicators of compromise found. Closed without escalation.,ANA-007,False,Resolved,"[""ALT-CSE-07-00823""]"
CAS-CSE-07-0682,CSE-07,2024-10-06 22:05:47.427138,2024-10-06 22:09:25.180055,Alert investigated. No indicators of compromise found. Closed without escalation.,ANA-007,False,Resolved,"[""ALT-CSE-07-00824""]"
CAS-CSE-07-0683,CSE-07,2024-10-11 20:32:06.524485,2024-10-11 20:35:55.399126,Investigated system activity on port 24046. Correlated firewall session logs.,ANA-007,False,Resolved,"[""ALT-CSE-07-00826""]"
CAS-CSE-07-0684,CSE-07,2024-11-18 05:50:22.778589,2024-11-18 05:54:52.142238,Investigated system activity on port 54046. Correlated firewall session logs.,ANA-007,False,Resolved,"[""ALT-CSE-07-00827""]"
CAS-CSE-07-0685,CSE-07,2024-11-29 06:39:59.289889,2024-11-29 06:43:35.014397,Alert investigated. No indicators of compromise found. Closed without escalation.,ANA-007,False,Resolved,"[""ALT-CSE-07-00828""]"
CAS-CSE-07-0686,CSE-07,2024-12-03 16:20:12.652003,2024-12-03 16:24:01.614997,Alert investigated. No indicators of compromise found. Closed without escalation.,ANA-007,False,Resolved,"[""ALT-CSE-07-00829""]"
CAS-CSE-07-0687,CSE-07,2024-11-04 01:19:18.276577,2024-11-04 01:23:05.288123,Investigated system activity on port 28381. Correlated firewall session logs.,ANA-007,False,Resolved,"[""ALT-CSE-07-00830""]"
CAS-CSE-07-0688,CSE-07,2024-12-15 23:10:51.242785,2024-12-15 23:14:33.439755,Alert investigated. No indicators of compromise found. Closed without escalation.,ANA-007,True,Resolved,"[""ALT-CSE-07-00831""]"
CAS-CSE-07-0689,CSE-07,2024-10-09 04:03:22.785841,2024-10-09 04:06:41.539825,Alert investigated. No indicators of compromise found. Closed without escalation.,ANA-007,False,Resolved,"[""ALT-CSE-07-00832""]"
CAS-CSE-07-0690,CSE-07,2024-10-01 13:28:44.873490,2024-10-01 13:33:32.044775,Alert investigated. No indicators of compromise found. Closed without escalation.,ANA-007,False,Resolved,"[""ALT-CSE-07-00834""]"
CAS-CSE-07-0691,CSE-07,2024-12-20 18:55:00.235198,2024-12-20 18:58:54.009207,Investigated system activity on port 34668. Correlated firewall session logs.,ANA-007,False,Resolved,"[""ALT-CSE-07-00835""]"
CAS-CSE-07-0692,CSE-07,2024-12-25 18:29:38.647074,2024-12-25 18:34:06.034713,Investigated system activity on port 16924. Correlated firewall session logs.,ANA-007,True,Resolved,"[""ALT-CSE-07-00836""]"
CAS-CSE-07-0693,CSE-07,2024-11-21 07:45:50.695836,2024-11-21 07:49:25.136468,Investigated system activity on port 8218. Correlated firewall session logs.,ANA-007,False,Resolved,"[""ALT-CSE-07-00837""]"
CAS-CSE-07-0694,CSE-07,2024-12-25 08:59:30.967911,2024-12-25 09:03:21.237487,Alert investigated. No indicators of compromise found. Closed without escalation.,ANA-007,True,Resolved,"[""ALT-CSE-07-00838""]"
CAS-CSE-07-0695,CSE-07,2024-10-30 03:05:41.523330,2024-10-30 03:09:36.298551,Investigated system activity on port 8711. Correlated firewall session logs.,ANA-007,False,Resolved,"[""ALT-CSE-07-00839""]"
CAS-CSE-07-0696,CSE-07,2024-12-22 10:52:56.582982,2024-12-22 10:56:43.421441,Alert investigated. No indicators of compromise found. Closed without escalation.,ANA-007,False,Resolved,"[""ALT-CSE-07-00840""]"
CAS-CSE-07-0697,CSE-07,2024-12-23 14:58:30.979004,2024-12-23 15:01:55.587492,Investigated system activity on port 29036. Correlated firewall session logs.,ANA-007,False,Resolved,"[""ALT-CSE-07-00841""]"
CAS-CSE-07-0698,CSE-07,2024-12-10 11:56:48.824361,2024-12-10 12:01:19.199891,Alert investigated. No indicators of compromise found. Closed without escalation.,ANA-007,False,Resolved,"[""ALT-CSE-07-00842""]"
CAS-CSE-07-0699,CSE-07,2024-11-17 07:27:19.818940,2024-11-17 07:31:49.861552,Investigated system activity on port 35924. Correlated firewall session logs.,ANA-007,False,Resolved,"[""ALT-CSE-07-00843""]"
CAS-CSE-07-0700,CSE-07,2024-12-02 00:52:42.742147,2024-12-02 00:56:10.073724,Alert investigated. No indicators of compromise found. Closed without escalation.,ANA-007,False,Resolved,"[""ALT-CSE-07-00845""]"
CAS-CSE-07-0701,CSE-07,2024-12-03 16:54:35.179350,2024-12-03 16:58:19.088751,Investigated system activity on port 58879. Correlated firewall session logs.,ANA-007,False,Resolved,"[""ALT-CSE-07-00846""]"
CAS-CSE-07-0702,CSE-07,2024-12-08 15:37:44.808272,2024-12-08 15:41:07.962168,Investigated system activity on port 33509. Correlated firewall session logs.,ANA-007,False,Resolved,"[""ALT-CSE-07-00847""]"
CAS-CSE-07-0703,CSE-07,2024-12-21 05:05:44.209752,2024-12-21 05:09:37.031606,Alert investigated. No indicators of compromise found. Closed without escalation.,ANA-007,False,Resolved,"[""ALT-CSE-07-00848""]"
CAS-CSE-07-0704,CSE-07,2024-10-05 05:09:25.565691,2024-10-05 05:14:09.124262,Investigated system activity on port 53657. Correlated firewall session logs.,ANA-007,False,Resolved,"[""ALT-CSE-07-00849""]"
CAS-CSE-07-0705,CSE-07,2024-11-06 02:59:50.961619,2024-11-06 03:04:15.929085,Alert investigated. No indicators of compromise found. Closed without escalation.,ANA-007,False,Resolved,"[""ALT-CSE-07-00850""]"
CAS-CSE-07-0706,CSE-07,2024-11-21 01:49:05.604953,2024-11-21 01:53:23.769856,Investigated system activity on port 45629. Correlated firewall session logs.,ANA-007,False,Resolved,"[""ALT-CSE-07-00851""]"
CAS-CSE-07-0707,CSE-07,2024-10-11 03:42:57.642595,2024-10-11 03:46:54.467937,Alert investigated. No indicators of compromise found. Closed without escalation.,ANA-007,False,Resolved,"[""ALT-CSE-07-00852""]"
CAS-CSE-07-0708,CSE-07,2024-10-02 13:53:05.444644,2024-10-02 13:56:15.988390,Alert investigated. No indicators of compromise found. Closed without escalation.,ANA-007,False,Resolved,"[""ALT-CSE-07-00858""]"
CAS-CSE-07-0709,CSE-07,2024-12-19 04:38:30.579097,2024-12-19 04:42:36.885518,Alert investigated. No indicators of compromise found. Closed without escalation.,ANA-007,False,Resolved,"[""ALT-CSE-07-00859""]"
CAS-CSE-07-0710,CSE-07,2024-11-22 17:37:36.545682,2024-11-22 17:42:03.020723,Alert investigated. No indicators of compromise found. Closed without escalation.,ANA-007,False,Resolved,"[""ALT-CSE-07-00860""]"
CAS-CSE-07-0711,CSE-07,2024-11-19 17:57:45.483507,2024-11-19 18:01:43.949887,Investigated system activity on port 49981. Correlated firewall session logs.,ANA-007,False,Resolved,"[""ALT-CSE-07-00861""]"
CAS-CSE-07-0712,CSE-07,2024-11-24 16:07:25.413990,2024-11-24 16:11:03.146800,Alert investigated. No indicators of compromise found. Closed without escalation.,ANA-007,False,Resolved,"[""ALT-CSE-07-00863""]"
CAS-CSE-07-0713,CSE-07,2024-11-19 23:37:34.367275,2024-11-19 23:40:54.340151,Alert investigated. No indicators of compromise found. Closed without escalation.,ANA-007,False,Resolved,"[""ALT-CSE-07-00866""]"
CAS-CSE-07-0714,CSE-07,2024-11-29 19:58:21.012609,2024-11-29 20:02:36.861964,Alert investigated. No indicators of compromise found. Closed without escalation.,ANA-007,False,Resolved,"[""ALT-CSE-07-00867""]"
CAS-CSE-07-0715,CSE-07,2024-10-16 14:32:31.202295,2024-10-16 14:36:14.916647,Alert investigated. No indicators of compromise found. Closed without escalation.,ANA-007,False,Resolved,"[""ALT-CSE-07-00868""]"
CAS-CSE-07-0716,CSE-07,2024-12-10 04:20:12.101291,2024-12-10 04:23:55.147506,Investigated system activity on port 25822. Correlated firewall session logs.,ANA-007,False,Resolved,"[""ALT-CSE-07-00869""]"
CAS-CSE-07-0717,CSE-07,2024-11-01 00:26:53.480786,2024-11-01 00:30:44.086842,Alert investigated. No indicators of compromise found. Closed without escalation.,ANA-007,False,Resolved,"[""ALT-CSE-07-00871""]"
CAS-CSE-07-0718,CSE-07,2024-12-18 18:24:26.565093,2024-12-18 18:27:53.235491,Alert investigated. No indicators of compromise found. Closed without escalation.,ANA-007,False,Resolved,"[""ALT-CSE-07-00873""]"
CAS-CSE-07-0719,CSE-07,2024-11-05 07:55:47.110400,2024-11-05 08:00:25.951855,Alert investigated. No indicators of compromise found. Closed without escalation.,ANA-007,False,Resolved,"[""ALT-CSE-07-00874""]"
CAS-CSE-07-0720,CSE-07,2024-12-24 13:20:29.919678,2024-12-24 13:24:32.482183,Alert investigated. No indicators of compromise found. Closed without escalation.,ANA-007,False,Resolved,"[""ALT-CSE-07-00875""]"
CAS-CSE-07-0721,CSE-07,2024-12-08 14:42:01.264175,2024-12-08 14:45:35.061870,Alert investigated. No indicators of compromise found. Closed without escalation.,ANA-007,False,Resolved,"[""ALT-CSE-07-00876""]"
CAS-CSE-07-0722,CSE-07,2024-11-11 12:10:34.370615,2024-11-11 12:14:19.757987,Alert investigated. No indicators of compromise found. Closed without escalation.,ANA-007,False,Resolved,"[""ALT-CSE-07-00879""]"
CAS-CSE-07-0723,CSE-07,2024-10-29 17:14:01.314766,2024-10-29 17:17:24.009431,Investigated system activity on port 41545. Correlated firewall session logs.,ANA-007,False,Resolved,"[""ALT-CSE-07-00880""]"
CAS-CSE-07-0724,CSE-07,2024-11-07 03:46:38.524180,2024-11-07 03:50:24.584437,Investigated system activity on port 57955. Correlated firewall session logs.,ANA-007,False,Resolved,"[""ALT-CSE-07-00881""]"
CAS-CSE-07-0725,CSE-07,2024-11-20 05:22:30.685633,2024-11-20 05:26:37.198254,Alert investigated. No indicators of compromise found. Closed without escalation.,ANA-007,False,Resolved,"[""ALT-CSE-07-00882""]"
CAS-CSE-07-0726,CSE-07,2024-10-30 20:54:35.815838,2024-10-30 20:59:04.099033,Investigated system activity on port 53270. Correlated firewall session logs.,ANA-007,False,Resolved,"[""ALT-CSE-07-00883""]"
CAS-CSE-07-0727,CSE-07,2024-11-07 20:44:18.295862,2024-11-07 20:48:52.409288,Alert investigated. No indicators of compromise found. Closed without escalation.,ANA-007,False,Resolved,"[""ALT-CSE-07-00884""]"
CAS-CSE-07-0728,CSE-07,2024-12-10 19:03:48.834304,2024-12-10 19:08:18.076680,Alert investigated. No indicators of compromise found. Closed without escalation.,ANA-007,False,Resolved,"[""ALT-CSE-07-00885""]"
CAS-CSE-07-0729,CSE-07,2024-12-10 13:28:17.158077,2024-12-10 13:33:16.756375,Alert investigated. No indicators of compromise found. Closed without escalation.,ANA-007,False,Resolved,"[""ALT-CSE-07-00886""]"
CAS-CSE-07-0730,CSE-07,2024-12-13 07:22:28.161979,2024-12-13 07:26:49.209412,Alert investigated. No indicators of compromise found. Closed without escalation.,ANA-007,True,Resolved,"[""ALT-CSE-07-00887""]"
CAS-CSE-07-0731,CSE-07,2024-12-21 17:23:01.173005,2024-12-21 17:26:28.959039,Alert investigated. No indicators of compromise found. Closed without escalation.,ANA-007,False,Resolved,"[""ALT-CSE-07-00888""]"
CAS-CSE-07-0732,CSE-07,2024-11-10 14:35:15.907157,2024-11-10 14:38:45.461777,Alert investigated. No indicators of compromise found. Closed without escalation.,ANA-007,False,Resolved,"[""ALT-CSE-07-00889""]"
CAS-CSE-07-0733,CSE-07,2024-11-12 18:07:45.749309,2024-11-12 18:12:11.989585,Alert investigated. No indicators of compromise found. Closed without escalation.,ANA-007,True,Resolved,"[""ALT-CSE-07-00890""]"
CAS-CSE-07-0734,CSE-07,2024-10-12 13:58:31.343825,2024-10-12 14:03:04.149287,Alert investigated. No indicators of compromise found. Closed without escalation.,ANA-007,False,Resolved,"[""ALT-CSE-07-00891""]"
CAS-CSE-07-0735,CSE-07,2024-11-29 18:17:01.719362,2024-11-29 18:21:13.390076,Alert investigated. No indicators of compromise found. Closed without escalation.,ANA-007,False,Resolved,"[""ALT-CSE-07-00892""]"
CAS-CSE-07-0736,CSE-07,2024-12-24 23:16:33.755871,2024-12-24 23:19:53.370668,Alert investigated. No indicators of compromise found. Closed without escalation.,ANA-007,False,Resolved,"[""ALT-CSE-07-00893""]"
CAS-CSE-07-0737,CSE-07,2024-12-29 17:56:22.708615,2024-12-29 18:00:55.316792,Investigated system activity on port 19226. Correlated firewall session logs.,ANA-007,False,Resolved,"[""ALT-CSE-07-00894""]"
CAS-CSE-07-0738,CSE-07,2024-11-19 13:36:26.483260,2024-11-19 13:39:45.273427,Alert investigated. No indicators of compromise found. Closed without escalation.,ANA-007,False,Resolved,"[""ALT-CSE-07-00895""]"
CAS-CSE-07-0739,CSE-07,2024-11-07 21:01:56.688224,2024-11-07 21:05:12.767205,Alert investigated. No indicators of compromise found. Closed without escalation.,ANA-007,True,Resolved,"[""ALT-CSE-07-00896""]"
CAS-CSE-07-0740,CSE-07,2024-12-06 00:43:39.007965,2024-12-06 00:48:07.160108,Investigated system activity on port 12722. Correlated firewall session logs.,ANA-007,False,Resolved,"[""ALT-CSE-07-00897""]"
CAS-CSE-07-0741,CSE-07,2024-12-28 18:14:15.931674,2024-12-28 18:18:27.721832,Alert investigated. No indicators of compromise found. Closed without escalation.,ANA-007,True,Resolved,"[""ALT-CSE-07-00900""]"
CAS-CSE-07-0742,CSE-07,2024-10-23 10:27:36.713853,2024-10-23 10:31:33.926566,Investigated system activity on port 33613. Correlated firewall session logs.,ANA-007,False,Resolved,"[""ALT-CSE-07-00901""]"
CAS-CSE-07-0743,CSE-07,2024-10-24 16:23:32.660499,2024-10-24 16:26:48.793121,Alert investigated. No indicators of compromise found. Closed without escalation.,ANA-007,False,Resolved,"[""ALT-CSE-07-00902""]"
CAS-CSE-07-0744,CSE-07,2024-10-22 18:48:24.307963,2024-10-22 18:52:31.197340,Alert investigated. No indicators of compromise found. Closed without escalation.,ANA-007,False,Resolved,"[""ALT-CSE-07-00903""]"
CAS-CSE-07-0745,CSE-07,2024-12-29 00:07:48.978630,2024-12-29 00:12:09.526065,Alert investigated. No indicators of compromise found. Closed without escalation.,ANA-007,True,Resolved,"[""ALT-CSE-07-00904""]"
CAS-CSE-07-0746,CSE-07,2024-12-07 07:05:03.697794,2024-12-07 07:09:35.853895,Alert investigated. No indicators of compromise found. Closed without escalation.,ANA-007,True,Resolved,"[""ALT-CSE-07-00905""]"
CAS-CSE-07-0747,CSE-07,2024-10-26 14:04:41.160237,2024-10-26 14:08:49.604284,Alert investigated. No indicators of compromise found. Closed without escalation.,ANA-007,False,Resolved,"[""ALT-CSE-07-00906""]"
CAS-CSE-07-0748,CSE-07,2024-11-02 02:38:35.214979,2024-11-02 02:43:11.381194,Alert investigated. No indicators of compromise found. Closed without escalation.,ANA-007,False,Resolved,"[""ALT-CSE-07-00907""]"
CAS-CSE-07-0749,CSE-07,2024-10-04 08:20:51.851953,2024-10-04 08:25:10.738873,Alert investigated. No indicators of compromise found. Closed without escalation.,ANA-007,False,Resolved,"[""ALT-CSE-07-00908""]"
CAS-CSE-07-0750,CSE-07,2024-10-17 03:42:37.010254,2024-10-17 03:46:45.637976,Alert investigated. No indicators of compromise found. Closed without escalation.,ANA-007,False,Resolved,"[""ALT-CSE-07-00909""]"
CAS-CSE-07-0751,CSE-07,2024-12-12 05:38:08.408292,2024-12-12 05:42:46.453686,Alert investigated. No indicators of compromise found. Closed without escalation.,ANA-007,False,Resolved,"[""ALT-CSE-07-00911""]"
CAS-CSE-07-0752,CSE-07,2024-11-22 05:30:10.127101,2024-11-22 05:34:04.449280,Investigated system activity on port 13841. Correlated firewall session logs.,ANA-007,False,Resolved,"[""ALT-CSE-07-00912""]"
CAS-CSE-07-0753,CSE-07,2024-12-09 05:54:33.621542,2024-12-09 05:58:03.748283,Alert investigated. No indicators of compromise found. Closed without escalation.,ANA-007,False,Resolved,"[""ALT-CSE-07-00913""]"
CAS-CSE-07-0754,CSE-07,2024-12-23 23:56:54.275363,2024-12-24 00:00:57.860477,Alert investigated. No indicators of compromise found. Closed without escalation.,ANA-007,False,Resolved,"[""ALT-CSE-07-00914""]"
CAS-CSE-07-0755,CSE-07,2024-10-23 17:49:35.742196,2024-10-23 17:53:36.971931,Investigated system activity on port 27485. Correlated firewall session logs.,ANA-007,False,Resolved,"[""ALT-CSE-07-00915""]"
CAS-CSE-07-0756,CSE-07,2024-10-11 22:42:00.225519,2024-10-11 22:45:28.864983,Alert investigated. No indicators of compromise found. Closed without escalation.,ANA-007,False,Resolved,"[""ALT-CSE-07-00918""]"
CAS-CSE-07-0757,CSE-07,2024-12-08 22:04:02.839771,2024-12-08 22:08:28.820879,Alert investigated. No indicators of compromise found. Closed without escalation.,ANA-007,False,Resolved,"[""ALT-CSE-07-00919""]"
CAS-CSE-07-0758,CSE-07,2024-10-31 14:31:03.383126,2024-10-31 14:35:20.997493,Investigated system activity on port 9543. Correlated firewall session logs.,ANA-007,False,Resolved,"[""ALT-CSE-07-00920""]"
CAS-CSE-07-0759,CSE-07,2024-10-14 12:54:11.843672,2024-10-14 12:58:17.283396,Alert investigated. No indicators of compromise found. Closed without escalation.,ANA-007,False,Resolved,"[""ALT-CSE-07-00921""]"
CAS-CSE-07-0760,CSE-07,2024-10-19 06:48:51.434775,2024-10-19 06:52:04.163740,Alert investigated. No indicators of compromise found. Closed without escalation.,ANA-007,False,Resolved,"[""ALT-CSE-07-00922""]"
CAS-CSE-07-0761,CSE-07,2024-11-25 14:05:10.445807,2024-11-25 14:08:23.655005,Alert investigated. No indicators of compromise found. Closed without escalation.,ANA-007,False,Resolved,"[""ALT-CSE-07-00924""]"
CAS-CSE-07-0762,CSE-07,2024-10-11 13:05:53.097426,2024-10-11 13:10:33.548383,Alert investigated. No indicators of compromise found. Closed without escalation.,ANA-007,False,Resolved,"[""ALT-CSE-07-00925""]"
CAS-CSE-07-0763,CSE-07,2024-10-12 01:34:18.786142,2024-10-12 01:38:09.504787,Alert investigated. No indicators of compromise found. Closed without escalation.,ANA-007,False,Resolved,"[""ALT-CSE-07-00926""]"
CAS-CSE-07-0764,CSE-07,2024-11-23 01:47:06.174746,2024-11-23 01:51:06.583141,Alert investigated. No indicators of compromise found. Closed without escalation.,ANA-007,False,Resolved,"[""ALT-CSE-07-00927""]"
CAS-CSE-07-0765,CSE-07,2024-12-14 16:42:25.133858,2024-12-14 16:46:40.716132,Alert investigated. No indicators of compromise found. Closed without escalation.,ANA-007,False,Resolved,"[""ALT-CSE-07-00928""]"
CAS-CSE-07-0766,CSE-07,2024-10-17 11:08:18.229843,2024-10-17 11:11:47.820781,Investigated system activity on port 26037. Correlated firewall session logs.,ANA-007,False,Resolved,"[""ALT-CSE-07-00929""]"
CAS-CSE-07-0767,CSE-07,2024-12-22 20:01:58.809433,2024-12-22 20:06:18.840398,Alert investigated. No indicators of compromise found. Closed without escalation.,ANA-007,False,Resolved,"[""ALT-CSE-07-00930""]"
CAS-CSE-07-0768,CSE-07,2024-12-19 16:02:37.528146,2024-12-19 16:06:40.576054,Investigated system activity on port 63571. Correlated firewall session logs.,ANA-007,False,Resolved,"[""ALT-CSE-07-00931""]"
CAS-CSE-07-0769,CSE-07,2024-11-09 02:39:35.694094,2024-11-09 02:43:44.512428,Alert investigated. No indicators of compromise found. Closed without escalation.,ANA-007,False,Resolved,"[""ALT-CSE-07-00932""]"
CAS-CSE-07-0770,CSE-07,2024-10-12 05:53:18.857361,2024-10-12 05:56:50.100169,Investigated system activity on port 59963. Correlated firewall session logs.,ANA-007,False,Resolved,"[""ALT-CSE-07-00933""]"
CAS-CSE-07-0771,CSE-07,2024-12-09 12:58:56.453994,2024-12-09 13:03:34.561566,Investigated system activity on port 42123. Correlated firewall session logs.,ANA-007,False,Resolved,"[""ALT-CSE-07-00936""]"
CAS-CSE-07-0772,CSE-07,2024-10-26 11:59:04.428716,2024-10-26 12:02:44.607451,Alert investigated. No indicators of compromise found. Closed without escalation.,ANA-007,False,Resolved,"[""ALT-CSE-07-00938""]"
CAS-CSE-07-0773,CSE-07,2024-11-20 10:10:52.945731,2024-11-20 10:15:14.961740,Alert investigated. No indicators of compromise found. Closed without escalation.,ANA-007,False,Resolved,"[""ALT-CSE-07-00939""]"
CAS-CSE-07-0774,CSE-07,2024-11-26 20:05:38.069577,2024-11-26 20:10:16.683582,Investigated system activity on port 15983. Correlated firewall session logs.,ANA-007,False,Resolved,"[""ALT-CSE-07-00941""]"
CAS-CSE-07-0775,CSE-07,2024-12-01 17:39:31.323250,2024-12-01 17:43:37.748244,Alert investigated. No indicators of compromise found. Closed without escalation.,ANA-007,False,Resolved,"[""ALT-CSE-07-00942""]"
CAS-CSE-07-0776,CSE-07,2024-10-24 06:16:28.928939,2024-10-24 06:20:43.240371,Alert investigated. No indicators of compromise found. Closed without escalation.,ANA-007,False,Resolved,"[""ALT-CSE-07-00943""]"
CAS-CSE-07-0777,CSE-07,2024-11-26 10:24:10.879946,2024-11-26 10:28:37.473318,Alert investigated. No indicators of compromise found. Closed without escalation.,ANA-007,False,Resolved,"[""ALT-CSE-07-00944""]"
CAS-CSE-07-0778,CSE-07,2024-12-10 14:29:17.630112,2024-12-10 14:34:04.613486,Alert investigated. No indicators of compromise found. Closed without escalation.,ANA-007,False,Resolved,"[""ALT-CSE-07-00946""]"
CAS-CSE-07-0779,CSE-07,2024-11-29 07:07:28.470969,2024-11-29 07:11:34.494282,Alert investigated. No indicators of compromise found. Closed without escalation.,ANA-007,False,Resolved,"[""ALT-CSE-07-00947""]"
CAS-CSE-07-0780,CSE-07,2024-12-23 13:55:12.921496,2024-12-23 13:59:06.183641,Alert investigated. No indicators of compromise found. Closed without escalation.,ANA-007,False,Resolved,"[""ALT-CSE-07-00950""]"
CAS-CSE-07-0781,CSE-07,2024-11-03 07:06:49.247391,2024-11-03 07:11:11.218318,Investigated system activity on port 64083. Correlated firewall session logs.,ANA-007,False,Resolved,"[""ALT-CSE-07-00951""]"
CAS-CSE-07-0782,CSE-07,2024-12-01 12:25:21.293980,2024-12-01 12:29:23.056779,Alert investigated. No indicators of compromise found. Closed without escalation.,ANA-007,False,Resolved,"[""ALT-CSE-07-00953""]"
CAS-CSE-07-0783,CSE-07,2024-12-01 09:07:43.658330,2024-12-01 09:11:38.814640,Alert investigated. No indicators of compromise found. Closed without escalation.,ANA-007,True,Resolved,"[""ALT-CSE-07-00955""]"
CAS-CSE-07-0784,CSE-07,2024-10-17 18:42:57.315507,2024-10-17 18:47:15.852673,Alert investigated. No indicators of compromise found. Closed without escalation.,ANA-007,False,Resolved,"[""ALT-CSE-07-00956""]"
CAS-CSE-07-0785,CSE-07,2024-10-11 23:39:24.352417,2024-10-11 23:43:43.727675,Alert investigated. No indicators of compromise found. Closed without escalation.,ANA-007,False,Resolved,"[""ALT-CSE-07-00957""]"
CAS-CSE-07-0786,CSE-07,2024-11-19 00:20:17.341802,2024-11-19 00:24:09.192345,Investigated system activity on port 6719. Correlated firewall session logs.,ANA-007,False,Resolved,"[""ALT-CSE-07-00958""]"
CAS-CSE-07-0787,CSE-07,2024-11-24 11:50:19.205503,2024-11-24 11:54:10.791862,Alert investigated. No indicators of compromise found. Closed without escalation.,ANA-007,False,Resolved,"[""ALT-CSE-07-00959""]"
CAS-CSE-07-0788,CSE-07,2024-12-29 02:21:22.366059,2024-12-29 02:39:38.108263,Investigated system activity on port 37953. Correlated firewall session logs.,ANA-007,False,Resolved,"[""ALT-CSE-07-00973""]"
CAS-CSE-07-0789,CSE-07,2024-12-09 05:51:51.154784,2024-12-09 06:10:50.498634,Alert investigated. No indicators of compromise found. Closed without escalation.,ANA-007,False,Resolved,"[""ALT-CSE-07-00978""]"
CAS-CSE-07-0790,CSE-07,2024-11-11 19:20:58.476997,2024-11-11 19:43:41.682699,Alert investigated. No indicators of compromise found. Closed without escalation.,ANA-007,False,Resolved,"[""ALT-CSE-07-01001""]"
CAS-CSE-07-0791,CSE-07,2024-10-24 14:04:18.957032,2024-10-24 14:25:23.826429,Alert investigated. No indicators of compromise found. Closed without escalation.,ANA-007,False,Resolved,"[""ALT-CSE-07-01033""]"
CAS-CSE-07-0792,CSE-07,2024-10-07 13:57:37.284942,2024-10-07 14:22:10.149463,Alert investigated. No indicators of compromise found. Closed without escalation.,ANA-007,True,Resolved,"[""ALT-CSE-07-01040""]"
CAS-CSE-07-0793,CSE-07,2024-12-04 09:35:50.337231,2024-12-04 09:55:35.573307,Alert investigated. No indicators of compromise found. Closed without escalation.,ANA-007,False,Resolved,"[""ALT-CSE-07-01045""]"
CAS-CSE-07-0794,CSE-07,2024-10-29 03:32:32.601933,2024-10-29 03:56:10.601346,Investigated system activity on port 38788. Correlated firewall session logs.,ANA-007,False,Resolved,"[""ALT-CSE-07-01066""]"
CAS-CSE-07-0795,CSE-07,2024-11-15 17:33:46.411563,2024-11-15 17:54:37.164518,Alert investigated. No indicators of compromise found. Closed without escalation.,ANA-007,False,Resolved,"[""ALT-CSE-07-01084""]"
CAS-CSE-07-0796,CSE-07,2024-11-08 12:39:00.410010,2024-11-08 12:56:27.443576,Alert investigated. No indicators of compromise found. Closed without escalation.,ANA-007,False,Resolved,"[""ALT-CSE-07-01086""]"
CAS-CSE-07-0797,CSE-07,2024-10-10 04:25:38.542360,2024-10-10 04:42:42.449780,Alert investigated. No indicators of compromise found. Closed without escalation.,ANA-007,False,Resolved,"[""ALT-CSE-07-01117""]"
CAS-CSE-07-0798,CSE-07,2024-11-02 23:59:14.685918,2024-11-03 00:15:26.482797,Alert investigated. No indicators of compromise found. Closed without escalation.,ANA-007,False,Resolved,"[""ALT-CSE-07-01130""]"
CAS-CSE-07-0799,CSE-07,2024-11-11 07:20:45.358646,2024-11-11 07:45:39.893170,Investigated system activity on port 55108. Correlated firewall session logs.,ANA-007,False,Resolved,"[""ALT-CSE-07-01139""]"
CAS-CSE-07-0800,CSE-07,2024-12-28 00:46:53.376532,2024-12-28 01:12:41.911278,Alert investigated. No indicators of compromise found. Closed without escalation.,ANA-007,False,Resolved,"[""ALT-CSE-07-01160""]"
CAS-CSE-07-0801,CSE-07,2024-10-30 05:42:53.147700,2024-10-30 05:55:31.978915,Alert investigated. No indicators of compromise found. Closed without escalation.,ANA-007,False,Resolved,"[""ALT-CSE-07-01221""]"
CAS-CSE-07-0802,CSE-07,2024-11-13 01:02:04.577897,2024-11-13 01:22:09.156256,Alert investigated. No indicators of compromise found. Closed without escalation.,ANA-007,True,Resolved,"[""ALT-CSE-07-01224""]"
CAS-CSE-07-0803,CSE-07,2024-12-15 21:54:02.409991,2024-12-15 22:12:59.608656,Alert investigated. No indicators of compromise found. Closed without escalation.,ANA-007,False,Resolved,"[""ALT-CSE-07-01227""]"
CAS-CSE-07-0804,CSE-07,2024-11-01 05:20:22.993712,2024-11-01 05:43:53.807340,Investigated system activity on port 44856. Correlated firewall session logs.,ANA-007,False,Resolved,"[""ALT-CSE-07-01238""]"
CAS-CSE-07-0805,CSE-07,2024-10-02 06:11:11.692418,2024-10-02 06:37:07.780174,Investigated system activity on port 3018. Correlated firewall session logs.,ANA-007,False,Resolved,"[""ALT-CSE-07-01253""]"
CAS-CSE-07-0806,CSE-07,2024-12-27 20:51:43.964415,2024-12-27 21:06:09.674888,Alert investigated. No indicators of compromise found. Closed without escalation.,ANA-007,False,Resolved,"[""ALT-CSE-07-01261""]"
CAS-CSE-07-0807,CSE-07,2024-10-29 23:29:45.750153,2024-10-29 23:46:46.730883,Alert investigated. No indicators of compromise found. Closed without escalation.,ANA-007,False,Resolved,"[""ALT-CSE-07-01268""]"
CAS-CSE-07-0808,CSE-07,2024-10-13 22:54:31.600874,2024-10-13 23:04:44.617320,Alert investigated. No indicators of compromise found. Closed without escalation.,ANA-007,False,Resolved,"[""ALT-CSE-07-01305""]"
CAS-CSE-07-0809,CSE-07,2024-11-05 07:43:32.424135,2024-11-05 08:01:09.494064,Alert investigated. No indicators of compromise found. Closed without escalation.,ANA-007,False,Resolved,"[""ALT-CSE-07-01312""]"
CAS-CSE-07-0810,CSE-07,2024-10-17 23:08:56.804719,2024-10-17 23:16:36.907976,Alert investigated. No indicators of compromise found. Closed without escalation.,ANA-007,False,Resolved,"[""ALT-CSE-07-01320""]"
CAS-CSE-07-0811,CSE-07,2024-11-08 18:31:52.709530,2024-11-08 18:50:09.334539,Alert investigated. No indicators of compromise found. Closed without escalation.,ANA-007,False,Resolved,"[""ALT-CSE-07-01328""]"
CAS-CSE-07-0812,CSE-07,2024-11-23 23:19:14.545772,2024-11-23 23:41:56.770863,Alert investigated. No indicators of compromise found. Closed without escalation.,ANA-007,False,Resolved,"[""ALT-CSE-07-01352""]"
CAS-CSE-07-0813,CSE-07,2024-11-24 22:41:58.179891,2024-11-24 22:55:38.768574,Alert investigated. No indicators of compromise found. Closed without escalation.,ANA-007,False,Resolved,"[""ALT-CSE-07-01358""]"
CAS-CSE-07-0814,CSE-07,2024-11-20 08:19:43.509199,2024-11-20 08:31:42.391285,Alert investigated. No indicators of compromise found. Closed without escalation.,ANA-007,False,Resolved,"[""ALT-CSE-07-01378""]"
CAS-CSE-07-0815,CSE-07,2024-12-22 20:23:34.761976,2024-12-22 20:48:04.396779,Alert investigated. No indicators of compromise found. Closed without escalation.,ANA-007,True,Resolved,"[""ALT-CSE-07-01385""]"
CAS-CSE-07-0816,CSE-07,2024-12-23 17:39:37.494041,2024-12-23 17:57:35.805796,Investigated system activity on port 53579. Correlated firewall session logs.,ANA-007,False,Resolved,"[""ALT-CSE-07-01420""]"
CAS-CSE-07-0817,CSE-07,2024-10-10 12:13:47.757871,2024-10-10 12:31:41.125554,Alert investigated. No indicators of compromise found. Closed without escalation.,ANA-007,False,Resolved,"[""ALT-CSE-07-01467""]"
CAS-CSE-07-0818,CSE-07,2024-11-28 16:00:34.400998,2024-11-28 16:14:22.615819,Alert investigated. No indicators of compromise found. Closed without escalation.,ANA-007,False,Resolved,"[""ALT-CSE-07-01488""]"
CAS-CSE-07-0819,CSE-07,2024-11-06 10:35:14.945520,2024-11-06 10:48:38.745693,Alert investigated. No indicators of compromise found. Closed without escalation.,ANA-007,False,Resolved,"[""ALT-CSE-07-01497""]"
CAS-CSE-07-0820,CSE-07,2024-10-22 18:01:42.251929,2024-10-22 18:28:04.448812,Alert investigated. No indicators of compromise found. Closed without escalation.,ANA-007,False,Resolved,"[""ALT-CSE-07-01506""]"
CAS-CSE-07-0821,CSE-07,2024-11-29 04:21:44.100921,2024-11-29 04:46:01.908172,Alert investigated. No indicators of compromise found. Closed without escalation.,ANA-007,False,Resolved,"[""ALT-CSE-07-01535""]"
CAS-CSE-07-0822,CSE-07,2024-11-24 21:07:25.382266,2024-11-24 21:24:42.076745,Investigated system activity on port 57693. Correlated firewall session logs.,ANA-007,False,Resolved,"[""ALT-CSE-07-01547""]"
CAS-CSE-07-0823,CSE-07,2024-12-23 12:53:51.024423,2024-12-23 13:08:31.267386,Alert investigated. No indicators of compromise found. Closed without escalation.,ANA-007,False,Resolved,"[""ALT-CSE-07-01586""]"
CAS-CSE-07-0824,CSE-07,2024-10-31 11:01:29.438033,2024-10-31 11:16:55.990768,Alert investigated. No indicators of compromise found. Closed without escalation.,ANA-007,False,Resolved,"[""ALT-CSE-07-01603""]"
CAS-CSE-07-0825,CSE-07,2024-12-06 23:46:05.449718,2024-12-07 00:06:56.079077,Investigated system activity on port 50286. Correlated firewall session logs.,ANA-007,False,Resolved,"[""ALT-CSE-07-01617""]"
CAS-CSE-07-0826,CSE-07,2024-10-23 21:09:26.421966,2024-10-23 21:24:01.222507,Alert investigated. No indicators of compromise found. Closed without escalation.,ANA-007,False,Resolved,"[""ALT-CSE-07-01655""]"
CAS-CSE-07-0827,CSE-07,2024-12-19 18:26:10.506556,2024-12-19 18:42:07.059541,Alert investigated. No indicators of compromise found. Closed without escalation.,ANA-007,False,Resolved,"[""ALT-CSE-07-01656""]"
CAS-CSE-07-0828,CSE-07,2024-12-20 10:44:28.108729,2024-12-20 11:05:54.002571,Alert investigated. No indicators of compromise found. Closed without escalation.,ANA-007,False,Resolved,"[""ALT-CSE-07-01715""]"
CAS-CSE-07-0829,CSE-07,2024-11-19 14:18:43.223686,2024-11-19 14:37:50.872635,Alert investigated. No indicators of compromise found. Closed without escalation.,ANA-007,False,Resolved,"[""ALT-CSE-07-01719""]"
CAS-CSE-07-0830,CSE-07,2024-10-11 21:54:22.759253,2024-10-11 22:13:35.611519,Investigated system activity on port 2472. Correlated firewall session logs.,ANA-007,False,Resolved,"[""ALT-CSE-07-01725""]"
CAS-CSE-07-0831,CSE-07,2024-10-10 15:21:45.487322,2024-10-10 15:42:49.641555,Alert investigated. No indicators of compromise found. Closed without escalation.,ANA-007,False,Resolved,"[""ALT-CSE-07-01795""]"
CAS-CSE-07-0832,CSE-07,2024-11-02 14:42:36.486963,2024-11-02 14:57:45.026374,Alert investigated. No indicators of compromise found. Closed without escalation.,ANA-007,False,Resolved,"[""ALT-CSE-07-01798""]"
CAS-CSE-07-0833,CSE-07,2024-10-18 07:46:17.692570,2024-10-18 08:06:18.358748,Alert investigated. No indicators of compromise found. Closed without escalation.,ANA-007,False,Resolved,"[""ALT-CSE-07-01810""]"
CAS-CSE-07-0834,CSE-07,2024-12-27 13:38:04.330221,2024-12-27 14:07:34.272003,Alert investigated. No indicators of compromise found. Closed without escalation.,ANA-007,False,Resolved,"[""ALT-CSE-07-01876""]"
CAS-CSE-07-0835,CSE-07,2024-11-08 00:52:21.410728,2024-11-08 01:07:30.943763,Alert investigated. No indicators of compromise found. Closed without escalation.,ANA-007,False,Resolved,"[""ALT-CSE-07-01897""]"
CAS-CSE-07-0836,CSE-07,2024-12-09 06:20:55.734890,2024-12-09 06:32:40.350720,Alert investigated. No indicators of compromise found. Closed without escalation.,ANA-007,False,Resolved,"[""ALT-CSE-07-01903""]"
CAS-CSE-07-0837,CSE-07,2024-10-24 01:24:54.211228,2024-10-24 01:47:03.867660,Alert investigated. No indicators of compromise found. Closed without escalation.,ANA-007,False,Resolved,"[""ALT-CSE-07-01911""]"
CAS-CSE-07-0838,CSE-07,2024-12-09 02:39:41.198307,2024-12-09 02:57:16.195158,Alert investigated. No indicators of compromise found. Closed without escalation.,ANA-007,False,Resolved,"[""ALT-CSE-07-01931""]"
CAS-CSE-07-0839,CSE-07,2024-11-02 11:39:14.899298,2024-11-02 11:41:56.937822,Alert investigated. No indicators of compromise found. Closed without escalation.,ANA-007,False,Resolved,"[""ALT-CSE-07-01939""]"
CAS-CSE-07-0840,CSE-07,2024-12-06 02:58:01.884544,2024-12-06 03:15:28.698712,Alert investigated. No indicators of compromise found. Closed without escalation.,ANA-007,False,Resolved,"[""ALT-CSE-07-01950""]"
CAS-CSE-07-0841,CSE-07,2024-11-28 13:01:24.156313,2024-11-28 13:20:06.028626,Investigated system activity on port 35356. Correlated firewall session logs.,ANA-007,False,Resolved,"[""ALT-CSE-07-01969""]"
CAS-CSE-07-0842,CSE-07,2024-12-01 04:09:24.736687,2024-12-01 04:22:48.299956,Alert investigated. No indicators of compromise found. Closed without escalation.,ANA-007,False,Resolved,"[""ALT-CSE-07-02008""]"
CAS-CSE-07-0843,CSE-07,2024-11-04 15:10:53.746395,2024-11-04 15:19:56.638545,Alert investigated. No indicators of compromise found. Closed without escalation.,ANA-007,False,Resolved,"[""ALT-CSE-07-02011""]"
CAS-CSE-07-0844,CSE-07,2024-11-23 06:09:23.713054,2024-11-23 06:21:29.423953,Investigated system activity on port 37959. Correlated firewall session logs.,ANA-007,False,Resolved,"[""ALT-CSE-07-02028""]"
CAS-CSE-07-0845,CSE-07,2024-12-01 21:20:37.351888,2024-12-01 21:34:19.697115,Alert investigated. No indicators of compromise found. Closed without escalation.,ANA-007,False,Resolved,"[""ALT-CSE-07-02036""]"
CAS-CSE-07-0846,CSE-07,2024-10-30 14:37:08.755186,2024-10-30 14:53:34.438594,Investigated system activity on port 62678. Correlated firewall session logs.,ANA-007,True,Resolved,"[""ALT-CSE-07-02047""]"
CAS-CSE-07-0847,CSE-07,2024-11-15 18:56:49.298031,2024-11-15 19:14:46.251926,Alert investigated. No indicators of compromise found. Closed without escalation.,ANA-007,False,Resolved,"[""ALT-CSE-07-02076""]"
CAS-CSE-07-0848,CSE-07,2024-11-09 09:03:23.461190,2024-11-09 09:22:00.661957,Alert investigated. No indicators of compromise found. Closed without escalation.,ANA-007,False,Resolved,"[""ALT-CSE-07-02082""]"
CAS-CSE-07-0849,CSE-07,2024-11-07 12:35:17.326921,2024-11-07 12:54:10.724646,Alert investigated. No indicators of compromise found. Closed without escalation.,ANA-007,False,Resolved,"[""ALT-CSE-07-02136""]"
CAS-CSE-07-0850,CSE-07,2024-10-10 06:12:38.674074,2024-10-10 06:36:10.218939,Alert investigated. No indicators of compromise found. Closed without escalation.,ANA-007,False,Resolved,"[""ALT-CSE-07-02138""]"
CAS-CSE-07-0851,CSE-07,2024-12-23 07:22:18.356865,2024-12-23 07:35:04.250812,Investigated system activity on port 39618. Correlated firewall session logs.,ANA-007,False,Resolved,"[""ALT-CSE-07-02171""]"
CAS-CSE-07-0852,CSE-07,2024-12-25 12:26:39.185887,2024-12-25 12:40:21.316490,Alert investigated. No indicators of compromise found. Closed without escalation.,ANA-007,False,Resolved,"[""ALT-CSE-07-02210""]"
CAS-CSE-07-0853,CSE-07,2024-12-21 03:24:41.498147,2024-12-21 03:50:01.116342,Alert investigated. No indicators of compromise found. Closed without escalation.,ANA-007,False,Resolved,"[""ALT-CSE-07-02231""]"
CAS-CSE-07-0854,CSE-07,2024-10-20 15:50:26.984434,2024-10-20 16:04:44.428585,Alert investigated. No indicators of compromise found. Closed without escalation.,ANA-007,False,Resolved,"[""ALT-CSE-07-02256""]"
CAS-CSE-07-0855,CSE-07,2024-10-17 23:38:22.165660,2024-10-17 23:52:36.869589,Alert investigated. No indicators of compromise found. Closed without escalation.,ANA-007,True,Resolved,"[""ALT-CSE-07-02263""]"
CAS-CSE-07-0856,CSE-07,2024-10-01 15:48:18.347867,2024-10-01 16:00:59.682865,Alert investigated. No indicators of compromise found. Closed without escalation.,ANA-007,False,Resolved,"[""ALT-CSE-07-02356""]"
CAS-CSE-07-0857,CSE-07,2024-11-02 04:26:25.616283,2024-11-02 04:47:14.859752,Alert investigated. No indicators of compromise found. Closed without escalation.,ANA-007,False,Resolved,"[""ALT-CSE-07-02375""]"
CAS-CSE-07-0858,CSE-07,2024-11-04 01:59:41.680606,2024-11-04 02:15:58.499718,Investigated system activity on port 63390. Correlated firewall session logs.,ANA-007,False,Resolved,"[""ALT-CSE-07-02384""]"
CAS-CSE-07-0859,CSE-07,2024-11-02 22:49:29.719460,2024-11-02 23:05:21.808413,Alert investigated. No indicators of compromise found. Closed without escalation.,ANA-007,False,Resolved,"[""ALT-CSE-07-02414""]"
CAS-CSE-07-0860,CSE-07,2024-11-25 21:32:59.791494,2024-11-25 21:54:32.244223,Investigated system activity on port 46979. Correlated firewall session logs.,ANA-007,False,Resolved,"[""ALT-CSE-07-02420""]"
CAS-CSE-07-0861,CSE-07,2024-12-03 02:00:39.770964,2024-12-03 02:17:16.900373,Alert investigated. No indicators of compromise found. Closed without escalation.,ANA-007,True,Resolved,"[""ALT-CSE-07-02426""]"
CAS-CSE-07-0862,CSE-07,2024-12-09 03:17:33.151351,2024-12-09 03:37:44.427866,Investigated system activity on port 15272. Correlated firewall session logs.,ANA-007,False,Resolved,"[""ALT-CSE-07-02433""]"
CAS-CSE-07-0863,CSE-07,2024-12-06 23:39:02.492897,2024-12-07 00:00:52.483890,Investigated system activity on port 34483. Correlated firewall session logs.,ANA-007,False,Resolved,"[""ALT-CSE-07-02445""]"
CAS-CSE-07-0864,CSE-07,2024-10-12 06:56:02.906761,2024-10-12 07:10:26.249241,Alert investigated. No indicators of compromise found. Closed without escalation.,ANA-007,False,Resolved,"[""ALT-CSE-07-02451""]"
CAS-CSE-07-0865,CSE-07,2024-11-27 23:51:10.386285,2024-11-28 00:07:36.710226,Alert investigated. No indicators of compromise found. Closed without escalation.,ANA-007,False,Resolved,"[""ALT-CSE-07-02467""]"
CAS-CSE-07-0866,CSE-07,2024-10-27 05:47:00.159044,2024-10-27 06:12:41.375095,Alert investigated. No indicators of compromise found. Closed without escalation.,ANA-007,False,Resolved,"[""ALT-CSE-07-02493""]"
CAS-CSE-07-0867,CSE-07,2024-12-28 19:12:31.735612,2024-12-28 19:28:27.417991,Alert investigated. No indicators of compromise found. Closed without escalation.,ANA-007,False,Resolved,"[""ALT-CSE-07-02501""]"
CAS-CSE-07-0868,CSE-07,2024-11-26 16:41:48.777847,2024-11-26 16:57:52.230552,Investigated system activity on port 41387. Correlated firewall session logs.,ANA-007,False,Resolved,"[""ALT-CSE-07-02521""]"
CAS-CSE-07-0869,CSE-07,2024-12-12 09:33:48.812469,2024-12-12 09:46:48.493964,Alert investigated. No indicators of compromise found. Closed without escalation.,ANA-007,False,Resolved,"[""ALT-CSE-07-02556""]"
CAS-CSE-07-0870,CSE-07,2024-10-22 14:05:28.738789,2024-10-22 14:23:29.492032,Investigated system activity on port 47793. Correlated firewall session logs.,ANA-007,False,Resolved,"[""ALT-CSE-07-02572""]"
CAS-CSE-07-0871,CSE-07,2024-11-24 15:39:13.410756,2024-11-24 16:03:04.856777,Alert investigated. No indicators of compromise found. Closed without escalation.,ANA-007,False,Resolved,"[""ALT-CSE-07-02638""]"
CAS-CSE-07-0872,CSE-07,2024-11-19 17:52:04.302463,2024-11-19 18:09:58.615146,Investigated system activity on port 48357. Correlated firewall session logs.,ANA-007,False,Resolved,"[""ALT-CSE-07-02645""]"
CAS-CSE-07-0873,CSE-07,2024-11-04 05:16:40.627630,2024-11-04 05:36:00.625968,Alert investigated. No indicators of compromise found. Closed without escalation.,ANA-007,False,Resolved,"[""ALT-CSE-07-02669""]"
CAS-CSE-07-0874,CSE-07,2024-10-17 12:29:05.767831,2024-10-17 12:49:20.976973,Alert investigated. No indicators of compromise found. Closed without escalation.,ANA-007,False,Resolved,"[""ALT-CSE-07-02730""]"
CAS-CSE-07-0875,CSE-07,2024-10-29 13:39:35.552122,2024-10-29 13:52:47.913025,Alert investigated. No indicators of compromise found. Closed without escalation.,ANA-007,False,Resolved,"[""ALT-CSE-07-02731""]"
CAS-CSE-07-0876,CSE-07,2024-11-17 22:28:27.947929,2024-11-17 22:52:13.157698,Alert investigated. No indicators of compromise found. Closed without escalation.,ANA-007,False,Resolved,"[""ALT-CSE-07-02744""]"
CAS-CSE-07-0877,CSE-07,2024-10-05 03:55:34.936461,2024-10-05 04:17:06.322749,Alert investigated. No indicators of compromise found. Closed without escalation.,ANA-007,False,Resolved,"[""ALT-CSE-07-02750""]"
CAS-CSE-07-0878,CSE-07,2024-10-24 19:25:12.341309,2024-10-24 19:46:20.073124,Alert investigated. No indicators of compromise found. Closed without escalation.,ANA-007,False,Resolved,"[""ALT-CSE-07-02753""]"
CAS-CSE-07-0879,CSE-07,2024-11-11 15:18:26.809420,2024-11-11 15:35:04.722831,Alert investigated. No indicators of compromise found. Closed without escalation.,ANA-007,False,Resolved,"[""ALT-CSE-07-02754""]"
CAS-CSE-07-0880,CSE-07,2024-11-21 13:43:23.641311,2024-11-21 14:05:13.768291,Investigated system activity on port 45711. Correlated firewall session logs.,ANA-007,False,Resolved,"[""ALT-CSE-07-02765""]"
CAS-CSE-07-0881,CSE-07,2024-12-18 05:47:31.497147,2024-12-18 06:07:45.523777,Alert investigated. No indicators of compromise found. Closed without escalation.,ANA-007,False,Resolved,"[""ALT-CSE-07-02774""]"
CAS-CSE-07-0882,CSE-07,2024-10-06 23:01:02.919320,2024-10-06 23:14:33.829601,Investigated system activity on port 63967. Correlated firewall session logs.,ANA-007,False,Resolved,"[""ALT-CSE-07-02786""]"
CAS-CSE-07-0883,CSE-07,2024-12-28 13:12:53.262846,2024-12-28 13:31:41.731254,Alert investigated. No indicators of compromise found. Closed without escalation.,ANA-007,False,Resolved,"[""ALT-CSE-07-02810""]"
CAS-CSE-07-0884,CSE-07,2024-12-13 01:37:05.544016,2024-12-13 01:56:40.184341,Alert investigated. No indicators of compromise found. Closed without escalation.,ANA-007,False,Resolved,"[""ALT-CSE-07-02840""]"
CAS-CSE-07-0885,CSE-07,2024-12-22 07:56:29.178126,2024-12-22 08:13:58.289611,Alert investigated. No indicators of compromise found. Closed without escalation.,ANA-007,False,Resolved,"[""ALT-CSE-07-02843""]"
CAS-CSE-07-0886,CSE-07,2024-11-12 02:59:02.304052,2024-11-12 03:20:31.140531,Alert investigated. No indicators of compromise found. Closed without escalation.,ANA-007,False,Resolved,"[""ALT-CSE-07-02846""]"
CAS-CSE-07-0887,CSE-07,2024-11-18 12:21:12.511381,2024-11-18 12:43:22.248510,Alert investigated. No indicators of compromise found. Closed without escalation.,ANA-007,False,Resolved,"[""ALT-CSE-07-02849""]"
CAS-CSE-07-0888,CSE-07,2024-12-16 09:29:40.856982,2024-12-16 09:45:32.965277,Alert investigated. No indicators of compromise found. Closed without escalation.,ANA-007,False,Resolved,"[""ALT-CSE-07-02914""]"
CAS-CSE-07-0889,CSE-07,2024-12-15 23:51:00.293081,2024-12-16 00:06:19.373836,Alert investigated. No indicators of compromise found. Closed without escalation.,ANA-007,False,Resolved,"[""ALT-CSE-07-02921""]"
CAS-CSE-07-0890,CSE-07,2024-12-20 16:54:56.974239,2024-12-20 17:18:26.523772,Alert investigated. No indicators of compromise found. Closed without escalation.,ANA-007,False,Resolved,"[""ALT-CSE-07-02943""]"
CAS-CSE-07-0891,CSE-07,2024-12-14 19:47:17.959795,2024-12-14 20:08:27.610330,Investigated system activity on port 19790. Correlated firewall session logs.,ANA-007,False,Resolved,"[""ALT-CSE-07-02950""]"
CAS-CSE-07-0892,CSE-07,2024-10-14 03:22:12.734880,2024-10-14 03:45:20.510575,Investigated system activity on port 59804. Correlated firewall session logs.,ANA-007,False,Resolved,"[""ALT-CSE-07-02951""]"
CAS-CSE-07-0893,CSE-07,2024-11-11 07:12:12.916959,2024-11-11 07:33:34.466688,Alert investigated. No indicators of compromise found. Closed without escalation.,ANA-007,False,Resolved,"[""ALT-CSE-07-02974""]"
CAS-CSE-07-0894,CSE-07,2024-12-05 08:49:21.727976,2024-12-05 09:06:26.129587,Alert investigated. No indicators of compromise found. Closed without escalation.,ANA-007,False,Resolved,"[""ALT-CSE-07-03018""]"
CAS-CSE-07-0895,CSE-07,2024-12-29 02:19:36.605627,2024-12-29 02:33:07.856840,Investigated system activity on port 36588. Correlated firewall session logs.,ANA-007,False,Resolved,"[""ALT-CSE-07-03022""]"
CAS-CSE-07-0896,CSE-07,2024-11-04 03:59:49.455870,2024-11-04 04:15:34.481507,Investigated system activity on port 15115. Correlated firewall session logs.,ANA-007,False,Resolved,"[""ALT-CSE-07-03028""]"
CAS-CSE-07-0897,CSE-07,2024-10-18 19:52:00.162934,2024-10-18 20:21:02.232111,Alert investigated. No indicators of compromise found. Closed without escalation.,ANA-007,False,Resolved,"[""ALT-CSE-07-03085""]"
CAS-CSE-07-0898,CSE-07,2024-12-09 01:13:29.359544,2024-12-09 01:34:37.205829,Alert investigated. No indicators of compromise found. Closed without escalation.,ANA-007,False,Resolved,"[""ALT-CSE-07-03101""]"
CAS-CSE-07-0899,CSE-07,2024-10-27 06:26:14.276879,2024-10-27 06:48:04.272184,Investigated system activity on port 64131. Correlated firewall session logs.,ANA-007,False,Resolved,"[""ALT-CSE-07-03113""]"
CAS-CSE-07-0900,CSE-07,2024-10-12 08:45:05.346842,2024-10-12 09:05:40.741266,Alert investigated. No indicators of compromise found. Closed without escalation.,ANA-007,True,Resolved,"[""ALT-CSE-07-03138""]"
CAS-CSE-07-0901,CSE-07,2024-11-12 13:22:06.214581,2024-11-12 13:48:47.625428,Alert investigated. No indicators of compromise found. Closed without escalation.,ANA-007,False,Resolved,"[""ALT-CSE-07-03175""]"
CAS-CSE-07-0902,CSE-07,2024-12-09 22:30:03.812233,2024-12-09 22:44:19.279456,Alert investigated. No indicators of compromise found. Closed without escalation.,ANA-007,False,Resolved,"[""ALT-CSE-07-03179""]"
CAS-CSE-07-0903,CSE-07,2024-11-02 13:13:39.738163,2024-11-02 13:30:55.967918,Investigated system activity on port 31401. Correlated firewall session logs.,ANA-007,True,Resolved,"[""ALT-CSE-07-03268""]"
CAS-CSE-07-0904,CSE-07,2024-10-11 19:48:39.890516,2024-10-11 20:07:30.419551,Alert investigated. No indicators of compromise found. Closed without escalation.,ANA-007,False,Resolved,"[""ALT-CSE-07-03306""]"
CAS-CSE-07-0905,CSE-07,2024-11-07 09:41:19.188600,2024-11-07 10:03:14.130222,Alert investigated. No indicators of compromise found. Closed without escalation.,ANA-007,False,Resolved,"[""ALT-CSE-07-03315""]"
CAS-CSE-07-0906,CSE-07,2024-10-08 12:16:24.299669,2024-10-08 12:44:52.259768,Alert investigated. No indicators of compromise found. Closed without escalation.,ANA-007,False,Resolved,"[""ALT-CSE-07-03322""]"
CAS-CSE-07-0907,CSE-07,2024-11-10 09:09:50.459254,2024-11-10 09:28:38.843869,Alert investigated. No indicators of compromise found. Closed without escalation.,ANA-007,False,Resolved,"[""ALT-CSE-07-03329""]"
CAS-CSE-07-0908,CSE-07,2024-11-29 16:45:44.293703,2024-11-29 17:02:38.386154,Alert investigated. No indicators of compromise found. Closed without escalation.,ANA-007,False,Resolved,"[""ALT-CSE-07-03338""]"
CAS-CSE-07-0909,CSE-07,2024-10-13 19:18:30.105520,2024-10-13 19:41:36.201499,Alert investigated. No indicators of compromise found. Closed without escalation.,ANA-007,False,Resolved,"[""ALT-CSE-07-03375""]"
CAS-CSE-07-0910,CSE-07,2024-11-13 02:14:30.930813,2024-11-13 02:25:00.895810,Alert investigated. No indicators of compromise found. Closed without escalation.,ANA-007,False,Resolved,"[""ALT-CSE-07-03380""]"
CAS-CSE-07-0911,CSE-07,2024-12-03 19:37:19.232773,2024-12-03 19:57:17.947976,Alert investigated. No indicators of compromise found. Closed without escalation.,ANA-007,True,Resolved,"[""ALT-CSE-07-03384""]"
CAS-CSE-07-0912,CSE-07,2024-12-16 07:20:24.299371,2024-12-16 07:29:36.497462,Investigated system activity on port 12576. Correlated firewall session logs.,ANA-007,True,Resolved,"[""ALT-CSE-07-03427""]"
CAS-CSE-07-0913,CSE-07,2024-10-10 03:22:41.448909,2024-10-10 03:33:21.516451,Alert investigated. No indicators of compromise found. Closed without escalation.,ANA-007,False,Resolved,"[""ALT-CSE-07-03456""]"
CAS-CSE-07-0914,CSE-07,2024-12-19 04:42:30.508006,2024-12-19 05:02:39.851465,Alert investigated. No indicators of compromise found. Closed without escalation.,ANA-007,False,Resolved,"[""ALT-CSE-07-03481""]"
CAS-CSE-07-0915,CSE-07,2024-10-09 09:55:22.196555,2024-10-09 10:16:18.698389,Investigated system activity on port 62787. Correlated firewall session logs.,ANA-007,False,Resolved,"[""ALT-CSE-07-03511""]"
CAS-CSE-07-0916,CSE-07,2024-12-22 15:32:56.391265,2024-12-22 15:48:46.404572,Alert investigated. No indicators of compromise found. Closed without escalation.,ANA-007,False,Resolved,"[""ALT-CSE-07-03539""]"
CAS-CSE-07-0917,CSE-07,2024-10-10 18:34:01.794180,2024-10-10 19:01:59.726563,Alert investigated. No indicators of compromise found. Closed without escalation.,ANA-007,False,Resolved,"[""ALT-CSE-07-03543""]"
CAS-CSE-07-0918,CSE-07,2024-10-09 23:43:06.278171,2024-10-10 00:10:14.155349,Investigated system activity on port 17978. Correlated firewall session logs.,ANA-007,False,Resolved,"[""ALT-CSE-07-03546""]"
CAS-CSE-07-0919,CSE-07,2024-10-04 16:48:35.159835,2024-10-04 17:04:25.101307,Investigated system activity on port 51480. Correlated firewall session logs.,ANA-007,False,Resolved,"[""ALT-CSE-07-03548""]"
CAS-CSE-07-0920,CSE-07,2024-12-27 16:31:58.294905,2024-12-27 16:47:34.286998,Alert investigated. No indicators of compromise found. Closed without escalation.,ANA-007,False,Resolved,"[""ALT-CSE-07-03549""]"
CAS-CSE-07-0921,CSE-07,2024-10-03 15:31:27.720106,2024-10-03 15:39:07.658057,Investigated system activity on port 57090. Correlated firewall session logs.,ANA-007,False,Resolved,"[""ALT-CSE-07-03570""]"
CAS-CSE-07-0922,CSE-07,2024-10-10 20:25:08.708140,2024-10-10 20:48:38.444907,Alert investigated. No indicators of compromise found. Closed without escalation.,ANA-007,False,Resolved,"[""ALT-CSE-07-03595""]"
CAS-CSE-07-0923,CSE-07,2024-10-14 15:22:11.918610,2024-10-14 15:41:12.398884,Alert investigated. No indicators of compromise found. Closed without escalation.,ANA-007,False,Resolved,"[""ALT-CSE-07-03605""]"
CAS-CSE-07-0924,CSE-07,2024-11-07 01:29:52.084609,2024-11-07 01:58:21.194311,Alert investigated. No indicators of compromise found. Closed without escalation.,ANA-007,False,Resolved,"[""ALT-CSE-07-03610""]"
CAS-CSE-07-0925,CSE-07,2024-11-22 08:37:00.233902,2024-11-22 08:44:40.050410,Alert investigated. No indicators of compromise found. Closed without escalation.,ANA-007,False,Resolved,"[""ALT-CSE-07-03617""]"
CAS-CSE-07-0926,CSE-07,2024-12-11 06:34:14.326783,2024-12-11 06:58:26.837409,Alert investigated. No indicators of compromise found. Closed without escalation.,ANA-007,False,Resolved,"[""ALT-CSE-07-03633""]"
CAS-CSE-07-0927,CSE-07,2024-10-22 04:03:22.679778,2024-10-22 04:20:31.954518,Alert investigated. No indicators of compromise found. Closed without escalation.,ANA-007,False,Resolved,"[""ALT-CSE-07-03640""]"
CAS-CSE-07-0928,CSE-07,2024-10-24 06:00:47.009176,2024-10-24 06:15:22.893877,Alert investigated. No indicators of compromise found. Closed without escalation.,ANA-007,False,Resolved,"[""ALT-CSE-07-03658""]"
CAS-CSE-07-0929,CSE-07,2024-11-17 10:52:47.758571,2024-11-17 11:19:15.173132,Alert investigated. No indicators of compromise found. Closed without escalation.,ANA-007,False,Resolved,"[""ALT-CSE-07-03671""]"
CAS-CSE-07-0930,CSE-07,2024-12-01 17:00:03.852960,2024-12-01 17:11:05.241762,Alert investigated. No indicators of compromise found. Closed without escalation.,ANA-007,False,Resolved,"[""ALT-CSE-07-03724""]"
CAS-CSE-07-0931,CSE-07,2024-12-09 22:39:08.115328,2024-12-09 23:01:02.656136,Alert investigated. No indicators of compromise found. Closed without escalation.,ANA-007,False,Resolved,"[""ALT-CSE-07-03729""]"
CAS-CSE-07-0932,CSE-07,2024-11-28 00:03:58.154725,2024-11-28 00:18:46.997463,Alert investigated. No indicators of compromise found. Closed without escalation.,ANA-007,False,Resolved,"[""ALT-CSE-07-03757""]"
CAS-CSE-07-0933,CSE-07,2024-10-12 03:50:10.529083,2024-10-12 03:58:51.189640,Alert investigated. No indicators of compromise found. Closed without escalation.,ANA-007,False,Resolved,"[""ALT-CSE-07-03758""]"
CAS-CSE-07-0934,CSE-07,2024-10-30 13:14:24.912746,2024-10-30 13:29:56.351252,Alert investigated. No indicators of compromise found. Closed without escalation.,ANA-007,False,Resolved,"[""ALT-CSE-07-03900""]"
CAS-CSE-07-0935,CSE-07,2024-11-28 03:26:25.781610,2024-11-28 03:39:31.121491,Alert investigated. No indicators of compromise found. Closed without escalation.,ANA-007,False,Resolved,"[""ALT-CSE-07-03908""]"
CAS-CSE-07-0936,CSE-07,2024-10-07 03:52:10.048669,2024-10-07 04:05:04.986913,Investigated system activity on port 28644. Correlated firewall session logs.,ANA-007,False,Resolved,"[""ALT-CSE-07-03920""]"
CAS-CSE-07-0937,CSE-07,2024-11-11 23:59:10.727687,2024-11-12 00:10:55.271261,Alert investigated. No indicators of compromise found. Closed without escalation.,ANA-007,False,Resolved,"[""ALT-CSE-07-03923""]"
CAS-CSE-07-0938,CSE-07,2024-11-14 00:08:17.008684,2024-11-14 00:27:54.324341,Alert investigated. No indicators of compromise found. Closed without escalation.,ANA-007,False,Resolved,"[""ALT-CSE-07-03942""]"
CAS-CSE-07-0939,CSE-07,2024-12-12 00:40:09.477373,2024-12-12 00:57:59.008074,Investigated system activity on port 36566. Correlated firewall session logs.,ANA-007,False,Resolved,"[""ALT-CSE-07-03962""]"
CAS-CSE-07-0940,CSE-07,2024-12-21 22:14:29.934617,2024-12-21 22:38:21.067457,Investigated system activity on port 14027. Correlated firewall session logs.,ANA-007,False,Resolved,"[""ALT-CSE-07-03973""]"
CAS-CSE-07-0941,CSE-07,2024-12-23 18:14:55.325826,2024-12-23 18:40:31.301348,Investigated system activity on port 29129. Correlated firewall session logs.,ANA-007,False,Resolved,"[""ALT-CSE-07-03974""]"
CAS-CSE-07-0942,CSE-07,2024-12-15 06:58:59.844775,2024-12-15 07:23:27.669772,Alert investigated. No indicators of compromise found. Closed without escalation.,ANA-007,False,Resolved,"[""ALT-CSE-07-04010""]"
CAS-CSE-07-0943,CSE-07,2024-10-14 00:33:05.110657,2024-10-14 00:44:17.725818,Alert investigated. No indicators of compromise found. Closed without escalation.,ANA-007,False,Resolved,"[""ALT-CSE-07-04053""]"
CAS-CSE-07-0944,CSE-07,2024-11-12 22:30:56.073880,2024-11-12 22:49:59.317416,Alert investigated. No indicators of compromise found. Closed without escalation.,ANA-007,False,Resolved,"[""ALT-CSE-07-04056""]"
CAS-CSE-07-0945,CSE-07,2024-11-14 12:37:54.601468,2024-11-14 12:50:12.972435,Alert investigated. No indicators of compromise found. Closed without escalation.,ANA-007,False,Resolved,"[""ALT-CSE-07-04067""]"
CAS-CSE-07-0946,CSE-07,2024-11-02 13:37:11.647066,2024-11-02 13:53:21.187471,Alert investigated. No indicators of compromise found. Closed without escalation.,ANA-007,False,Resolved,"[""ALT-CSE-07-04088""]"
CAS-CSE-07-0947,CSE-07,2024-12-01 17:27:55.427216,2024-12-01 17:42:26.765580,Investigated system activity on port 53163. Correlated firewall session logs.,ANA-007,False,Resolved,"[""ALT-CSE-07-04109""]"
CAS-CSE-07-0948,CSE-07,2024-12-09 09:33:21.521318,2024-12-09 09:50:02.747143,Investigated system activity on port 5543. Correlated firewall session logs.,ANA-007,False,Resolved,"[""ALT-CSE-07-04122""]"
CAS-CSE-07-0949,CSE-07,2024-11-08 16:36:00.732424,2024-11-08 16:57:29.698350,Alert investigated. No indicators of compromise found. Closed without escalation.,ANA-007,False,Resolved,"[""ALT-CSE-07-04151""]"
CAS-CSE-07-0950,CSE-07,2024-11-20 02:42:34.097098,2024-11-20 03:00:25.876180,Investigated system activity on port 17277. Correlated firewall session logs.,ANA-007,False,Resolved,"[""ALT-CSE-07-04168""]"
CAS-CSE-07-0951,CSE-07,2024-12-03 20:19:26.337731,2024-12-03 20:40:36.956538,Alert investigated. No indicators of compromise found. Closed without escalation.,ANA-007,False,Resolved,"[""ALT-CSE-07-04174""]"
CAS-CSE-07-0952,CSE-07,2024-11-25 07:02:12.686306,2024-11-25 07:20:15.083204,Alert investigated. No indicators of compromise found. Closed without escalation.,ANA-007,False,Resolved,"[""ALT-CSE-07-04212""]"
CAS-CSE-07-0953,CSE-07,2024-11-09 13:11:48.533935,2024-11-09 13:22:45.692811,Alert investigated. No indicators of compromise found. Closed without escalation.,ANA-007,False,Resolved,"[""ALT-CSE-07-04242""]"
CAS-CSE-07-0954,CSE-07,2024-10-22 18:55:06.495233,2024-10-22 19:06:43.108004,Alert investigated. No indicators of compromise found. Closed without escalation.,ANA-007,False,Resolved,"[""ALT-CSE-07-04260""]"
CAS-CSE-07-0955,CSE-07,2024-11-08 06:34:38.757593,2024-11-08 06:58:24.329870,Alert investigated. No indicators of compromise found. Closed without escalation.,ANA-007,False,Resolved,"[""ALT-CSE-07-04291""]"
CAS-CSE-07-0956,CSE-07,2024-11-13 16:28:29.739379,2024-11-13 16:50:42.938026,Investigated system activity on port 28954. Correlated firewall session logs.,ANA-007,False,Resolved,"[""ALT-CSE-07-04303""]"
CAS-CSE-07-0957,CSE-07,2024-10-26 12:00:31.613458,2024-10-26 12:17:21.494122,Investigated system activity on port 28416. Correlated firewall session logs.,ANA-007,False,Resolved,"[""ALT-CSE-07-04316""]"
CAS-CSE-07-0958,CSE-07,2024-11-30 17:40:25.471090,2024-11-30 18:04:38.791372,Alert investigated. No indicators of compromise found. Closed without escalation.,ANA-007,False,Resolved,"[""ALT-CSE-07-04330""]"
CAS-CSE-07-0959,CSE-07,2024-10-07 20:26:22.323585,2024-10-07 20:49:47.993024,Alert investigated. No indicators of compromise found. Closed without escalation.,ANA-007,False,Resolved,"[""ALT-CSE-07-04354""]"
CAS-CSE-07-0960,CSE-07,2024-10-01 18:03:55.260115,2024-10-01 18:28:42.873907,Alert investigated. No indicators of compromise found. Closed without escalation.,ANA-007,False,Resolved,"[""ALT-CSE-07-04396""]"
CAS-CSE-07-0961,CSE-07,2024-11-20 23:17:55.308272,2024-11-20 23:30:05.587083,Alert investigated. No indicators of compromise found. Closed without escalation.,ANA-007,False,Resolved,"[""ALT-CSE-07-04404""]"
CAS-CSE-07-0962,CSE-07,2024-10-22 11:45:26.246911,2024-10-22 12:03:43.468274,Investigated system activity on port 51675. Correlated firewall session logs.,ANA-007,False,Resolved,"[""ALT-CSE-07-04457""]"
CAS-CSE-07-0963,CSE-07,2024-12-20 19:24:54.561373,2024-12-20 19:40:04.856484,Alert investigated. No indicators of compromise found. Closed without escalation.,ANA-007,False,Resolved,"[""ALT-CSE-07-04482""]"
CAS-CSE-07-0964,CSE-07,2024-12-21 20:35:31.412625,2024-12-21 20:57:40.411939,Alert investigated. No indicators of compromise found. Closed without escalation.,ANA-007,False,Resolved,"[""ALT-CSE-07-04516""]"
CAS-CSE-07-0965,CSE-07,2024-12-08 11:27:44.380439,2024-12-08 11:43:20.374408,Investigated system activity on port 35022. Correlated firewall session logs.,ANA-007,False,Resolved,"[""ALT-CSE-07-04550""]"
CAS-CSE-07-0966,CSE-07,2024-11-26 03:50:22.641887,2024-11-26 04:07:32.200561,Alert investigated. No indicators of compromise found. Closed without escalation.,ANA-007,True,Resolved,"[""ALT-CSE-07-04587""]"
CAS-CSE-07-0967,CSE-07,2024-11-18 19:13:58.349757,2024-11-18 19:24:05.232388,Alert investigated. No indicators of compromise found. Closed without escalation.,ANA-007,False,Resolved,"[""ALT-CSE-07-04609""]"
CAS-CSE-07-0968,CSE-07,2024-11-06 14:17:57.773929,2024-11-06 14:36:23.313126,Investigated system activity on port 18946. Correlated firewall session logs.,ANA-007,False,Resolved,"[""ALT-CSE-07-04645""]"
CAS-CSE-07-0969,CSE-07,2024-12-02 02:10:31.006417,2024-12-02 02:27:08.381852,Alert investigated. No indicators of compromise found. Closed without escalation.,ANA-007,False,Resolved,"[""ALT-CSE-07-04703""]"
CAS-CSE-07-0970,CSE-07,2024-11-06 00:17:49.735256,2024-11-06 00:37:27.683174,Alert investigated. No indicators of compromise found. Closed without escalation.,ANA-007,False,Resolved,"[""ALT-CSE-07-04724""]"
CAS-CSE-07-0971,CSE-07,2024-12-04 06:28:05.129399,2024-12-04 06:50:25.485987,Alert investigated. No indicators of compromise found. Closed without escalation.,ANA-007,False,Resolved,"[""ALT-CSE-07-04735""]"
CAS-CSE-07-0972,CSE-07,2024-11-26 18:03:11.477490,2024-11-26 18:17:35.952222,Investigated system activity on port 20361. Correlated firewall session logs.,ANA-007,False,Resolved,"[""ALT-CSE-07-04743""]"
CAS-CSE-07-0973,CSE-07,2024-10-10 14:02:50.313809,2024-10-10 14:21:23.587575,Alert investigated. No indicators of compromise found. Closed without escalation.,ANA-007,False,Resolved,"[""ALT-CSE-07-04753""]"
CAS-CSE-07-0974,CSE-07,2024-10-03 12:22:54.062627,2024-10-03 12:41:09.896937,Alert investigated. No indicators of compromise found. Closed without escalation.,ANA-007,True,Resolved,"[""ALT-CSE-07-04760""]"
CAS-CSE-07-0975,CSE-07,2024-11-28 11:07:27.724282,2024-11-28 11:21:58.772805,Investigated system activity on port 65158. Correlated firewall session logs.,ANA-007,False,Resolved,"[""ALT-CSE-07-04775""]"
CAS-CSE-07-0976,CSE-07,2024-12-21 01:15:03.986809,2024-12-21 01:37:53.877008,Alert investigated. No indicators of compromise found. Closed without escalation.,ANA-007,False,Resolved,"[""ALT-CSE-07-04786""]"
CAS-CSE-07-0977,CSE-07,2024-10-18 19:22:21.865136,2024-10-18 19:47:50.971479,Investigated system activity on port 50100. Correlated firewall session logs.,ANA-007,False,Resolved,"[""ALT-CSE-07-04787""]"
CAS-CSE-07-0978,CSE-07,2024-10-30 05:10:46.447173,2024-10-30 05:22:55.418397,Alert investigated. No indicators of compromise found. Closed without escalation.,ANA-007,False,Resolved,"[""ALT-CSE-07-04792""]"
CAS-CSE-07-0979,CSE-07,2024-11-16 14:22:26.253529,2024-11-16 14:38:30.442893,Alert investigated. No indicators of compromise found. Closed without escalation.,ANA-007,False,Resolved,"[""ALT-CSE-07-04793""]"
