alert_id,cse_id,severity,created_at,acknowledged_at,closed_at,status,case_id,asset_id,escalated
ALT-CSE-07-00000,CSE-07,CRITICAL,2024-11-30T08:25:59,2024-11-30T08:26:29.131052,2024-11-30T08:31:14.392288,CLOSED,CAS-CSE-07-0001,FIREWALL-07,False
ALT-CSE-07-00001,CSE-07,CRITICAL,2024-10-31T20:57:22,2024-10-31T20:58:20.758294,2024-10-31T21:02:27.139486,CLOSED,,FIREWALL-07,False
ALT-CSE-07-00002,CSE-07,CRITICAL,2024-10-07T11:57:51,2024-10-07T11:59:15.767262,2024-10-07T12:02:53.684810,CLOSED,,DB-SERVER-07,False
ALT-CSE-07-00003,CSE-07,CRITICAL,2024-12-02T13:39:02,2024-12-02T13:40:39.154380,2024-12-02T13:44:08.842653,CLOSED,CAS-CSE-07-0002,FIREWALL-07,False
ALT-CSE-07-00004,CSE-07,CRITICAL,2024-10-22T14:51:26,2024-10-22T14:52:55.066873,2024-10-22T14:56:31.882446,CLOSED,CAS-CSE-07-0003,ENDPOINT-07,False
ALT-CSE-07-00005,CSE-07,CRITICAL,2024-11-22T14:44:46,2024-11-22T14:46:06.036488,2024-11-22T14:50:09.103932,CLOSED,CAS-CSE-07-0004,ENDPOINT-07,False
ALT-CSE-07-00006,CSE-07,CRITICAL,2024-10-05T11:45:26,2024-10-05T11:46:15.553008,2024-10-05T11:50:32.981380,CLOSED,CAS-CSE-07-0005,WEB-SERVER-07,False
ALT-CSE-07-00007,CSE-07,CRITICAL,2024-10-27T23:56:08,2024-10-27T23:57:00.281956,2024-10-28T00:01:15.634480,CLOSED,CAS-CSE-07-0006,ENDPOINT-07,False
ALT-CSE-07-00008,CSE-07,CRITICAL,2024-11-29T20:45:28,2024-11-29T20:47:06.679282,2024-11-29T20:50:46.639608,CLOSED,CAS-CSE-07-0007,DB-SERVER-07,False
ALT-CSE-07-00009,CSE-07,CRITICAL,2024-12-04T04:11:35,2024-12-04T04:12:59.565253,2024-12-04T04:16:45.859296,CLOSED,,DB-SERVER-07,False
ALT-CSE-07-00010,CSE-07,CRITICAL,2024-12-22T09:21:28,2024-12-22T09:22:15.615786,2024-12-22T09:26:38.187221,CLOSED,CAS-CSE-07-0008,DB-SERVER-07,False
ALT-CSE-07-00011,CSE-07,CRITICAL,2024-10-09T13:14:59,2024-10-09T13:15:48.040905,2024-10-09T13:20:00.599490,CLOSED,CAS-CSE-07-0009,ENDPOINT-07,False
ALT-CSE-07-00012,CSE-07,CRITICAL,2024-10-28T01:16:53,2024-10-28T01:17:43.610928,2024-10-28T01:22:16.621334,CLOSED,CAS-CSE-07-0010,FIREWALL-07,False
ALT-CSE-07-00013,CSE-07,CRITICAL,2024-12-06T23:31:03,2024-12-06T23:32:10.652027,2024-12-06T23:36:16.730893,CLOSED,CAS-CSE-07-0011,DB-SERVER-07,False
ALT-CSE-07-00014,CSE-07,CRITICAL,2024-12-12T21:01:46,2024-12-12T21:02:29.066726,2024-12-12T21:07:07.659396,CLOSED,CAS-CSE-07-0012,WEB-SERVER-07,False
ALT-CSE-07-00015,CSE-07,CRITICAL,2024-11-22T12:21:26,2024-11-22T12:22:03.825509,2024-11-22T12:26:41.781555,CLOSED,CAS-CSE-07-0013,DB-SERVER-07,False
ALT-CSE-07-00016,CSE-07,CRITICAL,2024-10-04T17:23:38,2024-10-04T17:25:30.081714,2024-10-04T17:28:50.526158,CLOSED,CAS-CSE-07-0014,ENDPOINT-07,False
ALT-CSE-07-00017,CSE-07,CRITICAL,2024-12-07T10:49:29,2024-12-07T10:50:39.091402,2024-12-07T10:54:42.431735,CLOSED,CAS-CSE-07-0015,FIREWALL-07,False
ALT-CSE-07-00018,CSE-07,CRITICAL,2024-10-16T05:18:20,2024-10-16T05:19:33.224772,2024-10-16T05:23:34.829236,CLOSED,CAS-CSE-07-0016,DB-SERVER-07,False
ALT-CSE-07-00019,CSE-07,CRITICAL,2024-10-27T14:40:24,2024-10-27T14:41:39.845963,2024-10-27T14:45:27.826631,CLOSED,CAS-CSE-07-0017,DB-SERVER-07,False
ALT-CSE-07-00020,CSE-07,CRITICAL,2024-11-09T17:33:01,2024-11-09T17:34:58.826255,2024-11-09T17:38:05.272399,CLOSED,CAS-CSE-07-0018,ENDPOINT-07,False
ALT-CSE-07-00021,CSE-07,CRITICAL,2024-10-17T18:05:58,2024-10-17T18:07:41.026309,2024-10-17T18:11:13.965714,CLOSED,CAS-CSE-07-0019,WEB-SERVER-07,False
ALT-CSE-07-00022,CSE-07,CRITICAL,2024-12-11T22:52:03,2024-12-11T22:52:53.181059,2024-12-11T22:57:06.751235,CLOSED,CAS-CSE-07-0020,WEB-SERVER-07,False
ALT-CSE-07-00023,CSE-07,CRITICAL,2024-10-18T04:10:25,2024-10-18T04:11:27.463792,2024-10-18T04:15:33.564002,CLOSED,CAS-CSE-07-0021,FIREWALL-07,False
ALT-CSE-07-00024,CSE-07,CRITICAL,2024-10-22T04:56:58,2024-10-22T04:58:20.369148,2024-10-22T05:02:19.874543,CLOSED,CAS-CSE-07-0022,ENDPOINT-07,False
ALT-CSE-07-00025,CSE-07,CRITICAL,2024-12-25T00:49:23,2024-12-25T00:50:07.335707,2024-12-25T00:54:39.846611,CLOSED,CAS-CSE-07-0023,WEB-SERVER-07,False
ALT-CSE-07-00026,CSE-07,CRITICAL,2024-11-25T18:11:00,2024-11-25T18:12:21.115159,2024-11-25T18:15:55.224606,CLOSED,CAS-CSE-07-0024,ENDPOINT-07,False
ALT-CSE-07-00027,CSE-07,CRITICAL,2024-12-03T17:23:19,2024-12-03T17:23:59.201494,2024-12-03T17:28:37.754682,CLOSED,CAS-CSE-07-0025,WEB-SERVER-07,False
ALT-CSE-07-00028,CSE-07,CRITICAL,2024-12-02T06:02:11,2024-12-02T06:02:55.417633,2024-12-02T06:07:06.130939,CLOSED,CAS-CSE-07-0026,ENDPOINT-07,False
ALT-CSE-07-00029,CSE-07,CRITICAL,2024-10-23T00:25:56,2024-10-23T00:26:27.938633,2024-10-23T00:30:56.205725,CLOSED,CAS-CSE-07-0027,WEB-SERVER-07,False
ALT-CSE-07-00030,CSE-07,CRITICAL,2024-10-25T10:03:57,2024-10-25T10:05:13.423005,2024-10-25T10:09:13.674779,CLOSED,CAS-CSE-07-0028,WEB-SERVER-07,False
ALT-CSE-07-00031,CSE-07,CRITICAL,2024-11-03T07:56:32,2024-11-03T07:57:12.098294,2024-11-03T08:01:48.412333,CLOSED,CAS-CSE-07-0029,DB-SERVER-07,False
ALT-CSE-07-00032,CSE-07,CRITICAL,2024-12-26T20:27:06,2024-12-26T20:29:00.178148,2024-12-26T20:32:30.501050,CLOSED,CAS-CSE-07-0030,WEB-SERVER-07,False
ALT-CSE-07-00033,CSE-07,CRITICAL,2024-12-15T06:10:17,2024-12-15T06:11:12.790117,2024-12-15T06:15:18.857804,CLOSED,CAS-CSE-07-0031,WEB-SERVER-07,False
ALT-CSE-07-00034,CSE-07,CRITICAL,2024-12-07T11:15:02,2024-12-07T11:16:21.060921,2024-12-07T11:20:19.525253,CLOSED,CAS-CSE-07-0032,FIREWALL-07,False
ALT-CSE-07-00035,CSE-07,CRITICAL,2024-10-06T02:10:26,2024-10-06T02:11:39.472221,2024-10-06T02:15:26.252800,CLOSED,CAS-CSE-07-0033,ENDPOINT-07,False
ALT-CSE-07-00036,CSE-07,CRITICAL,2024-11-24T06:39:37,2024-11-24T06:40:15.328407,2024-11-24T06:44:39.530582,CLOSED,,ENDPOINT-07,False
ALT-CSE-07-00037,CSE-07,CRITICAL,2024-12-01T03:04:25,2024-12-01T03:05:37.529485,2024-12-01T03:09:34.391373,CLOSED,CAS-CSE-07-0034,ENDPOINT-07,False
ALT-CSE-07-00038,CSE-07,CRITICAL,2024-12-11T08:10:11,2024-12-11T08:11:19.744405,2024-12-11T08:15:47.986069,CLOSED,,DB-SERVER-07,False
ALT-CSE-07-00039,CSE-07,CRITICAL,2024-12-25T14:26:35,2024-12-25T14:27:25.086472,2024-12-25T14:31:41.984516,CLOSED,CAS-CSE-07-0035,FIREWALL-07,False
ALT-CSE-07-00040,CSE-07,CRITICAL,2024-10-19T20:42:14,2024-10-19T20:43:13.284502,2024-10-19T20:47:21.599489,CLOSED,CAS-CSE-07-0036,WEB-SERVER-07,False
ALT-CSE-07-00041,CSE-07,CRITICAL,2024-11-08T16:05:59,2024-11-08T16:07:55.885300,2024-11-08T16:11:08.475425,CLOSED,CAS-CSE-07-0037,ENDPOINT-07,False
ALT-CSE-07-00042,CSE-07,CRITICAL,2024-12-23T14:05:04,2024-12-23T14:05:40.951073,2024-12-23T14:10:04.227118,CLOSED,CAS-CSE-07-0038,ENDPOINT-07,False
ALT-CSE-07-00043,CSE-07,CRITICAL,2024-10-07T07:28:39,2024-10-07T07:30:25.350092,2024-10-07T07:33:50.025053,CLOSED,CAS-CSE-07-0039,DB-SERVER-07,False
ALT-CSE-07-00044,CSE-07,CRITICAL,2024-11-12T01:13:49,2024-11-12T01:15:43.889995,2024-11-12T01:19:11.451054,CLOSED,CAS-CSE-07-0040,DB-SERVER-07,False
ALT-CSE-07-00045,CSE-07,CRITICAL,2024-11-24T05:37:58,2024-11-24T05:39:19.587584,2024-11-24T05:42:59.591960,CLOSED,CAS-CSE-07-0041,WEB-SERVER-07,False
ALT-CSE-07-00046,CSE-07,CRITICAL,2024-11-17T19:43:16,2024-11-17T19:45:07.011361,2024-11-17T19:48:39.182095,CLOSED,CAS-CSE-07-0042,FIREWALL-07,False
ALT-CSE-07-00047,CSE-07,CRITICAL,2024-10-26T03:21:17,2024-10-26T03:21:51.926256,2024-10-26T03:26:26.966211,CLOSED,CAS-CSE-07-0043,FIREWALL-07,False
ALT-CSE-07-00048,CSE-07,CRITICAL,2024-12-20T23:50:24,2024-12-20T23:50:55.701938,2024-12-20T23:55:23.468950,CLOSED,CAS-CSE-07-0044,WEB-SERVER-07,False
ALT-CSE-07-00049,CSE-07,CRITICAL,2024-11-01T17:52:01,2024-11-01T17:53:57.517683,2024-11-01T17:57:28.629190,CLOSED,CAS-CSE-07-0045,WEB-SERVER-07,False
ALT-CSE-07-00050,CSE-07,CRITICAL,2024-10-10T13:05:01,2024-10-10T13:06:38.707050,2024-10-10T13:10:14.532012,CLOSED,CAS-CSE-07-0046,WEB-SERVER-07,False
ALT-CSE-07-00051,CSE-07,CRITICAL,2024-12-13T17:40:18,2024-12-13T17:41:14.608582,2024-12-13T17:45:34.413844,CLOSED,CAS-CSE-07-0047,DB-SERVER-07,False
ALT-CSE-07-00052,CSE-07,CRITICAL,2024-10-16T03:38:43,2024-10-16T03:39:18.871676,2024-10-16T03:43:51.656598,CLOSED,CAS-CSE-07-0048,ENDPOINT-07,False
ALT-CSE-07-00053,CSE-07,CRITICAL,2024-12-07T22:38:14,2024-12-07T22:38:55.530952,2024-12-07T22:43:13.476910,CLOSED,CAS-CSE-07-0049,DB-SERVER-07,False
ALT-CSE-07-00054,CSE-07,CRITICAL,2024-10-06T14:18:35,2024-10-06T14:20:33.174579,2024-10-06T14:23:33.113762,CLOSED,CAS-CSE-07-0050,DB-SERVER-07,False
ALT-CSE-07-00055,CSE-07,CRITICAL,2024-11-04T18:52:25,2024-11-04T18:54:08.559850,2024-11-04T18:57:47.957749,CLOSED,,ENDPOINT-07,False
ALT-CSE-07-00056,CSE-07,CRITICAL,2024-10-10T15:19:13,2024-10-10T15:20:14.960959,2024-10-10T15:24:25.928435,CLOSED,CAS-CSE-07-0051,ENDPOINT-07,False
ALT-CSE-07-00057,CSE-07,CRITICAL,2024-10-25T10:19:23,2024-10-25T10:19:55.921413,2024-10-25T10:24:34.961184,CLOSED,CAS-CSE-07-0052,ENDPOINT-07,False
ALT-CSE-07-00058,CSE-07,CRITICAL,2024-12-20T08:40:07,2024-12-20T08:41:38.025418,2024-12-20T08:45:33.305401,CLOSED,CAS-CSE-07-0053,FIREWALL-07,False
ALT-CSE-07-00059,CSE-07,CRITICAL,2024-10-25T13:30:35,2024-10-25T13:31:38.376988,2024-10-25T13:35:31.475004,CLOSED,CAS-CSE-07-0054,FIREWALL-07,False
ALT-CSE-07-00060,CSE-07,CRITICAL,2024-11-20T10:56:11,2024-11-20T10:57:13.881905,2024-11-20T11:01:16.809128,CLOSED,CAS-CSE-07-0055,WEB-SERVER-07,False
ALT-CSE-07-00061,CSE-07,CRITICAL,2024-12-03T05:46:18,2024-12-03T05:47:08.163435,2024-12-03T05:51:27.086440,CLOSED,CAS-CSE-07-0056,ENDPOINT-07,False
ALT-CSE-07-00062,CSE-07,CRITICAL,2024-12-22T16:57:27,2024-12-22T16:59:16.325814,2024-12-22T17:02:34.058832,CLOSED,,WEB-SERVER-07,False
ALT-CSE-07-00063,CSE-07,CRITICAL,2024-10-28T07:55:21,2024-10-28T07:57:01.191924,2024-10-28T08:00:40.526617,CLOSED,CAS-CSE-07-0057,ENDPOINT-07,False
ALT-CSE-07-00064,CSE-07,CRITICAL,2024-10-27T13:52:34,2024-10-27T13:54:27.049663,2024-10-27T13:57:51.498037,CLOSED,CAS-CSE-07-0058,FIREWALL-07,False
ALT-CSE-07-00065,CSE-07,CRITICAL,2024-12-08T22:06:34,2024-12-08T22:07:31.181237,2024-12-08T22:11:32.947044,CLOSED,CAS-CSE-07-0059,ENDPOINT-07,False
ALT-CSE-07-00066,CSE-07,CRITICAL,2024-12-04T17:40:07,2024-12-04T17:40:58.170156,2024-12-04T17:45:04.339438,CLOSED,CAS-CSE-07-0060,FIREWALL-07,False
ALT-CSE-07-00067,CSE-07,CRITICAL,2024-10-15T20:56:05,2024-10-15T20:56:38.106574,2024-10-15T21:01:24.246952,CLOSED,CAS-CSE-07-0061,WEB-SERVER-07,False
ALT-CSE-07-00068,CSE-07,CRITICAL,2024-10-02T21:00:41,2024-10-02T21:01:21.158865,2024-10-02T21:05:44.596841,CLOSED,CAS-CSE-07-0062,DB-SERVER-07,False
ALT-CSE-07-00069,CSE-07,CRITICAL,2024-10-17T07:30:13,2024-10-17T07:31:25.407920,2024-10-17T07:35:19.042184,CLOSED,CAS-CSE-07-0063,ENDPOINT-07,False
ALT-CSE-07-00070,CSE-07,CRITICAL,2024-12-24T17:58:28,2024-12-24T18:00:14.539483,2024-12-24T18:03:35.918099,CLOSED,CAS-CSE-07-0064,DB-SERVER-07,False
ALT-CSE-07-00071,CSE-07,CRITICAL,2024-12-14T18:17:28,2024-12-14T18:18:08.623108,2024-12-14T18:22:46.353445,CLOSED,,DB-SERVER-07,False
ALT-CSE-07-00072,CSE-07,CRITICAL,2024-12-24T11:07:45,2024-12-24T11:08:59.987078,2024-12-24T11:13:11.033262,CLOSED,CAS-CSE-07-0065,FIREWALL-07,False
ALT-CSE-07-00073,CSE-07,CRITICAL,2024-10-25T21:00:39,2024-10-25T21:01:23.733188,2024-10-25T21:05:35.346755,CLOSED,CAS-CSE-07-0066,FIREWALL-07,False
ALT-CSE-07-00074,CSE-07,CRITICAL,2024-10-22T12:46:59,2024-10-22T12:47:33.615696,2024-10-22T12:52:21.725342,CLOSED,CAS-CSE-07-0067,FIREWALL-07,False
ALT-CSE-07-00075,CSE-07,CRITICAL,2024-11-24T02:24:15,2024-11-24T02:25:03.204911,2024-11-24T02:29:10.346758,CLOSED,CAS-CSE-07-0068,WEB-SERVER-07,False
ALT-CSE-07-00076,CSE-07,CRITICAL,2024-10-03T22:33:03,2024-10-03T22:34:41.471924,2024-10-03T22:38:04.542487,CLOSED,CAS-CSE-07-0069,WEB-SERVER-07,False
ALT-CSE-07-00077,CSE-07,CRITICAL,2024-11-15T20:32:48,2024-11-15T20:33:53.068333,2024-11-15T20:37:53.435653,CLOSED,CAS-CSE-07-0070,WEB-SERVER-07,False
ALT-CSE-07-00078,CSE-07,CRITICAL,2024-12-05T09:17:50,2024-12-05T09:18:57.729289,2024-12-05T09:23:06.782518,CLOSED,,ENDPOINT-07,False
ALT-CSE-07-00079,CSE-07,CRITICAL,2024-10-07T18:23:08,2024-10-07T18:23:58.141557,2024-10-07T18:28:12.619984,CLOSED,CAS-CSE-07-0071,ENDPOINT-07,False
ALT-CSE-07-00080,CSE-07,CRITICAL,2024-10-30T23:49:58,2024-10-30T23:51:42.350997,2024-10-30T23:55:03.067954,CLOSED,CAS-CSE-07-0072,FIREWALL-07,False
ALT-CSE-07-00081,CSE-07,CRITICAL,2024-12-01T08:14:16,2024-12-01T08:15:54.367113,2024-12-01T08:19:26.863143,CLOSED,CAS-CSE-07-0073,ENDPOINT-07,False
ALT-CSE-07-00082,CSE-07,CRITICAL,2024-10-28T17:40:40,2024-10-28T17:41:52.853433,2024-10-28T17:45:46.488606,CLOSED,CAS-CSE-07-0074,WEB-SERVER-07,False
ALT-CSE-07-00083,CSE-07,CRITICAL,2024-10-01T17:35:35,2024-10-01T17:36:56.503248,2024-10-01T17:40:47.515072,CLOSED,CAS-CSE-07-0075,FIREWALL-07,False
ALT-CSE-07-00084,CSE-07,CRITICAL,2024-11-04T23:34:32,2024-11-04T23:35:52.438085,2024-11-04T23:39:59.808786,CLOSED,CAS-CSE-07-0076,FIREWALL-07,False
ALT-CSE-07-00085,CSE-07,CRITICAL,2024-11-03T04:23:34,2024-11-03T04:24:13.594290,2024-11-03T04:28:35.668621,CLOSED,CAS-CSE-07-0077,FIREWALL-07,False
ALT-CSE-07-00086,CSE-07,CRITICAL,2024-10-30T17:24:52,2024-10-30T17:26:19.133441,2024-10-30T17:30:14.088593,CLOSED,CAS-CSE-07-0078,WEB-SERVER-07,False
ALT-CSE-07-00087,CSE-07,CRITICAL,2024-10-15T13:50:13,2024-10-15T13:50:52.525312,2024-10-15T13:55:08.037906,CLOSED,,WEB-SERVER-07,False
ALT-CSE-07-00088,CSE-07,CRITICAL,2024-10-31T21:52:54,2024-10-31T21:54:35.327457,2024-10-31T21:58:09.659486,CLOSED,CAS-CSE-07-0079,ENDPOINT-07,False
ALT-CSE-07-00089,CSE-07,CRITICAL,2024-11-10T14:21:54,2024-11-10T14:22:44.147454,2024-11-10T14:27:08.208305,CLOSED,CAS-CSE-07-0080,WEB-SERVER-07,False
ALT-CSE-07-00090,CSE-07,CRITICAL,2024-10-17T03:49:28,2024-10-17T03:51:14.098372,2024-10-17T03:54:40.417551,CLOSED,CAS-CSE-07-0081,WEB-SERVER-07,False
ALT-CSE-07-00091,CSE-07,CRITICAL,2024-12-27T01:22:18,2024-12-27T01:22:51.982208,2024-12-27T01:27:29.566819,CLOSED,CAS-CSE-07-0082,DB-SERVER-07,False
ALT-CSE-07-00092,CSE-07,CRITICAL,2024-10-27T03:36:48,2024-10-27T03:37:33.223045,2024-10-27T03:42:17.158617,CLOSED,,ENDPOINT-07,False
ALT-CSE-07-00093,CSE-07,CRITICAL,2024-10-10T09:06:33,2024-10-10T09:07:25.501696,2024-10-10T09:11:42.627237,CLOSED,CAS-CSE-07-0083,ENDPOINT-07,False
ALT-CSE-07-00094,CSE-07,CRITICAL,2024-12-22T08:31:29,2024-12-22T08:32:29.195636,2024-12-22T08:36:52.989334,CLOSED,CAS-CSE-07-0084,ENDPOINT-07,False
ALT-CSE-07-00095,CSE-07,CRITICAL,2024-10-07T17:50:18,2024-10-07T17:51:43.371182,2024-10-07T17:55:28.717544,CLOSED,CAS-CSE-07-0085,FIREWALL-07,False
ALT-CSE-07-00096,CSE-07,CRITICAL,2024-11-18T07:30:56,2024-11-18T07:31:39.014497,2024-11-18T07:35:53.419691,CLOSED,CAS-CSE-07-0086,WEB-SERVER-07,False
ALT-CSE-07-00097,CSE-07,CRITICAL,2024-10-10T14:24:36,2024-10-10T14:26:03.444007,2024-10-10T14:29:40.529558,CLOSED,,ENDPOINT-07,False
ALT-CSE-07-00098,CSE-07,CRITICAL,2024-10-05T07:15:16,2024-10-05T07:17:11.871555,2024-10-05T07:20:29.064942,CLOSED,CAS-CSE-07-0087,DB-SERVER-07,False
ALT-CSE-07-00099,CSE-07,CRITICAL,2024-11-11T01:34:12,2024-11-11T01:35:42.684750,2024-11-11T01:39:37.842852,CLOSED,CAS-CSE-07-0088,WEB-SERVER-07,False
ALT-CSE-07-00100,CSE-07,CRITICAL,2024-12-13T04:54:08,2024-12-13T04:54:38.686591,2024-12-13T04:59:20.237770,CLOSED,CAS-CSE-07-0089,WEB-SERVER-07,False
ALT-CSE-07-00101,CSE-07,CRITICAL,2024-12-25T08:46:54,2024-12-25T08:47:38.044614,2024-12-25T08:52:02.019756,CLOSED,CAS-CSE-07-0090,FIREWALL-07,False
ALT-CSE-07-00102,CSE-07,CRITICAL,2024-11-07T17:48:50,2024-11-07T17:49:25.269519,2024-11-07T17:53:59.437659,CLOSED,CAS-CSE-07-0091,FIREWALL-07,False
ALT-CSE-07-00103,CSE-07,CRITICAL,2024-11-10T14:55:52,2024-11-10T14:56:24.822484,2024-11-10T15:00:48.925114,CLOSED,CAS-CSE-07-0092,ENDPOINT-07,False
ALT-CSE-07-00104,CSE-07,CRITICAL,2024-10-05T19:14:28,2024-10-05T19:15:28.093303,2024-10-05T19:19:54.797657,CLOSED,,DB-SERVER-07,False
ALT-CSE-07-00105,CSE-07,CRITICAL,2024-11-29T10:57:58,2024-11-29T10:59:05.140536,2024-11-29T11:03:19.940794,CLOSED,CAS-CSE-07-0093,FIREWALL-07,False
ALT-CSE-07-00106,CSE-07,CRITICAL,2024-12-08T22:52:12,2024-12-08T22:54:09.600289,2024-12-08T22:57:15.957228,CLOSED,CAS-CSE-07-0094,DB-SERVER-07,False
ALT-CSE-07-00107,CSE-07,CRITICAL,2024-10-22T18:55:35,2024-10-22T18:56:56.820177,2024-10-22T19:00:49.343918,CLOSED,CAS-CSE-07-0095,WEB-SERVER-07,False
ALT-CSE-07-00108,CSE-07,CRITICAL,2024-10-29T11:30:21,2024-10-29T11:32:11.971440,2024-10-29T11:35:51.322944,CLOSED,CAS-CSE-07-0096,WEB-SERVER-07,False
ALT-CSE-07-00109,CSE-07,CRITICAL,2024-12-23T22:04:56,2024-12-23T22:06:46.788205,2024-12-23T22:10:04.154850,CLOSED,CAS-CSE-07-0097,FIREWALL-07,False
ALT-CSE-07-00110,CSE-07,CRITICAL,2024-12-27T06:37:23,2024-12-27T06:37:58.268683,2024-12-27T06:42:29.864823,CLOSED,CAS-CSE-07-0098,ENDPOINT-07,False
ALT-CSE-07-00111,CSE-07,CRITICAL,2024-11-30T13:45:10,2024-11-30T13:45:45.121948,2024-11-30T13:50:30.318428,CLOSED,CAS-CSE-07-0099,DB-SERVER-07,False
ALT-CSE-07-00112,CSE-07,CRITICAL,2024-10-06T03:16:32,2024-10-06T03:17:09.686516,2024-10-06T03:21:48.795953,CLOSED,CAS-CSE-07-0100,ENDPOINT-07,False
ALT-CSE-07-00113,CSE-07,CRITICAL,2024-10-11T12:39:40,2024-10-11T12:40:42.526471,2024-10-11T12:44:57.149800,CLOSED,CAS-CSE-07-0101,FIREWALL-07,False
ALT-CSE-07-00114,CSE-07,CRITICAL,2024-10-24T00:07:32,2024-10-24T00:08:21.647267,2024-10-24T00:12:34.735705,CLOSED,CAS-CSE-07-0102,ENDPOINT-07,False
ALT-CSE-07-00115,CSE-07,CRITICAL,2024-12-24T19:24:27,2024-12-24T19:24:59.708357,2024-12-24T19:29:48.023251,CLOSED,CAS-CSE-07-0103,WEB-SERVER-07,False
ALT-CSE-07-00116,CSE-07,CRITICAL,2024-11-20T10:35:52,2024-11-20T10:36:58.027339,2024-11-20T10:41:15.640745,CLOSED,CAS-CSE-07-0104,FIREWALL-07,False
ALT-CSE-07-00117,CSE-07,CRITICAL,2024-12-22T02:38:24,2024-12-22T02:39:13.976795,2024-12-22T02:43:19.539765,CLOSED,,WEB-SERVER-07,False
ALT-CSE-07-00118,CSE-07,CRITICAL,2024-11-11T13:55:37,2024-11-11T13:56:10.205502,2024-11-11T14:00:47.083578,CLOSED,,WEB-SERVER-07,False
ALT-CSE-07-00119,CSE-07,CRITICAL,2024-10-12T18:51:43,2024-10-12T18:53:26.743908,2024-10-12T18:56:46.429088,CLOSED,CAS-CSE-07-0105,FIREWALL-07,False
ALT-CSE-07-00120,CSE-07,CRITICAL,2024-12-07T07:48:53,2024-12-07T07:50:23.835557,2024-12-07T07:53:57.452697,CLOSED,,WEB-SERVER-07,False
ALT-CSE-07-00121,CSE-07,CRITICAL,2024-12-04T02:35:50,2024-12-04T02:37:02.774566,2024-12-04T02:40:55.722051,CLOSED,CAS-CSE-07-0106,FIREWALL-07,False
ALT-CSE-07-00122,CSE-07,CRITICAL,2024-12-02T23:30:45,2024-12-02T23:32:44.133142,2024-12-02T23:35:33.092219,CLOSED,,FIREWALL-07,False
ALT-CSE-07-00123,CSE-07,CRITICAL,2024-11-27T22:27:58,2024-11-27T22:29:38.281054,2024-11-27T22:33:03.926353,CLOSED,CAS-CSE-07-0107,DB-SERVER-07,False
ALT-CSE-07-00124,CSE-07,CRITICAL,2024-10-28T23:17:28,2024-10-28T23:18:01.366827,2024-10-28T23:22:47.115590,CLOSED,,FIREWALL-07,False
ALT-CSE-07-00125,CSE-07,CRITICAL,2024-10-10T19:22:06,2024-10-10T19:23:40.033482,2024-10-10T19:27:31.997258,CLOSED,,FIREWALL-07,False
ALT-CSE-07-00126,CSE-07,CRITICAL,2024-12-07T12:38:19,2024-12-07T12:39:55.225103,2024-12-07T12:43:18.673193,CLOSED,CAS-CSE-07-0108,ENDPOINT-07,False
ALT-CSE-07-00127,CSE-07,CRITICAL,2024-12-02T18:54:58,2024-12-02T18:56:54.952776,2024-12-02T19:00:11.992559,CLOSED,CAS-CSE-07-0109,ENDPOINT-07,False
ALT-CSE-07-00128,CSE-07,CRITICAL,2024-12-18T18:40:05,2024-12-18T18:41:02.379769,2024-12-18T18:44:59.897851,CLOSED,,ENDPOINT-07,False
ALT-CSE-07-00129,CSE-07,CRITICAL,2024-11-15T11:02:11,2024-11-15T11:03:03.535823,2024-11-15T11:07:14.238674,CLOSED,CAS-CSE-07-0110,WEB-SERVER-07,False
ALT-CSE-07-00130,CSE-07,CRITICAL,2024-10-31T15:58:01,2024-10-31T15:59:16.017133,2024-10-31T16:03:16.799016,CLOSED,CAS-CSE-07-0111,ENDPOINT-07,False
ALT-CSE-07-00131,CSE-07,CRITICAL,2024-10-02T00:53:46,2024-10-02T00:54:57.064056,2024-10-02T00:59:00.728118,CLOSED,CAS-CSE-07-0112,WEB-SERVER-07,False
ALT-CSE-07-00132,CSE-07,CRITICAL,2024-11-04T07:24:45,2024-11-04T07:25:26.769087,2024-11-04T07:29:55.383703,CLOSED,,WEB-SERVER-07,False
ALT-CSE-07-00133,CSE-07,CRITICAL,2024-11-08T00:45:32,2024-11-08T00:46:28.137487,2024-11-08T00:50:28.843799,CLOSED,,WEB-SERVER-07,False
ALT-CSE-07-00134,CSE-07,CRITICAL,2024-12-09T13:30:33,2024-12-09T13:32:01.724128,2024-12-09T13:35:46.589709,CLOSED,CAS-CSE-07-0113,WEB-SERVER-07,False
ALT-CSE-07-00135,CSE-07,CRITICAL,2024-10-19T03:18:43,2024-10-19T03:20:23.508950,2024-10-19T03:23:51.079537,CLOSED,,FIREWALL-07,False
ALT-CSE-07-00136,CSE-07,CRITICAL,2024-10-27T07:14:11,2024-10-27T07:15:09.520833,2024-10-27T07:19:13.233452,CLOSED,,DB-SERVER-07,False
ALT-CSE-07-00137,CSE-07,CRITICAL,2024-11-06T04:58:30,2024-11-06T04:59:03.287247,2024-11-06T05:03:34.889793,CLOSED,CAS-CSE-07-0114,FIREWALL-07,False
ALT-CSE-07-00138,CSE-07,CRITICAL,2024-12-15T01:33:07,2024-12-15T01:34:40.322350,2024-12-15T01:38:06.799752,CLOSED,CAS-CSE-07-0115,WEB-SERVER-07,False
ALT-CSE-07-00139,CSE-07,CRITICAL,2024-12-19T17:39:27,2024-12-19T17:41:03.233070,2024-12-19T17:44:46.529959,CLOSED,CAS-CSE-07-0116,ENDPOINT-07,False
ALT-CSE-07-00140,CSE-07,CRITICAL,2024-11-02T00:12:18,2024-11-02T00:13:18.851871,2024-11-02T00:17:36.314981,CLOSED,CAS-CSE-07-0117,FIREWALL-07,False
ALT-CSE-07-00141,CSE-07,CRITICAL,2024-11-07T02:30:36,2024-11-07T02:32:01.886217,2024-11-07T02:35:54.117673,CLOSED,CAS-CSE-07-0118,DB-SERVER-07,False
ALT-CSE-07-00142,CSE-07,CRITICAL,2024-11-13T01:50:35,2024-11-13T01:52:09.475560,2024-11-13T01:55:51.665663,CLOSED,CAS-CSE-07-0119,DB-SERVER-07,False
ALT-CSE-07-00143,CSE-07,CRITICAL,2024-10-09T05:25:24,2024-10-09T05:27:04.719403,2024-10-09T05:30:39.904222,CLOSED,CAS-CSE-07-0120,FIREWALL-07,False
ALT-CSE-07-00144,CSE-07,CRITICAL,2024-10-14T15:09:44,2024-10-14T15:11:42.604867,2024-10-14T15:14:44.252908,CLOSED,CAS-CSE-07-0121,DB-SERVER-07,False
ALT-CSE-07-00145,CSE-07,CRITICAL,2024-10-30T20:37:25,2024-10-30T20:38:23.577881,2024-10-30T20:42:43.358580,CLOSED,CAS-CSE-07-0122,DB-SERVER-07,False
ALT-CSE-07-00146,CSE-07,CRITICAL,2024-11-11T17:29:00,2024-11-11T17:29:42.822060,2024-11-11T17:34:22.850866,CLOSED,,FIREWALL-07,False
ALT-CSE-07-00147,CSE-07,CRITICAL,2024-10-18T07:18:16,2024-10-18T07:19:13.434259,2024-10-18T07:23:31.790433,CLOSED,CAS-CSE-07-0123,FIREWALL-07,False
ALT-CSE-07-00148,CSE-07,CRITICAL,2024-10-23T05:22:06,2024-10-23T05:23:22.546286,2024-10-23T05:27:38.252583,CLOSED,CAS-CSE-07-0124,DB-SERVER-07,False
ALT-CSE-07-00149,CSE-07,CRITICAL,2024-12-27T12:49:45,2024-12-27T12:51:44.616963,2024-12-27T12:54:51.975484,CLOSED,CAS-CSE-07-0125,WEB-SERVER-07,False
ALT-CSE-07-00150,CSE-07,CRITICAL,2024-12-02T16:09:12,2024-12-02T16:09:57.271765,2024-12-02T16:14:17.675485,CLOSED,CAS-CSE-07-0126,WEB-SERVER-07,False
ALT-CSE-07-00151,CSE-07,CRITICAL,2024-11-23T10:59:32,2024-11-23T11:00:33.103994,2024-11-23T11:04:51.222558,CLOSED,CAS-CSE-07-0127,FIREWALL-07,False
ALT-CSE-07-00152,CSE-07,CRITICAL,2024-10-13T20:47:55,2024-10-13T20:49:39.025270,2024-10-13T20:53:06.626412,CLOSED,CAS-CSE-07-0128,WEB-SERVER-07,False
ALT-CSE-07-00153,CSE-07,CRITICAL,2024-10-06T17:31:48,2024-10-06T17:32:18.912974,2024-10-06T17:36:52.283567,CLOSED,CAS-CSE-07-0129,ENDPOINT-07,False
ALT-CSE-07-00154,CSE-07,CRITICAL,2024-11-04T18:19:48,2024-11-04T18:21:14.284272,2024-11-04T18:24:54.555123,CLOSED,CAS-CSE-07-0130,WEB-SERVER-07,False
ALT-CSE-07-00155,CSE-07,CRITICAL,2024-11-18T09:39:19,2024-11-18T09:40:13.078841,2024-11-18T09:44:34.646246,CLOSED,CAS-CSE-07-0131,FIREWALL-07,False
ALT-CSE-07-00156,CSE-07,CRITICAL,2024-11-19T09:14:25,2024-11-19T09:15:02.594728,2024-11-19T09:19:18.332529,CLOSED,CAS-CSE-07-0132,DB-SERVER-07,False
ALT-CSE-07-00157,CSE-07,CRITICAL,2024-12-16T07:51:51,2024-12-16T07:53:36.213817,2024-12-16T07:56:38.217393,CLOSED,,DB-SERVER-07,False
ALT-CSE-07-00158,CSE-07,CRITICAL,2024-12-28T03:30:20,2024-12-28T03:31:19.293249,2024-12-28T03:35:52.366332,CLOSED,CAS-CSE-07-0133,DB-SERVER-07,False
ALT-CSE-07-00159,CSE-07,CRITICAL,2024-12-06T00:50:17,2024-12-06T00:51:19.685761,2024-12-06T00:55:27.932695,CLOSED,CAS-CSE-07-0134,WEB-SERVER-07,False
ALT-CSE-07-00160,CSE-07,CRITICAL,2024-10-12T12:04:55,2024-10-12T12:06:35.156098,2024-10-12T12:10:10.747905,CLOSED,,ENDPOINT-07,False
ALT-CSE-07-00161,CSE-07,CRITICAL,2024-12-25T22:50:18,2024-12-25T22:51:56.777943,2024-12-25T22:55:17.742887,CLOSED,,WEB-SERVER-07,False
ALT-CSE-07-00162,CSE-07,CRITICAL,2024-10-29T14:19:23,2024-10-29T14:21:00.348667,2024-10-29T14:24:28.825611,CLOSED,CAS-CSE-07-0135,DB-SERVER-07,False
ALT-CSE-07-00163,CSE-07,CRITICAL,2024-11-03T17:47:01,2024-11-03T17:48:03.383462,2024-11-03T17:52:14.502814,CLOSED,,FIREWALL-07,False
ALT-CSE-07-00164,CSE-07,CRITICAL,2024-11-17T00:22:35,2024-11-17T00:24:00.482068,2024-11-17T00:27:43.192827,CLOSED,CAS-CSE-07-0136,FIREWALL-07,False
ALT-CSE-07-00165,CSE-07,CRITICAL,2024-11-07T11:51:52,2024-11-07T11:52:31.279113,2024-11-07T11:57:07.497016,CLOSED,CAS-CSE-07-0137,WEB-SERVER-07,False
ALT-CSE-07-00166,CSE-07,CRITICAL,2024-11-03T11:51:43,2024-11-03T11:53:10.306928,2024-11-03T11:56:48.934683,CLOSED,CAS-CSE-07-0138,WEB-SERVER-07,False
ALT-CSE-07-00167,CSE-07,CRITICAL,2024-12-19T21:18:44,2024-12-19T21:19:36.533766,2024-12-19T21:24:10.098860,CLOSED,CAS-CSE-07-0139,WEB-SERVER-07,False
ALT-CSE-07-00168,CSE-07,CRITICAL,2024-10-04T22:48:53,2024-10-04T22:49:37.602509,2024-10-04T22:54:09.814134,CLOSED,CAS-CSE-07-0140,ENDPOINT-07,False
ALT-CSE-07-00169,CSE-07,CRITICAL,2024-11-02T19:31:08,2024-11-02T19:33:02.625274,2024-11-02T19:36:19.597818,CLOSED,CAS-CSE-07-0141,ENDPOINT-07,False
ALT-CSE-07-00170,CSE-07,CRITICAL,2024-12-18T02:38:26,2024-12-18T02:39:31.415596,2024-12-18T02:43:38.121762,CLOSED,CAS-CSE-07-0142,ENDPOINT-07,False
ALT-CSE-07-00171,CSE-07,CRITICAL,2024-12-18T06:34:10,2024-12-18T06:35:38.328339,2024-12-18T06:39:15.906108,CLOSED,CAS-CSE-07-0143,DB-SERVER-07,False
ALT-CSE-07-00172,CSE-07,CRITICAL,2024-10-31T11:33:52,2024-10-31T11:35:19.548427,2024-10-31T11:39:11.147943,CLOSED,,DB-SERVER-07,False
ALT-CSE-07-00173,CSE-07,CRITICAL,2024-12-18T00:53:31,2024-12-18T00:54:36.794245,2024-12-18T00:58:50.841557,CLOSED,CAS-CSE-07-0144,WEB-SERVER-07,False
ALT-CSE-07-00174,CSE-07,CRITICAL,2024-11-27T06:13:18,2024-11-27T06:14:23.561086,2024-11-27T06:18:41.191898,CLOSED,CAS-CSE-07-0145,ENDPOINT-07,False
ALT-CSE-07-00175,CSE-07,CRITICAL,2024-12-23T00:48:21,2024-12-23T00:49:00.751304,2024-12-23T00:53:37.869769,CLOSED,CAS-CSE-07-0146,DB-SERVER-07,False
ALT-CSE-07-00176,CSE-07,CRITICAL,2024-11-01T07:54:51,2024-11-01T07:55:41.022557,2024-11-01T07:59:59.873517,CLOSED,CAS-CSE-07-0147,WEB-SERVER-07,False
ALT-CSE-07-00177,CSE-07,CRITICAL,2024-10-17T10:01:00,2024-10-17T10:01:46.301912,2024-10-17T10:05:56.004986,CLOSED,CAS-CSE-07-0148,DB-SERVER-07,False
ALT-CSE-07-00178,CSE-07,CRITICAL,2024-12-06T05:22:35,2024-12-06T05:23:43.690542,2024-12-06T05:27:47.414957,CLOSED,CAS-CSE-07-0149,DB-SERVER-07,False
ALT-CSE-07-00179,CSE-07,CRITICAL,2024-10-16T11:42:33,2024-10-16T11:44:17.725165,2024-10-16T11:47:59.626436,CLOSED,,FIREWALL-07,False
ALT-CSE-07-00180,CSE-07,CRITICAL,2024-10-30T12:05:33,2024-10-30T12:07:24.418103,2024-10-30T12:10:38.099697,CLOSED,CAS-CSE-07-0150,WEB-SERVER-07,False
ALT-CSE-07-00181,CSE-07,CRITICAL,2024-10-24T07:40:55,2024-10-24T07:41:58.462829,2024-10-24T07:45:53.401696,CLOSED,,ENDPOINT-07,False
ALT-CSE-07-00182,CSE-07,CRITICAL,2024-11-11T23:47:48,2024-11-11T23:49:05.273130,2024-11-11T23:52:55.364295,CLOSED,CAS-CSE-07-0151,WEB-SERVER-07,False
ALT-CSE-07-00183,CSE-07,CRITICAL,2024-11-28T03:51:16,2024-11-28T03:52:59.778284,2024-11-28T03:56:43.969997,CLOSED,CAS-CSE-07-0152,ENDPOINT-07,False
ALT-CSE-07-00184,CSE-07,CRITICAL,2024-11-26T23:36:57,2024-11-26T23:38:20.097230,2024-11-26T23:42:10.557516,CLOSED,CAS-CSE-07-0153,ENDPOINT-07,False
ALT-CSE-07-00185,CSE-07,CRITICAL,2024-10-30T04:20:01,2024-10-30T04:21:17.988426,2024-10-30T04:25:07.366314,CLOSED,CAS-CSE-07-0154,ENDPOINT-07,False
ALT-CSE-07-00186,CSE-07,CRITICAL,2024-11-27T23:56:47,2024-11-27T23:57:57.439359,2024-11-28T00:01:51.157195,CLOSED,CAS-CSE-07-0155,DB-SERVER-07,False
ALT-CSE-07-00187,CSE-07,CRITICAL,2024-10-22T10:06:35,2024-10-22T10:07:35.946043,2024-10-22T10:11:41.184727,CLOSED,CAS-CSE-07-0156,DB-SERVER-07,False
ALT-CSE-07-00188,CSE-07,CRITICAL,2024-10-27T06:00:26,2024-10-27T06:01:23.513575,2024-10-27T06:05:40.112074,CLOSED,,DB-SERVER-07,False
ALT-CSE-07-00189,CSE-07,CRITICAL,2024-10-13T20:37:29,2024-10-13T20:38:49.351348,2024-10-13T20:42:29.761237,CLOSED,CAS-CSE-07-0157,FIREWALL-07,False
ALT-CSE-07-00190,CSE-07,CRITICAL,2024-12-25T22:17:41,2024-12-25T22:19:32.551237,2024-12-25T22:23:12.356073,CLOSED,CAS-CSE-07-0158,WEB-SERVER-07,False
ALT-CSE-07-00191,CSE-07,CRITICAL,2024-12-09T12:08:18,2024-12-09T12:10:11.341783,2024-12-09T12:13:23.193683,CLOSED,CAS-CSE-07-0159,FIREWALL-07,False
ALT-CSE-07-00192,CSE-07,CRITICAL,2024-10-05T16:07:22,2024-10-05T16:08:23.380113,2024-10-05T16:12:27.224404,CLOSED,CAS-CSE-07-0160,ENDPOINT-07,False
ALT-CSE-07-00193,CSE-07,CRITICAL,2024-10-26T17:54:43,2024-10-26T17:56:31.606723,2024-10-26T17:59:53.377642,CLOSED,,DB-SERVER-07,False
ALT-CSE-07-00194,CSE-07,CRITICAL,2024-11-18T22:47:57,2024-11-18T22:48:44.152148,2024-11-18T22:53:12.415860,CLOSED,CAS-CSE-07-0161,WEB-SERVER-07,False
ALT-CSE-07-00195,CSE-07,CRITICAL,2024-12-10T23:06:18,2024-12-10T23:06:57.248523,2024-12-10T23:11:13.718361,CLOSED,CAS-CSE-07-0162,FIREWALL-07,False
ALT-CSE-07-00196,CSE-07,CRITICAL,2024-12-23T05:32:18,2024-12-23T05:32:50.515727,2024-12-23T05:37:23.870410,CLOSED,CAS-CSE-07-0163,FIREWALL-07,False
ALT-CSE-07-00197,CSE-07,CRITICAL,2024-11-06T23:03:53,2024-11-06T23:04:43.303578,2024-11-06T23:08:52.154826,CLOSED,CAS-CSE-07-0164,WEB-SERVER-07,False
ALT-CSE-07-00198,CSE-07,CRITICAL,2024-12-26T23:46:02,2024-12-26T23:47:29.637805,2024-12-26T23:51:23.541544,CLOSED,CAS-CSE-07-0165,FIREWALL-07,False
ALT-CSE-07-00199,CSE-07,CRITICAL,2024-10-21T12:14:28,2024-10-21T12:15:46.296089,2024-10-21T12:19:28.129270,CLOSED,CAS-CSE-07-0166,FIREWALL-07,False
ALT-CSE-07-00200,CSE-07,CRITICAL,2024-10-08T17:25:51,2024-10-08T17:27:40.618334,2024-10-08T17:30:56.895091,CLOSED,,FIREWALL-07,False
ALT-CSE-07-00201,CSE-07,CRITICAL,2024-12-28T14:03:24,2024-12-28T14:04:28.398249,2024-12-28T14:08:16.623804,CLOSED,CAS-CSE-07-0167,FIREWALL-07,False
ALT-CSE-07-00202,CSE-07,CRITICAL,2024-12-01T21:53:14,2024-12-01T21:54:19.654951,2024-12-01T21:58:24.668979,CLOSED,CAS-CSE-07-0168,ENDPOINT-07,False
ALT-CSE-07-00203,CSE-07,CRITICAL,2024-12-08T23:03:22,2024-12-08T23:05:19.606976,2024-12-08T23:08:42.784995,CLOSED,CAS-CSE-07-0169,WEB-SERVER-07,False
ALT-CSE-07-00204,CSE-07,CRITICAL,2024-10-24T04:45:07,2024-10-24T04:46:26.187848,2024-10-24T04:50:13.945525,CLOSED,CAS-CSE-07-0170,DB-SERVER-07,False
ALT-CSE-07-00205,CSE-07,CRITICAL,2024-11-30T07:06:04,2024-11-30T07:07:40.572296,2024-11-30T07:11:13.211439,CLOSED,,WEB-SERVER-07,False
ALT-CSE-07-00206,CSE-07,CRITICAL,2024-12-11T14:18:54,2024-12-11T14:20:44.400810,2024-12-11T14:24:10.841363,CLOSED,CAS-CSE-07-0171,DB-SERVER-07,False
ALT-CSE-07-00207,CSE-07,CRITICAL,2024-12-18T23:12:45,2024-12-18T23:14:43.615755,2024-12-18T23:17:47.989716,CLOSED,CAS-CSE-07-0172,DB-SERVER-07,False
ALT-CSE-07-00208,CSE-07,CRITICAL,2024-10-27T15:45:46,2024-10-27T15:46:59.680098,2024-10-27T15:51:09.279654,CLOSED,CAS-CSE-07-0173,FIREWALL-07,False
ALT-CSE-07-00209,CSE-07,CRITICAL,2024-10-24T16:01:24,2024-10-24T16:02:19.560944,2024-10-24T16:06:29.912267,CLOSED,CAS-CSE-07-0174,WEB-SERVER-07,False
ALT-CSE-07-00210,CSE-07,CRITICAL,2024-10-26T22:20:55,2024-10-26T22:21:31.174303,2024-10-26T22:26:02.424213,CLOSED,CAS-CSE-07-0175,ENDPOINT-07,False
ALT-CSE-07-00211,CSE-07,CRITICAL,2024-12-12T06:59:44,2024-12-12T07:00:41.416338,2024-12-12T07:04:44.729772,CLOSED,,WEB-SERVER-07,False
ALT-CSE-07-00212,CSE-07,CRITICAL,2024-10-25T15:22:02,2024-10-25T15:23:12.216816,2024-10-25T15:27:20.484793,CLOSED,CAS-CSE-07-0176,WEB-SERVER-07,False
ALT-CSE-07-00213,CSE-07,CRITICAL,2024-11-24T20:58:24,2024-11-24T21:00:02.066048,2024-11-24T21:03:40.833458,CLOSED,CAS-CSE-07-0177,WEB-SERVER-07,False
ALT-CSE-07-00214,CSE-07,CRITICAL,2024-11-30T00:43:17,2024-11-30T00:44:02.089629,2024-11-30T00:48:54.681521,CLOSED,CAS-CSE-07-0178,WEB-SERVER-07,False
ALT-CSE-07-00215,CSE-07,CRITICAL,2024-10-24T19:51:57,2024-10-24T19:52:46.528068,2024-10-24T19:57:03.742923,CLOSED,CAS-CSE-07-0179,ENDPOINT-07,False
ALT-CSE-07-00216,CSE-07,CRITICAL,2024-11-24T17:29:50,2024-11-24T17:31:00.928166,2024-11-24T17:35:02.865907,CLOSED,,DB-SERVER-07,False
ALT-CSE-07-00217,CSE-07,CRITICAL,2024-11-21T16:20:51,2024-11-21T16:22:47.495524,2024-11-21T16:26:07.343446,CLOSED,CAS-CSE-07-0180,DB-SERVER-07,False
ALT-CSE-07-00218,CSE-07,CRITICAL,2024-12-25T05:09:07,2024-12-25T05:09:59.571124,2024-12-25T05:14:28.897173,CLOSED,CAS-CSE-07-0181,WEB-SERVER-07,False
ALT-CSE-07-00219,CSE-07,CRITICAL,2024-12-06T00:11:38,2024-12-06T00:13:37.429579,2024-12-06T00:17:10.083467,CLOSED,,WEB-SERVER-07,False
ALT-CSE-07-00220,CSE-07,CRITICAL,2024-12-03T03:11:43,2024-12-03T03:12:24.637051,2024-12-03T03:16:51.349582,CLOSED,CAS-CSE-07-0182,FIREWALL-07,False
ALT-CSE-07-00221,CSE-07,CRITICAL,2024-12-15T22:34:43,2024-12-15T22:35:14.110229,2024-12-15T22:40:02.508498,CLOSED,CAS-CSE-07-0183,DB-SERVER-07,False
ALT-CSE-07-00222,CSE-07,CRITICAL,2024-10-30T07:47:49,2024-10-30T07:49:10.402574,2024-10-30T07:53:11.284321,CLOSED,CAS-CSE-07-0184,DB-SERVER-07,False
ALT-CSE-07-00223,CSE-07,CRITICAL,2024-11-03T20:10:59,2024-11-03T20:12:41.116574,2024-11-03T20:16:01.600665,CLOSED,CAS-CSE-07-0185,FIREWALL-07,False
ALT-CSE-07-00224,CSE-07,CRITICAL,2024-12-10T23:23:57,2024-12-10T23:25:17.690970,2024-12-10T23:29:01.519538,CLOSED,CAS-CSE-07-0186,WEB-SERVER-07,False
ALT-CSE-07-00225,CSE-07,CRITICAL,2024-12-28T08:15:00,2024-12-28T08:16:23.009503,2024-12-28T08:20:08.736908,CLOSED,CAS-CSE-07-0187,DB-SERVER-07,False
ALT-CSE-07-00226,CSE-07,CRITICAL,2024-12-11T10:35:19,2024-12-11T10:36:42.746743,2024-12-11T10:40:21.083174,CLOSED,CAS-CSE-07-0188,FIREWALL-07,False
ALT-CSE-07-00227,CSE-07,CRITICAL,2024-10-15T13:29:59,2024-10-15T13:30:56.490352,2024-10-15T13:35:03.410581,CLOSED,CAS-CSE-07-0189,ENDPOINT-07,False
ALT-CSE-07-00228,CSE-07,CRITICAL,2024-10-20T02:48:42,2024-10-20T02:50:09.281409,2024-10-20T02:54:01.935956,CLOSED,CAS-CSE-07-0190,WEB-SERVER-07,False
ALT-CSE-07-00229,CSE-07,CRITICAL,2024-10-06T22:52:44,2024-10-06T22:53:50.048227,2024-10-06T22:57:40.805488,CLOSED,CAS-CSE-07-0191,WEB-SERVER-07,False
ALT-CSE-07-00230,CSE-07,CRITICAL,2024-11-24T19:58:04,2024-11-24T19:59:02.092541,2024-11-24T20:03:18.870430,CLOSED,CAS-CSE-07-0192,ENDPOINT-07,False
ALT-CSE-07-00231,CSE-07,CRITICAL,2024-11-25T23:05:14,2024-11-25T23:06:33.924729,2024-11-25T23:10:21.233713,CLOSED,,FIREWALL-07,False
ALT-CSE-07-00232,CSE-07,CRITICAL,2024-10-13T03:06:06,2024-10-13T03:07:32.783918,2024-10-13T03:11:22.081951,CLOSED,CAS-CSE-07-0193,WEB-SERVER-07,False
ALT-CSE-07-00233,CSE-07,CRITICAL,2024-11-09T14:39:37,2024-11-09T14:41:35.955773,2024-11-09T14:44:58.685753,CLOSED,CAS-CSE-07-0194,FIREWALL-07,False
ALT-CSE-07-00234,CSE-07,CRITICAL,2024-11-04T02:46:22,2024-11-04T02:48:07.209687,2024-11-04T02:51:17.343717,CLOSED,,WEB-SERVER-07,False
ALT-CSE-07-00235,CSE-07,CRITICAL,2024-12-10T18:19:12,2024-12-10T18:19:55.438577,2024-12-10T18:24:22.134899,CLOSED,CAS-CSE-07-0195,FIREWALL-07,False
ALT-CSE-07-00236,CSE-07,CRITICAL,2024-11-10T16:43:00,2024-11-10T16:43:42.734439,2024-11-10T16:48:09.873927,CLOSED,CAS-CSE-07-0196,ENDPOINT-07,False
ALT-CSE-07-00237,CSE-07,CRITICAL,2024-11-04T22:33:31,2024-11-04T22:34:27.668829,2024-11-04T22:38:31.120509,CLOSED,CAS-CSE-07-0197,WEB-SERVER-07,False
ALT-CSE-07-00238,CSE-07,CRITICAL,2024-12-25T22:07:23,2024-12-25T22:08:11.681260,2024-12-25T22:12:36.611860,CLOSED,CAS-CSE-07-0198,FIREWALL-07,False
ALT-CSE-07-00239,CSE-07,CRITICAL,2024-12-23T00:49:12,2024-12-23T00:50:32.488200,2024-12-23T00:54:13.127878,CLOSED,CAS-CSE-07-0199,ENDPOINT-07,False
ALT-CSE-07-00240,CSE-07,CRITICAL,2024-11-27T10:34:47,2024-11-27T10:35:42.761253,2024-11-27T10:40:04.448186,CLOSED,CAS-CSE-07-0200,WEB-SERVER-07,False
ALT-CSE-07-00241,CSE-07,CRITICAL,2024-10-05T00:43:56,2024-10-05T00:45:25.502476,2024-10-05T00:49:03.259578,CLOSED,,FIREWALL-07,False
ALT-CSE-07-00242,CSE-07,CRITICAL,2024-12-04T02:55:39,2024-12-04T02:57:32.984959,2024-12-04T03:00:38.455294,CLOSED,CAS-CSE-07-0201,DB-SERVER-07,False
ALT-CSE-07-00243,CSE-07,CRITICAL,2024-11-03T18:30:17,2024-11-03T18:31:27.063254,2024-11-03T18:35:32.187714,CLOSED,CAS-CSE-07-0202,FIREWALL-07,False
ALT-CSE-07-00244,CSE-07,CRITICAL,2024-11-26T04:43:30,2024-11-26T04:45:14.888702,2024-11-26T04:48:42.991500,CLOSED,,WEB-SERVER-07,False
ALT-CSE-07-00245,CSE-07,CRITICAL,2024-12-27T09:28:55,2024-12-27T09:29:45.850993,2024-12-27T09:34:13.257058,CLOSED,CAS-CSE-07-0203,WEB-SERVER-07,False
ALT-CSE-07-00246,CSE-07,CRITICAL,2024-10-12T22:11:29,2024-10-12T22:12:31.619579,2024-10-12T22:17:01.248335,CLOSED,CAS-CSE-07-0204,ENDPOINT-07,False
ALT-CSE-07-00247,CSE-07,CRITICAL,2024-12-06T19:49:12,2024-12-06T19:50:58.154817,2024-12-06T19:54:26.205964,CLOSED,CAS-CSE-07-0205,ENDPOINT-07,False
ALT-CSE-07-00248,CSE-07,CRITICAL,2024-12-06T03:47:16,2024-12-06T03:48:31.124429,2024-12-06T03:52:37.049123,CLOSED,CAS-CSE-07-0206,DB-SERVER-07,False
ALT-CSE-07-00249,CSE-07,CRITICAL,2024-12-19T02:50:10,2024-12-19T02:51:46.742537,2024-12-19T02:55:14.754392,CLOSED,,WEB-SERVER-07,False
ALT-CSE-07-00250,CSE-07,CRITICAL,2024-12-24T12:11:22,2024-12-24T12:12:57.479641,2024-12-24T12:16:27.638389,CLOSED,CAS-CSE-07-0207,ENDPOINT-07,False
ALT-CSE-07-00251,CSE-07,CRITICAL,2024-12-02T00:30:21,2024-12-02T00:32:12.887087,2024-12-02T00:35:32.125491,CLOSED,CAS-CSE-07-0208,ENDPOINT-07,False
ALT-CSE-07-00252,CSE-07,CRITICAL,2024-11-26T15:19:33,2024-11-26T15:20:30.590066,2024-11-26T15:24:50.850260,CLOSED,CAS-CSE-07-0209,ENDPOINT-07,False
ALT-CSE-07-00253,CSE-07,CRITICAL,2024-11-20T01:30:35,2024-11-20T01:31:26.417519,2024-11-20T01:35:46.236110,CLOSED,,DB-SERVER-07,False
ALT-CSE-07-00254,CSE-07,CRITICAL,2024-11-12T03:21:23,2024-11-12T03:22:38.654209,2024-11-12T03:26:45.856629,CLOSED,,WEB-SERVER-07,False
ALT-CSE-07-00255,CSE-07,CRITICAL,2024-11-12T14:24:51,2024-11-12T14:25:27.139572,2024-11-12T14:30:19.597656,CLOSED,CAS-CSE-07-0210,WEB-SERVER-07,False
ALT-CSE-07-00256,CSE-07,CRITICAL,2024-12-12T02:06:57,2024-12-12T02:07:59.583143,2024-12-12T02:12:01.316971,CLOSED,CAS-CSE-07-0211,FIREWALL-07,False
ALT-CSE-07-00257,CSE-07,CRITICAL,2024-10-25T10:05:38,2024-10-25T10:07:17.303617,2024-10-25T10:10:38.898558,CLOSED,CAS-CSE-07-0212,WEB-SERVER-07,False
ALT-CSE-07-00258,CSE-07,CRITICAL,2024-10-05T18:26:10,2024-10-05T18:27:36.471518,2024-10-05T18:31:21.500623,CLOSED,CAS-CSE-07-0213,ENDPOINT-07,False
ALT-CSE-07-00259,CSE-07,CRITICAL,2024-11-15T06:01:15,2024-11-15T06:02:20.632718,2024-11-15T06:06:32.296570,CLOSED,CAS-CSE-07-0214,WEB-SERVER-07,False
ALT-CSE-07-00260,CSE-07,CRITICAL,2024-12-23T07:17:24,2024-12-23T07:19:10.910751,2024-12-23T07:22:44.941268,CLOSED,,DB-SERVER-07,False
ALT-CSE-07-00261,CSE-07,CRITICAL,2024-12-28T13:47:22,2024-12-28T13:48:28.547452,2024-12-28T13:52:31.925071,CLOSED,CAS-CSE-07-0215,ENDPOINT-07,False
ALT-CSE-07-00262,CSE-07,CRITICAL,2024-10-17T01:06:43,2024-10-17T01:07:56.735157,2024-10-17T01:11:35.142055,CLOSED,CAS-CSE-07-0216,FIREWALL-07,False
ALT-CSE-07-00263,CSE-07,CRITICAL,2024-11-21T01:52:34,2024-11-21T01:54:09.077082,2024-11-21T01:57:55.469902,CLOSED,,FIREWALL-07,False
ALT-CSE-07-00264,CSE-07,CRITICAL,2024-10-31T02:56:49,2024-10-31T02:57:39.769029,2024-10-31T03:01:54.407949,CLOSED,CAS-CSE-07-0217,FIREWALL-07,False
ALT-CSE-07-00265,CSE-07,CRITICAL,2024-10-30T17:22:26,2024-10-30T17:23:44.520762,2024-10-30T17:27:42.656083,CLOSED,CAS-CSE-07-0218,ENDPOINT-07,False
ALT-CSE-07-00266,CSE-07,CRITICAL,2024-12-05T10:45:19,2024-12-05T10:45:59.178199,2024-12-05T10:50:35.602378,CLOSED,,WEB-SERVER-07,False
ALT-CSE-07-00267,CSE-07,CRITICAL,2024-12-08T08:24:37,2024-12-08T08:26:22.476951,2024-12-08T08:29:39.309852,CLOSED,CAS-CSE-07-0219,ENDPOINT-07,False
ALT-CSE-07-00268,CSE-07,CRITICAL,2024-12-28T18:52:29,2024-12-28T18:53:24.990919,2024-12-28T18:57:34.284607,CLOSED,CAS-CSE-07-0220,ENDPOINT-07,False
ALT-CSE-07-00269,CSE-07,CRITICAL,2024-11-05T17:33:16,2024-11-05T17:33:55.920861,2024-11-05T17:38:28.759433,CLOSED,CAS-CSE-07-0221,ENDPOINT-07,False
ALT-CSE-07-00270,CSE-07,CRITICAL,2024-12-13T05:24:25,2024-12-13T05:25:20.742054,2024-12-13T05:29:43.998407,CLOSED,CAS-CSE-07-0222,DB-SERVER-07,False
ALT-CSE-07-00271,CSE-07,CRITICAL,2024-12-24T16:42:06,2024-12-24T16:43:46.692738,2024-12-24T16:47:22.791190,CLOSED,,DB-SERVER-07,False
ALT-CSE-07-00272,CSE-07,CRITICAL,2024-10-10T22:22:47,2024-10-10T22:24:08.364378,2024-10-10T22:27:45.737938,CLOSED,CAS-CSE-07-0223,DB-SERVER-07,False
ALT-CSE-07-00273,CSE-07,CRITICAL,2024-12-03T11:43:21,2024-12-03T11:44:16.063018,2024-12-03T11:48:37.277227,CLOSED,CAS-CSE-07-0224,DB-SERVER-07,False
ALT-CSE-07-00274,CSE-07,CRITICAL,2024-11-06T07:55:45,2024-11-06T07:56:35.017507,2024-11-06T08:00:51.970044,CLOSED,CAS-CSE-07-0225,DB-SERVER-07,False
ALT-CSE-07-00275,CSE-07,CRITICAL,2024-11-26T09:15:31,2024-11-26T09:16:52.101038,2024-11-26T09:20:31.518143,CLOSED,CAS-CSE-07-0226,DB-SERVER-07,False
ALT-CSE-07-00276,CSE-07,CRITICAL,2024-11-26T20:03:24,2024-11-26T20:04:18.431814,2024-11-26T20:08:34.139034,CLOSED,CAS-CSE-07-0227,FIREWALL-07,False
ALT-CSE-07-00277,CSE-07,CRITICAL,2024-10-29T23:03:32,2024-10-29T23:04:44.616968,2024-10-29T23:08:58.234425,CLOSED,CAS-CSE-07-0228,DB-SERVER-07,False
ALT-CSE-07-00278,CSE-07,CRITICAL,2024-12-21T05:55:53,2024-12-21T05:56:54.185376,2024-12-21T06:01:03.777594,CLOSED,,ENDPOINT-07,False
ALT-CSE-07-00279,CSE-07,CRITICAL,2024-12-25T00:45:26,2024-12-25T00:47:11.209021,2024-12-25T00:50:46.375137,CLOSED,CAS-CSE-07-0229,FIREWALL-07,False
ALT-CSE-07-00280,CSE-07,CRITICAL,2024-11-05T17:18:12,2024-11-05T17:18:42.672470,2024-11-05T17:23:26.171694,CLOSED,CAS-CSE-07-0230,WEB-SERVER-07,False
ALT-CSE-07-00281,CSE-07,CRITICAL,2024-12-07T12:16:08,2024-12-07T12:17:20.629620,2024-12-07T12:21:10.902833,CLOSED,CAS-CSE-07-0231,WEB-SERVER-07,False
ALT-CSE-07-00282,CSE-07,CRITICAL,2024-11-15T08:58:28,2024-11-15T09:00:25.939422,2024-11-15T09:03:36.812803,CLOSED,,ENDPOINT-07,False
ALT-CSE-07-00283,CSE-07,CRITICAL,2024-10-19T17:14:52,2024-10-19T17:16:06.723176,2024-10-19T17:20:07.424591,CLOSED,CAS-CSE-07-0232,FIREWALL-07,False
ALT-CSE-07-00284,CSE-07,CRITICAL,2024-10-18T15:14:52,2024-10-18T15:16:24.248687,2024-10-18T15:19:57.328108,CLOSED,CAS-CSE-07-0233,WEB-SERVER-07,False
ALT-CSE-07-00285,CSE-07,CRITICAL,2024-10-15T07:41:08,2024-10-15T07:41:42.371943,2024-10-15T07:46:21.041019,CLOSED,CAS-CSE-07-0234,DB-SERVER-07,False
ALT-CSE-07-00286,CSE-07,CRITICAL,2024-11-01T10:00:58,2024-11-01T10:02:52.729100,2024-11-01T10:06:09.005085,CLOSED,CAS-CSE-07-0235,FIREWALL-07,False
ALT-CSE-07-00287,CSE-07,CRITICAL,2024-10-18T20:20:30,2024-10-18T20:21:24.854521,2024-10-18T20:25:30.177219,CLOSED,CAS-CSE-07-0236,DB-SERVER-07,False
ALT-CSE-07-00288,CSE-07,CRITICAL,2024-10-06T10:28:48,2024-10-06T10:29:27.377013,2024-10-06T10:34:04.879224,CLOSED,CAS-CSE-07-0237,FIREWALL-07,False
ALT-CSE-07-00289,CSE-07,CRITICAL,2024-11-20T15:07:23,2024-11-20T15:08:13.923244,2024-11-20T15:12:39.801583,CLOSED,CAS-CSE-07-0238,WEB-SERVER-07,False
ALT-CSE-07-00290,CSE-07,CRITICAL,2024-12-03T18:10:04,2024-12-03T18:11:58.025877,2024-12-03T18:14:54.607345,CLOSED,CAS-CSE-07-0239,WEB-SERVER-07,False
ALT-CSE-07-00291,CSE-07,CRITICAL,2024-12-21T02:36:37,2024-12-21T02:38:28.684368,2024-12-21T02:41:49.691575,CLOSED,CAS-CSE-07-0240,ENDPOINT-07,False
ALT-CSE-07-00292,CSE-07,CRITICAL,2024-10-02T03:43:36,2024-10-02T03:45:16.049181,2024-10-02T03:48:38.126003,CLOSED,CAS-CSE-07-0241,WEB-SERVER-07,False
ALT-CSE-07-00293,CSE-07,CRITICAL,2024-12-08T23:39:46,2024-12-08T23:40:38.226804,2024-12-08T23:44:58.338595,CLOSED,CAS-CSE-07-0242,DB-SERVER-07,False
ALT-CSE-07-00294,CSE-07,CRITICAL,2024-10-09T00:48:11,2024-10-09T00:49:46.001865,2024-10-09T00:53:25.027519,CLOSED,CAS-CSE-07-0243,FIREWALL-07,False
ALT-CSE-07-00295,CSE-07,CRITICAL,2024-10-13T13:39:48,2024-10-13T13:40:46.372582,2024-10-13T13:45:03.915749,CLOSED,CAS-CSE-07-0244,DB-SERVER-07,False
ALT-CSE-07-00296,CSE-07,CRITICAL,2024-11-10T10:12:03,2024-11-10T10:12:54.700790,2024-11-10T10:17:14.060013,CLOSED,CAS-CSE-07-0245,ENDPOINT-07,False
ALT-CSE-07-00297,CSE-07,CRITICAL,2024-11-03T11:05:03,2024-11-03T11:06:21.057473,2024-11-03T11:10:06.351185,CLOSED,CAS-CSE-07-0246,ENDPOINT-07,False
ALT-CSE-07-00298,CSE-07,CRITICAL,2024-11-15T16:59:19,2024-11-15T17:00:33.753056,2024-11-15T17:04:30.149760,CLOSED,CAS-CSE-07-0247,DB-SERVER-07,False
ALT-CSE-07-00299,CSE-07,CRITICAL,2024-12-07T03:57:18,2024-12-07T03:58:54.613871,2024-12-07T04:02:34.168154,CLOSED,CAS-CSE-07-0248,ENDPOINT-07,False
ALT-CSE-07-00300,CSE-07,CRITICAL,2024-12-26T00:26:37,2024-12-26T00:27:29.173067,2024-12-26T00:31:52.726111,CLOSED,CAS-CSE-07-0249,FIREWALL-07,False
ALT-CSE-07-00301,CSE-07,CRITICAL,2024-12-05T10:07:48,2024-12-05T10:09:18.364678,2024-12-05T10:12:46.293358,CLOSED,CAS-CSE-07-0250,DB-SERVER-07,False
ALT-CSE-07-00302,CSE-07,CRITICAL,2024-10-22T16:59:39,2024-10-22T17:01:05.070188,2024-10-22T17:05:06.225232,CLOSED,CAS-CSE-07-0251,ENDPOINT-07,False
ALT-CSE-07-00303,CSE-07,CRITICAL,2024-12-24T00:52:33,2024-12-24T00:53:25.566681,2024-12-24T00:57:40.908107,CLOSED,CAS-CSE-07-0252,FIREWALL-07,False
ALT-CSE-07-00304,CSE-07,CRITICAL,2024-11-17T09:45:42,2024-11-17T09:47:17.469140,2024-11-17T09:51:04.644603,CLOSED,CAS-CSE-07-0253,FIREWALL-07,False
ALT-CSE-07-00305,CSE-07,CRITICAL,2024-12-27T23:37:34,2024-12-27T23:38:22.106169,2024-12-27T23:42:44.484470,CLOSED,CAS-CSE-07-0254,DB-SERVER-07,False
ALT-CSE-07-00306,CSE-07,CRITICAL,2024-11-27T17:40:18,2024-11-27T17:41:22.011960,2024-11-27T17:45:28.881512,CLOSED,CAS-CSE-07-0255,FIREWALL-07,False
ALT-CSE-07-00307,CSE-07,CRITICAL,2024-12-28T08:45:30,2024-12-28T08:46:13.637960,2024-12-28T08:50:40.462824,CLOSED,CAS-CSE-07-0256,ENDPOINT-07,False
ALT-CSE-07-00308,CSE-07,CRITICAL,2024-10-10T12:28:38,2024-10-10T12:29:43.944175,2024-10-10T12:34:03.761247,CLOSED,CAS-CSE-07-0257,DB-SERVER-07,False
ALT-CSE-07-00309,CSE-07,CRITICAL,2024-11-19T06:45:01,2024-11-19T06:46:03.678134,2024-11-19T06:50:15.532958,CLOSED,CAS-CSE-07-0258,DB-SERVER-07,False
ALT-CSE-07-00310,CSE-07,CRITICAL,2024-10-27T10:22:20,2024-10-27T10:23:34.216430,2024-10-27T10:27:45.601034,CLOSED,CAS-CSE-07-0259,DB-SERVER-07,False
ALT-CSE-07-00311,CSE-07,CRITICAL,2024-12-12T12:21:56,2024-12-12T12:23:31.775655,2024-12-12T12:26:55.796901,CLOSED,CAS-CSE-07-0260,WEB-SERVER-07,False
ALT-CSE-07-00312,CSE-07,CRITICAL,2024-11-29T09:57:19,2024-11-29T09:58:19.863382,2024-11-29T10:02:39.237393,CLOSED,CAS-CSE-07-0261,DB-SERVER-07,False
ALT-CSE-07-00313,CSE-07,CRITICAL,2024-10-12T06:29:04,2024-10-12T06:29:45.507433,2024-10-12T06:34:27.365730,CLOSED,CAS-CSE-07-0262,WEB-SERVER-07,False
ALT-CSE-07-00314,CSE-07,CRITICAL,2024-12-25T20:56:23,2024-12-25T20:58:18.337466,2024-12-25T21:01:25.927955,CLOSED,,ENDPOINT-07,False
ALT-CSE-07-00315,CSE-07,CRITICAL,2024-10-28T07:44:20,2024-10-28T07:44:51.592728,2024-10-28T07:49:41.621579,CLOSED,CAS-CSE-07-0263,DB-SERVER-07,False
ALT-CSE-07-00316,CSE-07,CRITICAL,2024-11-10T09:00:44,2024-11-10T09:01:51.027608,2024-11-10T09:05:58.646654,CLOSED,CAS-CSE-07-0264,ENDPOINT-07,False
ALT-CSE-07-00317,CSE-07,CRITICAL,2024-12-29T17:21:08,2024-12-29T17:23:02.544289,2024-12-29T17:26:35.091387,CLOSED,,ENDPOINT-07,False
ALT-CSE-07-00318,CSE-07,CRITICAL,2024-12-02T20:48:54,2024-12-02T20:50:45.650006,2024-12-02T20:54:06.743848,CLOSED,,DB-SERVER-07,False
ALT-CSE-07-00319,CSE-07,CRITICAL,2024-11-11T14:21:39,2024-11-11T14:22:40.955516,2024-11-11T14:26:52.110963,CLOSED,,WEB-SERVER-07,False
ALT-CSE-07-00320,CSE-07,CRITICAL,2024-11-06T02:47:27,2024-11-06T02:48:34.838904,2024-11-06T02:52:39.634702,CLOSED,CAS-CSE-07-0265,FIREWALL-07,False
ALT-CSE-07-00321,CSE-07,CRITICAL,2024-10-14T02:56:42,2024-10-14T02:58:37.144563,2024-10-14T03:02:04.715295,CLOSED,CAS-CSE-07-0266,DB-SERVER-07,False
ALT-CSE-07-00322,CSE-07,CRITICAL,2024-12-17T12:20:46,2024-12-17T12:21:46.380704,2024-12-17T12:25:52.256885,CLOSED,CAS-CSE-07-0267,DB-SERVER-07,False
ALT-CSE-07-00323,CSE-07,CRITICAL,2024-12-13T10:11:54,2024-12-13T10:12:26.060076,2024-12-13T10:17:10.897978,CLOSED,CAS-CSE-07-0268,ENDPOINT-07,False
ALT-CSE-07-00324,CSE-07,CRITICAL,2024-10-06T13:19:45,2024-10-06T13:21:38.468527,2024-10-06T13:25:00.372178,CLOSED,CAS-CSE-07-0269,WEB-SERVER-07,False
ALT-CSE-07-00325,CSE-07,CRITICAL,2024-10-18T22:59:12,2024-10-18T23:00:46.026328,2024-10-18T23:04:15.155256,CLOSED,CAS-CSE-07-0270,FIREWALL-07,False
ALT-CSE-07-00326,CSE-07,CRITICAL,2024-12-05T04:28:27,2024-12-05T04:29:11.375718,2024-12-05T04:33:39.750558,CLOSED,CAS-CSE-07-0271,FIREWALL-07,False
ALT-CSE-07-00327,CSE-07,CRITICAL,2024-12-05T07:21:14,2024-12-05T07:21:48.366784,2024-12-05T07:26:34.845487,CLOSED,CAS-CSE-07-0272,WEB-SERVER-07,False
ALT-CSE-07-00328,CSE-07,CRITICAL,2024-11-23T02:39:28,2024-11-23T02:41:05.912313,2024-11-23T02:44:41.186198,CLOSED,CAS-CSE-07-0273,ENDPOINT-07,False
ALT-CSE-07-00329,CSE-07,CRITICAL,2024-11-04T14:12:29,2024-11-04T14:13:34.142859,2024-11-04T14:18:03.481086,CLOSED,CAS-CSE-07-0274,FIREWALL-07,False
ALT-CSE-07-00330,CSE-07,CRITICAL,2024-11-18T22:55:59,2024-11-18T22:56:57.371999,2024-11-18T23:01:06.071481,CLOSED,,DB-SERVER-07,False
ALT-CSE-07-00331,CSE-07,CRITICAL,2024-10-13T05:37:46,2024-10-13T05:38:26.909577,2024-10-13T05:42:58.348879,CLOSED,,WEB-SERVER-07,False
ALT-CSE-07-00332,CSE-07,CRITICAL,2024-11-12T16:18:37,2024-11-12T16:19:44.079870,2024-11-12T16:23:54.258412,CLOSED,CAS-CSE-07-0275,FIREWALL-07,False
ALT-CSE-07-00333,CSE-07,CRITICAL,2024-11-09T23:29:25,2024-11-09T23:30:37.381188,2024-11-09T23:34:31.124867,CLOSED,,ENDPOINT-07,False
ALT-CSE-07-00334,CSE-07,CRITICAL,2024-10-25T09:22:15,2024-10-25T09:22:45.021594,2024-10-25T09:27:18.321434,CLOSED,CAS-CSE-07-0276,FIREWALL-07,False
ALT-CSE-07-00335,CSE-07,CRITICAL,2024-11-08T22:14:40,2024-11-08T22:15:53.779850,2024-11-08T22:19:45.156504,CLOSED,CAS-CSE-07-0277,FIREWALL-07,False
ALT-CSE-07-00336,CSE-07,CRITICAL,2024-12-07T16:03:22,2024-12-07T16:04:36.483575,2024-12-07T16:08:35.732966,CLOSED,CAS-CSE-07-0278,DB-SERVER-07,False
ALT-CSE-07-00337,CSE-07,CRITICAL,2024-10-19T22:08:15,2024-10-19T22:08:48.640279,2024-10-19T22:13:24.217242,CLOSED,CAS-CSE-07-0279,ENDPOINT-07,False
ALT-CSE-07-00338,CSE-07,CRITICAL,2024-12-16T05:56:17,2024-12-16T05:57:26.895119,2024-12-16T06:01:34.474696,CLOSED,CAS-CSE-07-0280,WEB-SERVER-07,False
ALT-CSE-07-00339,CSE-07,CRITICAL,2024-11-21T11:40:16,2024-11-21T11:42:15.885933,2024-11-21T11:45:26.581605,CLOSED,CAS-CSE-07-0281,DB-SERVER-07,False
ALT-CSE-07-00340,CSE-07,CRITICAL,2024-12-10T08:53:19,2024-12-10T08:55:07.655414,2024-12-10T08:58:36.463134,CLOSED,CAS-CSE-07-0282,ENDPOINT-07,False
ALT-CSE-07-00341,CSE-07,CRITICAL,2024-11-24T00:22:24,2024-11-24T00:23:27.047578,2024-11-24T00:27:43.173130,CLOSED,,DB-SERVER-07,False
ALT-CSE-07-00342,CSE-07,CRITICAL,2024-12-12T03:32:29,2024-12-12T03:33:27.668656,2024-12-12T03:37:25.492431,CLOSED,CAS-CSE-07-0283,DB-SERVER-07,False
ALT-CSE-07-00343,CSE-07,CRITICAL,2024-11-20T06:31:48,2024-11-20T06:33:42.314353,2024-11-20T06:36:54.354291,CLOSED,CAS-CSE-07-0284,ENDPOINT-07,False
ALT-CSE-07-00344,CSE-07,CRITICAL,2024-10-08T10:21:12,2024-10-08T10:22:35.615455,2024-10-08T10:26:15.862450,CLOSED,,DB-SERVER-07,False
ALT-CSE-07-00345,CSE-07,CRITICAL,2024-11-10T15:15:29,2024-11-10T15:17:00.910875,2024-11-10T15:20:42.854775,CLOSED,CAS-CSE-07-0285,ENDPOINT-07,False
ALT-CSE-07-00346,CSE-07,CRITICAL,2024-11-05T21:47:34,2024-11-05T21:48:58.767494,2024-11-05T21:52:28.491413,CLOSED,,FIREWALL-07,False
ALT-CSE-07-00347,CSE-07,CRITICAL,2024-11-27T16:03:39,2024-11-27T16:05:25.220878,2024-11-27T16:08:57.308836,CLOSED,CAS-CSE-07-0286,ENDPOINT-07,False
ALT-CSE-07-00348,CSE-07,CRITICAL,2024-10-28T11:21:58,2024-10-28T11:22:58.353551,2024-10-28T11:27:02.600245,CLOSED,,WEB-SERVER-07,False
ALT-CSE-07-00349,CSE-07,CRITICAL,2024-10-04T20:44:38,2024-10-04T20:45:26.548687,2024-10-04T20:49:57.175493,CLOSED,CAS-CSE-07-0287,DB-SERVER-07,False
ALT-CSE-07-00350,CSE-07,CRITICAL,2024-12-01T00:07:16,2024-12-01T00:08:16.728321,2024-12-01T00:12:23.970113,CLOSED,CAS-CSE-07-0288,WEB-SERVER-07,False
ALT-CSE-07-00351,CSE-07,CRITICAL,2024-12-28T17:45:49,2024-12-28T17:46:19.647261,2024-12-28T17:51:04.671632,CLOSED,CAS-CSE-07-0289,WEB-SERVER-07,False
ALT-CSE-07-00352,CSE-07,CRITICAL,2024-12-13T23:37:22,2024-12-13T23:38:31.051804,2024-12-13T23:42:32.143701,CLOSED,CAS-CSE-07-0290,WEB-SERVER-07,False
ALT-CSE-07-00353,CSE-07,CRITICAL,2024-12-01T10:45:55,2024-12-01T10:47:21.753312,2024-12-01T10:51:01.015596,CLOSED,CAS-CSE-07-0291,ENDPOINT-07,False
ALT-CSE-07-00354,CSE-07,CRITICAL,2024-10-15T18:57:57,2024-10-15T18:59:35.744836,2024-10-15T19:03:07.329925,CLOSED,CAS-CSE-07-0292,WEB-SERVER-07,False
ALT-CSE-07-00355,CSE-07,CRITICAL,2024-12-08T00:01:23,2024-12-08T00:02:42.727781,2024-12-08T00:06:54.169045,CLOSED,CAS-CSE-07-0293,FIREWALL-07,False
ALT-CSE-07-00356,CSE-07,CRITICAL,2024-10-31T08:17:38,2024-10-31T08:18:47.308504,2024-10-31T08:22:51.792550,CLOSED,CAS-CSE-07-0294,WEB-SERVER-07,False
ALT-CSE-07-00357,CSE-07,CRITICAL,2024-11-01T06:06:20,2024-11-01T06:07:34.601277,2024-11-01T06:11:52.529034,CLOSED,CAS-CSE-07-0295,DB-SERVER-07,False
ALT-CSE-07-00358,CSE-07,CRITICAL,2024-10-06T09:22:02,2024-10-06T09:23:15.757724,2024-10-06T09:27:19.446447,CLOSED,CAS-CSE-07-0296,ENDPOINT-07,False
ALT-CSE-07-00359,CSE-07,CRITICAL,2024-11-23T03:00:35,2024-11-23T03:01:09.319007,2024-11-23T03:05:25.134888,CLOSED,CAS-CSE-07-0297,ENDPOINT-07,False
ALT-CSE-07-00360,CSE-07,CRITICAL,2024-11-26T14:49:50,2024-11-26T14:51:30.746832,2024-11-26T14:55:26.124198,CLOSED,,FIREWALL-07,False
ALT-CSE-07-00361,CSE-07,CRITICAL,2024-10-11T22:46:24,2024-10-11T22:46:55.061089,2024-10-11T22:51:31.063744,CLOSED,CAS-CSE-07-0298,WEB-SERVER-07,False
ALT-CSE-07-00362,CSE-07,CRITICAL,2024-10-13T04:55:47,2024-10-13T04:57:01.209372,2024-10-13T05:00:57.899511,CLOSED,CAS-CSE-07-0299,FIREWALL-07,False
ALT-CSE-07-00363,CSE-07,CRITICAL,2024-11-16T08:24:37,2024-11-16T08:25:15.470304,2024-11-16T08:29:47.294159,CLOSED,CAS-CSE-07-0300,DB-SERVER-07,False
ALT-CSE-07-00364,CSE-07,CRITICAL,2024-12-01T15:50:41,2024-12-01T15:51:43.044448,2024-12-01T15:55:53.203768,CLOSED,CAS-CSE-07-0301,DB-SERVER-07,False
ALT-CSE-07-00365,CSE-07,CRITICAL,2024-12-18T20:53:38,2024-12-18T20:55:04.639637,2024-12-18T20:58:55.209521,CLOSED,CAS-CSE-07-0302,DB-SERVER-07,False
ALT-CSE-07-00366,CSE-07,CRITICAL,2024-11-08T07:24:14,2024-11-08T07:25:55.423086,2024-11-08T07:29:25.370168,CLOSED,CAS-CSE-07-0303,WEB-SERVER-07,False
ALT-CSE-07-00367,CSE-07,CRITICAL,2024-12-17T08:27:36,2024-12-17T08:29:27.340617,2024-12-17T08:32:50.517188,CLOSED,,DB-SERVER-07,False
ALT-CSE-07-00368,CSE-07,CRITICAL,2024-11-06T12:50:28,2024-11-06T12:51:40.804194,2024-11-06T12:55:31.831972,CLOSED,CAS-CSE-07-0304,FIREWALL-07,False
ALT-CSE-07-00369,CSE-07,CRITICAL,2024-10-24T14:32:14,2024-10-24T14:33:23.785935,2024-10-24T14:37:16.093354,CLOSED,,FIREWALL-07,False
ALT-CSE-07-00370,CSE-07,CRITICAL,2024-12-06T04:35:13,2024-12-06T04:35:46.981090,2024-12-06T04:40:16.719497,CLOSED,CAS-CSE-07-0305,DB-SERVER-07,False
ALT-CSE-07-00371,CSE-07,CRITICAL,2024-10-01T09:37:16,2024-10-01T09:38:56.317127,2024-10-01T09:42:33.514516,CLOSED,CAS-CSE-07-0306,ENDPOINT-07,False
ALT-CSE-07-00372,CSE-07,CRITICAL,2024-11-14T21:24:33,2024-11-14T21:25:37.949391,2024-11-14T21:29:54.210573,CLOSED,CAS-CSE-07-0307,FIREWALL-07,False
ALT-CSE-07-00373,CSE-07,CRITICAL,2024-11-08T09:15:44,2024-11-08T09:16:34.418621,2024-11-08T09:20:44.720466,CLOSED,CAS-CSE-07-0308,ENDPOINT-07,False
ALT-CSE-07-00374,CSE-07,CRITICAL,2024-11-29T00:08:22,2024-11-29T00:09:38.896540,2024-11-29T00:13:37.321765,CLOSED,,DB-SERVER-07,False
ALT-CSE-07-00375,CSE-07,CRITICAL,2024-12-25T23:18:56,2024-12-25T23:19:27.512291,2024-12-25T23:24:14.386019,CLOSED,CAS-CSE-07-0309,ENDPOINT-07,False
ALT-CSE-07-00376,CSE-07,CRITICAL,2024-12-09T01:15:52,2024-12-09T01:16:55.295638,2024-12-09T01:21:14.861012,CLOSED,CAS-CSE-07-0310,DB-SERVER-07,False
ALT-CSE-07-00377,CSE-07,CRITICAL,2024-11-28T09:56:54,2024-11-28T09:57:40.998365,2024-11-28T10:01:55.678019,CLOSED,,WEB-SERVER-07,False
ALT-CSE-07-00378,CSE-07,CRITICAL,2024-10-29T13:36:48,2024-10-29T13:38:24.236393,2024-10-29T13:41:53.636957,CLOSED,CAS-CSE-07-0311,DB-SERVER-07,False
ALT-CSE-07-00379,CSE-07,CRITICAL,2024-10-25T19:16:20,2024-10-25T19:18:17.821932,2024-10-25T19:21:21.243627,CLOSED,CAS-CSE-07-0312,FIREWALL-07,False
ALT-CSE-07-00380,CSE-07,CRITICAL,2024-12-02T02:01:21,2024-12-02T02:03:12.577581,2024-12-02T02:06:17.559410,CLOSED,CAS-CSE-07-0313,ENDPOINT-07,False
ALT-CSE-07-00381,CSE-07,CRITICAL,2024-11-17T09:13:21,2024-11-17T09:14:41.384274,2024-11-17T09:18:18.031781,CLOSED,CAS-CSE-07-0314,DB-SERVER-07,False
ALT-CSE-07-00382,CSE-07,CRITICAL,2024-11-08T19:04:21,2024-11-08T19:05:53.905533,2024-11-08T19:09:31.142213,CLOSED,,ENDPOINT-07,False
ALT-CSE-07-00383,CSE-07,CRITICAL,2024-12-21T04:50:55,2024-12-21T04:52:44.367218,2024-12-21T04:56:17.074731,CLOSED,CAS-CSE-07-0315,DB-SERVER-07,False
ALT-CSE-07-00384,CSE-07,CRITICAL,2024-10-31T22:11:15,2024-10-31T22:12:39.367550,2024-10-31T22:16:32.751478,CLOSED,CAS-CSE-07-0316,FIREWALL-07,False
ALT-CSE-07-00385,CSE-07,CRITICAL,2024-12-16T10:12:24,2024-12-16T10:13:04.140537,2024-12-16T10:17:32.434848,CLOSED,CAS-CSE-07-0317,WEB-SERVER-07,False
ALT-CSE-07-00386,CSE-07,CRITICAL,2024-10-23T02:27:57,2024-10-23T02:29:47.952707,2024-10-23T02:33:05.139043,CLOSED,CAS-CSE-07-0318,WEB-SERVER-07,False
ALT-CSE-07-00387,CSE-07,CRITICAL,2024-10-08T23:54:13,2024-10-08T23:55:24.033412,2024-10-08T23:59:37.997163,CLOSED,CAS-CSE-07-0319,DB-SERVER-07,False
ALT-CSE-07-00388,CSE-07,CRITICAL,2024-10-23T15:15:09,2024-10-23T15:15:56.748646,2024-10-23T15:20:32.807148,CLOSED,CAS-CSE-07-0320,DB-SERVER-07,False
ALT-CSE-07-00389,CSE-07,CRITICAL,2024-10-12T02:05:04,2024-10-12T02:06:59.219407,2024-10-12T02:10:08.803269,CLOSED,CAS-CSE-07-0321,ENDPOINT-07,False
ALT-CSE-07-00390,CSE-07,CRITICAL,2024-12-20T09:22:18,2024-12-20T09:22:53.489939,2024-12-20T09:27:25.010709,CLOSED,CAS-CSE-07-0322,ENDPOINT-07,False
ALT-CSE-07-00391,CSE-07,CRITICAL,2024-12-09T20:43:56,2024-12-09T20:45:38.134209,2024-12-09T20:49:03.489905,CLOSED,CAS-CSE-07-0323,DB-SERVER-07,False
ALT-CSE-07-00392,CSE-07,CRITICAL,2024-12-14T11:42:29,2024-12-14T11:43:32.573525,2024-12-14T11:47:50.645270,CLOSED,CAS-CSE-07-0324,WEB-SERVER-07,False
ALT-CSE-07-00393,CSE-07,CRITICAL,2024-10-03T21:53:43,2024-10-03T21:54:37.151660,2024-10-03T21:58:56.986960,CLOSED,CAS-CSE-07-0325,FIREWALL-07,False
ALT-CSE-07-00394,CSE-07,CRITICAL,2024-11-29T08:03:23,2024-11-29T08:03:57.347855,2024-11-29T08:08:45.207110,CLOSED,CAS-CSE-07-0326,DB-SERVER-07,False
ALT-CSE-07-00395,CSE-07,CRITICAL,2024-11-07T03:25:10,2024-11-07T03:26:32.949847,2024-11-07T03:30:15.468765,CLOSED,CAS-CSE-07-0327,FIREWALL-07,False
ALT-CSE-07-00396,CSE-07,CRITICAL,2024-11-30T12:39:50,2024-11-30T12:41:18.583981,2024-11-30T12:45:00.086494,CLOSED,CAS-CSE-07-0328,FIREWALL-07,False
ALT-CSE-07-00397,CSE-07,CRITICAL,2024-10-20T10:39:19,2024-10-20T10:40:00.185066,2024-10-20T10:44:40.996963,CLOSED,CAS-CSE-07-0329,WEB-SERVER-07,False
ALT-CSE-07-00398,CSE-07,CRITICAL,2024-10-16T04:05:25,2024-10-16T04:06:58.135251,2024-10-16T04:10:37.646600,CLOSED,CAS-CSE-07-0330,WEB-SERVER-07,False
ALT-CSE-07-00399,CSE-07,CRITICAL,2024-10-17T15:25:08,2024-10-17T15:26:31.416608,2024-10-17T15:30:33.544396,CLOSED,CAS-CSE-07-0331,ENDPOINT-07,False
ALT-CSE-07-00400,CSE-07,CRITICAL,2024-10-13T17:16:58,2024-10-13T17:18:32.415596,2024-10-13T17:22:08.328769,CLOSED,CAS-CSE-07-0332,FIREWALL-07,False
ALT-CSE-07-00401,CSE-07,CRITICAL,2024-12-26T04:41:56,2024-12-26T04:42:34.210011,2024-12-26T04:47:07.617028,CLOSED,CAS-CSE-07-0333,WEB-SERVER-07,False
ALT-CSE-07-00402,CSE-07,CRITICAL,2024-11-12T16:19:33,2024-11-12T16:20:24.466657,2024-11-12T16:24:52.380139,CLOSED,,DB-SERVER-07,False
ALT-CSE-07-00403,CSE-07,CRITICAL,2024-10-16T14:19:10,2024-10-16T14:20:58.652702,2024-10-16T14:24:26.883088,CLOSED,CAS-CSE-07-0334,ENDPOINT-07,False
ALT-CSE-07-00404,CSE-07,CRITICAL,2024-11-02T05:41:51,2024-11-02T05:43:12.284773,2024-11-02T05:47:05.913440,CLOSED,,FIREWALL-07,False
ALT-CSE-07-00405,CSE-07,CRITICAL,2024-11-16T02:10:59,2024-11-16T02:12:26.372279,2024-11-16T02:16:16.172762,CLOSED,CAS-CSE-07-0335,FIREWALL-07,False
ALT-CSE-07-00406,CSE-07,CRITICAL,2024-10-11T08:53:45,2024-10-11T08:55:14.116672,2024-10-11T08:59:18.364756,CLOSED,CAS-CSE-07-0336,WEB-SERVER-07,False
ALT-CSE-07-00407,CSE-07,CRITICAL,2024-11-16T02:42:03,2024-11-16T02:42:41.848558,2024-11-16T02:47:29.004033,CLOSED,CAS-CSE-07-0337,ENDPOINT-07,False
ALT-CSE-07-00408,CSE-07,CRITICAL,2024-10-17T22:32:36,2024-10-17T22:33:41.537908,2024-10-17T22:37:51.730138,CLOSED,CAS-CSE-07-0338,WEB-SERVER-07,False
ALT-CSE-07-00409,CSE-07,CRITICAL,2024-11-24T21:04:34,2024-11-24T21:05:08.164176,2024-11-24T21:09:31.986616,CLOSED,CAS-CSE-07-0339,WEB-SERVER-07,False
ALT-CSE-07-00410,CSE-07,CRITICAL,2024-11-02T18:55:35,2024-11-02T18:56:57.398828,2024-11-02T19:00:45.031373,CLOSED,CAS-CSE-07-0340,ENDPOINT-07,False
ALT-CSE-07-00411,CSE-07,CRITICAL,2024-11-09T16:37:04,2024-11-09T16:37:37.258096,2024-11-09T16:42:05.875105,CLOSED,CAS-CSE-07-0341,WEB-SERVER-07,False
ALT-CSE-07-00412,CSE-07,CRITICAL,2024-10-26T16:24:20,2024-10-26T16:24:53.366385,2024-10-26T16:29:24.289309,CLOSED,,FIREWALL-07,False
ALT-CSE-07-00413,CSE-07,CRITICAL,2024-11-27T17:48:01,2024-11-27T17:48:55.631577,2024-11-27T17:53:02.130506,CLOSED,,DB-SERVER-07,False
ALT-CSE-07-00414,CSE-07,CRITICAL,2024-10-18T03:08:14,2024-10-18T03:09:26.216369,2024-10-18T03:13:09.473967,CLOSED,CAS-CSE-07-0342,DB-SERVER-07,False
ALT-CSE-07-00415,CSE-07,CRITICAL,2024-12-12T17:56:14,2024-12-12T17:58:08.786462,2024-12-12T18:01:45.356863,CLOSED,CAS-CSE-07-0343,DB-SERVER-07,False
ALT-CSE-07-00416,CSE-07,CRITICAL,2024-12-26T18:41:40,2024-12-26T18:43:29.315253,2024-12-26T18:47:00.028061,CLOSED,,ENDPOINT-07,False
ALT-CSE-07-00417,CSE-07,CRITICAL,2024-10-24T09:33:39,2024-10-24T09:35:17.600143,2024-10-24T09:38:54.118123,CLOSED,CAS-CSE-07-0344,DB-SERVER-07,False
ALT-CSE-07-00418,CSE-07,CRITICAL,2024-10-15T23:50:02,2024-10-15T23:51:57.210609,2024-10-15T23:55:12.112661,CLOSED,CAS-CSE-07-0345,WEB-SERVER-07,False
ALT-CSE-07-00419,CSE-07,CRITICAL,2024-10-01T19:52:45,2024-10-01T19:53:47.441460,2024-10-01T19:58:07.727700,CLOSED,CAS-CSE-07-0346,WEB-SERVER-07,False
ALT-CSE-07-00420,CSE-07,CRITICAL,2024-11-12T13:56:48,2024-11-12T13:58:04.052432,2024-11-12T14:02:02.685600,CLOSED,CAS-CSE-07-0347,FIREWALL-07,False
ALT-CSE-07-00421,CSE-07,CRITICAL,2024-11-16T21:35:04,2024-11-16T21:36:50.007762,2024-11-16T21:40:10.564143,CLOSED,CAS-CSE-07-0348,DB-SERVER-07,False
ALT-CSE-07-00422,CSE-07,CRITICAL,2024-12-02T06:52:38,2024-12-02T06:54:12.313522,2024-12-02T06:57:51.206209,CLOSED,CAS-CSE-07-0349,FIREWALL-07,False
ALT-CSE-07-00423,CSE-07,CRITICAL,2024-12-11T06:40:53,2024-12-11T06:41:24.280658,2024-12-11T06:46:02.208657,CLOSED,CAS-CSE-07-0350,WEB-SERVER-07,False
ALT-CSE-07-00424,CSE-07,CRITICAL,2024-11-28T07:58:31,2024-11-28T07:59:55.326297,2024-11-28T08:03:36.005092,CLOSED,,FIREWALL-07,False
ALT-CSE-07-00425,CSE-07,CRITICAL,2024-11-06T16:52:30,2024-11-06T16:53:03.269025,2024-11-06T16:57:49.245264,CLOSED,CAS-CSE-07-0351,ENDPOINT-07,False
ALT-CSE-07-00426,CSE-07,CRITICAL,2024-12-20T07:01:40,2024-12-20T07:03:00.701878,2024-12-20T07:06:46.852048,CLOSED,CAS-CSE-07-0352,DB-SERVER-07,False
ALT-CSE-07-00427,CSE-07,CRITICAL,2024-12-23T15:52:51,2024-12-23T15:54:44.767904,2024-12-23T15:58:08.528259,CLOSED,CAS-CSE-07-0353,ENDPOINT-07,False
ALT-CSE-07-00428,CSE-07,CRITICAL,2024-12-27T09:06:57,2024-12-27T09:08:12.283434,2024-12-27T09:12:07.861984,CLOSED,,FIREWALL-07,False
ALT-CSE-07-00429,CSE-07,CRITICAL,2024-12-06T02:23:55,2024-12-06T02:25:52.870166,2024-12-06T02:29:10.055217,CLOSED,CAS-CSE-07-0354,ENDPOINT-07,False
ALT-CSE-07-00430,CSE-07,CRITICAL,2024-10-31T12:34:22,2024-10-31T12:35:10.587390,2024-10-31T12:39:35.705764,CLOSED,CAS-CSE-07-0355,FIREWALL-07,False
ALT-CSE-07-00431,CSE-07,CRITICAL,2024-10-30T11:39:44,2024-10-30T11:40:47.779737,2024-10-30T11:44:55.370190,CLOSED,CAS-CSE-07-0356,DB-SERVER-07,False
ALT-CSE-07-00432,CSE-07,CRITICAL,2024-10-23T22:38:23,2024-10-23T22:39:58.389396,2024-10-23T22:43:42.740271,CLOSED,CAS-CSE-07-0357,DB-SERVER-07,False
ALT-CSE-07-00433,CSE-07,CRITICAL,2024-12-27T08:26:05,2024-12-27T08:27:17.060421,2024-12-27T08:31:12.286298,CLOSED,,WEB-SERVER-07,False
ALT-CSE-07-00434,CSE-07,CRITICAL,2024-11-16T20:44:07,2024-11-16T20:45:27.839828,2024-11-16T20:49:27.652273,CLOSED,CAS-CSE-07-0358,FIREWALL-07,False
ALT-CSE-07-00435,CSE-07,CRITICAL,2024-12-02T02:22:13,2024-12-02T02:22:52.476024,2024-12-02T02:27:23.307341,CLOSED,CAS-CSE-07-0359,FIREWALL-07,False
ALT-CSE-07-00436,CSE-07,CRITICAL,2024-12-08T00:10:18,2024-12-08T00:11:57.815669,2024-12-08T00:15:00.415564,CLOSED,CAS-CSE-07-0360,ENDPOINT-07,False
ALT-CSE-07-00437,CSE-07,CRITICAL,2024-12-15T13:19:04,2024-12-15T13:20:06.915960,2024-12-15T13:24:18.741052,CLOSED,CAS-CSE-07-0361,FIREWALL-07,False
ALT-CSE-07-00438,CSE-07,CRITICAL,2024-12-07T04:31:57,2024-12-07T04:32:51.130815,2024-12-07T04:37:24.718866,CLOSED,CAS-CSE-07-0362,WEB-SERVER-07,False
ALT-CSE-07-00439,CSE-07,CRITICAL,2024-12-02T19:41:31,2024-12-02T19:43:10.155599,2024-12-02T19:46:36.283196,CLOSED,CAS-CSE-07-0363,ENDPOINT-07,False
ALT-CSE-07-00440,CSE-07,CRITICAL,2024-11-26T10:20:14,2024-11-26T10:20:47.679650,2024-11-26T10:25:41.428751,CLOSED,CAS-CSE-07-0364,DB-SERVER-07,False
ALT-CSE-07-00441,CSE-07,CRITICAL,2024-10-19T12:52:52,2024-10-19T12:54:41.626641,2024-10-19T12:58:12.964368,CLOSED,CAS-CSE-07-0365,FIREWALL-07,False
ALT-CSE-07-00442,CSE-07,CRITICAL,2024-10-13T23:58:44,2024-10-13T23:59:37.739522,2024-10-14T00:03:56.155377,CLOSED,CAS-CSE-07-0366,DB-SERVER-07,False
ALT-CSE-07-00443,CSE-07,CRITICAL,2024-11-20T09:46:56,2024-11-20T09:48:39.593186,2024-11-20T09:52:00.956554,CLOSED,,ENDPOINT-07,False
ALT-CSE-07-00444,CSE-07,CRITICAL,2024-10-25T03:10:00,2024-10-25T03:11:54.613332,2024-10-25T03:15:09.294097,CLOSED,,ENDPOINT-07,False
ALT-CSE-07-00445,CSE-07,CRITICAL,2024-12-02T11:10:28,2024-12-02T11:12:14.473313,2024-12-02T11:15:40.900441,CLOSED,CAS-CSE-07-0367,WEB-SERVER-07,False
ALT-CSE-07-00446,CSE-07,CRITICAL,2024-11-03T02:18:17,2024-11-03T02:20:06.933989,2024-11-03T02:23:19.515405,CLOSED,CAS-CSE-07-0368,DB-SERVER-07,False
ALT-CSE-07-00447,CSE-07,CRITICAL,2024-12-26T11:54:05,2024-12-26T11:55:02.303424,2024-12-26T11:59:21.122288,CLOSED,CAS-CSE-07-0369,WEB-SERVER-07,False
ALT-CSE-07-00448,CSE-07,CRITICAL,2024-11-15T12:09:47,2024-11-15T12:11:41.471797,2024-11-15T12:15:08.246799,CLOSED,CAS-CSE-07-0370,FIREWALL-07,False
ALT-CSE-07-00449,CSE-07,CRITICAL,2024-12-24T11:17:44,2024-12-24T11:19:00.961153,2024-12-24T11:22:59.959154,CLOSED,CAS-CSE-07-0371,WEB-SERVER-07,False
ALT-CSE-07-00450,CSE-07,CRITICAL,2024-11-04T01:02:44,2024-11-04T01:04:27.364656,2024-11-04T01:07:55.264731,CLOSED,CAS-CSE-07-0372,FIREWALL-07,False
ALT-CSE-07-00451,CSE-07,CRITICAL,2024-11-26T21:44:54,2024-11-26T21:45:50.428812,2024-11-26T21:50:15.407458,CLOSED,CAS-CSE-07-0373,ENDPOINT-07,False
ALT-CSE-07-00452,CSE-07,CRITICAL,2024-11-10T11:26:11,2024-11-10T11:28:04.263802,2024-11-10T11:31:09.687186,CLOSED,,DB-SERVER-07,False
ALT-CSE-07-00453,CSE-07,CRITICAL,2024-10-13T02:45:47,2024-10-13T02:46:22.504275,2024-10-13T02:50:49.444954,CLOSED,CAS-CSE-07-0374,WEB-SERVER-07,False
ALT-CSE-07-00454,CSE-07,CRITICAL,2024-11-08T12:16:45,2024-11-08T12:18:39.763980,2024-11-08T12:21:52.261739,CLOSED,CAS-CSE-07-0375,FIREWALL-07,False
ALT-CSE-07-00455,CSE-07,CRITICAL,2024-10-20T04:03:34,2024-10-20T04:04:26.881431,2024-10-20T04:08:46.781490,CLOSED,CAS-CSE-07-0376,DB-SERVER-07,False
ALT-CSE-07-00456,CSE-07,CRITICAL,2024-10-02T07:12:17,2024-10-02T07:13:33.576350,2024-10-02T07:17:35.859247,CLOSED,CAS-CSE-07-0377,FIREWALL-07,False
ALT-CSE-07-00457,CSE-07,CRITICAL,2024-12-14T15:23:00,2024-12-14T15:24:18.561669,2024-12-14T15:28:27.321278,CLOSED,,FIREWALL-07,False
ALT-CSE-07-00458,CSE-07,CRITICAL,2024-12-15T02:57:54,2024-12-15T02:59:53.705000,2024-12-15T03:03:04.724478,CLOSED,CAS-CSE-07-0378,ENDPOINT-07,False
ALT-CSE-07-00459,CSE-07,CRITICAL,2024-11-11T02:30:05,2024-11-11T02:31:36.323947,2024-11-11T02:35:14.823921,CLOSED,CAS-CSE-07-0379,DB-SERVER-07,False
ALT-CSE-07-00460,CSE-07,CRITICAL,2024-10-28T02:00:55,2024-10-28T02:01:45.667585,2024-10-28T02:06:17.361389,CLOSED,CAS-CSE-07-0380,DB-SERVER-07,False
ALT-CSE-07-00461,CSE-07,CRITICAL,2024-12-06T11:20:43,2024-12-06T11:21:29.185929,2024-12-06T11:26:01.469568,CLOSED,,WEB-SERVER-07,False
ALT-CSE-07-00462,CSE-07,CRITICAL,2024-10-01T03:49:30,2024-10-01T03:50:00.267961,2024-10-01T03:54:40.132699,CLOSED,CAS-CSE-07-0381,DB-SERVER-07,False
ALT-CSE-07-00463,CSE-07,CRITICAL,2024-11-14T13:32:08,2024-11-14T13:33:48.439064,2024-11-14T13:37:20.593591,CLOSED,,WEB-SERVER-07,False
ALT-CSE-07-00464,CSE-07,CRITICAL,2024-12-15T19:42:29,2024-12-15T19:43:21.529118,2024-12-15T19:47:32.664432,CLOSED,CAS-CSE-07-0382,FIREWALL-07,False
ALT-CSE-07-00465,CSE-07,CRITICAL,2024-10-04T00:53:50,2024-10-04T00:55:46.084469,2024-10-04T00:58:48.746429,CLOSED,CAS-CSE-07-0383,WEB-SERVER-07,False
ALT-CSE-07-00466,CSE-07,CRITICAL,2024-11-08T19:37:02,2024-11-08T19:37:33.694446,2024-11-08T19:42:17.783242,CLOSED,CAS-CSE-07-0384,DB-SERVER-07,False
ALT-CSE-07-00467,CSE-07,CRITICAL,2024-12-24T07:19:55,2024-12-24T07:21:17.720861,2024-12-24T07:25:17.213923,CLOSED,CAS-CSE-07-0385,FIREWALL-07,False
ALT-CSE-07-00468,CSE-07,CRITICAL,2024-11-01T10:27:34,2024-11-01T10:29:05.415180,2024-11-01T10:32:53.071126,CLOSED,,ENDPOINT-07,False
ALT-CSE-07-00469,CSE-07,CRITICAL,2024-10-21T14:42:08,2024-10-21T14:43:32.950722,2024-10-21T14:47:22.289285,CLOSED,CAS-CSE-07-0386,WEB-SERVER-07,False
ALT-CSE-07-00470,CSE-07,CRITICAL,2024-10-10T00:26:43,2024-10-10T00:27:51.158658,2024-10-10T00:31:40.349666,CLOSED,CAS-CSE-07-0387,ENDPOINT-07,False
ALT-CSE-07-00471,CSE-07,CRITICAL,2024-10-25T17:18:33,2024-10-25T17:19:12.698411,2024-10-25T17:23:29.333152,CLOSED,CAS-CSE-07-0388,DB-SERVER-07,False
ALT-CSE-07-00472,CSE-07,CRITICAL,2024-11-12T20:29:46,2024-11-12T20:31:34.615838,2024-11-12T20:35:11.433055,CLOSED,CAS-CSE-07-0389,DB-SERVER-07,False
ALT-CSE-07-00473,CSE-07,CRITICAL,2024-11-02T12:21:18,2024-11-02T12:22:08.200151,2024-11-02T12:26:24.130821,CLOSED,,DB-SERVER-07,False
ALT-CSE-07-00474,CSE-07,CRITICAL,2024-10-02T13:54:00,2024-10-02T13:55:27.709346,2024-10-02T13:59:12.374211,CLOSED,CAS-CSE-07-0390,WEB-SERVER-07,False
ALT-CSE-07-00475,CSE-07,CRITICAL,2024-12-29T21:15:47,2024-12-29T21:16:29.290887,2024-12-29T21:20:49.677207,CLOSED,CAS-CSE-07-0391,WEB-SERVER-07,False
ALT-CSE-07-00476,CSE-07,CRITICAL,2024-11-23T06:31:47,2024-11-23T06:32:59.297671,2024-11-23T06:36:56.292115,CLOSED,CAS-CSE-07-0392,WEB-SERVER-07,False
ALT-CSE-07-00477,CSE-07,CRITICAL,2024-10-12T18:37:56,2024-10-12T18:39:51.282816,2024-10-12T18:43:03.944107,CLOSED,CAS-CSE-07-0393,FIREWALL-07,False
ALT-CSE-07-00478,CSE-07,CRITICAL,2024-10-09T01:10:44,2024-10-09T01:12:38.328244,2024-10-09T01:16:05.644109,CLOSED,CAS-CSE-07-0394,WEB-SERVER-07,False
ALT-CSE-07-00479,CSE-07,CRITICAL,2024-10-24T12:59:28,2024-10-24T13:00:47.321634,2024-10-24T13:04:55.101080,CLOSED,CAS-CSE-07-0395,WEB-SERVER-07,False
ALT-CSE-07-00480,CSE-07,CRITICAL,2024-11-23T03:50:50,2024-11-23T03:51:23.195677,2024-11-23T03:56:08.910083,CLOSED,CAS-CSE-07-0396,ENDPOINT-07,False
ALT-CSE-07-00481,CSE-07,CRITICAL,2024-12-03T16:50:23,2024-12-03T16:51:45.637585,2024-12-03T16:55:38.248062,CLOSED,CAS-CSE-07-0397,WEB-SERVER-07,False
ALT-CSE-07-00482,CSE-07,CRITICAL,2024-10-29T09:23:13,2024-10-29T09:23:59.568644,2024-10-29T09:28:35.047387,CLOSED,CAS-CSE-07-0398,WEB-SERVER-07,False
ALT-CSE-07-00483,CSE-07,CRITICAL,2024-11-25T12:09:59,2024-11-25T12:11:14.660994,2024-11-25T12:15:16.928556,CLOSED,CAS-CSE-07-0399,DB-SERVER-07,False
ALT-CSE-07-00484,CSE-07,CRITICAL,2024-12-03T11:29:21,2024-12-03T11:31:17.637922,2024-12-03T11:34:19.494642,CLOSED,CAS-CSE-07-0400,ENDPOINT-07,False
ALT-CSE-07-00485,CSE-07,CRITICAL,2024-10-30T15:09:27,2024-10-30T15:11:17.799877,2024-10-30T15:14:49.302191,CLOSED,CAS-CSE-07-0401,FIREWALL-07,False
ALT-CSE-07-00486,CSE-07,CRITICAL,2024-12-01T01:39:21,2024-12-01T01:41:08.795292,2024-12-01T01:44:25.563022,CLOSED,CAS-CSE-07-0402,FIREWALL-07,False
ALT-CSE-07-00487,CSE-07,CRITICAL,2024-11-19T09:49:47,2024-11-19T09:50:31.061297,2024-11-19T09:54:54.562089,CLOSED,CAS-CSE-07-0403,WEB-SERVER-07,False
ALT-CSE-07-00488,CSE-07,CRITICAL,2024-11-20T08:25:38,2024-11-20T08:27:37.753900,2024-11-20T08:31:05.291411,CLOSED,CAS-CSE-07-0404,DB-SERVER-07,False
ALT-CSE-07-00489,CSE-07,CRITICAL,2024-10-20T21:49:55,2024-10-20T21:51:45.666746,2024-10-20T21:55:00.753834,CLOSED,CAS-CSE-07-0405,DB-SERVER-07,False
ALT-CSE-07-00490,CSE-07,CRITICAL,2024-11-02T02:53:41,2024-11-02T02:54:14.484779,2024-11-02T02:58:52.520558,CLOSED,CAS-CSE-07-0406,FIREWALL-07,False
ALT-CSE-07-00491,CSE-07,CRITICAL,2024-11-07T23:22:03,2024-11-07T23:22:40.511003,2024-11-07T23:27:07.222009,CLOSED,CAS-CSE-07-0407,ENDPOINT-07,False
ALT-CSE-07-00492,CSE-07,CRITICAL,2024-10-29T21:59:02,2024-10-29T21:59:37.369799,2024-10-29T22:04:06.629384,CLOSED,,ENDPOINT-07,False
ALT-CSE-07-00493,CSE-07,CRITICAL,2024-10-26T23:30:57,2024-10-26T23:31:35.889426,2024-10-26T23:36:10.456832,CLOSED,CAS-CSE-07-0408,ENDPOINT-07,False
ALT-CSE-07-00494,CSE-07,CRITICAL,2024-10-27T09:16:13,2024-10-27T09:17:34.729198,2024-10-27T09:21:23.228521,CLOSED,,DB-SERVER-07,False
ALT-CSE-07-00495,CSE-07,CRITICAL,2024-12-03T12:44:31,2024-12-03T12:45:48.637163,2024-12-03T12:49:56.386172,CLOSED,CAS-CSE-07-0409,ENDPOINT-07,False
ALT-CSE-07-00496,CSE-07,CRITICAL,2024-10-07T07:48:16,2024-10-07T07:50:02.024083,2024-10-07T07:53:40.176964,CLOSED,CAS-CSE-07-0410,FIREWALL-07,False
ALT-CSE-07-00497,CSE-07,CRITICAL,2024-12-15T04:14:54,2024-12-15T04:16:40.132732,2024-12-15T04:20:08.501683,CLOSED,CAS-CSE-07-0411,FIREWALL-07,False
ALT-CSE-07-00498,CSE-07,CRITICAL,2024-11-28T03:05:29,2024-11-28T03:07:06.840667,2024-11-28T03:10:39.020400,CLOSED,CAS-CSE-07-0412,DB-SERVER-07,False
ALT-CSE-07-00499,CSE-07,CRITICAL,2024-10-22T15:28:52,2024-10-22T15:30:11.116122,2024-10-22T15:34:11.264606,CLOSED,,DB-SERVER-07,False
ALT-CSE-07-00500,CSE-07,CRITICAL,2024-11-01T10:39:42,2024-11-01T10:41:20.985019,2024-11-01T10:44:40.988240,CLOSED,,DB-SERVER-07,False
ALT-CSE-07-00501,CSE-07,CRITICAL,2024-10-23T04:12:26,2024-10-23T04:13:01.915402,2024-10-23T04:17:22.127132,CLOSED,CAS-CSE-07-0413,ENDPOINT-07,False
ALT-CSE-07-00502,CSE-07,CRITICAL,2024-11-10T16:59:17,2024-11-10T17:00:31.885729,2024-11-10T17:04:32.955423,CLOSED,CAS-CSE-07-0414,WEB-SERVER-07,False
ALT-CSE-07-00503,CSE-07,CRITICAL,2024-10-13T06:26:40,2024-10-13T06:27:15.038215,2024-10-13T06:32:07.500119,CLOSED,CAS-CSE-07-0415,WEB-SERVER-07,False
ALT-CSE-07-00504,CSE-07,CRITICAL,2024-11-17T20:12:14,2024-11-17T20:13:12.392074,2024-11-17T20:17:17.868782,CLOSED,,ENDPOINT-07,False
ALT-CSE-07-00505,CSE-07,CRITICAL,2024-11-01T05:50:26,2024-11-01T05:51:40.878826,2024-11-01T05:55:28.187540,CLOSED,CAS-CSE-07-0416,FIREWALL-07,False
ALT-CSE-07-00506,CSE-07,CRITICAL,2024-10-26T18:04:46,2024-10-26T18:05:56.921939,2024-10-26T18:10:03.298783,CLOSED,CAS-CSE-07-0417,WEB-SERVER-07,False
ALT-CSE-07-00507,CSE-07,CRITICAL,2024-12-19T09:12:48,2024-12-19T09:14:34.512875,2024-12-19T09:17:53.998526,CLOSED,CAS-CSE-07-0418,DB-SERVER-07,False
ALT-CSE-07-00508,CSE-07,CRITICAL,2024-12-08T16:07:43,2024-12-08T16:08:33.969711,2024-12-08T16:12:51.816091,CLOSED,CAS-CSE-07-0419,DB-SERVER-07,False
ALT-CSE-07-00509,CSE-07,CRITICAL,2024-12-29T04:17:28,2024-12-29T04:19:24.807307,2024-12-29T04:22:37.297912,CLOSED,CAS-CSE-07-0420,ENDPOINT-07,False
ALT-CSE-07-00510,CSE-07,CRITICAL,2024-11-15T12:00:58,2024-11-15T12:01:52.537399,2024-11-15T12:06:00.343514,CLOSED,CAS-CSE-07-0421,ENDPOINT-07,False
ALT-CSE-07-00511,CSE-07,CRITICAL,2024-11-27T19:54:43,2024-11-27T19:56:34.188502,2024-11-27T19:59:56.461602,CLOSED,CAS-CSE-07-0422,WEB-SERVER-07,False
ALT-CSE-07-00512,CSE-07,CRITICAL,2024-12-06T12:53:20,2024-12-06T12:53:59.907759,2024-12-06T12:58:16.658870,CLOSED,CAS-CSE-07-0423,FIREWALL-07,False
ALT-CSE-07-00513,CSE-07,CRITICAL,2024-11-09T05:20:06,2024-11-09T05:21:22.332922,2024-11-09T05:25:11.161144,CLOSED,CAS-CSE-07-0424,ENDPOINT-07,False
ALT-CSE-07-00514,CSE-07,CRITICAL,2024-12-10T10:43:23,2024-12-10T10:44:48.173293,2024-12-10T10:48:31.920898,CLOSED,CAS-CSE-07-0425,WEB-SERVER-07,False
ALT-CSE-07-00515,CSE-07,CRITICAL,2024-12-17T23:45:02,2024-12-17T23:45:44.908870,2024-12-17T23:50:30.904984,CLOSED,CAS-CSE-07-0426,WEB-SERVER-07,False
ALT-CSE-07-00516,CSE-07,CRITICAL,2024-11-20T11:55:08,2024-11-20T11:56:27.991444,2024-11-20T12:00:24.166087,CLOSED,CAS-CSE-07-0427,FIREWALL-07,False
ALT-CSE-07-00517,CSE-07,CRITICAL,2024-11-26T04:22:24,2024-11-26T04:24:02.757385,2024-11-26T04:27:43.590076,CLOSED,CAS-CSE-07-0428,ENDPOINT-07,False
ALT-CSE-07-00518,CSE-07,CRITICAL,2024-11-26T09:13:08,2024-11-26T09:13:57.979446,2024-11-26T09:18:17.554308,CLOSED,,DB-SERVER-07,False
ALT-CSE-07-00519,CSE-07,CRITICAL,2024-11-12T12:32:26,2024-11-12T12:33:23.772713,2024-11-12T12:37:29.388202,CLOSED,CAS-CSE-07-0429,FIREWALL-07,False
ALT-CSE-07-00520,CSE-07,CRITICAL,2024-12-16T00:53:18,2024-12-16T00:54:48.549127,2024-12-16T00:58:47.181942,CLOSED,CAS-CSE-07-0430,DB-SERVER-07,False
ALT-CSE-07-00521,CSE-07,CRITICAL,2024-12-27T09:08:55,2024-12-27T09:10:17.329881,2024-12-27T09:14:07.258672,CLOSED,CAS-CSE-07-0431,ENDPOINT-07,False
ALT-CSE-07-00522,CSE-07,CRITICAL,2024-12-27T18:23:54,2024-12-27T18:24:56.605447,2024-12-27T18:29:35.149045,CLOSED,CAS-CSE-07-0432,DB-SERVER-07,False
ALT-CSE-07-00523,CSE-07,CRITICAL,2024-12-18T02:19:39,2024-12-18T02:20:47.392576,2024-12-18T02:24:49.940943,CLOSED,CAS-CSE-07-0433,DB-SERVER-07,False
ALT-CSE-07-00524,CSE-07,CRITICAL,2024-12-28T21:35:46,2024-12-28T21:37:33.557463,2024-12-28T21:40:58.077222,CLOSED,CAS-CSE-07-0434,FIREWALL-07,False
ALT-CSE-07-00525,CSE-07,CRITICAL,2024-11-15T21:49:27,2024-11-15T21:49:59.141481,2024-11-15T21:54:36.842483,CLOSED,CAS-CSE-07-0435,DB-SERVER-07,False
ALT-CSE-07-00526,CSE-07,CRITICAL,2024-10-23T14:37:27,2024-10-23T14:38:11.714198,2024-10-23T14:42:38.803427,CLOSED,,ENDPOINT-07,False
ALT-CSE-07-00527,CSE-07,CRITICAL,2024-10-29T02:22:43,2024-10-29T02:24:16.183136,2024-10-29T02:27:40.700694,CLOSED,CAS-CSE-07-0436,WEB-SERVER-07,False
ALT-CSE-07-00528,CSE-07,CRITICAL,2024-12-26T09:37:00,2024-12-26T09:38:19.190061,2024-12-26T09:41:51.677159,CLOSED,CAS-CSE-07-0437,ENDPOINT-07,False
ALT-CSE-07-00529,CSE-07,CRITICAL,2024-11-08T10:58:54,2024-11-08T11:00:06.237042,2024-11-08T11:04:02.986981,CLOSED,CAS-CSE-07-0438,WEB-SERVER-07,False
ALT-CSE-07-00530,CSE-07,CRITICAL,2024-11-04T20:55:29,2024-11-04T20:56:25.536986,2024-11-04T21:00:31.842307,CLOSED,CAS-CSE-07-0439,FIREWALL-07,False
ALT-CSE-07-00531,CSE-07,CRITICAL,2024-10-29T08:11:45,2024-10-29T08:12:45.146748,2024-10-29T08:16:53.174928,CLOSED,CAS-CSE-07-0440,ENDPOINT-07,False
ALT-CSE-07-00532,CSE-07,CRITICAL,2024-11-04T03:34:02,2024-11-04T03:35:53.384395,2024-11-04T03:39:30.340754,CLOSED,CAS-CSE-07-0441,ENDPOINT-07,False
ALT-CSE-07-00533,CSE-07,CRITICAL,2024-11-22T11:49:39,2024-11-22T11:50:22.894772,2024-11-22T11:54:54.942815,CLOSED,CAS-CSE-07-0442,FIREWALL-07,False
ALT-CSE-07-00534,CSE-07,CRITICAL,2024-12-29T00:47:09,2024-12-29T00:47:57.718135,2024-12-29T00:52:40.824400,CLOSED,CAS-CSE-07-0443,FIREWALL-07,False
ALT-CSE-07-00535,CSE-07,CRITICAL,2024-10-16T11:12:13,2024-10-16T11:13:21.574469,2024-10-16T11:17:19.515591,CLOSED,,WEB-SERVER-07,False
ALT-CSE-07-00536,CSE-07,CRITICAL,2024-12-05T13:17:19,2024-12-05T13:18:44.678655,2024-12-05T13:22:44.435888,CLOSED,CAS-CSE-07-0444,FIREWALL-07,False
ALT-CSE-07-00537,CSE-07,CRITICAL,2024-11-24T09:07:51,2024-11-24T09:09:28.821412,2024-11-24T09:13:08.100763,CLOSED,CAS-CSE-07-0445,ENDPOINT-07,False
ALT-CSE-07-00538,CSE-07,CRITICAL,2024-11-25T20:26:06,2024-11-25T20:28:04.243855,2024-11-25T20:31:13.215702,CLOSED,CAS-CSE-07-0446,ENDPOINT-07,False
ALT-CSE-07-00539,CSE-07,CRITICAL,2024-10-09T20:12:23,2024-10-09T20:14:13.794067,2024-10-09T20:17:42.414187,CLOSED,CAS-CSE-07-0447,FIREWALL-07,False
ALT-CSE-07-00540,CSE-07,CRITICAL,2024-12-24T05:34:11,2024-12-24T05:36:06.544630,2024-12-24T05:39:12.551432,CLOSED,CAS-CSE-07-0448,DB-SERVER-07,False
ALT-CSE-07-00541,CSE-07,CRITICAL,2024-11-02T21:53:25,2024-11-02T21:54:13.289081,2024-11-02T21:58:29.726056,CLOSED,,WEB-SERVER-07,False
ALT-CSE-07-00542,CSE-07,CRITICAL,2024-10-04T01:02:07,2024-10-04T01:03:17.811620,2024-10-04T01:07:12.754248,CLOSED,CAS-CSE-07-0449,FIREWALL-07,False
ALT-CSE-07-00543,CSE-07,CRITICAL,2024-11-23T06:34:15,2024-11-23T06:35:01.678170,2024-11-23T06:39:39.477093,CLOSED,CAS-CSE-07-0450,DB-SERVER-07,False
ALT-CSE-07-00544,CSE-07,CRITICAL,2024-10-25T05:22:25,2024-10-25T05:23:13.072298,2024-10-25T05:27:25.372718,CLOSED,CAS-CSE-07-0451,FIREWALL-07,False
ALT-CSE-07-00545,CSE-07,CRITICAL,2024-11-01T09:13:41,2024-11-01T09:14:13.408110,2024-11-01T09:18:46.982411,CLOSED,CAS-CSE-07-0452,FIREWALL-07,False
ALT-CSE-07-00546,CSE-07,CRITICAL,2024-11-22T21:57:28,2024-11-22T21:59:13.083052,2024-11-22T22:02:47.465435,CLOSED,,DB-SERVER-07,False
ALT-CSE-07-00547,CSE-07,CRITICAL,2024-12-12T10:46:36,2024-12-12T10:48:20.305408,2024-12-12T10:51:39.850530,CLOSED,CAS-CSE-07-0453,WEB-SERVER-07,False
ALT-CSE-07-00548,CSE-07,CRITICAL,2024-11-04T18:08:43,2024-11-04T18:09:42.130474,2024-11-04T18:13:57.987749,CLOSED,CAS-CSE-07-0454,WEB-SERVER-07,False
ALT-CSE-07-00549,CSE-07,CRITICAL,2024-12-21T09:16:11,2024-12-21T09:17:30.140427,2024-12-21T09:21:31.870993,CLOSED,CAS-CSE-07-0455,DB-SERVER-07,False
ALT-CSE-07-00550,CSE-07,CRITICAL,2024-10-09T11:31:32,2024-10-09T11:33:28.851410,2024-10-09T11:36:45.420660,CLOSED,,DB-SERVER-07,False
ALT-CSE-07-00551,CSE-07,CRITICAL,2024-12-04T08:33:27,2024-12-04T08:34:04.005990,2024-12-04T08:38:39.904870,CLOSED,CAS-CSE-07-0456,FIREWALL-07,False
ALT-CSE-07-00552,CSE-07,CRITICAL,2024-12-18T15:38:32,2024-12-18T15:39:15.676267,2024-12-18T15:43:47.910870,CLOSED,CAS-CSE-07-0457,WEB-SERVER-07,False
ALT-CSE-07-00553,CSE-07,CRITICAL,2024-12-02T00:47:21,2024-12-02T00:48:30.163185,2024-12-02T00:52:30.044445,CLOSED,CAS-CSE-07-0458,ENDPOINT-07,False
ALT-CSE-07-00554,CSE-07,CRITICAL,2024-11-28T14:16:47,2024-11-28T14:17:43.025197,2024-11-28T14:21:55.905342,CLOSED,CAS-CSE-07-0459,DB-SERVER-07,False
ALT-CSE-07-00555,CSE-07,CRITICAL,2024-11-20T10:38:44,2024-11-20T10:39:21.113197,2024-11-20T10:44:01.385652,CLOSED,CAS-CSE-07-0460,FIREWALL-07,False
ALT-CSE-07-00556,CSE-07,CRITICAL,2024-10-26T04:02:55,2024-10-26T04:04:19.765264,2024-10-26T04:08:00.888558,CLOSED,CAS-CSE-07-0461,DB-SERVER-07,False
ALT-CSE-07-00557,CSE-07,CRITICAL,2024-10-21T13:30:00,2024-10-21T13:30:35.282366,2024-10-21T13:35:02.978137,CLOSED,CAS-CSE-07-0462,DB-SERVER-07,False
ALT-CSE-07-00558,CSE-07,CRITICAL,2024-10-10T01:01:45,2024-10-10T01:02:52.498591,2024-10-10T01:06:59.828562,CLOSED,CAS-CSE-07-0463,ENDPOINT-07,False
ALT-CSE-07-00559,CSE-07,CRITICAL,2024-10-28T20:28:31,2024-10-28T20:29:24.379682,2024-10-28T20:33:50.758357,CLOSED,CAS-CSE-07-0464,DB-SERVER-07,False
ALT-CSE-07-00560,CSE-07,CRITICAL,2024-10-22T16:54:37,2024-10-22T16:55:08.000387,2024-10-22T16:59:45.746346,CLOSED,CAS-CSE-07-0465,DB-SERVER-07,False
ALT-CSE-07-00561,CSE-07,CRITICAL,2024-10-05T13:41:55,2024-10-05T13:42:27.373327,2024-10-05T13:47:25.264215,CLOSED,CAS-CSE-07-0466,ENDPOINT-07,False
ALT-CSE-07-00562,CSE-07,CRITICAL,2024-11-26T00:44:53,2024-11-26T00:45:52.091743,2024-11-26T00:50:09.172389,CLOSED,,FIREWALL-07,False
ALT-CSE-07-00563,CSE-07,CRITICAL,2024-12-29T21:12:41,2024-12-29T21:13:27.112350,2024-12-29T21:17:35.539258,CLOSED,CAS-CSE-07-0467,WEB-SERVER-07,False
ALT-CSE-07-00564,CSE-07,CRITICAL,2024-11-23T05:31:19,2024-11-23T05:33:14.329073,2024-11-23T05:36:26.861109,CLOSED,,FIREWALL-07,False
ALT-CSE-07-00565,CSE-07,CRITICAL,2024-10-18T03:16:51,2024-10-18T03:18:47.630660,2024-10-18T03:21:59.696608,CLOSED,CAS-CSE-07-0468,FIREWALL-07,False
ALT-CSE-07-00566,CSE-07,CRITICAL,2024-11-24T21:55:56,2024-11-24T21:57:29.852312,2024-11-24T22:01:02.498655,CLOSED,CAS-CSE-07-0469,WEB-SERVER-07,False
ALT-CSE-07-00567,CSE-07,CRITICAL,2024-11-20T04:30:02,2024-11-20T04:32:01.723390,2024-11-20T04:35:26.610862,CLOSED,,ENDPOINT-07,False
ALT-CSE-07-00568,CSE-07,CRITICAL,2024-11-19T21:12:40,2024-11-19T21:13:23.161504,2024-11-19T21:18:12.951775,CLOSED,CAS-CSE-07-0470,DB-SERVER-07,False
ALT-CSE-07-00569,CSE-07,CRITICAL,2024-10-01T13:35:18,2024-10-01T13:37:09.440613,2024-10-01T13:40:44.558612,CLOSED,,ENDPOINT-07,False
ALT-CSE-07-00570,CSE-07,CRITICAL,2024-12-13T15:37:54,2024-12-13T15:39:19.991022,2024-12-13T15:42:51.555356,CLOSED,CAS-CSE-07-0471,ENDPOINT-07,False
ALT-CSE-07-00571,CSE-07,CRITICAL,2024-11-30T09:44:41,2024-11-30T09:45:34.319077,2024-11-30T09:49:33.761891,CLOSED,CAS-CSE-07-0472,WEB-SERVER-07,False
ALT-CSE-07-00572,CSE-07,CRITICAL,2024-11-09T10:44:35,2024-11-09T10:45:52.434309,2024-11-09T10:49:37.543537,CLOSED,CAS-CSE-07-0473,ENDPOINT-07,False
ALT-CSE-07-00573,CSE-07,CRITICAL,2024-10-14T22:20:17,2024-10-14T22:21:34.729966,2024-10-14T22:25:33.854525,CLOSED,,FIREWALL-07,False
ALT-CSE-07-00574,CSE-07,CRITICAL,2024-11-04T23:31:58,2024-11-04T23:33:49.272123,2024-11-04T23:37:13.141361,CLOSED,CAS-CSE-07-0474,FIREWALL-07,False
ALT-CSE-07-00575,CSE-07,CRITICAL,2024-12-25T21:07:50,2024-12-25T21:09:49.588826,2024-12-25T21:13:06.809236,CLOSED,CAS-CSE-07-0475,ENDPOINT-07,False
ALT-CSE-07-00576,CSE-07,CRITICAL,2024-11-18T19:45:00,2024-11-18T19:45:55.286587,2024-11-18T19:49:51.113543,CLOSED,CAS-CSE-07-0476,FIREWALL-07,False
ALT-CSE-07-00577,CSE-07,CRITICAL,2024-12-19T02:37:44,2024-12-19T02:39:24.594654,2024-12-19T02:42:37.877573,CLOSED,CAS-CSE-07-0477,ENDPOINT-07,False
ALT-CSE-07-00578,CSE-07,CRITICAL,2024-10-30T05:56:08,2024-10-30T05:57:45.840291,2024-10-30T06:01:10.567905,CLOSED,CAS-CSE-07-0478,DB-SERVER-07,False
ALT-CSE-07-00579,CSE-07,CRITICAL,2024-11-08T07:05:58,2024-11-08T07:07:49.970217,2024-11-08T07:11:11.330588,CLOSED,CAS-CSE-07-0479,FIREWALL-07,False
ALT-CSE-07-00580,CSE-07,CRITICAL,2024-11-18T11:09:54,2024-11-18T11:10:37.930599,2024-11-18T11:14:58.308628,CLOSED,CAS-CSE-07-0480,DB-SERVER-07,False
ALT-CSE-07-00581,CSE-07,CRITICAL,2024-12-18T19:39:37,2024-12-18T19:40:52.205942,2024-12-18T19:44:38.484133,CLOSED,CAS-CSE-07-0481,ENDPOINT-07,False
ALT-CSE-07-00582,CSE-07,CRITICAL,2024-11-16T07:25:23,2024-11-16T07:27:17.087379,2024-11-16T07:30:33.577598,CLOSED,,DB-SERVER-07,False
ALT-CSE-07-00583,CSE-07,CRITICAL,2024-12-16T19:33:54,2024-12-16T19:35:07.087034,2024-12-16T19:38:54.398704,CLOSED,CAS-CSE-07-0482,ENDPOINT-07,False
ALT-CSE-07-00584,CSE-07,CRITICAL,2024-12-01T07:55:13,2024-12-01T07:55:48.557350,2024-12-01T08:00:15.499367,CLOSED,CAS-CSE-07-0483,ENDPOINT-07,False
ALT-CSE-07-00585,CSE-07,CRITICAL,2024-10-04T23:47:26,2024-10-04T23:48:58.043268,2024-10-04T23:52:32.089175,CLOSED,,WEB-SERVER-07,False
ALT-CSE-07-00586,CSE-07,CRITICAL,2024-11-28T10:23:34,2024-11-28T10:24:58.475176,2024-11-28T10:28:48.740865,CLOSED,CAS-CSE-07-0484,WEB-SERVER-07,False
ALT-CSE-07-00587,CSE-07,CRITICAL,2024-11-25T05:49:53,2024-11-25T05:51:52.229063,2024-11-25T05:55:19.803547,CLOSED,CAS-CSE-07-0485,DB-SERVER-07,False
ALT-CSE-07-00588,CSE-07,CRITICAL,2024-11-24T02:02:32,2024-11-24T02:04:31.525078,2024-11-24T02:07:54.188100,CLOSED,CAS-CSE-07-0486,DB-SERVER-07,False
ALT-CSE-07-00589,CSE-07,CRITICAL,2024-11-11T05:00:45,2024-11-11T05:02:10.294404,2024-11-11T05:05:56.893317,CLOSED,,DB-SERVER-07,False
ALT-CSE-07-00590,CSE-07,CRITICAL,2024-12-19T19:15:04,2024-12-19T19:16:41.293739,2024-12-19T19:20:00.221439,CLOSED,CAS-CSE-07-0487,ENDPOINT-07,False
ALT-CSE-07-00591,CSE-07,CRITICAL,2024-10-02T09:32:57,2024-10-02T09:33:59.148352,2024-10-02T09:38:04.790594,CLOSED,CAS-CSE-07-0488,DB-SERVER-07,False
ALT-CSE-07-00592,CSE-07,CRITICAL,2024-11-20T22:17:53,2024-11-20T22:19:51.515862,2024-11-20T22:23:11.803329,CLOSED,CAS-CSE-07-0489,WEB-SERVER-07,False
ALT-CSE-07-00593,CSE-07,CRITICAL,2024-11-15T11:38:12,2024-11-15T11:39:46.208067,2024-11-15T11:43:23.150152,CLOSED,,WEB-SERVER-07,False
ALT-CSE-07-00594,CSE-07,CRITICAL,2024-10-27T12:41:44,2024-10-27T12:43:41.321159,2024-10-27T12:46:53.522718,CLOSED,CAS-CSE-07-0490,ENDPOINT-07,False
ALT-CSE-07-00595,CSE-07,CRITICAL,2024-12-10T20:56:24,2024-12-10T20:56:59.069684,2024-12-10T21:01:27.776770,CLOSED,,ENDPOINT-07,False
ALT-CSE-07-00596,CSE-07,CRITICAL,2024-12-03T18:34:48,2024-12-03T18:35:35.504188,2024-12-03T18:40:02.595024,CLOSED,CAS-CSE-07-0491,DB-SERVER-07,False
ALT-CSE-07-00597,CSE-07,CRITICAL,2024-10-10T09:56:11,2024-10-10T09:56:54.877239,2024-10-10T10:01:23.961191,CLOSED,CAS-CSE-07-0492,DB-SERVER-07,False
ALT-CSE-07-00598,CSE-07,CRITICAL,2024-10-01T19:39:04,2024-10-01T19:40:53.543531,2024-10-01T19:44:08.221802,CLOSED,CAS-CSE-07-0493,ENDPOINT-07,False
ALT-CSE-07-00599,CSE-07,CRITICAL,2024-12-22T03:57:38,2024-12-22T03:58:52.025489,2024-12-22T04:02:53.064139,CLOSED,CAS-CSE-07-0494,WEB-SERVER-07,False
ALT-CSE-07-00600,CSE-07,CRITICAL,2024-12-29T10:03:36,2024-12-29T10:04:47.168164,2024-12-29T10:08:52.855326,CLOSED,CAS-CSE-07-0495,ENDPOINT-07,False
ALT-CSE-07-00601,CSE-07,CRITICAL,2024-12-24T04:55:46,2024-12-24T04:57:09.516267,2024-12-24T05:01:02.557965,CLOSED,,DB-SERVER-07,False
ALT-CSE-07-00602,CSE-07,CRITICAL,2024-11-20T10:38:43,2024-11-20T10:40:08.047609,2024-11-20T10:44:09.084761,CLOSED,CAS-CSE-07-0496,FIREWALL-07,False
ALT-CSE-07-00603,CSE-07,CRITICAL,2024-12-19T08:59:00,2024-12-19T09:00:11.638831,2024-12-19T09:04:17.139376,CLOSED,CAS-CSE-07-0497,DB-SERVER-07,False
ALT-CSE-07-00604,CSE-07,CRITICAL,2024-10-29T21:54:12,2024-10-29T21:54:52.670681,2024-10-29T21:59:34.965309,CLOSED,,ENDPOINT-07,False
ALT-CSE-07-00605,CSE-07,CRITICAL,2024-12-05T04:21:00,2024-12-05T04:22:19.603045,2024-12-05T04:26:23.969739,CLOSED,CAS-CSE-07-0498,DB-SERVER-07,False
ALT-CSE-07-00606,CSE-07,CRITICAL,2024-10-11T10:32:52,2024-10-11T10:34:46.703459,2024-10-11T10:37:55.679310,CLOSED,CAS-CSE-07-0499,FIREWALL-07,False
ALT-CSE-07-00607,CSE-07,CRITICAL,2024-11-05T05:00:20,2024-11-05T05:01:42.984008,2024-11-05T05:05:32.501901,CLOSED,CAS-CSE-07-0500,DB-SERVER-07,False
ALT-CSE-07-00608,CSE-07,CRITICAL,2024-12-02T14:50:30,2024-12-02T14:51:47.446091,2024-12-02T14:55:40.872139,CLOSED,CAS-CSE-07-0501,ENDPOINT-07,False
ALT-CSE-07-00609,CSE-07,CRITICAL,2024-12-02T00:27:46,2024-12-02T00:28:40.679412,2024-12-02T00:33:01.501430,CLOSED,CAS-CSE-07-0502,ENDPOINT-07,False
ALT-CSE-07-00610,CSE-07,CRITICAL,2024-10-07T15:40:43,2024-10-07T15:42:06.050181,2024-10-07T15:45:51.254098,CLOSED,CAS-CSE-07-0503,FIREWALL-07,False
ALT-CSE-07-00611,CSE-07,CRITICAL,2024-10-24T15:45:53,2024-10-24T15:46:42.704998,2024-10-24T15:51:09.764533,CLOSED,CAS-CSE-07-0504,ENDPOINT-07,False
ALT-CSE-07-00612,CSE-07,CRITICAL,2024-11-25T20:37:41,2024-11-25T20:39:14.929518,2024-11-25T20:42:52.487600,CLOSED,CAS-CSE-07-0505,ENDPOINT-07,False
ALT-CSE-07-00613,CSE-07,CRITICAL,2024-12-17T22:05:24,2024-12-17T22:07:16.094524,2024-12-17T22:10:39.193977,CLOSED,,DB-SERVER-07,False
ALT-CSE-07-00614,CSE-07,CRITICAL,2024-10-21T07:36:52,2024-10-21T07:38:10.453693,2024-10-21T07:42:07.370075,CLOSED,CAS-CSE-07-0506,FIREWALL-07,False
ALT-CSE-07-00615,CSE-07,CRITICAL,2024-12-10T15:26:32,2024-12-10T15:27:02.243156,2024-12-10T15:31:35.239183,CLOSED,CAS-CSE-07-0507,WEB-SERVER-07,False
ALT-CSE-07-00616,CSE-07,CRITICAL,2024-10-06T14:36:06,2024-10-06T14:36:42.181771,2024-10-06T14:41:21.579343,CLOSED,CAS-CSE-07-0508,WEB-SERVER-07,False
ALT-CSE-07-00617,CSE-07,CRITICAL,2024-10-12T06:45:11,2024-10-12T06:47:07.307524,2024-10-12T06:50:27.399365,CLOSED,CAS-CSE-07-0509,DB-SERVER-07,False
ALT-CSE-07-00618,CSE-07,CRITICAL,2024-11-27T18:40:44,2024-11-27T18:41:34.190727,2024-11-27T18:45:53.691693,CLOSED,,FIREWALL-07,False
ALT-CSE-07-00619,CSE-07,CRITICAL,2024-11-11T08:01:48,2024-11-11T08:02:23.467756,2024-11-11T08:07:02.290930,CLOSED,CAS-CSE-07-0510,WEB-SERVER-07,False
ALT-CSE-07-00620,CSE-07,CRITICAL,2024-11-03T03:07:13,2024-11-03T03:08:41.323723,2024-11-03T03:12:25.582343,CLOSED,CAS-CSE-07-0511,DB-SERVER-07,False
ALT-CSE-07-00621,CSE-07,CRITICAL,2024-12-22T14:09:04,2024-12-22T14:09:50.147838,2024-12-22T14:14:25.162755,CLOSED,CAS-CSE-07-0512,FIREWALL-07,False
ALT-CSE-07-00622,CSE-07,CRITICAL,2024-10-27T17:40:58,2024-10-27T17:42:37.909592,2024-10-27T17:46:01.347651,CLOSED,CAS-CSE-07-0513,FIREWALL-07,False
ALT-CSE-07-00623,CSE-07,CRITICAL,2024-12-12T05:00:57,2024-12-12T05:02:19.721462,2024-12-12T05:06:05.540097,CLOSED,CAS-CSE-07-0514,WEB-SERVER-07,False
ALT-CSE-07-00624,CSE-07,CRITICAL,2024-12-04T11:26:49,2024-12-04T11:28:08.719668,2024-12-04T11:32:16.756738,CLOSED,CAS-CSE-07-0515,FIREWALL-07,False
ALT-CSE-07-00625,CSE-07,CRITICAL,2024-11-17T19:37:15,2024-11-17T19:38:27.494992,2024-11-17T19:42:29.304398,CLOSED,,DB-SERVER-07,False
ALT-CSE-07-00626,CSE-07,CRITICAL,2024-10-25T12:56:24,2024-10-25T12:57:24.259060,2024-10-25T13:01:33.048927,CLOSED,CAS-CSE-07-0516,DB-SERVER-07,False
ALT-CSE-07-00627,CSE-07,CRITICAL,2024-12-22T16:38:37,2024-12-22T16:39:44.216241,2024-12-22T16:43:48.254476,CLOSED,CAS-CSE-07-0517,ENDPOINT-07,False
ALT-CSE-07-00628,CSE-07,CRITICAL,2024-12-28T16:25:28,2024-12-28T16:26:20.812255,2024-12-28T16:30:31.228646,CLOSED,CAS-CSE-07-0518,WEB-SERVER-07,False
ALT-CSE-07-00629,CSE-07,CRITICAL,2024-10-22T03:48:26,2024-10-22T03:49:03.619733,2024-10-22T03:53:49.971555,CLOSED,CAS-CSE-07-0519,DB-SERVER-07,False
ALT-CSE-07-00630,CSE-07,CRITICAL,2024-11-27T05:19:05,2024-11-27T05:20:38.617548,2024-11-27T05:24:34.849801,CLOSED,,ENDPOINT-07,False
ALT-CSE-07-00631,CSE-07,CRITICAL,2024-12-21T01:17:40,2024-12-21T01:18:12.567527,2024-12-21T01:22:49.211417,CLOSED,CAS-CSE-07-0520,WEB-SERVER-07,False
ALT-CSE-07-00632,CSE-07,CRITICAL,2024-11-14T13:31:04,2024-11-14T13:32:04.014633,2024-11-14T13:36:22.366315,CLOSED,CAS-CSE-07-0521,WEB-SERVER-07,False
ALT-CSE-07-00633,CSE-07,CRITICAL,2024-12-27T03:21:21,2024-12-27T03:22:52.206658,2024-12-27T03:26:34.921861,CLOSED,,FIREWALL-07,False
ALT-CSE-07-00634,CSE-07,CRITICAL,2024-10-30T23:46:11,2024-10-30T23:47:25.755332,2024-10-30T23:51:32.787006,CLOSED,CAS-CSE-07-0522,DB-SERVER-07,False
ALT-CSE-07-00635,CSE-07,CRITICAL,2024-12-17T23:40:36,2024-12-17T23:42:07.905076,2024-12-17T23:45:44.134683,CLOSED,CAS-CSE-07-0523,ENDPOINT-07,False
ALT-CSE-07-00636,CSE-07,CRITICAL,2024-12-26T08:27:05,2024-12-26T08:28:56.803126,2024-12-26T08:32:14.671855,CLOSED,CAS-CSE-07-0524,ENDPOINT-07,False
ALT-CSE-07-00637,CSE-07,CRITICAL,2024-12-12T10:28:19,2024-12-12T10:29:12.154966,2024-12-12T10:33:52.075157,CLOSED,CAS-CSE-07-0525,ENDPOINT-07,False
ALT-CSE-07-00638,CSE-07,CRITICAL,2024-11-03T18:08:17,2024-11-03T18:09:53.028819,2024-11-03T18:13:19.936040,CLOSED,CAS-CSE-07-0526,ENDPOINT-07,False
ALT-CSE-07-00639,CSE-07,CRITICAL,2024-12-19T16:14:06,2024-12-19T16:15:14.582072,2024-12-19T16:19:38.708375,CLOSED,CAS-CSE-07-0527,DB-SERVER-07,False
ALT-CSE-07-00640,CSE-07,CRITICAL,2024-10-26T15:36:05,2024-10-26T15:37:44.253095,2024-10-26T15:41:22.011661,CLOSED,CAS-CSE-07-0528,DB-SERVER-07,False
ALT-CSE-07-00641,CSE-07,CRITICAL,2024-10-28T00:47:11,2024-10-28T00:48:24.140162,2024-10-28T00:52:23.969428,CLOSED,,DB-SERVER-07,False
ALT-CSE-07-00642,CSE-07,CRITICAL,2024-11-18T02:35:35,2024-11-18T02:36:08.845349,2024-11-18T02:40:51.978726,CLOSED,CAS-CSE-07-0529,ENDPOINT-07,False
ALT-CSE-07-00643,CSE-07,CRITICAL,2024-10-12T23:06:44,2024-10-12T23:08:33.214834,2024-10-12T23:11:49.845462,CLOSED,,DB-SERVER-07,False
ALT-CSE-07-00644,CSE-07,CRITICAL,2024-12-15T02:48:24,2024-12-15T02:50:06.200952,2024-12-15T02:53:46.245635,CLOSED,CAS-CSE-07-0530,ENDPOINT-07,False
ALT-CSE-07-00645,CSE-07,CRITICAL,2024-10-08T06:30:14,2024-10-08T06:31:37.182106,2024-10-08T06:35:25.823170,CLOSED,CAS-CSE-07-0531,WEB-SERVER-07,False
ALT-CSE-07-00646,CSE-07,CRITICAL,2024-10-28T20:05:01,2024-10-28T20:06:08.152634,2024-10-28T20:10:44.482001,CLOSED,CAS-CSE-07-0532,ENDPOINT-07,False
ALT-CSE-07-00647,CSE-07,CRITICAL,2024-10-28T16:56:25,2024-10-28T16:58:22.240436,2024-10-28T17:01:33.272507,CLOSED,CAS-CSE-07-0533,ENDPOINT-07,False
ALT-CSE-07-00648,CSE-07,CRITICAL,2024-11-02T16:16:39,2024-11-02T16:18:38.622941,2024-11-02T16:21:53.054788,CLOSED,CAS-CSE-07-0534,ENDPOINT-07,False
ALT-CSE-07-00649,CSE-07,CRITICAL,2024-12-02T14:30:49,2024-12-02T14:31:57.362572,2024-12-02T14:35:58.801705,CLOSED,CAS-CSE-07-0535,FIREWALL-07,False
ALT-CSE-07-00650,CSE-07,CRITICAL,2024-12-07T14:01:59,2024-12-07T14:03:05.608048,2024-12-07T14:07:22.259929,CLOSED,CAS-CSE-07-0536,FIREWALL-07,False
ALT-CSE-07-00651,CSE-07,CRITICAL,2024-12-21T10:30:14,2024-12-21T10:30:44.923301,2024-12-21T10:35:19.530886,CLOSED,CAS-CSE-07-0537,WEB-SERVER-07,False
ALT-CSE-07-00652,CSE-07,CRITICAL,2024-12-20T14:59:06,2024-12-20T14:59:58.178614,2024-12-20T15:04:15.875026,CLOSED,CAS-CSE-07-0538,WEB-SERVER-07,False
ALT-CSE-07-00653,CSE-07,CRITICAL,2024-10-28T20:26:05,2024-10-28T20:26:39.456676,2024-10-28T20:31:19.977258,CLOSED,CAS-CSE-07-0539,FIREWALL-07,False
ALT-CSE-07-00654,CSE-07,CRITICAL,2024-12-26T22:47:29,2024-12-26T22:48:54.950731,2024-12-26T22:52:52.028296,CLOSED,CAS-CSE-07-0540,WEB-SERVER-07,False
ALT-CSE-07-00655,CSE-07,CRITICAL,2024-10-04T15:20:41,2024-10-04T15:22:38.635619,2024-10-04T15:25:43.835522,CLOSED,,ENDPOINT-07,False
ALT-CSE-07-00656,CSE-07,CRITICAL,2024-10-25T00:30:37,2024-10-25T00:32:02.961014,2024-10-25T00:35:53.520699,CLOSED,CAS-CSE-07-0541,DB-SERVER-07,False
ALT-CSE-07-00657,CSE-07,CRITICAL,2024-10-27T21:57:05,2024-10-27T21:58:46.725877,2024-10-27T22:02:09.949753,CLOSED,,DB-SERVER-07,False
ALT-CSE-07-00658,CSE-07,CRITICAL,2024-11-24T02:15:16,2024-11-24T02:16:05.947002,2024-11-24T02:20:35.201365,CLOSED,CAS-CSE-07-0542,DB-SERVER-07,False
ALT-CSE-07-00659,CSE-07,CRITICAL,2024-10-24T12:18:37,2024-10-24T12:19:10.225342,2024-10-24T12:23:42.198189,CLOSED,CAS-CSE-07-0543,WEB-SERVER-07,False
ALT-CSE-07-00660,CSE-07,CRITICAL,2024-12-26T10:58:43,2024-12-26T10:59:49.506540,2024-12-26T11:04:09.626753,CLOSED,CAS-CSE-07-0544,ENDPOINT-07,False
ALT-CSE-07-00661,CSE-07,CRITICAL,2024-12-29T20:42:51,2024-12-29T20:44:37.128738,2024-12-29T20:48:02.939940,CLOSED,CAS-CSE-07-0545,FIREWALL-07,False
ALT-CSE-07-00662,CSE-07,CRITICAL,2024-12-23T17:42:07,2024-12-23T17:43:36.834558,2024-12-23T17:47:25.087962,CLOSED,CAS-CSE-07-0546,WEB-SERVER-07,False
ALT-CSE-07-00663,CSE-07,CRITICAL,2024-10-12T21:29:17,2024-10-12T21:30:13.306693,2024-10-12T21:34:30.015372,CLOSED,CAS-CSE-07-0547,DB-SERVER-07,False
ALT-CSE-07-00664,CSE-07,CRITICAL,2024-11-15T05:13:30,2024-11-15T05:14:53.374075,2024-11-15T05:18:38.626636,CLOSED,CAS-CSE-07-0548,DB-SERVER-07,False
ALT-CSE-07-00665,CSE-07,CRITICAL,2024-12-10T00:18:37,2024-12-10T00:19:20.341087,2024-12-10T00:23:35.437232,CLOSED,CAS-CSE-07-0549,FIREWALL-07,False
ALT-CSE-07-00666,CSE-07,CRITICAL,2024-11-11T19:59:02,2024-11-11T20:00:39.054004,2024-11-11T20:04:02.890762,CLOSED,CAS-CSE-07-0550,FIREWALL-07,False
ALT-CSE-07-00667,CSE-07,CRITICAL,2024-10-19T00:40:19,2024-10-19T00:41:16.060490,2024-10-19T00:45:21.564296,CLOSED,,FIREWALL-07,False
ALT-CSE-07-00668,CSE-07,CRITICAL,2024-10-08T19:53:35,2024-10-08T19:54:25.888826,2024-10-08T19:58:48.575241,CLOSED,,FIREWALL-07,False
ALT-CSE-07-00669,CSE-07,CRITICAL,2024-12-12T03:59:02,2024-12-12T04:00:48.814120,2024-12-12T04:04:14.111760,CLOSED,CAS-CSE-07-0551,WEB-SERVER-07,False
ALT-CSE-07-00670,CSE-07,CRITICAL,2024-12-14T21:08:57,2024-12-14T21:10:55.683847,2024-12-14T21:14:07.659902,CLOSED,CAS-CSE-07-0552,ENDPOINT-07,False
ALT-CSE-07-00671,CSE-07,CRITICAL,2024-11-04T05:39:51,2024-11-04T05:40:36.931581,2024-11-04T05:44:56.076170,CLOSED,CAS-CSE-07-0553,WEB-SERVER-07,False
ALT-CSE-07-00672,CSE-07,CRITICAL,2024-10-22T01:42:38,2024-10-22T01:44:11.078378,2024-10-22T01:47:49.937259,CLOSED,CAS-CSE-07-0554,WEB-SERVER-07,False
ALT-CSE-07-00673,CSE-07,CRITICAL,2024-11-10T09:39:54,2024-11-10T09:41:13.920710,2024-11-10T09:45:11.606639,CLOSED,CAS-CSE-07-0555,WEB-SERVER-07,False
ALT-CSE-07-00674,CSE-07,CRITICAL,2024-12-12T22:02:14,2024-12-12T22:03:07.111742,2024-12-12T22:07:26.047909,CLOSED,CAS-CSE-07-0556,ENDPOINT-07,False
ALT-CSE-07-00675,CSE-07,CRITICAL,2024-10-04T09:01:32,2024-10-04T09:02:24.140318,2024-10-04T09:06:39.557407,CLOSED,CAS-CSE-07-0557,FIREWALL-07,False
ALT-CSE-07-00676,CSE-07,CRITICAL,2024-10-31T16:27:18,2024-10-31T16:27:55.567494,2024-10-31T16:32:20.132144,CLOSED,CAS-CSE-07-0558,FIREWALL-07,False
ALT-CSE-07-00677,CSE-07,CRITICAL,2024-10-04T11:10:02,2024-10-04T11:10:41.767632,2024-10-04T11:15:08.284916,CLOSED,CAS-CSE-07-0559,ENDPOINT-07,False
ALT-CSE-07-00678,CSE-07,CRITICAL,2024-12-03T05:56:29,2024-12-03T05:57:06.681305,2024-12-03T06:01:42.051313,CLOSED,,ENDPOINT-07,False
ALT-CSE-07-00679,CSE-07,CRITICAL,2024-10-21T21:04:53,2024-10-21T21:06:02.482261,2024-10-21T21:10:03.634064,CLOSED,CAS-CSE-07-0560,DB-SERVER-07,False
ALT-CSE-07-00680,CSE-07,CRITICAL,2024-11-07T21:58:02,2024-11-07T21:59:12.649290,2024-11-07T22:03:13.340904,CLOSED,CAS-CSE-07-0561,FIREWALL-07,False
ALT-CSE-07-00681,CSE-07,CRITICAL,2024-11-02T02:51:55,2024-11-02T02:53:30.388940,2024-11-02T02:57:04.365393,CLOSED,CAS-CSE-07-0562,FIREWALL-07,False
ALT-CSE-07-00682,CSE-07,CRITICAL,2024-12-23T10:38:43,2024-12-23T10:40:17.044738,2024-12-23T10:43:42.439482,CLOSED,CAS-CSE-07-0563,ENDPOINT-07,False
ALT-CSE-07-00683,CSE-07,CRITICAL,2024-12-01T12:08:40,2024-12-01T12:10:20.565759,2024-12-01T12:13:50.974432,CLOSED,CAS-CSE-07-0564,ENDPOINT-07,False
ALT-CSE-07-00684,CSE-07,CRITICAL,2024-10-22T16:24:13,2024-10-22T16:25:07.925752,2024-10-22T16:29:10.966388,CLOSED,CAS-CSE-07-0565,DB-SERVER-07,False
ALT-CSE-07-00685,CSE-07,CRITICAL,2024-12-17T06:35:11,2024-12-17T06:35:42.512618,2024-12-17T06:40:12.644713,CLOSED,CAS-CSE-07-0566,WEB-SERVER-07,False
ALT-CSE-07-00686,CSE-07,CRITICAL,2024-12-28T15:25:25,2024-12-28T15:25:58.365095,2024-12-28T15:30:35.344854,CLOSED,CAS-CSE-07-0567,WEB-SERVER-07,False
ALT-CSE-07-00687,CSE-07,CRITICAL,2024-11-24T12:17:52,2024-11-24T12:19:15.593506,2024-11-24T12:22:59.312805,CLOSED,,WEB-SERVER-07,False
ALT-CSE-07-00688,CSE-07,CRITICAL,2024-10-07T12:24:22,2024-10-07T12:25:42.341550,2024-10-07T12:29:19.201688,CLOSED,CAS-CSE-07-0568,FIREWALL-07,False
ALT-CSE-07-00689,CSE-07,CRITICAL,2024-10-20T21:40:25,2024-10-20T21:42:17.184574,2024-10-20T21:45:34.094024,CLOSED,CAS-CSE-07-0569,WEB-SERVER-07,False
ALT-CSE-07-00690,CSE-07,CRITICAL,2024-12-28T02:47:55,2024-12-28T02:49:45.461389,2024-12-28T02:52:58.547263,CLOSED,CAS-CSE-07-0570,FIREWALL-07,False
ALT-CSE-07-00691,CSE-07,CRITICAL,2024-12-15T19:29:55,2024-12-15T19:30:48.337543,2024-12-15T19:35:09.730043,CLOSED,CAS-CSE-07-0571,ENDPOINT-07,False
ALT-CSE-07-00692,CSE-07,CRITICAL,2024-11-11T12:46:07,2024-11-11T12:47:53.748918,2024-11-11T12:51:13.036343,CLOSED,CAS-CSE-07-0572,ENDPOINT-07,False
ALT-CSE-07-00693,CSE-07,CRITICAL,2024-11-26T16:56:27,2024-11-26T16:57:10.317361,2024-11-26T17:01:39.984808,CLOSED,,FIREWALL-07,False
ALT-CSE-07-00694,CSE-07,CRITICAL,2024-12-04T18:23:18,2024-12-04T18:24:47.288272,2024-12-04T18:28:23.299660,CLOSED,CAS-CSE-07-0573,ENDPOINT-07,False
ALT-CSE-07-00695,CSE-07,CRITICAL,2024-10-31T09:04:52,2024-10-31T09:06:09.380846,2024-10-31T09:10:06.800149,CLOSED,CAS-CSE-07-0574,FIREWALL-07,False
ALT-CSE-07-00696,CSE-07,CRITICAL,2024-12-03T19:12:47,2024-12-03T19:14:21.898967,2024-12-03T19:17:57.448946,CLOSED,CAS-CSE-07-0575,WEB-SERVER-07,False
ALT-CSE-07-00697,CSE-07,CRITICAL,2024-12-28T09:33:38,2024-12-28T09:34:35.385702,2024-12-28T09:38:32.859090,CLOSED,,FIREWALL-07,False
ALT-CSE-07-00698,CSE-07,CRITICAL,2024-11-16T14:00:35,2024-11-16T14:02:07.106891,2024-11-16T14:05:49.487224,CLOSED,CAS-CSE-07-0576,DB-SERVER-07,False
ALT-CSE-07-00699,CSE-07,CRITICAL,2024-11-28T14:23:36,2024-11-28T14:24:58.193900,2024-11-28T14:28:39.579387,CLOSED,,DB-SERVER-07,False
ALT-CSE-07-00700,CSE-07,CRITICAL,2024-11-27T00:50:09,2024-11-27T00:52:06.421699,2024-11-27T00:55:36.266046,CLOSED,CAS-CSE-07-0577,WEB-SERVER-07,False
ALT-CSE-07-00701,CSE-07,CRITICAL,2024-12-25T15:27:56,2024-12-25T15:29:43.537756,2024-12-25T15:33:02.029941,CLOSED,CAS-CSE-07-0578,WEB-SERVER-07,False
ALT-CSE-07-00702,CSE-07,CRITICAL,2024-11-05T02:57:51,2024-11-05T02:58:35.515344,2024-11-05T03:03:00.963044,CLOSED,CAS-CSE-07-0579,FIREWALL-07,False
ALT-CSE-07-00703,CSE-07,CRITICAL,2024-12-24T17:27:38,2024-12-24T17:28:21.848002,2024-12-24T17:32:44.945970,CLOSED,,ENDPOINT-07,False
ALT-CSE-07-00704,CSE-07,CRITICAL,2024-10-30T06:57:22,2024-10-30T06:59:04.308255,2024-10-30T07:02:39.518285,CLOSED,CAS-CSE-07-0580,WEB-SERVER-07,False
ALT-CSE-07-00705,CSE-07,CRITICAL,2024-10-14T20:04:42,2024-10-14T20:06:40.923070,2024-10-14T20:09:53.040052,CLOSED,CAS-CSE-07-0581,FIREWALL-07,False
ALT-CSE-07-00706,CSE-07,CRITICAL,2024-11-20T17:23:44,2024-11-20T17:25:32.359668,2024-11-20T17:29:06.195721,CLOSED,CAS-CSE-07-0582,FIREWALL-07,False
ALT-CSE-07-00707,CSE-07,CRITICAL,2024-11-01T08:15:45,2024-11-01T08:17:27.781977,2024-11-01T08:20:46.257970,CLOSED,CAS-CSE-07-0583,WEB-SERVER-07,False
ALT-CSE-07-00708,CSE-07,CRITICAL,2024-12-29T07:40:41,2024-12-29T07:42:25.092642,2024-12-29T07:45:49.681836,CLOSED,CAS-CSE-07-0584,FIREWALL-07,False
ALT-CSE-07-00709,CSE-07,CRITICAL,2024-10-20T21:53:53,2024-10-20T21:54:35.601141,2024-10-20T21:59:05.516266,CLOSED,CAS-CSE-07-0585,ENDPOINT-07,False
ALT-CSE-07-00710,CSE-07,CRITICAL,2024-12-21T06:37:01,2024-12-21T06:37:47.403478,2024-12-21T06:42:12.025490,CLOSED,CAS-CSE-07-0586,DB-SERVER-07,False
ALT-CSE-07-00711,CSE-07,CRITICAL,2024-10-17T03:47:28,2024-10-17T03:48:47.213132,2024-10-17T03:52:30.494193,CLOSED,CAS-CSE-07-0587,FIREWALL-07,False
ALT-CSE-07-00712,CSE-07,CRITICAL,2024-10-13T00:52:45,2024-10-13T00:54:06.047191,2024-10-13T00:58:01.408257,CLOSED,CAS-CSE-07-0588,ENDPOINT-07,False
ALT-CSE-07-00713,CSE-07,CRITICAL,2024-12-21T22:42:06,2024-12-21T22:42:55.268950,2024-12-21T22:47:05.765764,CLOSED,CAS-CSE-07-0589,ENDPOINT-07,False
ALT-CSE-07-00714,CSE-07,CRITICAL,2024-11-08T10:06:09,2024-11-08T10:06:54.905451,2024-11-08T10:11:21.990844,CLOSED,CAS-CSE-07-0590,ENDPOINT-07,False
ALT-CSE-07-00715,CSE-07,CRITICAL,2024-10-04T15:45:32,2024-10-04T15:47:24.119079,2024-10-04T15:50:43.736846,CLOSED,CAS-CSE-07-0591,ENDPOINT-07,False
ALT-CSE-07-00716,CSE-07,CRITICAL,2024-12-15T07:22:22,2024-12-15T07:23:58.406856,2024-12-15T07:27:42.763354,CLOSED,CAS-CSE-07-0592,ENDPOINT-07,False
ALT-CSE-07-00717,CSE-07,CRITICAL,2024-12-03T17:51:13,2024-12-03T17:52:52.378616,2024-12-03T17:56:27.352735,CLOSED,CAS-CSE-07-0593,WEB-SERVER-07,False
ALT-CSE-07-00718,CSE-07,CRITICAL,2024-10-17T01:09:15,2024-10-17T01:10:51.261081,2024-10-17T01:14:32.512683,CLOSED,CAS-CSE-07-0594,WEB-SERVER-07,False
ALT-CSE-07-00719,CSE-07,CRITICAL,2024-12-17T15:55:11,2024-12-17T15:56:04.046925,2024-12-17T16:00:28.555395,CLOSED,CAS-CSE-07-0595,FIREWALL-07,False
ALT-CSE-07-00720,CSE-07,CRITICAL,2024-11-09T03:21:27,2024-11-09T03:22:34.794509,2024-11-09T03:26:38.661281,CLOSED,CAS-CSE-07-0596,DB-SERVER-07,False
ALT-CSE-07-00721,CSE-07,CRITICAL,2024-12-17T11:26:20,2024-12-17T11:26:51.798503,2024-12-17T11:31:20.779388,CLOSED,CAS-CSE-07-0597,WEB-SERVER-07,False
ALT-CSE-07-00722,CSE-07,CRITICAL,2024-12-10T23:28:20,2024-12-10T23:29:02.825697,2024-12-10T23:33:35.935724,CLOSED,CAS-CSE-07-0598,DB-SERVER-07,False
ALT-CSE-07-00723,CSE-07,CRITICAL,2024-10-12T23:08:47,2024-10-12T23:09:37.602600,2024-10-12T23:14:21.163166,CLOSED,CAS-CSE-07-0599,FIREWALL-07,False
ALT-CSE-07-00724,CSE-07,CRITICAL,2024-12-04T05:02:11,2024-12-04T05:03:51.978008,2024-12-04T05:07:16.662033,CLOSED,CAS-CSE-07-0600,DB-SERVER-07,False
ALT-CSE-07-00725,CSE-07,CRITICAL,2024-12-18T06:33:02,2024-12-18T06:34:07.281920,2024-12-18T06:38:01.893133,CLOSED,CAS-CSE-07-0601,DB-SERVER-07,False
ALT-CSE-07-00726,CSE-07,CRITICAL,2024-11-14T08:38:42,2024-11-14T08:40:12.264518,2024-11-14T08:43:56.262342,CLOSED,CAS-CSE-07-0602,WEB-SERVER-07,False
ALT-CSE-07-00727,CSE-07,CRITICAL,2024-12-13T05:35:21,2024-12-13T05:36:14.129080,2024-12-13T05:40:35.999968,CLOSED,CAS-CSE-07-0603,DB-SERVER-07,False
ALT-CSE-07-00728,CSE-07,CRITICAL,2024-10-19T18:52:18,2024-10-19T18:53:28.098161,2024-10-19T18:57:44.413477,CLOSED,CAS-CSE-07-0604,FIREWALL-07,False
ALT-CSE-07-00729,CSE-07,CRITICAL,2024-11-28T07:38:19,2024-11-28T07:39:29.136826,2024-11-28T07:43:11.726612,CLOSED,CAS-CSE-07-0605,DB-SERVER-07,False
ALT-CSE-07-00730,CSE-07,CRITICAL,2024-10-09T01:13:34,2024-10-09T01:14:30.883028,2024-10-09T01:18:27.376739,CLOSED,CAS-CSE-07-0606,ENDPOINT-07,False
ALT-CSE-07-00731,CSE-07,CRITICAL,2024-10-03T15:28:13,2024-10-03T15:29:03.244576,2024-10-03T15:33:41.813592,CLOSED,CAS-CSE-07-0607,ENDPOINT-07,False
ALT-CSE-07-00732,CSE-07,CRITICAL,2024-10-03T05:39:45,2024-10-03T05:41:35.261582,2024-10-03T05:44:59.670782,CLOSED,,WEB-SERVER-07,False
ALT-CSE-07-00733,CSE-07,CRITICAL,2024-10-12T14:00:01,2024-10-12T14:01:30.398401,2024-10-12T14:05:11.661651,CLOSED,CAS-CSE-07-0608,FIREWALL-07,False
ALT-CSE-07-00734,CSE-07,CRITICAL,2024-11-10T08:41:59,2024-11-10T08:43:41.817885,2024-11-10T08:47:08.410698,CLOSED,CAS-CSE-07-0609,ENDPOINT-07,False
ALT-CSE-07-00735,CSE-07,CRITICAL,2024-11-08T08:01:43,2024-11-08T08:03:12.659493,2024-11-08T08:06:52.031290,CLOSED,CAS-CSE-07-0610,FIREWALL-07,False
ALT-CSE-07-00736,CSE-07,CRITICAL,2024-11-28T06:30:53,2024-11-28T06:32:18.269168,2024-11-28T06:35:48.571102,CLOSED,CAS-CSE-07-0611,ENDPOINT-07,False
ALT-CSE-07-00737,CSE-07,CRITICAL,2024-11-17T12:13:42,2024-11-17T12:14:39.505028,2024-11-17T12:19:02.351140,CLOSED,CAS-CSE-07-0612,FIREWALL-07,False
ALT-CSE-07-00738,CSE-07,CRITICAL,2024-11-22T05:19:05,2024-11-22T05:20:06.350774,2024-11-22T05:24:25.682380,CLOSED,CAS-CSE-07-0613,ENDPOINT-07,False
ALT-CSE-07-00739,CSE-07,CRITICAL,2024-11-13T10:42:55,2024-11-13T10:43:50.039300,2024-11-13T10:48:08.137600,CLOSED,CAS-CSE-07-0614,DB-SERVER-07,False
ALT-CSE-07-00740,CSE-07,CRITICAL,2024-12-09T14:20:33,2024-12-09T14:21:39.703784,2024-12-09T14:25:28.976784,CLOSED,CAS-CSE-07-0615,ENDPOINT-07,False
ALT-CSE-07-00741,CSE-07,CRITICAL,2024-10-31T01:57:17,2024-10-31T01:59:14.424940,2024-10-31T02:02:15.359804,CLOSED,CAS-CSE-07-0616,DB-SERVER-07,False
ALT-CSE-07-00742,CSE-07,CRITICAL,2024-10-20T19:06:36,2024-10-20T19:07:48.318475,2024-10-20T19:11:50.832875,CLOSED,CAS-CSE-07-0617,ENDPOINT-07,False
ALT-CSE-07-00743,CSE-07,CRITICAL,2024-10-31T06:39:11,2024-10-31T06:39:52.767263,2024-10-31T06:44:14.897691,CLOSED,CAS-CSE-07-0618,WEB-SERVER-07,False
ALT-CSE-07-00744,CSE-07,CRITICAL,2024-11-22T02:25:39,2024-11-22T02:26:56.248632,2024-11-22T02:30:35.323983,CLOSED,CAS-CSE-07-0619,FIREWALL-07,False
ALT-CSE-07-00745,CSE-07,CRITICAL,2024-11-17T20:13:06,2024-11-17T20:14:25.226632,2024-11-17T20:18:21.043594,CLOSED,,WEB-SERVER-07,False
ALT-CSE-07-00746,CSE-07,CRITICAL,2024-11-09T22:34:43,2024-11-09T22:35:52.801773,2024-11-09T22:39:52.104966,CLOSED,,WEB-SERVER-07,False
ALT-CSE-07-00747,CSE-07,CRITICAL,2024-10-14T05:53:15,2024-10-14T05:54:42.928480,2024-10-14T05:58:28.964447,CLOSED,CAS-CSE-07-0620,WEB-SERVER-07,False
ALT-CSE-07-00748,CSE-07,CRITICAL,2024-10-25T03:58:29,2024-10-25T04:00:02.130785,2024-10-25T04:03:32.930581,CLOSED,,FIREWALL-07,False
ALT-CSE-07-00749,CSE-07,CRITICAL,2024-12-25T06:41:20,2024-12-25T06:42:17.351938,2024-12-25T06:46:36.619837,CLOSED,CAS-CSE-07-0621,DB-SERVER-07,False
ALT-CSE-07-00750,CSE-07,CRITICAL,2024-10-11T16:23:00,2024-10-11T16:23:43.017627,2024-10-11T16:28:07.582000,CLOSED,CAS-CSE-07-0622,FIREWALL-07,False
ALT-CSE-07-00751,CSE-07,CRITICAL,2024-12-04T21:32:12,2024-12-04T21:33:47.272380,2024-12-04T21:37:10.966398,CLOSED,CAS-CSE-07-0623,DB-SERVER-07,False
ALT-CSE-07-00752,CSE-07,CRITICAL,2024-12-02T01:00:29,2024-12-02T01:02:05.901111,2024-12-02T01:05:42.673064,CLOSED,CAS-CSE-07-0624,DB-SERVER-07,False
ALT-CSE-07-00753,CSE-07,CRITICAL,2024-12-15T23:00:31,2024-12-15T23:01:15.364924,2024-12-15T23:05:38.543162,CLOSED,CAS-CSE-07-0625,FIREWALL-07,False
ALT-CSE-07-00754,CSE-07,CRITICAL,2024-10-03T09:01:23,2024-10-03T09:02:28.537638,2024-10-03T09:06:49.181335,CLOSED,,DB-SERVER-07,False
ALT-CSE-07-00755,CSE-07,CRITICAL,2024-11-26T22:56:22,2024-11-26T22:57:31.368124,2024-11-26T23:01:24.982604,CLOSED,CAS-CSE-07-0626,WEB-SERVER-07,False
ALT-CSE-07-00756,CSE-07,CRITICAL,2024-12-27T01:11:12,2024-12-27T01:12:00.365449,2024-12-27T01:16:26.894016,CLOSED,,DB-SERVER-07,False
ALT-CSE-07-00757,CSE-07,CRITICAL,2024-11-18T17:52:14,2024-11-18T17:54:10.684880,2024-11-18T17:57:17.041953,CLOSED,CAS-CSE-07-0627,DB-SERVER-07,False
ALT-CSE-07-00758,CSE-07,CRITICAL,2024-12-16T22:51:22,2024-12-16T22:52:29.290044,2024-12-16T22:56:34.274157,CLOSED,CAS-CSE-07-0628,WEB-SERVER-07,False
ALT-CSE-07-00759,CSE-07,CRITICAL,2024-11-29T12:55:45,2024-11-29T12:57:42.024942,2024-11-29T13:01:07.822768,CLOSED,CAS-CSE-07-0629,WEB-SERVER-07,False
ALT-CSE-07-00760,CSE-07,CRITICAL,2024-12-17T08:24:07,2024-12-17T08:25:16.653958,2024-12-17T08:29:26.289138,CLOSED,CAS-CSE-07-0630,FIREWALL-07,False
ALT-CSE-07-00761,CSE-07,CRITICAL,2024-11-19T01:38:47,2024-11-19T01:39:36.562581,2024-11-19T01:44:12.686586,CLOSED,CAS-CSE-07-0631,WEB-SERVER-07,False
ALT-CSE-07-00762,CSE-07,CRITICAL,2024-11-02T01:27:02,2024-11-02T01:27:52.344733,2024-11-02T01:32:07.391240,CLOSED,CAS-CSE-07-0632,FIREWALL-07,False
ALT-CSE-07-00763,CSE-07,CRITICAL,2024-12-16T21:00:13,2024-12-16T21:01:56.221648,2024-12-16T21:05:26.713246,CLOSED,CAS-CSE-07-0633,DB-SERVER-07,False
ALT-CSE-07-00764,CSE-07,CRITICAL,2024-12-23T01:24:36,2024-12-23T01:26:17.127140,2024-12-23T01:29:45.433390,CLOSED,,ENDPOINT-07,False
ALT-CSE-07-00765,CSE-07,CRITICAL,2024-10-29T11:18:47,2024-10-29T11:20:04.844799,2024-10-29T11:23:58.825598,CLOSED,,ENDPOINT-07,False
ALT-CSE-07-00766,CSE-07,CRITICAL,2024-11-17T00:46:32,2024-11-17T00:47:41.546577,2024-11-17T00:51:59.720678,CLOSED,,DB-SERVER-07,False
ALT-CSE-07-00767,CSE-07,CRITICAL,2024-11-16T18:48:46,2024-11-16T18:50:26.058175,2024-11-16T18:53:49.271943,CLOSED,CAS-CSE-07-0634,DB-SERVER-07,False
ALT-CSE-07-00768,CSE-07,CRITICAL,2024-10-29T16:48:17,2024-10-29T16:49:25.068878,2024-10-29T16:53:28.990109,CLOSED,CAS-CSE-07-0635,DB-SERVER-07,False
ALT-CSE-07-00769,CSE-07,CRITICAL,2024-10-18T12:13:55,2024-10-18T12:15:31.132647,2024-10-18T12:18:55.449165,CLOSED,CAS-CSE-07-0636,DB-SERVER-07,False
ALT-CSE-07-00770,CSE-07,CRITICAL,2024-11-25T06:45:40,2024-11-25T06:46:43.990184,2024-11-25T06:50:43.202390,CLOSED,CAS-CSE-07-0637,DB-SERVER-07,False
ALT-CSE-07-00771,CSE-07,CRITICAL,2024-10-07T14:31:52,2024-10-07T14:33:10.132434,2024-10-07T14:37:02.665512,CLOSED,CAS-CSE-07-0638,FIREWALL-07,False
ALT-CSE-07-00772,CSE-07,CRITICAL,2024-12-25T22:51:43,2024-12-25T22:52:49.723891,2024-12-25T22:56:41.527837,CLOSED,CAS-CSE-07-0639,DB-SERVER-07,False
ALT-CSE-07-00773,CSE-07,CRITICAL,2024-10-28T05:11:30,2024-10-28T05:12:54.253176,2024-10-28T05:16:42.460657,CLOSED,,WEB-SERVER-07,False
ALT-CSE-07-00774,CSE-07,CRITICAL,2024-11-12T01:18:07,2024-11-12T01:19:03.036254,2024-11-12T01:23:24.438120,CLOSED,CAS-CSE-07-0640,DB-SERVER-07,False
ALT-CSE-07-00775,CSE-07,CRITICAL,2024-10-10T18:45:59,2024-10-10T18:46:51.167445,2024-10-10T18:51:16.465023,CLOSED,CAS-CSE-07-0641,DB-SERVER-07,False
ALT-CSE-07-00776,CSE-07,CRITICAL,2024-12-09T12:42:53,2024-12-09T12:44:22.426140,2024-12-09T12:47:55.328724,CLOSED,CAS-CSE-07-0642,DB-SERVER-07,False
ALT-CSE-07-00777,CSE-07,CRITICAL,2024-12-18T08:29:03,2024-12-18T08:30:28.899756,2024-12-18T08:34:14.801339,CLOSED,CAS-CSE-07-0643,DB-SERVER-07,False
ALT-CSE-07-00778,CSE-07,CRITICAL,2024-10-30T04:09:54,2024-10-30T04:10:52.583442,2024-10-30T04:14:57.084985,CLOSED,CAS-CSE-07-0644,WEB-SERVER-07,False
ALT-CSE-07-00779,CSE-07,CRITICAL,2024-10-20T02:54:28,2024-10-20T02:55:03.161613,2024-10-20T02:59:32.098944,CLOSED,,DB-SERVER-07,False
ALT-CSE-07-00780,CSE-07,CRITICAL,2024-11-05T23:05:53,2024-11-05T23:07:12.049977,2024-11-05T23:11:09.092995,CLOSED,CAS-CSE-07-0645,WEB-SERVER-07,False
ALT-CSE-07-00781,CSE-07,CRITICAL,2024-12-14T15:58:24,2024-12-14T15:59:37.077772,2024-12-14T16:03:38.279463,CLOSED,CAS-CSE-07-0646,DB-SERVER-07,False
ALT-CSE-07-00782,CSE-07,CRITICAL,2024-11-24T14:33:38,2024-11-24T14:34:14.711346,2024-11-24T14:38:35.663099,CLOSED,CAS-CSE-07-0647,DB-SERVER-07,False
ALT-CSE-07-00783,CSE-07,CRITICAL,2024-12-03T23:50:22,2024-12-03T23:52:13.222661,2024-12-03T23:55:21.381018,CLOSED,CAS-CSE-07-0648,FIREWALL-07,False
ALT-CSE-07-00784,CSE-07,CRITICAL,2024-11-26T09:05:44,2024-11-26T09:06:33.317638,2024-11-26T09:11:08.529286,CLOSED,CAS-CSE-07-0649,FIREWALL-07,False
ALT-CSE-07-00785,CSE-07,CRITICAL,2024-10-14T07:29:07,2024-10-14T07:30:28.621050,2024-10-14T07:34:11.289390,CLOSED,CAS-CSE-07-0650,WEB-SERVER-07,False
ALT-CSE-07-00786,CSE-07,CRITICAL,2024-12-23T06:41:06,2024-12-23T06:41:53.320613,2024-12-23T06:46:25.111916,CLOSED,CAS-CSE-07-0651,DB-SERVER-07,False
ALT-CSE-07-00787,CSE-07,CRITICAL,2024-10-04T20:17:50,2024-10-04T20:18:32.644553,2024-10-04T20:22:55.865064,CLOSED,CAS-CSE-07-0652,ENDPOINT-07,False
ALT-CSE-07-00788,CSE-07,CRITICAL,2024-11-29T18:07:56,2024-11-29T18:08:35.979644,2024-11-29T18:12:50.558970,CLOSED,CAS-CSE-07-0653,WEB-SERVER-07,False
ALT-CSE-07-00789,CSE-07,CRITICAL,2024-12-26T11:26:41,2024-12-26T11:28:23.392881,2024-12-26T11:31:52.654182,CLOSED,CAS-CSE-07-0654,WEB-SERVER-07,False
ALT-CSE-07-00790,CSE-07,CRITICAL,2024-12-04T23:25:27,2024-12-04T23:26:38.486605,2024-12-04T23:30:29.464774,CLOSED,CAS-CSE-07-0655,ENDPOINT-07,False
ALT-CSE-07-00791,CSE-07,CRITICAL,2024-12-01T06:46:09,2024-12-01T06:47:02.617498,2024-12-01T06:51:09.571902,CLOSED,CAS-CSE-07-0656,ENDPOINT-07,False
ALT-CSE-07-00792,CSE-07,CRITICAL,2024-10-14T12:38:51,2024-10-14T12:40:41.308113,2024-10-14T12:43:46.639095,CLOSED,,DB-SERVER-07,False
ALT-CSE-07-00793,CSE-07,CRITICAL,2024-12-29T01:54:12,2024-12-29T01:54:58.980661,2024-12-29T01:59:37.611916,CLOSED,CAS-CSE-07-0657,DB-SERVER-07,False
ALT-CSE-07-00794,CSE-07,CRITICAL,2024-10-25T02:40:55,2024-10-25T02:42:50.968047,2024-10-25T02:46:09.256934,CLOSED,CAS-CSE-07-0658,FIREWALL-07,False
ALT-CSE-07-00795,CSE-07,CRITICAL,2024-12-18T21:55:01,2024-12-18T21:56:08.256123,2024-12-18T22:00:06.342722,CLOSED,,WEB-SERVER-07,False
ALT-CSE-07-00796,CSE-07,CRITICAL,2024-12-26T16:53:55,2024-12-26T16:55:21.006040,2024-12-26T16:59:09.450085,CLOSED,CAS-CSE-07-0659,FIREWALL-07,False
ALT-CSE-07-00797,CSE-07,CRITICAL,2024-10-07T19:55:27,2024-10-07T19:56:55.312497,2024-10-07T20:00:35.590972,CLOSED,CAS-CSE-07-0660,WEB-SERVER-07,False
ALT-CSE-07-00798,CSE-07,CRITICAL,2024-11-05T18:28:28,2024-11-05T18:29:02.775829,2024-11-05T18:33:42.595364,CLOSED,,ENDPOINT-07,False
ALT-CSE-07-00799,CSE-07,CRITICAL,2024-11-26T12:13:27,2024-11-26T12:14:26.296880,2024-11-26T12:19:04.057953,CLOSED,,ENDPOINT-07,False
ALT-CSE-07-00800,CSE-07,CRITICAL,2024-12-23T08:16:26,2024-12-23T08:17:55.215777,2024-12-23T08:21:30.269928,CLOSED,CAS-CSE-07-0661,ENDPOINT-07,False
ALT-CSE-07-00801,CSE-07,CRITICAL,2024-10-05T11:36:14,2024-10-05T11:37:20.076250,2024-10-05T11:41:23.074684,CLOSED,CAS-CSE-07-0662,WEB-SERVER-07,False
ALT-CSE-07-00802,CSE-07,CRITICAL,2024-12-16T00:12:06,2024-12-16T00:13:34.971129,2024-12-16T00:17:14.036500,CLOSED,CAS-CSE-07-0663,WEB-SERVER-07,False
ALT-CSE-07-00803,CSE-07,CRITICAL,2024-12-23T08:45:25,2024-12-23T08:46:22.514065,2024-12-23T08:50:32.156653,CLOSED,CAS-CSE-07-0664,DB-SERVER-07,False
ALT-CSE-07-00804,CSE-07,CRITICAL,2024-10-25T01:43:57,2024-10-25T01:45:18.451384,2024-10-25T01:49:13.154100,CLOSED,CAS-CSE-07-0665,WEB-SERVER-07,False
ALT-CSE-07-00805,CSE-07,CRITICAL,2024-11-17T11:29:57,2024-11-17T11:30:59.805306,2024-11-17T11:35:01.958663,CLOSED,CAS-CSE-07-0666,FIREWALL-07,False
ALT-CSE-07-00806,CSE-07,CRITICAL,2024-12-21T10:25:37,2024-12-21T10:26:11.908544,2024-12-21T10:30:52.970288,CLOSED,,ENDPOINT-07,False
ALT-CSE-07-00807,CSE-07,CRITICAL,2024-12-13T12:39:30,2024-12-13T12:41:13.857086,2024-12-13T12:44:53.047477,CLOSED,CAS-CSE-07-0667,FIREWALL-07,False
ALT-CSE-07-00808,CSE-07,CRITICAL,2024-12-09T08:05:23,2024-12-09T08:06:35.578602,2024-12-09T08:10:30.441658,CLOSED,,WEB-SERVER-07,False
ALT-CSE-07-00809,CSE-07,CRITICAL,2024-11-24T03:47:08,2024-11-24T03:48:09.493787,2024-11-24T03:52:27.762827,CLOSED,CAS-CSE-07-0668,DB-SERVER-07,False
ALT-CSE-07-00810,CSE-07,CRITICAL,2024-11-14T20:20:37,2024-11-14T20:21:41.778112,2024-11-14T20:25:47.482205,CLOSED,CAS-CSE-07-0669,ENDPOINT-07,False
ALT-CSE-07-00811,CSE-07,CRITICAL,2024-11-17T10:28:20,2024-11-17T10:30:00.959031,2024-11-17T10:33:20.213192,CLOSED,CAS-CSE-07-0670,ENDPOINT-07,False
ALT-CSE-07-00812,CSE-07,CRITICAL,2024-12-13T18:25:47,2024-12-13T18:27:25.713346,2024-12-13T18:31:11.819557,CLOSED,CAS-CSE-07-0671,DB-SERVER-07,False
ALT-CSE-07-00813,CSE-07,CRITICAL,2024-10-18T22:39:44,2024-10-18T22:41:43.395142,2024-10-18T22:45:01.034147,CLOSED,CAS-CSE-07-0672,FIREWALL-07,False
ALT-CSE-07-00814,CSE-07,CRITICAL,2024-12-10T12:48:04,2024-12-10T12:48:45.952167,2024-12-10T12:53:01.615868,CLOSED,CAS-CSE-07-0673,DB-SERVER-07,False
ALT-CSE-07-00815,CSE-07,CRITICAL,2024-12-27T03:22:35,2024-12-27T03:23:43.519081,2024-12-27T03:27:54.277722,CLOSED,CAS-CSE-07-0674,ENDPOINT-07,False
ALT-CSE-07-00816,CSE-07,CRITICAL,2024-11-02T02:18:06,2024-11-02T02:19:09.346238,2024-11-02T02:23:18.063363,CLOSED,CAS-CSE-07-0675,FIREWALL-07,False
ALT-CSE-07-00817,CSE-07,CRITICAL,2024-11-21T14:19:06,2024-11-21T14:19:58.656812,2024-11-21T14:24:18.479013,CLOSED,CAS-CSE-07-0676,DB-SERVER-07,False
ALT-CSE-07-00818,CSE-07,CRITICAL,2024-11-29T00:07:22,2024-11-29T00:08:55.885141,2024-11-29T00:12:29.721402,CLOSED,,ENDPOINT-07,False
ALT-CSE-07-00819,CSE-07,CRITICAL,2024-12-16T07:30:43,2024-12-16T07:32:41.288834,2024-12-16T07:36:09.167643,CLOSED,CAS-CSE-07-0677,ENDPOINT-07,False
ALT-CSE-07-00820,CSE-07,CRITICAL,2024-12-03T15:03:55,2024-12-03T15:04:56.917083,2024-12-03T15:08:56.907764,CLOSED,CAS-CSE-07-0678,DB-SERVER-07,False
ALT-CSE-07-00821,CSE-07,CRITICAL,2024-10-02T19:52:34,2024-10-02T19:53:09.956365,2024-10-02T19:57:51.026017,CLOSED,CAS-CSE-07-0679,DB-SERVER-07,False
ALT-CSE-07-00822,CSE-07,CRITICAL,2024-12-21T00:22:12,2024-12-21T00:23:04.173109,2024-12-21T00:27:21.596246,CLOSED,CAS-CSE-07-0680,FIREWALL-07,False
ALT-CSE-07-00823,CSE-07,CRITICAL,2024-10-14T08:54:27,2024-10-14T08:55:57.269740,2024-10-14T08:59:27.146145,CLOSED,CAS-CSE-07-0681,ENDPOINT-07,False
ALT-CSE-07-00824,CSE-07,CRITICAL,2024-10-06T22:04:03,2024-10-06T22:05:47.427138,2024-10-06T22:09:25.180055,CLOSED,CAS-CSE-07-0682,WEB-SERVER-07,False
ALT-CSE-07-00825,CSE-07,CRITICAL,2024-10-21T08:16:42,2024-10-21T08:17:24.140654,2024-10-21T08:22:01.162555,CLOSED,,FIREWALL-07,False
ALT-CSE-07-00826,CSE-07,CRITICAL,2024-10-11T20:30:43,2024-10-11T20:32:06.524485,2024-10-11T20:35:55.399126,CLOSED,CAS-CSE-07-0683,FIREWALL-07,False
ALT-CSE-07-00827,CSE-07,CRITICAL,2024-11-18T05:49:26,2024-11-18T05:50:22.778589,2024-11-18T05:54:52.142238,CLOSED,CAS-CSE-07-0684,DB-SERVER-07,False
ALT-CSE-07-00828,CSE-07,CRITICAL,2024-11-29T06:38:26,2024-11-29T06:39:59.289889,2024-11-29T06:43:35.014397,CLOSED,CAS-CSE-07-0685,DB-SERVER-07,False
ALT-CSE-07-00829,CSE-07,CRITICAL,2024-12-03T16:18:48,2024-12-03T16:20:12.652003,2024-12-03T16:24:01.614997,CLOSED,CAS-CSE-07-0686,FIREWALL-07,False
ALT-CSE-07-00830,CSE-07,CRITICAL,2024-11-04T01:17:57,2024-11-04T01:19:18.276577,2024-11-04T01:23:05.288123,CLOSED,CAS-CSE-07-0687,ENDPOINT-07,False
ALT-CSE-07-00831,CSE-07,CRITICAL,2024-12-15T23:09:00,2024-12-15T23:10:51.242785,2024-12-15T23:14:33.439755,CLOSED,CAS-CSE-07-0688,WEB-SERVER-07,False
ALT-CSE-07-00832,CSE-07,CRITICAL,2024-10-09T04:01:38,2024-10-09T04:03:22.785841,2024-10-09T04:06:41.539825,CLOSED,CAS-CSE-07-0689,ENDPOINT-07,False
ALT-CSE-07-00833,CSE-07,CRITICAL,2024-11-25T23:48:23,2024-11-25T23:49:00.224280,2024-11-25T23:53:40.506027,CLOSED,,FIREWALL-07,False
ALT-CSE-07-00834,CSE-07,CRITICAL,2024-10-01T13:28:14,2024-10-01T13:28:44.873490,2024-10-01T13:33:32.044775,CLOSED,CAS-CSE-07-0690,FIREWALL-07,False
ALT-CSE-07-00835,CSE-07,CRITICAL,2024-12-20T18:53:55,2024-12-20T18:55:00.235198,2024-12-20T18:58:54.009207,CLOSED,CAS-CSE-07-0691,ENDPOINT-07,False
ALT-CSE-07-00836,CSE-07,CRITICAL,2024-12-25T18:28:52,2024-12-25T18:29:38.647074,2024-12-25T18:34:06.034713,CLOSED,CAS-CSE-07-0692,ENDPOINT-07,False
ALT-CSE-07-00837,CSE-07,CRITICAL,2024-11-21T07:44:10,2024-11-21T07:45:50.695836,2024-11-21T07:49:25.136468,CLOSED,CAS-CSE-07-0693,DB-SERVER-07,False
ALT-CSE-07-00838,CSE-07,CRITICAL,2024-12-25T08:58:14,2024-12-25T08:59:30.967911,2024-12-25T09:03:21.237487,CLOSED,CAS-CSE-07-0694,FIREWALL-07,False
ALT-CSE-07-00839,CSE-07,CRITICAL,2024-10-30T03:04:28,2024-10-30T03:05:41.523330,2024-10-30T03:09:36.298551,CLOSED,CAS-CSE-07-0695,WEB-SERVER-07,False
ALT-CSE-07-00840,CSE-07,CRITICAL,2024-12-22T10:51:35,2024-12-22T10:52:56.582982,2024-12-22T10:56:43.421441,CLOSED,CAS-CSE-07-0696,FIREWALL-07,False
ALT-CSE-07-00841,CSE-07,CRITICAL,2024-12-23T14:56:42,2024-12-23T14:58:30.979004,2024-12-23T15:01:55.587492,CLOSED,CAS-CSE-07-0697,ENDPOINT-07,False
ALT-CSE-07-00842,CSE-07,CRITICAL,2024-12-10T11:55:56,2024-12-10T11:56:48.824361,2024-12-10T12:01:19.199891,CLOSED,CAS-CSE-07-0698,WEB-SERVER-07,False
ALT-CSE-07-00843,CSE-07,CRITICAL,2024-11-17T07:26:33,2024-11-17T07:27:19.818940,2024-11-17T07:31:49.861552,CLOSED,CAS-CSE-07-0699,ENDPOINT-07,False
ALT-CSE-07-00844,CSE-07,CRITICAL,2024-11-08T12:23:03,2024-11-08T12:24:05.461429,2024-11-08T12:28:22.183414,CLOSED,,WEB-SERVER-07,False
ALT-CSE-07-00845,CSE-07,CRITICAL,2024-12-02T00:51:04,2024-12-02T00:52:42.742147,2024-12-02T00:56:10.073724,CLOSED,CAS-CSE-07-0700,ENDPOINT-07,False
ALT-CSE-07-00846,CSE-07,CRITICAL,2024-12-03T16:53:03,2024-12-03T16:54:35.179350,2024-12-03T16:58:19.088751,CLOSED,CAS-CSE-07-0701,WEB-SERVER-07,False
ALT-CSE-07-00847,CSE-07,CRITICAL,2024-12-08T15:36:04,2024-12-08T15:37:44.808272,2024-12-08T15:41:07.962168,CLOSED,CAS-CSE-07-0702,WEB-SERVER-07,False
ALT-CSE-07-00848,CSE-07,CRITICAL,2024-12-21T05:04:22,2024-12-21T05:05:44.209752,2024-12-21T05:09:37.031606,CLOSED,CAS-CSE-07-0703,DB-SERVER-07,False
ALT-CSE-07-00849,CSE-07,CRITICAL,2024-10-05T05:08:55,2024-10-05T05:09:25.565691,2024-10-05T05:14:09.124262,CLOSED,CAS-CSE-07-0704,DB-SERVER-07,False
ALT-CSE-07-00850,CSE-07,CRITICAL,2024-11-06T02:59:20,2024-11-06T02:59:50.961619,2024-11-06T03:04:15.929085,CLOSED,CAS-CSE-07-0705,ENDPOINT-07,False
ALT-CSE-07-00851,CSE-07,CRITICAL,2024-11-21T01:48:17,2024-11-21T01:49:05.604953,2024-11-21T01:53:23.769856,CLOSED,CAS-CSE-07-0706,WEB-SERVER-07,False
ALT-CSE-07-00852,CSE-07,CRITICAL,2024-10-11T03:41:46,2024-10-11T03:42:57.642595,2024-10-11T03:46:54.467937,CLOSED,CAS-CSE-07-0707,FIREWALL-07,False
ALT-CSE-07-00853,CSE-07,CRITICAL,2024-11-20T04:48:31,2024-11-20T04:49:36.611049,2024-11-20T04:53:36.417050,CLOSED,,ENDPOINT-07,False
ALT-CSE-07-00854,CSE-07,CRITICAL,2024-11-02T16:18:48,2024-11-02T16:20:12.090295,2024-11-02T16:24:01.389996,CLOSED,,WEB-SERVER-07,False
ALT-CSE-07-00855,CSE-07,CRITICAL,2024-10-28T11:43:11,2024-10-28T11:44:23.473106,2024-10-28T11:48:10.344913,CLOSED,,DB-SERVER-07,False
ALT-CSE-07-00856,CSE-07,CRITICAL,2024-12-13T11:44:50,2024-12-13T11:45:28.313177,2024-12-13T11:50:00.592388,CLOSED,,FIREWALL-07,False
ALT-CSE-07-00857,CSE-07,CRITICAL,2024-12-18T06:57:24,2024-12-18T06:58:28.513592,2024-12-18T07:02:36.557707,CLOSED,,DB-SERVER-07,False
ALT-CSE-07-00858,CSE-07,CRITICAL,2024-10-02T13:51:08,2024-10-02T13:53:05.444644,2024-10-02T13:56:15.988390,CLOSED,CAS-CSE-07-0708,ENDPOINT-07,False
ALT-CSE-07-00859,CSE-07,CRITICAL,2024-12-19T04:37:27,2024-12-19T04:38:30.579097,2024-12-19T04:42:36.885518,CLOSED,CAS-CSE-07-0709,FIREWALL-07,False
ALT-CSE-07-00860,CSE-07,CRITICAL,2024-11-22T17:36:54,2024-11-22T17:37:36.545682,2024-11-22T17:42:03.020723,CLOSED,CAS-CSE-07-0710,DB-SERVER-07,False
ALT-CSE-07-00861,CSE-07,CRITICAL,2024-11-19T17:56:22,2024-11-19T17:57:45.483507,2024-11-19T18:01:43.949887,CLOSED,CAS-CSE-07-0711,ENDPOINT-07,False
ALT-CSE-07-00862,CSE-07,CRITICAL,2024-10-19T00:03:12,2024-10-19T00:04:34.491508,2024-10-19T00:08:37.205787,CLOSED,,ENDPOINT-07,False
ALT-CSE-07-00863,CSE-07,CRITICAL,2024-11-24T16:05:43,2024-11-24T16:07:25.413990,2024-11-24T16:11:03.146800,CLOSED,CAS-CSE-07-0712,WEB-SERVER-07,False
ALT-CSE-07-00864,CSE-07,CRITICAL,2024-10-18T21:25:33,2024-10-18T21:27:02.915255,2024-10-18T21:30:34.994994,CLOSED,,WEB-SERVER-07,False
ALT-CSE-07-00865,CSE-07,CRITICAL,2024-10-14T00:31:59,2024-10-14T00:32:35.597840,2024-10-14T00:37:08.218305,CLOSED,,FIREWALL-07,False
ALT-CSE-07-00866,CSE-07,CRITICAL,2024-11-19T23:35:57,2024-11-19T23:37:34.367275,2024-11-19T23:40:54.340151,CLOSED,CAS-CSE-07-0713,FIREWALL-07,False
ALT-CSE-07-00867,CSE-07,CRITICAL,2024-11-29T19:57:22,2024-11-29T19:58:21.012609,2024-11-29T20:02:36.861964,CLOSED,CAS-CSE-07-0714,ENDPOINT-07,False
ALT-CSE-07-00868,CSE-07,CRITICAL,2024-10-16T14:31:24,2024-10-16T14:32:31.202295,2024-10-16T14:36:14.916647,CLOSED,CAS-CSE-07-0715,ENDPOINT-07,False
ALT-CSE-07-00869,CSE-07,CRITICAL,2024-12-10T04:18:50,2024-12-10T04:20:12.101291,2024-12-10T04:23:55.147506,CLOSED,CAS-CSE-07-0716,DB-SERVER-07,False
ALT-CSE-07-00870,CSE-07,CRITICAL,2024-12-08T21:28:44,2024-12-08T21:29:14.024243,2024-12-08T21:34:08.179368,CLOSED,,ENDPOINT-07,False
ALT-CSE-07-00871,CSE-07,CRITICAL,2024-11-01T00:25:21,2024-11-01T00:26:53.480786,2024-11-01T00:30:44.086842,CLOSED,CAS-CSE-07-0717,ENDPOINT-07,False
ALT-CSE-07-00872,CSE-07,CRITICAL,2024-11-06T05:29:46,2024-11-06T05:30:21.782023,2024-11-06T05:34:50.862133,CLOSED,,FIREWALL-07,False
ALT-CSE-07-00873,CSE-07,CRITICAL,2024-12-18T18:22:44,2024-12-18T18:24:26.565093,2024-12-18T18:27:53.235491,CLOSED,CAS-CSE-07-0718,ENDPOINT-07,False
ALT-CSE-07-00874,CSE-07,CRITICAL,2024-11-05T07:55:13,2024-11-05T07:55:47.110400,2024-11-05T08:00:25.951855,CLOSED,CAS-CSE-07-0719,WEB-SERVER-07,False
ALT-CSE-07-00875,CSE-07,CRITICAL,2024-12-24T13:19:31,2024-12-24T13:20:29.919678,2024-12-24T13:24:32.482183,CLOSED,CAS-CSE-07-0720,DB-SERVER-07,False
ALT-CSE-07-00876,CSE-07,CRITICAL,2024-12-08T14:40:23,2024-12-08T14:42:01.264175,2024-12-08T14:45:35.061870,CLOSED,CAS-CSE-07-0721,ENDPOINT-07,False
ALT-CSE-07-00877,CSE-07,CRITICAL,2024-11-25T18:03:00,2024-11-25T18:03:30.063212,2024-11-25T18:08:10.123066,CLOSED,,DB-SERVER-07,False
ALT-CSE-07-00878,CSE-07,CRITICAL,2024-12-19T15:53:31,2024-12-19T15:54:51.826142,2024-12-19T15:58:49.337250,CLOSED,,ENDPOINT-07,False
ALT-CSE-07-00879,CSE-07,CRITICAL,2024-11-11T12:09:03,2024-11-11T12:10:34.370615,2024-11-11T12:14:19.757987,CLOSED,CAS-CSE-07-0722,WEB-SERVER-07,False
ALT-CSE-07-00880,CSE-07,CRITICAL,2024-10-29T17:12:27,2024-10-29T17:14:01.314766,2024-10-29T17:17:24.009431,CLOSED,CAS-CSE-07-0723,WEB-SERVER-07,False
ALT-CSE-07-00881,CSE-07,CRITICAL,2024-11-07T03:45:20,2024-11-07T03:46:38.524180,2024-11-07T03:50:24.584437,CLOSED,CAS-CSE-07-0724,ENDPOINT-07,False
ALT-CSE-07-00882,CSE-07,CRITICAL,2024-11-20T05:21:39,2024-11-20T05:22:30.685633,2024-11-20T05:26:37.198254,CLOSED,CAS-CSE-07-0725,FIREWALL-07,False
ALT-CSE-07-00883,CSE-07,CRITICAL,2024-10-30T20:53:46,2024-10-30T20:54:35.815838,2024-10-30T20:59:04.099033,CLOSED,CAS-CSE-07-0726,WEB-SERVER-07,False
ALT-CSE-07-00884,CSE-07,CRITICAL,2024-11-07T20:43:42,2024-11-07T20:44:18.295862,2024-11-07T20:48:52.409288,CLOSED,CAS-CSE-07-0727,WEB-SERVER-07,False
ALT-CSE-07-00885,CSE-07,CRITICAL,2024-12-10T19:03:14,2024-12-10T19:03:48.834304,2024-12-10T19:08:18.076680,CLOSED,CAS-CSE-07-0728,FIREWALL-07,False
ALT-CSE-07-00886,CSE-07,CRITICAL,2024-12-10T13:27:41,2024-12-10T13:28:17.158077,2024-12-10T13:33:16.756375,CLOSED,CAS-CSE-07-0729,WEB-SERVER-07,False
ALT-CSE-07-00887,CSE-07,CRITICAL,2024-12-13T07:21:58,2024-12-13T07:22:28.161979,2024-12-13T07:26:49.209412,CLOSED,CAS-CSE-07-0730,DB-SERVER-07,False
ALT-CSE-07-00888,CSE-07,CRITICAL,2024-12-21T17:21:03,2024-12-21T17:23:01.173005,2024-12-21T17:26:28.959039,CLOSED,CAS-CSE-07-0731,ENDPOINT-07,False
ALT-CSE-07-00889,CSE-07,CRITICAL,2024-11-10T14:33:26,2024-11-10T14:35:15.907157,2024-11-10T14:38:45.461777,CLOSED,CAS-CSE-07-0732,FIREWALL-07,False
ALT-CSE-07-00890,CSE-07,CRITICAL,2024-11-12T18:06:57,2024-11-12T18:07:45.749309,2024-11-12T18:12:11.989585,CLOSED,CAS-CSE-07-0733,WEB-SERVER-07,False
ALT-CSE-07-00891,CSE-07,CRITICAL,2024-10-12T13:57:41,2024-10-12T13:58:31.343825,2024-10-12T14:03:04.149287,CLOSED,CAS-CSE-07-0734,DB-SERVER-07,False
ALT-CSE-07-00892,CSE-07,CRITICAL,2024-11-29T18:16:02,2024-11-29T18:17:01.719362,2024-11-29T18:21:13.390076,CLOSED,CAS-CSE-07-0735,FIREWALL-07,False
ALT-CSE-07-00893,CSE-07,CRITICAL,2024-12-24T23:14:49,2024-12-24T23:16:33.755871,2024-12-24T23:19:53.370668,CLOSED,CAS-CSE-07-0736,DB-SERVER-07,False
ALT-CSE-07-00894,CSE-07,CRITICAL,2024-12-29T17:55:44,2024-12-29T17:56:22.708615,2024-12-29T18:00:55.316792,CLOSED,CAS-CSE-07-0737,ENDPOINT-07,False
ALT-CSE-07-00895,CSE-07,CRITICAL,2024-11-19T13:34:36,2024-11-19T13:36:26.483260,2024-11-19T13:39:45.273427,CLOSED,CAS-CSE-07-0738,DB-SERVER-07,False
ALT-CSE-07-00896,CSE-07,CRITICAL,2024-11-07T21:00:06,2024-11-07T21:01:56.688224,2024-11-07T21:05:12.767205,CLOSED,CAS-CSE-07-0739,ENDPOINT-07,False
ALT-CSE-07-00897,CSE-07,CRITICAL,2024-12-06T00:42:56,2024-12-06T00:43:39.007965,2024-12-06T00:48:07.160108,CLOSED,CAS-CSE-07-0740,DB-SERVER-07,False
ALT-CSE-07-00898,CSE-07,CRITICAL,2024-12-28T10:36:46,2024-12-28T10:37:21.862006,2024-12-28T10:42:01.282097,CLOSED,,DB-SERVER-07,False
ALT-CSE-07-00899,CSE-07,CRITICAL,2024-10-01T05:51:17,2024-10-01T05:52:55.778660,2024-10-01T05:56:22.250863,CLOSED,,WEB-SERVER-07,False
ALT-CSE-07-00900,CSE-07,CRITICAL,2024-12-28T18:12:57,2024-12-28T18:14:15.931674,2024-12-28T18:18:27.721832,CLOSED,CAS-CSE-07-0741,WEB-SERVER-07,False
ALT-CSE-07-00901,CSE-07,CRITICAL,2024-10-23T10:26:32,2024-10-23T10:27:36.713853,2024-10-23T10:31:33.926566,CLOSED,CAS-CSE-07-0742,DB-SERVER-07,False
ALT-CSE-07-00902,CSE-07,CRITICAL,2024-10-24T16:21:42,2024-10-24T16:23:32.660499,2024-10-24T16:26:48.793121,CLOSED,CAS-CSE-07-0743,WEB-SERVER-07,False
ALT-CSE-07-00903,CSE-07,CRITICAL,2024-10-22T18:47:13,2024-10-22T18:48:24.307963,2024-10-22T18:52:31.197340,CLOSED,CAS-CSE-07-0744,DB-SERVER-07,False
ALT-CSE-07-00904,CSE-07,CRITICAL,2024-12-29T00:07:11,2024-12-29T00:07:48.978630,2024-12-29T00:12:09.526065,CLOSED,CAS-CSE-07-0745,ENDPOINT-07,False
ALT-CSE-07-00905,CSE-07,CRITICAL,2024-12-07T07:04:08,2024-12-07T07:05:03.697794,2024-12-07T07:09:35.853895,CLOSED,CAS-CSE-07-0746,DB-SERVER-07,False
ALT-CSE-07-00906,CSE-07,CRITICAL,2024-10-26T14:03:50,2024-10-26T14:04:41.160237,2024-10-26T14:08:49.604284,CLOSED,CAS-CSE-07-0747,ENDPOINT-07,False
ALT-CSE-07-00907,CSE-07,CRITICAL,2024-11-02T02:37:54,2024-11-02T02:38:35.214979,2024-11-02T02:43:11.381194,CLOSED,CAS-CSE-07-0748,FIREWALL-07,False
ALT-CSE-07-00908,CSE-07,CRITICAL,2024-10-04T08:20:00,2024-10-04T08:20:51.851953,2024-10-04T08:25:10.738873,CLOSED,CAS-CSE-07-0749,DB-SERVER-07,False
ALT-CSE-07-00909,CSE-07,CRITICAL,2024-10-17T03:41:36,2024-10-17T03:42:37.010254,2024-10-17T03:46:45.637976,CLOSED,CAS-CSE-07-0750,WEB-SERVER-07,False
ALT-CSE-07-00910,CSE-07,CRITICAL,2024-10-05T15:49:28,2024-10-05T15:50:30.737011,2024-10-05T15:54:49.288942,CLOSED,,FIREWALL-07,False
ALT-CSE-07-00911,CSE-07,CRITICAL,2024-12-12T05:37:19,2024-12-12T05:38:08.408292,2024-12-12T05:42:46.453686,CLOSED,CAS-CSE-07-0751,DB-SERVER-07,False
ALT-CSE-07-00912,CSE-07,CRITICAL,2024-11-22T05:28:39,2024-11-22T05:30:10.127101,2024-11-22T05:34:04.449280,CLOSED,CAS-CSE-07-0752,FIREWALL-07,False
ALT-CSE-07-00913,CSE-07,CRITICAL,2024-12-09T05:52:53,2024-12-09T05:54:33.621542,2024-12-09T05:58:03.748283,CLOSED,CAS-CSE-07-0753,ENDPOINT-07,False
ALT-CSE-07-00914,CSE-07,CRITICAL,2024-12-23T23:55:48,2024-12-23T23:56:54.275363,2024-12-24T00:00:57.860477,CLOSED,CAS-CSE-07-0754,FIREWALL-07,False
ALT-CSE-07-00915,CSE-07,CRITICAL,2024-10-23T17:48:36,2024-10-23T17:49:35.742196,2024-10-23T17:53:36.971931,CLOSED,CAS-CSE-07-0755,DB-SERVER-07,False
ALT-CSE-07-00916,CSE-07,CRITICAL,2024-10-06T00:33:38,2024-10-06T00:34:21.817699,2024-10-06T00:38:38.128414,CLOSED,,WEB-SERVER-07,False
ALT-CSE-07-00917,CSE-07,CRITICAL,2024-12-28T14:54:21,2024-12-28T14:55:28.023399,2024-12-28T14:59:24.064266,CLOSED,,DB-SERVER-07,False
ALT-CSE-07-00918,CSE-07,CRITICAL,2024-10-11T22:40:11,2024-10-11T22:42:00.225519,2024-10-11T22:45:28.864983,CLOSED,CAS-CSE-07-0756,FIREWALL-07,False
ALT-CSE-07-00919,CSE-07,CRITICAL,2024-12-08T22:03:25,2024-12-08T22:04:02.839771,2024-12-08T22:08:28.820879,CLOSED,CAS-CSE-07-0757,WEB-SERVER-07,False
ALT-CSE-07-00920,CSE-07,CRITICAL,2024-10-31T14:30:06,2024-10-31T14:31:03.383126,2024-10-31T14:35:20.997493,CLOSED,CAS-CSE-07-0758,WEB-SERVER-07,False
ALT-CSE-07-00921,CSE-07,CRITICAL,2024-10-14T12:53:00,2024-10-14T12:54:11.843672,2024-10-14T12:58:17.283396,CLOSED,CAS-CSE-07-0759,ENDPOINT-07,False
ALT-CSE-07-00922,CSE-07,CRITICAL,2024-10-19T06:46:59,2024-10-19T06:48:51.434775,2024-10-19T06:52:04.163740,CLOSED,CAS-CSE-07-0760,DB-SERVER-07,False
ALT-CSE-07-00923,CSE-07,CRITICAL,2024-10-02T06:04:37,2024-10-02T06:06:01.259618,2024-10-02T06:09:52.473347,CLOSED,,WEB-SERVER-07,False
ALT-CSE-07-00924,CSE-07,CRITICAL,2024-11-25T14:03:16,2024-11-25T14:05:10.445807,2024-11-25T14:08:23.655005,CLOSED,CAS-CSE-07-0761,ENDPOINT-07,False
ALT-CSE-07-00925,CSE-07,CRITICAL,2024-10-11T13:05:08,2024-10-11T13:05:53.097426,2024-10-11T13:10:33.548383,CLOSED,CAS-CSE-07-0762,WEB-SERVER-07,False
ALT-CSE-07-00926,CSE-07,CRITICAL,2024-10-12T01:32:58,2024-10-12T01:34:18.786142,2024-10-12T01:38:09.504787,CLOSED,CAS-CSE-07-0763,ENDPOINT-07,False
ALT-CSE-07-00927,CSE-07,CRITICAL,2024-11-23T01:45:42,2024-11-23T01:47:06.174746,2024-11-23T01:51:06.583141,CLOSED,CAS-CSE-07-0764,FIREWALL-07,False
ALT-CSE-07-00928,CSE-07,CRITICAL,2024-12-14T16:41:49,2024-12-14T16:42:25.133858,2024-12-14T16:46:40.716132,CLOSED,CAS-CSE-07-0765,DB-SERVER-07,False
ALT-CSE-07-00929,CSE-07,CRITICAL,2024-10-17T11:06:28,2024-10-17T11:08:18.229843,2024-10-17T11:11:47.820781,CLOSED,CAS-CSE-07-0766,WEB-SERVER-07,False
ALT-CSE-07-00930,CSE-07,CRITICAL,2024-12-22T20:01:18,2024-12-22T20:01:58.809433,2024-12-22T20:06:18.840398,CLOSED,CAS-CSE-07-0767,WEB-SERVER-07,False
ALT-CSE-07-00931,CSE-07,CRITICAL,2024-12-19T16:01:12,2024-12-19T16:02:37.528146,2024-12-19T16:06:40.576054,CLOSED,CAS-CSE-07-0768,WEB-SERVER-07,False
ALT-CSE-07-00932,CSE-07,CRITICAL,2024-11-09T02:38:26,2024-11-09T02:39:35.694094,2024-11-09T02:43:44.512428,CLOSED,CAS-CSE-07-0769,ENDPOINT-07,False
ALT-CSE-07-00933,CSE-07,CRITICAL,2024-10-12T05:51:44,2024-10-12T05:53:18.857361,2024-10-12T05:56:50.100169,CLOSED,CAS-CSE-07-0770,FIREWALL-07,False
ALT-CSE-07-00934,CSE-07,CRITICAL,2024-11-28T16:09:06,2024-11-28T16:10:31.601684,2024-11-28T16:14:32.805601,CLOSED,,FIREWALL-07,False
ALT-CSE-07-00935,CSE-07,CRITICAL,2024-11-01T04:27:07,2024-11-01T04:27:51.381671,2024-11-01T04:31:57.669730,CLOSED,,DB-SERVER-07,False
ALT-CSE-07-00936,CSE-07,CRITICAL,2024-12-09T12:58:09,2024-12-09T12:58:56.453994,2024-12-09T13:03:34.561566,CLOSED,CAS-CSE-07-0771,ENDPOINT-07,False
ALT-CSE-07-00937,CSE-07,CRITICAL,2024-10-31T07:58:15,2024-10-31T07:59:12.694613,2024-10-31T08:03:15.360691,CLOSED,,WEB-SERVER-07,False
ALT-CSE-07-00938,CSE-07,CRITICAL,2024-10-26T11:57:30,2024-10-26T11:59:04.428716,2024-10-26T12:02:44.607451,CLOSED,CAS-CSE-07-0772,WEB-SERVER-07,False
ALT-CSE-07-00939,CSE-07,CRITICAL,2024-11-20T10:10:06,2024-11-20T10:10:52.945731,2024-11-20T10:15:14.961740,CLOSED,CAS-CSE-07-0773,FIREWALL-07,False
ALT-CSE-07-00940,CSE-07,CRITICAL,2024-10-10T19:48:23,2024-10-10T19:50:05.222514,2024-10-10T19:53:22.276375,CLOSED,,FIREWALL-07,False
ALT-CSE-07-00941,CSE-07,CRITICAL,2024-11-26T20:05:05,2024-11-26T20:05:38.069577,2024-11-26T20:10:16.683582,CLOSED,CAS-CSE-07-0774,DB-SERVER-07,False
ALT-CSE-07-00942,CSE-07,CRITICAL,2024-12-01T17:38:25,2024-12-01T17:39:31.323250,2024-12-01T17:43:37.748244,CLOSED,CAS-CSE-07-0775,ENDPOINT-07,False
ALT-CSE-07-00943,CSE-07,CRITICAL,2024-10-24T06:15:40,2024-10-24T06:16:28.928939,2024-10-24T06:20:43.240371,CLOSED,CAS-CSE-07-0776,DB-SERVER-07,False
ALT-CSE-07-00944,CSE-07,CRITICAL,2024-11-26T10:23:28,2024-11-26T10:24:10.879946,2024-11-26T10:28:37.473318,CLOSED,CAS-CSE-07-0777,FIREWALL-07,False
ALT-CSE-07-00945,CSE-07,CRITICAL,2024-11-05T19:53:36,2024-11-05T19:55:33.468195,2024-11-05T19:59:00.002001,CLOSED,,WEB-SERVER-07,False
ALT-CSE-07-00946,CSE-07,CRITICAL,2024-12-10T14:28:39,2024-12-10T14:29:17.630112,2024-12-10T14:34:04.613486,CLOSED,CAS-CSE-07-0778,ENDPOINT-07,False
ALT-CSE-07-00947,CSE-07,CRITICAL,2024-11-29T07:06:22,2024-11-29T07:07:28.470969,2024-11-29T07:11:34.494282,CLOSED,CAS-CSE-07-0779,ENDPOINT-07,False
ALT-CSE-07-00948,CSE-07,CRITICAL,2024-10-08T23:45:40,2024-10-08T23:47:15.816906,2024-10-08T23:50:46.773352,CLOSED,,DB-SERVER-07,False
ALT-CSE-07-00949,CSE-07,CRITICAL,2024-12-06T02:30:19,2024-12-06T02:31:33.148087,2024-12-06T02:35:29.089756,CLOSED,,WEB-SERVER-07,False
ALT-CSE-07-00950,CSE-07,CRITICAL,2024-12-23T13:54:05,2024-12-23T13:55:12.921496,2024-12-23T13:59:06.183641,CLOSED,CAS-CSE-07-0780,WEB-SERVER-07,False
ALT-CSE-07-00951,CSE-07,CRITICAL,2024-11-03T07:06:00,2024-11-03T07:06:49.247391,2024-11-03T07:11:11.218318,CLOSED,CAS-CSE-07-0781,FIREWALL-07,False
ALT-CSE-07-00952,CSE-07,CRITICAL,2024-10-10T18:57:31,2024-10-10T18:58:51.087323,2024-10-10T19:02:55.345532,CLOSED,,WEB-SERVER-07,False
ALT-CSE-07-00953,CSE-07,CRITICAL,2024-12-01T12:24:07,2024-12-01T12:25:21.293980,2024-12-01T12:29:23.056779,CLOSED,CAS-CSE-07-0782,FIREWALL-07,False
ALT-CSE-07-00954,CSE-07,CRITICAL,2024-10-01T17:30:24,2024-10-01T17:31:59.936892,2024-10-01T17:35:31.299142,CLOSED,,ENDPOINT-07,False
ALT-CSE-07-00955,CSE-07,CRITICAL,2024-12-01T09:06:43,2024-12-01T09:07:43.658330,2024-12-01T09:11:38.814640,CLOSED,CAS-CSE-07-0783,ENDPOINT-07,False
ALT-CSE-07-00956,CSE-07,CRITICAL,2024-10-17T18:42:02,2024-10-17T18:42:57.315507,2024-10-17T18:47:15.852673,CLOSED,CAS-CSE-07-0784,FIREWALL-07,False
ALT-CSE-07-00957,CSE-07,CRITICAL,2024-10-11T23:38:26,2024-10-11T23:39:24.352417,2024-10-11T23:43:43.727675,CLOSED,CAS-CSE-07-0785,FIREWALL-07,False
ALT-CSE-07-00958,CSE-07,CRITICAL,2024-11-19T00:18:48,2024-11-19T00:20:17.341802,2024-11-19T00:24:09.192345,CLOSED,CAS-CSE-07-0786,DB-SERVER-07,False
ALT-CSE-07-00959,CSE-07,CRITICAL,2024-11-24T11:49:12,2024-11-24T11:50:19.205503,2024-11-24T11:54:10.791862,CLOSED,CAS-CSE-07-0787,ENDPOINT-07,False
ALT-CSE-07-00960,CSE-07,LOW,2024-10-26T23:03:33,2024-10-26T23:05:04.493732,2024-10-26T23:15:45.292069,CLOSED,,ENDPOINT-07,False
ALT-CSE-07-00961,CSE-07,HIGH,2024-11-06T15:55:26,2024-11-06T15:56:47.090645,2024-11-06T16:15:50.163333,CLOSED,,FIREWALL-07,False
ALT-CSE-07-00962,CSE-07,HIGH,2024-11-13T10:44:51,2024-11-13T10:46:11.017058,2024-11-13T11:00:15.128690,CLOSED,,FIREWALL-07,False
ALT-CSE-07-00963,CSE-07,LOW,2024-10-24T06:57:02,2024-10-24T06:58:51.910051,2024-10-24T07:14:25.138599,CLOSED,,DB-SERVER-07,False
ALT-CSE-07-00964,CSE-07,HIGH,2024-10-19T11:46:49,2024-10-19T11:47:55.461042,2024-10-19T12:04:13.294112,CLOSED,,FIREWALL-07,False
ALT-CSE-07-00965,CSE-07,LOW,2024-10-05T04:46:08,2024-10-05T04:47:48.310076,2024-10-05T05:03:28.546214,CLOSED,,DB-SERVER-07,False
ALT-CSE-07-00966,CSE-07,LOW,2024-10-26T18:53:28,2024-10-26T18:54:23.510045,2024-10-26T19:10:44.304714,CLOSED,,ENDPOINT-07,False
ALT-CSE-07-00967,CSE-07,HIGH,2024-10-15T21:47:17,2024-10-15T21:48:09.562311,2024-10-15T22:03:15.101613,CLOSED,,FIREWALL-07,False
ALT-CSE-07-00968,CSE-07,MEDIUM,2024-11-22T02:16:33,2024-11-22T02:17:46.067227,2024-11-22T02:32:00.965578,CLOSED,,ENDPOINT-07,False
ALT-CSE-07-00969,CSE-07,MEDIUM,2024-10-19T01:17:04,2024-10-19T01:18:55.683430,2024-10-19T01:33:33.770854,CLOSED,,DB-SERVER-07,False
ALT-CSE-07-00970,CSE-07,HIGH,2024-10-22T21:11:09,2024-10-22T21:12:02.256643,2024-10-22T21:27:00.599540,CLOSED,,ENDPOINT-07,False
ALT-CSE-07-00971,CSE-07,LOW,2024-11-08T02:58:57,2024-11-08T03:00:11.331885,2024-11-08T03:28:04.044461,CLOSED,,FIREWALL-07,False
ALT-CSE-07-00972,CSE-07,HIGH,2024-10-25T06:14:23,2024-10-25T06:16:11.111502,2024-10-25T06:27:51.386096,CLOSED,,ENDPOINT-07,False
ALT-CSE-07-00973,CSE-07,HIGH,2024-12-29T02:19:28,2024-12-29T02:21:22.366059,2024-12-29T02:39:38.108263,CLOSED,CAS-CSE-07-0788,DB-SERVER-07,False
ALT-CSE-07-00974,CSE-07,MEDIUM,2024-11-18T15:32:13,2024-11-18T15:34:09.143166,2024-11-18T15:56:55.910583,CLOSED,,DB-SERVER-07,False
ALT-CSE-07-00975,CSE-07,MEDIUM,2024-11-28T14:20:31,2024-11-28T14:22:03.343824,2024-11-28T14:36:28.877878,CLOSED,,WEB-SERVER-07,False
ALT-CSE-07-00976,CSE-07,MEDIUM,2024-12-23T10:58:43,2024-12-23T10:59:56.497093,2024-12-23T11:17:31.054438,CLOSED,,WEB-SERVER-07,False
ALT-CSE-07-00977,CSE-07,HIGH,2024-12-09T12:02:44,2024-12-09T12:03:46.509288,2024-12-09T12:27:31.789541,CLOSED,,FIREWALL-07,False
ALT-CSE-07-00978,CSE-07,HIGH,2024-12-09T05:51:06,2024-12-09T05:51:51.154784,2024-12-09T06:10:50.498634,CLOSED,CAS-CSE-07-0789,FIREWALL-07,False
ALT-CSE-07-00979,CSE-07,HIGH,2024-12-01T08:24:56,2024-12-01T08:25:34.689287,2024-12-01T08:45:01.005048,CLOSED,,ENDPOINT-07,False
ALT-CSE-07-00980,CSE-07,MEDIUM,2024-12-16T12:36:22,2024-12-16T12:37:09.647212,2024-12-16T12:58:00.189278,CLOSED,,FIREWALL-07,False
ALT-CSE-07-00981,CSE-07,LOW,2024-10-14T19:20:06,2024-10-14T19:21:00.235573,2024-10-14T19:37:19.538131,CLOSED,,ENDPOINT-07,False
ALT-CSE-07-00982,CSE-07,HIGH,2024-10-25T14:31:53,2024-10-25T14:32:55.740670,2024-10-25T14:47:43.336860,CLOSED,,DB-SERVER-07,False
ALT-CSE-07-00983,CSE-07,LOW,2024-11-30T06:45:36,2024-11-30T06:46:07.006107,2024-11-30T07:09:07.612495,CLOSED,,WEB-SERVER-07,False
ALT-CSE-07-00984,CSE-07,LOW,2024-10-31T21:12:40,2024-10-31T21:13:16.119338,2024-10-31T21:36:17.597592,CLOSED,,FIREWALL-07,False
ALT-CSE-07-00985,CSE-07,MEDIUM,2024-10-28T18:46:08,2024-10-28T18:47:19.012985,2024-10-28T19:02:11.266676,CLOSED,,FIREWALL-07,False
ALT-CSE-07-00986,CSE-07,MEDIUM,2024-12-07T03:21:43,2024-12-07T03:23:35.970847,2024-12-07T03:44:20.102309,CLOSED,,DB-SERVER-07,False
ALT-CSE-07-00987,CSE-07,MEDIUM,2024-12-15T16:54:12,2024-12-15T16:55:05.833924,2024-12-15T17:05:36.615505,CLOSED,,ENDPOINT-07,False
ALT-CSE-07-00988,CSE-07,MEDIUM,2024-10-12T23:46:01,2024-10-12T23:47:47.221317,2024-10-13T00:00:10.563844,CLOSED,,ENDPOINT-07,False
ALT-CSE-07-00989,CSE-07,HIGH,2024-12-03T15:10:02,2024-12-03T15:10:35.968243,2024-12-03T15:32:01.433369,CLOSED,,ENDPOINT-07,False
ALT-CSE-07-00990,CSE-07,LOW,2024-10-19T07:41:35,2024-10-19T07:43:25.714619,2024-10-19T08:04:34.623494,CLOSED,,WEB-SERVER-07,False
ALT-CSE-07-00991,CSE-07,LOW,2024-10-20T05:01:11,2024-10-20T05:03:10.598517,2024-10-20T05:23:30.449069,CLOSED,,DB-SERVER-07,False
ALT-CSE-07-00992,CSE-07,LOW,2024-11-12T15:01:54,2024-11-12T15:03:39.885735,2024-11-12T15:24:56.797096,CLOSED,,DB-SERVER-07,False
ALT-CSE-07-00993,CSE-07,HIGH,2024-11-28T13:01:51,2024-11-28T13:03:40.433329,2024-11-28T13:25:26.194496,CLOSED,,FIREWALL-07,False
ALT-CSE-07-00994,CSE-07,LOW,2024-10-01T03:34:27,2024-10-01T03:36:15.251999,2024-10-01T03:56:45.874780,CLOSED,,DB-SERVER-07,False
ALT-CSE-07-00995,CSE-07,HIGH,2024-11-17T19:59:41,2024-11-17T20:00:31.946165,2024-11-17T20:20:43.027469,CLOSED,,DB-SERVER-07,False
ALT-CSE-07-00996,CSE-07,LOW,2024-12-22T12:47:17,2024-12-22T12:49:09.675507,2024-12-22T13:02:37.277596,CLOSED,,DB-SERVER-07,False
ALT-CSE-07-00997,CSE-07,HIGH,2024-11-12T04:07:46,2024-11-12T04:08:46.609768,2024-11-12T04:31:52.462577,CLOSED,,WEB-SERVER-07,False
ALT-CSE-07-00998,CSE-07,MEDIUM,2024-12-10T04:42:10,2024-12-10T04:43:28.940127,2024-12-10T05:08:38.975092,CLOSED,,ENDPOINT-07,False
ALT-CSE-07-00999,CSE-07,HIGH,2024-10-27T13:17:44,2024-10-27T13:18:15.692719,2024-10-27T13:35:29.334649,CLOSED,,ENDPOINT-07,False
ALT-CSE-07-01000,CSE-07,MEDIUM,2024-12-15T03:07:49,2024-12-15T03:09:37.483701,2024-12-15T03:20:29.047260,CLOSED,,FIREWALL-07,False
ALT-CSE-07-01001,CSE-07,LOW,2024-11-11T19:19:24,2024-11-11T19:20:58.476997,2024-11-11T19:43:41.682699,CLOSED,CAS-CSE-07-0790,ENDPOINT-07,False
ALT-CSE-07-01002,CSE-07,LOW,2024-11-29T04:04:23,2024-11-29T04:05:36.556776,2024-11-29T04:22:15.640373,CLOSED,,ENDPOINT-07,False
ALT-CSE-07-01003,CSE-07,LOW,2024-11-27T21:07:12,2024-11-27T21:08:50.125257,2024-11-27T21:25:38.388691,CLOSED,,WEB-SERVER-07,False
ALT-CSE-07-01004,CSE-07,HIGH,2024-10-16T22:02:31,2024-10-16T22:04:16.061986,2024-10-16T22:14:24.949074,CLOSED,,ENDPOINT-07,False
ALT-CSE-07-01005,CSE-07,HIGH,2024-10-04T06:05:33,2024-10-04T06:06:25.895381,2024-10-04T06:20:51.185455,CLOSED,,WEB-SERVER-07,False
ALT-CSE-07-01006,CSE-07,LOW,2024-11-15T18:21:09,2024-11-15T18:22:39.001925,2024-11-15T18:47:43.031413,CLOSED,,DB-SERVER-07,False
ALT-CSE-07-01007,CSE-07,MEDIUM,2024-12-26T17:36:36,2024-12-26T17:37:43.456589,2024-12-26T17:55:29.133985,CLOSED,,FIREWALL-07,False
ALT-CSE-07-01008,CSE-07,MEDIUM,2024-11-26T09:37:30,2024-11-26T09:38:08.024471,2024-11-26T09:56:07.703543,CLOSED,,ENDPOINT-07,False
ALT-CSE-07-01009,CSE-07,LOW,2024-12-03T17:53:21,2024-12-03T17:54:38.767856,2024-12-03T18:15:12.042537,CLOSED,,DB-SERVER-07,False
ALT-CSE-07-01010,CSE-07,HIGH,2024-11-14T08:52:01,2024-11-14T08:53:44.264282,2024-11-14T09:13:07.511632,CLOSED,,WEB-SERVER-07,False
ALT-CSE-07-01011,CSE-07,MEDIUM,2024-12-25T00:53:02,2024-12-25T00:54:08.162071,2024-12-25T01:06:18.659257,CLOSED,,ENDPOINT-07,False
ALT-CSE-07-01012,CSE-07,MEDIUM,2024-12-03T22:35:49,2024-12-03T22:37:21.333543,2024-12-03T22:56:24.613417,CLOSED,,WEB-SERVER-07,False
ALT-CSE-07-01013,CSE-07,MEDIUM,2024-11-21T08:22:04,2024-11-21T08:23:59.439610,2024-11-21T08:47:53.109450,CLOSED,,FIREWALL-07,False
ALT-CSE-07-01014,CSE-07,LOW,2024-11-11T05:52:56,2024-11-11T05:54:44.486829,2024-11-11T06:11:11.076678,CLOSED,,WEB-SERVER-07,False
ALT-CSE-07-01015,CSE-07,HIGH,2024-10-08T11:13:01,2024-10-08T11:13:51.858872,2024-10-08T11:32:17.613022,CLOSED,,ENDPOINT-07,False
ALT-CSE-07-01016,CSE-07,LOW,2024-12-24T12:40:17,2024-12-24T12:41:00.793057,2024-12-24T13:04:04.421757,CLOSED,,DB-SERVER-07,False
ALT-CSE-07-01017,CSE-07,LOW,2024-12-09T09:50:41,2024-12-09T09:51:17.491325,2024-12-09T10:07:19.526621,CLOSED,,ENDPOINT-07,False
ALT-CSE-07-01018,CSE-07,MEDIUM,2024-10-18T08:21:05,2024-10-18T08:21:47.052799,2024-10-18T08:36:51.337355,CLOSED,,DB-SERVER-07,False
ALT-CSE-07-01019,CSE-07,LOW,2024-11-01T05:34:11,2024-11-01T05:35:59.396560,2024-11-01T05:56:27.515787,CLOSED,,FIREWALL-07,False
ALT-CSE-07-01020,CSE-07,HIGH,2024-12-04T05:40:29,2024-12-04T05:42:04.378966,2024-12-04T05:48:57.215039,CLOSED,,WEB-SERVER-07,False
ALT-CSE-07-01021,CSE-07,MEDIUM,2024-10-10T10:07:20,2024-10-10T10:08:07.705765,2024-10-10T10:30:26.693056,CLOSED,,DB-SERVER-07,False
ALT-CSE-07-01022,CSE-07,HIGH,2024-11-24T06:57:15,2024-11-24T06:58:00.034736,2024-11-24T07:28:22.772861,CLOSED,,WEB-SERVER-07,False
ALT-CSE-07-01023,CSE-07,MEDIUM,2024-10-23T12:05:19,2024-10-23T12:05:58.127005,2024-10-23T12:27:20.742901,CLOSED,,FIREWALL-07,False
ALT-CSE-07-01024,CSE-07,HIGH,2024-11-26T23:30:45,2024-11-26T23:32:41.242682,2024-11-26T23:47:42.763812,CLOSED,,WEB-SERVER-07,False
ALT-CSE-07-01025,CSE-07,LOW,2024-12-05T23:29:34,2024-12-05T23:31:11.934583,2024-12-05T23:57:19.132514,CLOSED,,DB-SERVER-07,False
ALT-CSE-07-01026,CSE-07,LOW,2024-10-21T09:44:23,2024-10-21T09:46:21.981256,2024-10-21T09:59:15.606207,CLOSED,,DB-SERVER-07,False
ALT-CSE-07-01027,CSE-07,MEDIUM,2024-10-07T15:21:23,2024-10-07T15:22:41.003713,2024-10-07T15:44:53.096028,CLOSED,,ENDPOINT-07,False
ALT-CSE-07-01028,CSE-07,LOW,2024-10-09T13:09:45,2024-10-09T13:10:30.443904,2024-10-09T13:32:23.019929,CLOSED,,WEB-SERVER-07,False
ALT-CSE-07-01029,CSE-07,LOW,2024-11-24T20:30:09,2024-11-24T20:32:02.855913,2024-11-24T20:47:11.382119,CLOSED,,DB-SERVER-07,False
ALT-CSE-07-01030,CSE-07,MEDIUM,2024-10-22T19:56:12,2024-10-22T19:57:09.334075,2024-10-22T20:14:15.556739,CLOSED,,FIREWALL-07,False
ALT-CSE-07-01031,CSE-07,HIGH,2024-12-11T14:24:42,2024-12-11T14:26:19.814850,2024-12-11T14:39:23.386793,CLOSED,,DB-SERVER-07,False
ALT-CSE-07-01032,CSE-07,LOW,2024-12-08T12:44:12,2024-12-08T12:45:12.057208,2024-12-08T13:03:54.425329,CLOSED,,ENDPOINT-07,False
ALT-CSE-07-01033,CSE-07,HIGH,2024-10-24T14:03:07,2024-10-24T14:04:18.957032,2024-10-24T14:25:23.826429,CLOSED,CAS-CSE-07-0791,DB-SERVER-07,False
ALT-CSE-07-01034,CSE-07,MEDIUM,2024-11-27T16:46:07,2024-11-27T16:47:53.130448,2024-11-27T17:12:48.686311,CLOSED,,ENDPOINT-07,False
ALT-CSE-07-01035,CSE-07,LOW,2024-10-05T00:42:49,2024-10-05T00:43:44.803786,2024-10-05T01:05:57.820149,CLOSED,,ENDPOINT-07,False
ALT-CSE-07-01036,CSE-07,MEDIUM,2024-11-25T00:27:16,2024-11-25T00:29:15.497827,2024-11-25T00:44:51.811868,CLOSED,,FIREWALL-07,False
ALT-CSE-07-01037,CSE-07,LOW,2024-12-13T03:05:06,2024-12-13T03:06:28.782407,2024-12-13T03:15:50.593443,CLOSED,,DB-SERVER-07,False
ALT-CSE-07-01038,CSE-07,MEDIUM,2024-10-15T10:54:44,2024-10-15T10:56:02.987681,2024-10-15T11:16:31.621088,CLOSED,,WEB-SERVER-07,False
ALT-CSE-07-01039,CSE-07,MEDIUM,2024-10-15T17:50:10,2024-10-15T17:51:45.666026,2024-10-15T18:04:28.587650,CLOSED,,ENDPOINT-07,False
ALT-CSE-07-01040,CSE-07,LOW,2024-10-07T13:56:09,2024-10-07T13:57:37.284942,2024-10-07T14:22:10.149463,CLOSED,CAS-CSE-07-0792,WEB-SERVER-07,False
ALT-CSE-07-01041,CSE-07,HIGH,2024-10-27T07:09:29,2024-10-27T07:10:27.272253,2024-10-27T07:32:09.543542,CLOSED,,ENDPOINT-07,False
ALT-CSE-07-01042,CSE-07,MEDIUM,2024-12-19T00:23:49,2024-12-19T00:25:25.586026,2024-12-19T00:50:17.630667,CLOSED,,DB-SERVER-07,False
ALT-CSE-07-01043,CSE-07,HIGH,2024-10-25T22:48:27,2024-10-25T22:49:54.750656,2024-10-25T23:05:27.041212,CLOSED,,DB-SERVER-07,False
ALT-CSE-07-01044,CSE-07,HIGH,2024-10-18T01:37:43,2024-10-18T01:38:22.464523,2024-10-18T01:52:33.505002,CLOSED,,WEB-SERVER-07,False
ALT-CSE-07-01045,CSE-07,LOW,2024-12-04T09:34:10,2024-12-04T09:35:50.337231,2024-12-04T09:55:35.573307,CLOSED,CAS-CSE-07-0793,DB-SERVER-07,False
ALT-CSE-07-01046,CSE-07,HIGH,2024-12-14T20:04:19,2024-12-14T20:05:50.420357,2024-12-14T20:22:39.988708,CLOSED,,DB-SERVER-07,False
ALT-CSE-07-01047,CSE-07,HIGH,2024-10-14T10:07:14,2024-10-14T10:08:59.831634,2024-10-14T10:24:22.942840,CLOSED,,WEB-SERVER-07,False
ALT-CSE-07-01048,CSE-07,MEDIUM,2024-10-11T18:56:07,2024-10-11T18:57:09.260844,2024-10-11T19:18:04.921650,CLOSED,,DB-SERVER-07,False
ALT-CSE-07-01049,CSE-07,MEDIUM,2024-11-02T06:43:24,2024-11-02T06:45:23.407307,2024-11-02T07:12:39.010385,CLOSED,,WEB-SERVER-07,False
ALT-CSE-07-01050,CSE-07,LOW,2024-12-29T12:17:11,2024-12-29T12:18:29.584188,2024-12-29T12:39:46.639536,CLOSED,,FIREWALL-07,False
ALT-CSE-07-01051,CSE-07,HIGH,2024-10-08T04:29:07,2024-10-08T04:29:46.786219,2024-10-08T04:47:57.976393,CLOSED,,FIREWALL-07,False
ALT-CSE-07-01052,CSE-07,MEDIUM,2024-11-29T03:12:11,2024-11-29T03:13:40.041685,2024-11-29T03:37:54.280660,CLOSED,,FIREWALL-07,False
ALT-CSE-07-01053,CSE-07,MEDIUM,2024-12-24T08:05:43,2024-12-24T08:07:42.162537,2024-12-24T08:24:26.108583,CLOSED,,DB-SERVER-07,False
ALT-CSE-07-01054,CSE-07,HIGH,2024-10-05T00:07:25,2024-10-05T00:08:31.921844,2024-10-05T00:25:06.499483,CLOSED,,WEB-SERVER-07,False
ALT-CSE-07-01055,CSE-07,MEDIUM,2024-12-26T07:25:49,2024-12-26T07:27:19.343347,2024-12-26T07:42:08.946694,CLOSED,,DB-SERVER-07,False
ALT-CSE-07-01056,CSE-07,LOW,2024-10-31T09:28:19,2024-10-31T09:29:37.874928,2024-10-31T09:43:48.481658,CLOSED,,DB-SERVER-07,False
ALT-CSE-07-01057,CSE-07,HIGH,2024-11-21T06:31:13,2024-11-21T06:32:44.387775,2024-11-21T06:52:27.328940,CLOSED,,ENDPOINT-07,False
ALT-CSE-07-01058,CSE-07,HIGH,2024-12-20T05:01:18,2024-12-20T05:02:06.247858,2024-12-20T05:18:51.435799,CLOSED,,ENDPOINT-07,False
ALT-CSE-07-01059,CSE-07,MEDIUM,2024-10-15T04:38:54,2024-10-15T04:40:10.536982,2024-10-15T04:55:08.163789,CLOSED,,ENDPOINT-07,False
ALT-CSE-07-01060,CSE-07,HIGH,2024-10-21T02:03:49,2024-10-21T02:04:29.468247,2024-10-21T02:23:47.888776,CLOSED,,FIREWALL-07,False
ALT-CSE-07-01061,CSE-07,HIGH,2024-11-27T20:09:31,2024-11-27T20:10:22.974833,2024-11-27T20:24:15.444203,CLOSED,,WEB-SERVER-07,False
ALT-CSE-07-01062,CSE-07,HIGH,2024-10-14T08:17:53,2024-10-14T08:19:26.334405,2024-10-14T08:42:11.875523,CLOSED,,DB-SERVER-07,False
ALT-CSE-07-01063,CSE-07,LOW,2024-11-17T05:26:20,2024-11-17T05:27:17.453331,2024-11-17T05:45:24.614053,CLOSED,,FIREWALL-07,False
ALT-CSE-07-01064,CSE-07,MEDIUM,2024-11-01T00:00:05,2024-11-01T00:01:42.360586,2024-11-01T00:24:43.009297,CLOSED,,WEB-SERVER-07,False
ALT-CSE-07-01065,CSE-07,MEDIUM,2024-11-14T15:52:51,2024-11-14T15:53:36.374004,2024-11-14T16:16:03.206567,CLOSED,,ENDPOINT-07,False
ALT-CSE-07-01066,CSE-07,HIGH,2024-10-29T03:31:39,2024-10-29T03:32:32.601933,2024-10-29T03:56:10.601346,CLOSED,CAS-CSE-07-0794,DB-SERVER-07,False
ALT-CSE-07-01067,CSE-07,HIGH,2024-12-22T03:51:23,2024-12-22T03:52:25.243264,2024-12-22T04:11:42.372525,CLOSED,,WEB-SERVER-07,False
ALT-CSE-07-01068,CSE-07,LOW,2024-12-22T13:42:47,2024-12-22T13:43:50.983883,2024-12-22T13:56:55.605932,CLOSED,,DB-SERVER-07,False
ALT-CSE-07-01069,CSE-07,HIGH,2024-10-06T18:09:05,2024-10-06T18:11:03.158929,2024-10-06T18:34:47.953992,CLOSED,,WEB-SERVER-07,False
ALT-CSE-07-01070,CSE-07,LOW,2024-11-06T09:12:58,2024-11-06T09:14:47.220324,2024-11-06T09:31:40.364309,CLOSED,,DB-SERVER-07,False
ALT-CSE-07-01071,CSE-07,LOW,2024-10-06T11:29:38,2024-10-06T11:31:13.092258,2024-10-06T11:54:27.156372,CLOSED,,FIREWALL-07,False
ALT-CSE-07-01072,CSE-07,LOW,2024-12-25T09:02:17,2024-12-25T09:03:42.658587,2024-12-25T09:27:17.967173,CLOSED,,ENDPOINT-07,False
ALT-CSE-07-01073,CSE-07,HIGH,2024-11-02T20:47:07,2024-11-02T20:48:30.721769,2024-11-02T21:10:17.541976,CLOSED,,FIREWALL-07,False
ALT-CSE-07-01074,CSE-07,LOW,2024-12-26T12:56:56,2024-12-26T12:58:35.848007,2024-12-26T13:19:54.025575,CLOSED,,DB-SERVER-07,False
ALT-CSE-07-01075,CSE-07,LOW,2024-11-02T13:53:55,2024-11-02T13:54:50.687482,2024-11-02T14:09:03.118225,CLOSED,,DB-SERVER-07,False
ALT-CSE-07-01076,CSE-07,HIGH,2024-10-18T09:21:56,2024-10-18T09:23:25.150255,2024-10-18T09:40:31.215703,CLOSED,,ENDPOINT-07,False
ALT-CSE-07-01077,CSE-07,LOW,2024-11-08T03:42:33,2024-11-08T03:43:58.576868,2024-11-08T04:08:00.411935,CLOSED,,WEB-SERVER-07,False
ALT-CSE-07-01078,CSE-07,LOW,2024-10-24T08:49:56,2024-10-24T08:51:19.252832,2024-10-24T09:04:01.909058,CLOSED,,ENDPOINT-07,False
ALT-CSE-07-01079,CSE-07,HIGH,2024-12-27T15:48:34,2024-12-27T15:49:20.848509,2024-12-27T16:00:26.927002,CLOSED,,DB-SERVER-07,False
ALT-CSE-07-01080,CSE-07,MEDIUM,2024-10-16T05:19:31,2024-10-16T05:21:21.251912,2024-10-16T05:45:31.590623,CLOSED,,FIREWALL-07,False
ALT-CSE-07-01081,CSE-07,LOW,2024-11-08T19:33:19,2024-11-08T19:34:53.185732,2024-11-08T19:52:11.307141,CLOSED,,DB-SERVER-07,False
ALT-CSE-07-01082,CSE-07,HIGH,2024-10-27T21:56:09,2024-10-27T21:57:51.007781,2024-10-27T22:12:24.034098,CLOSED,,DB-SERVER-07,False
ALT-CSE-07-01083,CSE-07,HIGH,2024-12-20T22:34:16,2024-12-20T22:36:13.488048,2024-12-20T23:06:02.144595,CLOSED,,ENDPOINT-07,False
ALT-CSE-07-01084,CSE-07,HIGH,2024-11-15T17:33:10,2024-11-15T17:33:46.411563,2024-11-15T17:54:37.164518,CLOSED,CAS-CSE-07-0795,ENDPOINT-07,False
ALT-CSE-07-01085,CSE-07,LOW,2024-11-11T05:23:45,2024-11-11T05:24:59.094073,2024-11-11T05:50:32.063738,CLOSED,,FIREWALL-07,False
ALT-CSE-07-01086,CSE-07,HIGH,2024-11-08T12:38:20,2024-11-08T12:39:00.410010,2024-11-08T12:56:27.443576,CLOSED,CAS-CSE-07-0796,WEB-SERVER-07,False
ALT-CSE-07-01087,CSE-07,LOW,2024-12-04T19:24:48,2024-12-04T19:25:21.184670,2024-12-04T19:48:04.661237,CLOSED,,DB-SERVER-07,False
ALT-CSE-07-01088,CSE-07,MEDIUM,2024-10-04T06:55:17,2024-10-04T06:55:52.860757,2024-10-04T07:15:41.933117,CLOSED,,DB-SERVER-07,False
ALT-CSE-07-01089,CSE-07,LOW,2024-12-22T06:47:55,2024-12-22T06:48:47.084844,2024-12-22T07:03:35.032170,CLOSED,,DB-SERVER-07,False
ALT-CSE-07-01090,CSE-07,LOW,2024-11-26T02:23:49,2024-11-26T02:25:00.434440,2024-11-26T02:43:51.162295,CLOSED,,ENDPOINT-07,False
ALT-CSE-07-01091,CSE-07,LOW,2024-10-06T22:40:21,2024-10-06T22:41:17.765967,2024-10-06T23:04:14.169749,CLOSED,,ENDPOINT-07,False
ALT-CSE-07-01092,CSE-07,HIGH,2024-10-21T02:18:26,2024-10-21T02:20:24.487174,2024-10-21T02:40:00.045859,CLOSED,,DB-SERVER-07,False
ALT-CSE-07-01093,CSE-07,HIGH,2024-10-29T05:39:40,2024-10-29T05:41:12.186376,2024-10-29T06:10:54.023423,CLOSED,,ENDPOINT-07,False
ALT-CSE-07-01094,CSE-07,HIGH,2024-12-12T03:45:16,2024-12-12T03:46:56.145107,2024-12-12T04:07:56.863160,CLOSED,,ENDPOINT-07,False
ALT-CSE-07-01095,CSE-07,LOW,2024-10-12T22:56:48,2024-10-12T22:57:34.791341,2024-10-12T23:20:07.552444,CLOSED,,ENDPOINT-07,False
ALT-CSE-07-01096,CSE-07,MEDIUM,2024-12-07T06:19:16,2024-12-07T06:20:59.616764,2024-12-07T06:33:19.428940,CLOSED,,WEB-SERVER-07,False
ALT-CSE-07-01097,CSE-07,HIGH,2024-10-09T10:37:15,2024-10-09T10:38:10.553761,2024-10-09T10:52:03.646311,CLOSED,,WEB-SERVER-07,False
ALT-CSE-07-01098,CSE-07,HIGH,2024-11-10T14:22:08,2024-11-10T14:22:53.866243,2024-11-10T14:40:08.653918,CLOSED,,ENDPOINT-07,False
ALT-CSE-07-01099,CSE-07,HIGH,2024-10-24T02:43:29,2024-10-24T02:45:01.760414,2024-10-24T03:00:09.646734,CLOSED,,FIREWALL-07,False
ALT-CSE-07-01100,CSE-07,LOW,2024-12-27T21:04:06,2024-12-27T21:05:24.319624,2024-12-27T21:29:07.823945,CLOSED,,FIREWALL-07,False
ALT-CSE-07-01101,CSE-07,HIGH,2024-10-10T16:16:11,2024-10-10T16:17:26.936155,2024-10-10T16:32:33.433333,CLOSED,,ENDPOINT-07,False
ALT-CSE-07-01102,CSE-07,HIGH,2024-10-14T13:03:25,2024-10-14T13:04:36.494461,2024-10-14T13:20:02.392349,CLOSED,,ENDPOINT-07,False
ALT-CSE-07-01103,CSE-07,HIGH,2024-12-09T08:32:25,2024-12-09T08:33:08.468188,2024-12-09T09:04:35.602429,CLOSED,,ENDPOINT-07,False
ALT-CSE-07-01104,CSE-07,MEDIUM,2024-10-22T22:40:09,2024-10-22T22:41:05.546080,2024-10-22T23:00:31.916694,CLOSED,,ENDPOINT-07,False
ALT-CSE-07-01105,CSE-07,LOW,2024-10-10T17:07:32,2024-10-10T17:09:08.257767,2024-10-10T17:24:28.332580,CLOSED,,FIREWALL-07,False
ALT-CSE-07-01106,CSE-07,MEDIUM,2024-10-24T11:13:53,2024-10-24T11:14:54.239021,2024-10-24T11:28:13.307983,CLOSED,,ENDPOINT-07,False
ALT-CSE-07-01107,CSE-07,MEDIUM,2024-10-16T12:49:07,2024-10-16T12:49:41.088792,2024-10-16T13:13:14.159781,CLOSED,,FIREWALL-07,False
ALT-CSE-07-01108,CSE-07,LOW,2024-10-03T19:36:06,2024-10-03T19:37:24.016064,2024-10-03T19:54:13.851398,CLOSED,,FIREWALL-07,False
ALT-CSE-07-01109,CSE-07,LOW,2024-11-03T23:06:51,2024-11-03T23:07:36.384354,2024-11-03T23:24:03.415979,CLOSED,,ENDPOINT-07,False
ALT-CSE-07-01110,CSE-07,MEDIUM,2024-12-14T10:34:46,2024-12-14T10:36:39.370229,2024-12-14T10:55:50.058594,CLOSED,,WEB-SERVER-07,False
ALT-CSE-07-01111,CSE-07,LOW,2024-12-23T20:48:02,2024-12-23T20:49:48.135583,2024-12-23T21:13:02.953903,CLOSED,,WEB-SERVER-07,False
ALT-CSE-07-01112,CSE-07,MEDIUM,2024-10-11T23:45:53,2024-10-11T23:47:20.557226,2024-10-12T00:06:50.208279,CLOSED,,ENDPOINT-07,False
ALT-CSE-07-01113,CSE-07,HIGH,2024-12-05T09:40:44,2024-12-05T09:41:26.939335,2024-12-05T09:56:09.377845,CLOSED,,ENDPOINT-07,False
ALT-CSE-07-01114,CSE-07,MEDIUM,2024-12-27T00:32:13,2024-12-27T00:34:11.766590,2024-12-27T00:51:42.757459,CLOSED,,WEB-SERVER-07,False
ALT-CSE-07-01115,CSE-07,MEDIUM,2024-12-24T12:52:46,2024-12-24T12:53:34.362497,2024-12-24T13:23:12.739380,CLOSED,,DB-SERVER-07,False
ALT-CSE-07-01116,CSE-07,HIGH,2024-12-09T13:02:54,2024-12-09T13:04:52.572412,2024-12-09T13:25:53.128348,CLOSED,,ENDPOINT-07,False
ALT-CSE-07-01117,CSE-07,MEDIUM,2024-10-10T04:24:50,2024-10-10T04:25:38.542360,2024-10-10T04:42:42.449780,CLOSED,CAS-CSE-07-0797,FIREWALL-07,False
ALT-CSE-07-01118,CSE-07,LOW,2024-12-01T16:41:22,2024-12-01T16:43:13.375105,2024-12-01T16:59:29.471968,CLOSED,,WEB-SERVER-07,False
ALT-CSE-07-01119,CSE-07,MEDIUM,2024-12-15T12:59:39,2024-12-15T13:01:18.369091,2024-12-15T13:16:13.147533,CLOSED,,WEB-SERVER-07,False
ALT-CSE-07-01120,CSE-07,HIGH,2024-11-16T03:31:30,2024-11-16T03:32:38.759054,2024-11-16T03:49:22.741459,CLOSED,,ENDPOINT-07,False
ALT-CSE-07-01121,CSE-07,MEDIUM,2024-10-12T01:04:33,2024-10-12T01:06:12.852190,2024-10-12T01:31:55.028958,CLOSED,,FIREWALL-07,False
ALT-CSE-07-01122,CSE-07,HIGH,2024-12-25T06:23:44,2024-12-25T06:24:22.809945,2024-12-25T06:42:39.068848,CLOSED,,DB-SERVER-07,False
ALT-CSE-07-01123,CSE-07,MEDIUM,2024-11-13T17:11:43,2024-11-13T17:13:22.875325,2024-11-13T17:46:58.894106,CLOSED,,ENDPOINT-07,False
ALT-CSE-07-01124,CSE-07,HIGH,2024-11-12T14:44:10,2024-11-12T14:45:27.601325,2024-11-12T14:59:35.500236,CLOSED,,ENDPOINT-07,False
ALT-CSE-07-01125,CSE-07,MEDIUM,2024-11-15T13:25:53,2024-11-15T13:27:49.386084,2024-11-15T13:49:59.918633,CLOSED,,ENDPOINT-07,False
ALT-CSE-07-01126,CSE-07,HIGH,2024-11-01T07:27:00,2024-11-01T07:28:41.039642,2024-11-01T07:55:43.780816,CLOSED,,FIREWALL-07,False
ALT-CSE-07-01127,CSE-07,LOW,2024-11-30T07:54:39,2024-11-30T07:55:47.032778,2024-11-30T08:17:33.313924,CLOSED,,WEB-SERVER-07,False
ALT-CSE-07-01128,CSE-07,LOW,2024-12-05T01:06:26,2024-12-05T01:07:27.921801,2024-12-05T01:26:29.364656,CLOSED,,FIREWALL-07,False
ALT-CSE-07-01129,CSE-07,MEDIUM,2024-11-01T14:36:21,2024-11-01T14:37:18.777605,2024-11-01T15:02:32.095237,CLOSED,,ENDPOINT-07,False
ALT-CSE-07-01130,CSE-07,LOW,2024-11-02T23:58:37,2024-11-02T23:59:14.685918,2024-11-03T00:15:26.482797,CLOSED,CAS-CSE-07-0798,WEB-SERVER-07,False
ALT-CSE-07-01131,CSE-07,LOW,2024-10-15T23:12:35,2024-10-15T23:13:21.196892,2024-10-15T23:32:46.370292,CLOSED,,WEB-SERVER-07,False
ALT-CSE-07-01132,CSE-07,HIGH,2024-11-10T20:40:43,2024-11-10T20:41:42.948110,2024-11-10T20:59:12.899351,CLOSED,,DB-SERVER-07,False
ALT-CSE-07-01133,CSE-07,HIGH,2024-11-18T16:04:01,2024-11-18T16:05:49.923175,2024-11-18T16:23:03.323754,CLOSED,,FIREWALL-07,False
ALT-CSE-07-01134,CSE-07,HIGH,2024-11-17T20:02:49,2024-11-17T20:04:13.950866,2024-11-17T20:24:05.771893,CLOSED,,ENDPOINT-07,False
ALT-CSE-07-01135,CSE-07,MEDIUM,2024-10-27T16:36:16,2024-10-27T16:38:15.160329,2024-10-27T16:56:25.789975,CLOSED,,WEB-SERVER-07,False
ALT-CSE-07-01136,CSE-07,LOW,2024-11-27T14:01:24,2024-11-27T14:03:01.842119,2024-11-27T14:11:32.507021,CLOSED,,FIREWALL-07,False
ALT-CSE-07-01137,CSE-07,LOW,2024-10-28T19:24:20,2024-10-28T19:26:08.197623,2024-10-28T19:43:07.412617,CLOSED,,FIREWALL-07,False
ALT-CSE-07-01138,CSE-07,HIGH,2024-12-16T15:32:43,2024-12-16T15:34:17.830481,2024-12-16T15:53:17.692600,CLOSED,,WEB-SERVER-07,False
ALT-CSE-07-01139,CSE-07,LOW,2024-11-11T07:19:54,2024-11-11T07:20:45.358646,2024-11-11T07:45:39.893170,CLOSED,CAS-CSE-07-0799,DB-SERVER-07,False
ALT-CSE-07-01140,CSE-07,HIGH,2024-10-12T15:26:07,2024-10-12T15:26:54.070085,2024-10-12T15:41:48.990282,CLOSED,,ENDPOINT-07,False
ALT-CSE-07-01141,CSE-07,LOW,2024-11-28T19:09:12,2024-11-28T19:09:55.172330,2024-11-28T19:25:49.790296,CLOSED,,FIREWALL-07,False
ALT-CSE-07-01142,CSE-07,MEDIUM,2024-11-26T19:44:33,2024-11-26T19:46:18.769947,2024-11-26T20:06:11.430226,CLOSED,,DB-SERVER-07,False
ALT-CSE-07-01143,CSE-07,LOW,2024-12-01T15:35:28,2024-12-01T15:36:25.504804,2024-12-01T15:57:15.510170,CLOSED,,FIREWALL-07,False
ALT-CSE-07-01144,CSE-07,HIGH,2024-12-12T00:29:43,2024-12-12T00:30:44.677554,2024-12-12T00:45:54.580407,CLOSED,,DB-SERVER-07,False
ALT-CSE-07-01145,CSE-07,LOW,2024-12-28T12:58:23,2024-12-28T12:59:15.578860,2024-12-28T13:13:16.207491,CLOSED,,ENDPOINT-07,False
ALT-CSE-07-01146,CSE-07,LOW,2024-12-09T04:18:12,2024-12-09T04:19:05.646584,2024-12-09T04:29:26.585465,CLOSED,,ENDPOINT-07,False
ALT-CSE-07-01147,CSE-07,HIGH,2024-11-01T03:06:42,2024-11-01T03:08:12.219120,2024-11-01T03:24:04.484428,CLOSED,,DB-SERVER-07,False
ALT-CSE-07-01148,CSE-07,MEDIUM,2024-12-05T20:39:17,2024-12-05T20:40:04.230262,2024-12-05T21:03:18.372169,CLOSED,,DB-SERVER-07,False
ALT-CSE-07-01149,CSE-07,HIGH,2024-10-30T18:23:23,2024-10-30T18:24:59.453919,2024-10-30T18:43:37.594459,CLOSED,,ENDPOINT-07,False
ALT-CSE-07-01150,CSE-07,MEDIUM,2024-10-09T05:59:09,2024-10-09T05:59:39.777822,2024-10-09T06:17:12.686219,CLOSED,,DB-SERVER-07,False
ALT-CSE-07-01151,CSE-07,LOW,2024-12-18T09:09:14,2024-12-18T09:11:05.564943,2024-12-18T09:28:24.725772,CLOSED,,ENDPOINT-07,False
ALT-CSE-07-01152,CSE-07,MEDIUM,2024-11-09T11:13:33,2024-11-09T11:15:11.511353,2024-11-09T11:37:39.949341,CLOSED,,ENDPOINT-07,False
ALT-CSE-07-01153,CSE-07,MEDIUM,2024-10-17T09:15:38,2024-10-17T09:17:11.305747,2024-10-17T09:31:19.928900,CLOSED,,WEB-SERVER-07,False
ALT-CSE-07-01154,CSE-07,LOW,2024-10-27T00:35:07,2024-10-27T00:36:46.851846,2024-10-27T00:53:26.495522,CLOSED,,DB-SERVER-07,False
ALT-CSE-07-01155,CSE-07,HIGH,2024-12-27T00:08:59,2024-12-27T00:09:46.945007,2024-12-27T00:33:06.477865,CLOSED,,FIREWALL-07,False
ALT-CSE-07-01156,CSE-07,LOW,2024-11-27T19:00:31,2024-11-27T19:01:09.360148,2024-11-27T19:20:35.591568,CLOSED,,ENDPOINT-07,False
ALT-CSE-07-01157,CSE-07,LOW,2024-10-04T04:16:23,2024-10-04T04:18:05.774756,2024-10-04T04:37:54.096147,CLOSED,,DB-SERVER-07,False
ALT-CSE-07-01158,CSE-07,LOW,2024-10-16T06:00:33,2024-10-16T06:02:20.058552,2024-10-16T06:17:15.067130,CLOSED,,FIREWALL-07,False
ALT-CSE-07-01159,CSE-07,MEDIUM,2024-12-02T13:11:18,2024-12-02T13:12:24.581346,2024-12-02T13:27:40.126585,CLOSED,,FIREWALL-07,False
ALT-CSE-07-01160,CSE-07,MEDIUM,2024-12-28T00:45:57,2024-12-28T00:46:53.376532,2024-12-28T01:12:41.911278,CLOSED,CAS-CSE-07-0800,FIREWALL-07,False
ALT-CSE-07-01161,CSE-07,MEDIUM,2024-12-04T02:46:01,2024-12-04T02:46:42.740615,2024-12-04T03:07:09.080980,CLOSED,,ENDPOINT-07,False
ALT-CSE-07-01162,CSE-07,HIGH,2024-12-23T01:16:50,2024-12-23T01:17:44.150497,2024-12-23T01:40:01.892822,CLOSED,,WEB-SERVER-07,False
ALT-CSE-07-01163,CSE-07,HIGH,2024-12-18T21:44:17,2024-12-18T21:45:26.789042,2024-12-18T22:01:42.461483,CLOSED,,WEB-SERVER-07,False
ALT-CSE-07-01164,CSE-07,MEDIUM,2024-10-22T09:09:06,2024-10-22T09:10:29.847659,2024-10-22T09:27:33.000239,CLOSED,,FIREWALL-07,False
ALT-CSE-07-01165,CSE-07,HIGH,2024-10-24T15:47:12,2024-10-24T15:49:05.051185,2024-10-24T16:10:45.081318,CLOSED,,FIREWALL-07,False
ALT-CSE-07-01166,CSE-07,MEDIUM,2024-11-13T18:40:27,2024-11-13T18:41:13.041226,2024-11-13T19:02:59.864139,CLOSED,,DB-SERVER-07,False
ALT-CSE-07-01167,CSE-07,LOW,2024-10-28T19:40:23,2024-10-28T19:41:52.185294,2024-10-28T20:04:04.260073,CLOSED,,FIREWALL-07,False
ALT-CSE-07-01168,CSE-07,LOW,2024-10-05T11:32:27,2024-10-05T11:33:39.784093,2024-10-05T11:50:32.762614,CLOSED,,DB-SERVER-07,False
ALT-CSE-07-01169,CSE-07,LOW,2024-12-09T03:50:03,2024-12-09T03:51:09.487749,2024-12-09T04:16:22.475802,CLOSED,,WEB-SERVER-07,False
ALT-CSE-07-01170,CSE-07,HIGH,2024-12-16T23:08:08,2024-12-16T23:09:11.281939,2024-12-16T23:38:08.473847,CLOSED,,ENDPOINT-07,False
ALT-CSE-07-01171,CSE-07,MEDIUM,2024-10-03T10:15:47,2024-10-03T10:17:18.015089,2024-10-03T10:31:40.814524,CLOSED,,DB-SERVER-07,False
ALT-CSE-07-01172,CSE-07,MEDIUM,2024-10-04T06:20:53,2024-10-04T06:21:28.755000,2024-10-04T06:44:26.911731,CLOSED,,DB-SERVER-07,False
ALT-CSE-07-01173,CSE-07,HIGH,2024-10-13T01:31:13,2024-10-13T01:32:23.916077,2024-10-13T01:45:48.299342,CLOSED,,WEB-SERVER-07,False
ALT-CSE-07-01174,CSE-07,MEDIUM,2024-11-15T15:37:38,2024-11-15T15:39:10.017454,2024-11-15T15:59:40.823980,CLOSED,,DB-SERVER-07,False
ALT-CSE-07-01175,CSE-07,MEDIUM,2024-11-28T02:16:58,2024-11-28T02:18:30.252687,2024-11-28T02:43:34.461597,CLOSED,,ENDPOINT-07,False
ALT-CSE-07-01176,CSE-07,MEDIUM,2024-12-27T01:56:00,2024-12-27T01:57:20.749394,2024-12-27T02:20:31.169519,CLOSED,,DB-SERVER-07,False
ALT-CSE-07-01177,CSE-07,HIGH,2024-12-22T18:27:56,2024-12-22T18:29:22.912033,2024-12-22T18:45:39.868478,CLOSED,,DB-SERVER-07,False
ALT-CSE-07-01178,CSE-07,MEDIUM,2024-10-09T07:30:57,2024-10-09T07:31:47.057529,2024-10-09T07:54:53.340022,CLOSED,,ENDPOINT-07,False
ALT-CSE-07-01179,CSE-07,LOW,2024-10-08T07:18:22,2024-10-08T07:19:08.532308,2024-10-08T07:36:00.013752,CLOSED,,WEB-SERVER-07,False
ALT-CSE-07-01180,CSE-07,LOW,2024-10-02T21:57:06,2024-10-02T21:58:25.164393,2024-10-02T22:15:15.994376,CLOSED,,ENDPOINT-07,False
ALT-CSE-07-01181,CSE-07,LOW,2024-11-04T21:10:16,2024-11-04T21:12:08.580122,2024-11-04T21:29:25.905607,CLOSED,,DB-SERVER-07,False
ALT-CSE-07-01182,CSE-07,HIGH,2024-11-11T21:50:51,2024-11-11T21:52:10.961107,2024-11-11T22:07:03.249354,CLOSED,,ENDPOINT-07,False
ALT-CSE-07-01183,CSE-07,LOW,2024-10-14T12:34:31,2024-10-14T12:35:56.061629,2024-10-14T12:58:43.415768,CLOSED,,WEB-SERVER-07,False
ALT-CSE-07-01184,CSE-07,MEDIUM,2024-10-30T02:40:54,2024-10-30T02:42:26.752565,2024-10-30T02:49:12.490224,CLOSED,,WEB-SERVER-07,False
ALT-CSE-07-01185,CSE-07,LOW,2024-12-23T23:41:56,2024-12-23T23:43:16.358217,2024-12-23T23:58:04.065681,CLOSED,,FIREWALL-07,False
ALT-CSE-07-01186,CSE-07,MEDIUM,2024-12-24T15:01:36,2024-12-24T15:02:42.415931,2024-12-24T15:15:24.496126,CLOSED,,DB-SERVER-07,False
ALT-CSE-07-01187,CSE-07,MEDIUM,2024-11-07T15:08:30,2024-11-07T15:10:03.456517,2024-11-07T15:38:23.215653,CLOSED,,FIREWALL-07,False
ALT-CSE-07-01188,CSE-07,HIGH,2024-10-02T08:52:56,2024-10-02T08:54:43.696138,2024-10-02T09:08:44.579332,CLOSED,,DB-SERVER-07,False
ALT-CSE-07-01189,CSE-07,MEDIUM,2024-12-08T23:35:11,2024-12-08T23:36:19.876428,2024-12-08T23:59:40.237267,CLOSED,,ENDPOINT-07,False
ALT-CSE-07-01190,CSE-07,MEDIUM,2024-12-06T05:18:01,2024-12-06T05:19:00.636508,2024-12-06T05:31:41.618198,CLOSED,,DB-SERVER-07,False
ALT-CSE-07-01191,CSE-07,MEDIUM,2024-10-26T05:10:30,2024-10-26T05:11:49.039929,2024-10-26T05:33:02.627987,CLOSED,,FIREWALL-07,False
ALT-CSE-07-01192,CSE-07,LOW,2024-10-06T06:31:47,2024-10-06T06:32:39.559049,2024-10-06T06:53:09.062180,CLOSED,,DB-SERVER-07,False
ALT-CSE-07-01193,CSE-07,MEDIUM,2024-11-29T20:27:20,2024-11-29T20:28:37.654625,2024-11-29T20:49:03.529839,CLOSED,,ENDPOINT-07,False
ALT-CSE-07-01194,CSE-07,MEDIUM,2024-11-21T12:43:43,2024-11-21T12:45:26.052227,2024-11-21T12:57:04.366480,CLOSED,,WEB-SERVER-07,False
ALT-CSE-07-01195,CSE-07,HIGH,2024-11-14T08:48:26,2024-11-14T08:48:56.407061,2024-11-14T09:14:13.242429,CLOSED,,DB-SERVER-07,False
ALT-CSE-07-01196,CSE-07,MEDIUM,2024-10-07T21:51:08,2024-10-07T21:52:41.503984,2024-10-07T22:06:57.526329,CLOSED,,WEB-SERVER-07,False
ALT-CSE-07-01197,CSE-07,MEDIUM,2024-10-01T16:49:24,2024-10-01T16:50:16.067158,2024-10-01T17:08:02.863890,CLOSED,,ENDPOINT-07,False
ALT-CSE-07-01198,CSE-07,MEDIUM,2024-10-22T09:17:07,2024-10-22T09:18:59.994817,2024-10-22T09:37:56.164007,CLOSED,,ENDPOINT-07,False
ALT-CSE-07-01199,CSE-07,HIGH,2024-12-18T15:47:56,2024-12-18T15:48:34.590050,2024-12-18T16:09:39.900629,CLOSED,,FIREWALL-07,False
ALT-CSE-07-01200,CSE-07,HIGH,2024-11-29T14:53:57,2024-11-29T14:55:05.910743,2024-11-29T15:13:00.896535,CLOSED,,FIREWALL-07,False
ALT-CSE-07-01201,CSE-07,LOW,2024-12-24T02:18:51,2024-12-24T02:20:08.822682,2024-12-24T02:38:05.645678,CLOSED,,FIREWALL-07,False
ALT-CSE-07-01202,CSE-07,LOW,2024-10-01T19:41:44,2024-10-01T19:42:59.387985,2024-10-01T20:07:04.622679,CLOSED,,DB-SERVER-07,False
ALT-CSE-07-01203,CSE-07,HIGH,2024-12-10T16:11:30,2024-12-10T16:13:12.905668,2024-12-10T16:42:19.955903,CLOSED,,FIREWALL-07,False
ALT-CSE-07-01204,CSE-07,MEDIUM,2024-12-28T14:02:44,2024-12-28T14:04:26.084408,2024-12-28T14:16:34.917025,CLOSED,,WEB-SERVER-07,False
ALT-CSE-07-01205,CSE-07,HIGH,2024-11-07T04:53:56,2024-11-07T04:54:43.898703,2024-11-07T05:12:16.911187,CLOSED,,WEB-SERVER-07,False
ALT-CSE-07-01206,CSE-07,LOW,2024-10-20T12:32:36,2024-10-20T12:33:14.997167,2024-10-20T12:52:35.555119,CLOSED,,WEB-SERVER-07,False
ALT-CSE-07-01207,CSE-07,HIGH,2024-11-04T16:51:27,2024-11-04T16:53:08.816904,2024-11-04T17:02:25.483724,CLOSED,,ENDPOINT-07,False
ALT-CSE-07-01208,CSE-07,MEDIUM,2024-10-29T20:08:47,2024-10-29T20:09:34.255334,2024-10-29T20:24:53.279681,CLOSED,,ENDPOINT-07,False
ALT-CSE-07-01209,CSE-07,MEDIUM,2024-12-02T23:50:55,2024-12-02T23:52:21.112611,2024-12-03T00:08:20.096243,CLOSED,,FIREWALL-07,False
ALT-CSE-07-01210,CSE-07,MEDIUM,2024-12-19T00:13:26,2024-12-19T00:14:56.951974,2024-12-19T00:35:59.773119,CLOSED,,FIREWALL-07,False
ALT-CSE-07-01211,CSE-07,HIGH,2024-10-17T18:31:14,2024-10-17T18:32:35.566095,2024-10-17T18:52:30.166014,CLOSED,,FIREWALL-07,False
ALT-CSE-07-01212,CSE-07,HIGH,2024-11-09T17:25:18,2024-11-09T17:26:51.554502,2024-11-09T17:48:41.825920,CLOSED,,FIREWALL-07,False
ALT-CSE-07-01213,CSE-07,LOW,2024-10-08T04:54:28,2024-10-08T04:55:34.234343,2024-10-08T05:14:39.876985,CLOSED,,FIREWALL-07,False
ALT-CSE-07-01214,CSE-07,MEDIUM,2024-12-07T19:49:24,2024-12-07T19:50:46.196305,2024-12-07T20:05:42.616941,CLOSED,,WEB-SERVER-07,False
ALT-CSE-07-01215,CSE-07,LOW,2024-11-29T23:33:44,2024-11-29T23:35:37.822651,2024-11-29T23:45:14.259678,CLOSED,,ENDPOINT-07,False
ALT-CSE-07-01216,CSE-07,MEDIUM,2024-12-12T10:40:52,2024-12-12T10:42:40.070685,2024-12-12T11:02:34.574058,CLOSED,,WEB-SERVER-07,False
ALT-CSE-07-01217,CSE-07,HIGH,2024-10-25T03:45:29,2024-10-25T03:47:06.642934,2024-10-25T04:01:57.695901,CLOSED,,WEB-SERVER-07,False
ALT-CSE-07-01218,CSE-07,MEDIUM,2024-10-28T13:55:19,2024-10-28T13:57:16.375305,2024-10-28T14:22:03.373691,CLOSED,,ENDPOINT-07,False
ALT-CSE-07-01219,CSE-07,HIGH,2024-10-25T19:02:22,2024-10-25T19:04:12.943818,2024-10-25T19:22:40.335294,CLOSED,,FIREWALL-07,False
ALT-CSE-07-01220,CSE-07,MEDIUM,2024-12-04T01:05:02,2024-12-04T01:06:32.932640,2024-12-04T01:28:25.478454,CLOSED,,FIREWALL-07,False
ALT-CSE-07-01221,CSE-07,HIGH,2024-10-30T05:40:55,2024-10-30T05:42:53.147700,2024-10-30T05:55:31.978915,CLOSED,CAS-CSE-07-0801,ENDPOINT-07,False
ALT-CSE-07-01222,CSE-07,LOW,2024-10-13T18:19:26,2024-10-13T18:20:59.637451,2024-10-13T18:41:28.355324,CLOSED,,FIREWALL-07,False
ALT-CSE-07-01223,CSE-07,HIGH,2024-10-14T10:13:58,2024-10-14T10:15:47.059044,2024-10-14T10:23:14.497335,CLOSED,,FIREWALL-07,False
ALT-CSE-07-01224,CSE-07,MEDIUM,2024-11-13T01:00:48,2024-11-13T01:02:04.577897,2024-11-13T01:22:09.156256,CLOSED,CAS-CSE-07-0802,ENDPOINT-07,False
ALT-CSE-07-01225,CSE-07,HIGH,2024-10-22T09:38:40,2024-10-22T09:39:33.690777,2024-10-22T09:49:32.129207,CLOSED,,FIREWALL-07,False
ALT-CSE-07-01226,CSE-07,LOW,2024-10-17T13:07:20,2024-10-17T13:09:05.141622,2024-10-17T13:28:23.050013,CLOSED,,ENDPOINT-07,False
ALT-CSE-07-01227,CSE-07,MEDIUM,2024-12-15T21:52:06,2024-12-15T21:54:02.409991,2024-12-15T22:12:59.608656,CLOSED,CAS-CSE-07-0803,ENDPOINT-07,False
ALT-CSE-07-01228,CSE-07,MEDIUM,2024-11-16T20:55:15,2024-11-16T20:56:00.276596,2024-11-16T21:20:42.917995,CLOSED,,ENDPOINT-07,False
ALT-CSE-07-01229,CSE-07,MEDIUM,2024-11-17T19:56:15,2024-11-17T19:58:04.342036,2024-11-17T20:22:52.312880,CLOSED,,DB-SERVER-07,False
ALT-CSE-07-01230,CSE-07,MEDIUM,2024-11-18T16:54:08,2024-11-18T16:55:36.792521,2024-11-18T17:15:51.294469,CLOSED,,WEB-SERVER-07,False
ALT-CSE-07-01231,CSE-07,LOW,2024-12-22T23:27:02,2024-12-22T23:29:01.735464,2024-12-22T23:48:47.351578,CLOSED,,DB-SERVER-07,False
ALT-CSE-07-01232,CSE-07,LOW,2024-10-26T00:36:59,2024-10-26T00:38:58.828566,2024-10-26T00:55:50.240983,CLOSED,,ENDPOINT-07,False
ALT-CSE-07-01233,CSE-07,MEDIUM,2024-12-14T14:57:34,2024-12-14T14:58:24.276867,2024-12-14T15:20:03.189734,CLOSED,,WEB-SERVER-07,False
ALT-CSE-07-01234,CSE-07,LOW,2024-10-08T05:11:15,2024-10-08T05:12:58.451802,2024-10-08T05:32:58.243424,CLOSED,,DB-SERVER-07,False
ALT-CSE-07-01235,CSE-07,HIGH,2024-10-15T16:04:50,2024-10-15T16:05:45.291769,2024-10-15T16:35:51.446518,CLOSED,,FIREWALL-07,False
ALT-CSE-07-01236,CSE-07,MEDIUM,2024-11-28T02:40:27,2024-11-28T02:41:21.711819,2024-11-28T02:59:07.437126,CLOSED,,ENDPOINT-07,False
ALT-CSE-07-01237,CSE-07,HIGH,2024-12-02T05:19:28,2024-12-02T05:20:41.687951,2024-12-02T05:43:42.725281,CLOSED,,FIREWALL-07,False
ALT-CSE-07-01238,CSE-07,MEDIUM,2024-11-01T05:18:33,2024-11-01T05:20:22.993712,2024-11-01T05:43:53.807340,CLOSED,CAS-CSE-07-0804,FIREWALL-07,False
ALT-CSE-07-01239,CSE-07,LOW,2024-11-10T03:26:41,2024-11-10T03:28:08.913944,2024-11-10T03:44:07.317204,CLOSED,,WEB-SERVER-07,False
ALT-CSE-07-01240,CSE-07,LOW,2024-12-01T05:29:28,2024-12-01T05:31:26.638570,2024-12-01T05:52:45.423624,CLOSED,,ENDPOINT-07,False
ALT-CSE-07-01241,CSE-07,LOW,2024-11-02T03:16:32,2024-11-02T03:18:01.678074,2024-11-02T03:39:35.117753,CLOSED,,DB-SERVER-07,False
ALT-CSE-07-01242,CSE-07,HIGH,2024-12-02T18:09:56,2024-12-02T18:10:53.823771,2024-12-02T18:28:37.711838,CLOSED,,DB-SERVER-07,False
ALT-CSE-07-01243,CSE-07,LOW,2024-12-12T20:08:42,2024-12-12T20:10:14.218097,2024-12-12T20:28:00.842550,CLOSED,,FIREWALL-07,False
ALT-CSE-07-01244,CSE-07,MEDIUM,2024-11-17T10:18:02,2024-11-17T10:18:34.429783,2024-11-17T10:37:52.387860,CLOSED,,DB-SERVER-07,False
ALT-CSE-07-01245,CSE-07,HIGH,2024-10-31T22:01:08,2024-10-31T22:02:24.935827,2024-10-31T22:13:53.860566,CLOSED,,ENDPOINT-07,False
ALT-CSE-07-01246,CSE-07,HIGH,2024-12-07T20:19:54,2024-12-07T20:20:26.390346,2024-12-07T20:45:14.843228,CLOSED,,ENDPOINT-07,False
ALT-CSE-07-01247,CSE-07,MEDIUM,2024-12-20T17:10:29,2024-12-20T17:11:03.024035,2024-12-20T17:28:18.770207,CLOSED,,FIREWALL-07,False
ALT-CSE-07-01248,CSE-07,MEDIUM,2024-11-12T02:37:51,2024-11-12T02:39:22.001030,2024-11-12T02:52:32.137630,CLOSED,,DB-SERVER-07,False
ALT-CSE-07-01249,CSE-07,MEDIUM,2024-10-04T07:45:41,2024-10-04T07:46:53.395848,2024-10-04T08:07:50.672841,CLOSED,,WEB-SERVER-07,False
ALT-CSE-07-01250,CSE-07,LOW,2024-12-11T06:31:38,2024-12-11T06:32:21.928557,2024-12-11T06:47:44.007951,CLOSED,,FIREWALL-07,False
ALT-CSE-07-01251,CSE-07,LOW,2024-10-19T13:59:18,2024-10-19T14:00:47.485231,2024-10-19T14:21:44.376339,CLOSED,,DB-SERVER-07,False
ALT-CSE-07-01252,CSE-07,HIGH,2024-11-07T10:00:03,2024-11-07T10:01:15.312213,2024-11-07T10:21:44.504963,CLOSED,,DB-SERVER-07,False
ALT-CSE-07-01253,CSE-07,MEDIUM,2024-10-02T06:10:32,2024-10-02T06:11:11.692418,2024-10-02T06:37:07.780174,CLOSED,CAS-CSE-07-0805,WEB-SERVER-07,False
ALT-CSE-07-01254,CSE-07,LOW,2024-12-07T09:13:28,2024-12-07T09:15:00.783865,2024-12-07T09:29:35.879795,CLOSED,,DB-SERVER-07,False
ALT-CSE-07-01255,CSE-07,HIGH,2024-10-12T23:59:47,2024-10-13T00:01:40.003053,2024-10-13T00:16:26.866335,CLOSED,,ENDPOINT-07,False
ALT-CSE-07-01256,CSE-07,HIGH,2024-10-15T20:34:16,2024-10-15T20:36:01.868544,2024-10-15T20:59:52.670260,CLOSED,,ENDPOINT-07,False
ALT-CSE-07-01257,CSE-07,HIGH,2024-11-07T18:19:35,2024-11-07T18:21:23.978325,2024-11-07T18:36:21.971344,CLOSED,,ENDPOINT-07,False
ALT-CSE-07-01258,CSE-07,MEDIUM,2024-10-03T08:07:02,2024-10-03T08:08:16.215578,2024-10-03T08:23:20.451521,CLOSED,,WEB-SERVER-07,False
ALT-CSE-07-01259,CSE-07,LOW,2024-11-29T21:25:39,2024-11-29T21:26:52.759650,2024-11-29T21:45:53.555771,CLOSED,,ENDPOINT-07,False
ALT-CSE-07-01260,CSE-07,LOW,2024-10-31T11:28:00,2024-10-31T11:28:56.121413,2024-10-31T11:49:21.552461,CLOSED,,FIREWALL-07,False
ALT-CSE-07-01261,CSE-07,HIGH,2024-12-27T20:51:06,2024-12-27T20:51:43.964415,2024-12-27T21:06:09.674888,CLOSED,CAS-CSE-07-0806,DB-SERVER-07,False
ALT-CSE-07-01262,CSE-07,MEDIUM,2024-12-20T05:57:59,2024-12-20T05:59:37.478311,2024-12-20T06:13:44.530089,CLOSED,,WEB-SERVER-07,False
ALT-CSE-07-01263,CSE-07,LOW,2024-12-01T20:50:30,2024-12-01T20:51:52.760312,2024-12-01T21:13:17.287408,CLOSED,,ENDPOINT-07,False
ALT-CSE-07-01264,CSE-07,LOW,2024-11-06T15:40:01,2024-11-06T15:41:12.196574,2024-11-06T15:59:23.162492,CLOSED,,WEB-SERVER-07,False
ALT-CSE-07-01265,CSE-07,LOW,2024-10-31T12:21:50,2024-10-31T12:22:39.449582,2024-10-31T12:41:35.571680,CLOSED,,WEB-SERVER-07,False
ALT-CSE-07-01266,CSE-07,MEDIUM,2024-12-01T00:56:03,2024-12-01T00:58:01.595801,2024-12-01T01:15:33.583231,CLOSED,,ENDPOINT-07,False
ALT-CSE-07-01267,CSE-07,LOW,2024-10-14T11:23:16,2024-10-14T11:24:50.669298,2024-10-14T11:42:20.474337,CLOSED,,FIREWALL-07,False
ALT-CSE-07-01268,CSE-07,HIGH,2024-10-29T23:29:01,2024-10-29T23:29:45.750153,2024-10-29T23:46:46.730883,CLOSED,CAS-CSE-07-0807,ENDPOINT-07,False
ALT-CSE-07-01269,CSE-07,LOW,2024-11-24T17:57:50,2024-11-24T17:59:04.291426,2024-11-24T18:13:27.283262,CLOSED,,ENDPOINT-07,False
ALT-CSE-07-01270,CSE-07,MEDIUM,2024-12-28T21:27:51,2024-12-28T21:29:03.900357,2024-12-28T21:52:17.759306,CLOSED,,ENDPOINT-07,False
ALT-CSE-07-01271,CSE-07,HIGH,2024-10-08T09:17:36,2024-10-08T09:19:19.819173,2024-10-08T09:35:19.766987,CLOSED,,DB-SERVER-07,False
ALT-CSE-07-01272,CSE-07,MEDIUM,2024-12-17T14:53:01,2024-12-17T14:53:53.890809,2024-12-17T15:14:40.151584,CLOSED,,FIREWALL-07,False
ALT-CSE-07-01273,CSE-07,MEDIUM,2024-11-29T22:25:01,2024-11-29T22:25:32.450493,2024-11-29T22:52:51.596876,CLOSED,,WEB-SERVER-07,False
ALT-CSE-07-01274,CSE-07,HIGH,2024-11-06T00:15:30,2024-11-06T00:16:39.910096,2024-11-06T00:37:10.994194,CLOSED,,DB-SERVER-07,False
ALT-CSE-07-01275,CSE-07,LOW,2024-12-09T02:19:35,2024-12-09T02:21:07.872833,2024-12-09T02:45:36.239908,CLOSED,,DB-SERVER-07,False
ALT-CSE-07-01276,CSE-07,LOW,2024-10-22T13:35:42,2024-10-22T13:37:29.554627,2024-10-22T14:02:35.049148,CLOSED,,DB-SERVER-07,False
ALT-CSE-07-01277,CSE-07,LOW,2024-12-08T00:47:16,2024-12-08T00:48:36.276444,2024-12-08T01:09:37.648798,CLOSED,,WEB-SERVER-07,False
ALT-CSE-07-01278,CSE-07,LOW,2024-10-30T05:34:44,2024-10-30T05:36:18.476166,2024-10-30T05:59:00.722556,CLOSED,,ENDPOINT-07,False
ALT-CSE-07-01279,CSE-07,MEDIUM,2024-11-05T18:36:57,2024-11-05T18:38:53.955326,2024-11-05T18:50:53.020562,CLOSED,,DB-SERVER-07,False
ALT-CSE-07-01280,CSE-07,HIGH,2024-10-19T21:53:18,2024-10-19T21:54:06.696994,2024-10-19T22:09:24.281742,CLOSED,,FIREWALL-07,False
ALT-CSE-07-01281,CSE-07,HIGH,2024-10-17T23:58:14,2024-10-17T23:59:36.316389,2024-10-18T00:16:47.689306,CLOSED,,ENDPOINT-07,False
ALT-CSE-07-01282,CSE-07,LOW,2024-10-17T04:11:40,2024-10-17T04:12:38.619737,2024-10-17T04:30:56.704288,CLOSED,,WEB-SERVER-07,False
ALT-CSE-07-01283,CSE-07,MEDIUM,2024-10-26T15:54:03,2024-10-26T15:54:33.618439,2024-10-26T16:03:46.585876,CLOSED,,ENDPOINT-07,False
ALT-CSE-07-01284,CSE-07,HIGH,2024-12-02T13:07:29,2024-12-02T13:08:38.084192,2024-12-02T13:26:03.990141,CLOSED,,FIREWALL-07,False
ALT-CSE-07-01285,CSE-07,MEDIUM,2024-11-03T23:20:40,2024-11-03T23:22:32.024203,2024-11-03T23:34:40.048613,CLOSED,,ENDPOINT-07,False
ALT-CSE-07-01286,CSE-07,HIGH,2024-11-09T04:21:17,2024-11-09T04:23:06.342738,2024-11-09T04:36:29.658708,CLOSED,,DB-SERVER-07,False
ALT-CSE-07-01287,CSE-07,MEDIUM,2024-12-14T11:11:54,2024-12-14T11:13:26.001644,2024-12-14T11:34:04.390605,CLOSED,,ENDPOINT-07,False
ALT-CSE-07-01288,CSE-07,MEDIUM,2024-12-06T06:16:09,2024-12-06T06:17:31.153459,2024-12-06T06:34:49.763596,CLOSED,,WEB-SERVER-07,False
ALT-CSE-07-01289,CSE-07,HIGH,2024-11-24T13:42:20,2024-11-24T13:43:42.311381,2024-11-24T14:02:44.635406,CLOSED,,WEB-SERVER-07,False
ALT-CSE-07-01290,CSE-07,MEDIUM,2024-12-23T07:36:06,2024-12-23T07:37:36.298154,2024-12-23T07:49:49.645008,CLOSED,,FIREWALL-07,False
ALT-CSE-07-01291,CSE-07,MEDIUM,2024-10-15T09:48:16,2024-10-15T09:49:11.541016,2024-10-15T10:10:16.908733,CLOSED,,DB-SERVER-07,False
ALT-CSE-07-01292,CSE-07,HIGH,2024-12-01T17:28:49,2024-12-01T17:29:28.884813,2024-12-01T17:54:17.294670,CLOSED,,ENDPOINT-07,False
ALT-CSE-07-01293,CSE-07,MEDIUM,2024-12-29T15:25:59,2024-12-29T15:27:55.297941,2024-12-29T15:40:57.378183,CLOSED,,FIREWALL-07,False
ALT-CSE-07-01294,CSE-07,HIGH,2024-10-24T15:35:18,2024-10-24T15:35:50.662159,2024-10-24T15:53:34.426873,CLOSED,,DB-SERVER-07,False
ALT-CSE-07-01295,CSE-07,LOW,2024-11-07T01:03:15,2024-11-07T01:04:06.887940,2024-11-07T01:19:47.220476,CLOSED,,WEB-SERVER-07,False
ALT-CSE-07-01296,CSE-07,HIGH,2024-12-25T02:49:15,2024-12-25T02:51:06.223595,2024-12-25T03:12:52.606669,CLOSED,,DB-SERVER-07,False
ALT-CSE-07-01297,CSE-07,HIGH,2024-11-28T19:48:40,2024-11-28T19:50:02.885211,2024-11-28T20:14:28.765404,CLOSED,,WEB-SERVER-07,False
ALT-CSE-07-01298,CSE-07,LOW,2024-12-26T12:50:50,2024-12-26T12:51:44.534641,2024-12-26T13:02:48.869989,CLOSED,,ENDPOINT-07,False
ALT-CSE-07-01299,CSE-07,HIGH,2024-11-20T16:23:45,2024-11-20T16:24:52.306415,2024-11-20T16:52:46.050307,CLOSED,,FIREWALL-07,False
ALT-CSE-07-01300,CSE-07,MEDIUM,2024-10-30T08:57:13,2024-10-30T08:57:50.825975,2024-10-30T09:14:01.592162,CLOSED,,WEB-SERVER-07,False
ALT-CSE-07-01301,CSE-07,HIGH,2024-10-08T14:48:09,2024-10-08T14:48:51.959999,2024-10-08T15:02:59.736810,CLOSED,,WEB-SERVER-07,False
ALT-CSE-07-01302,CSE-07,LOW,2024-12-06T01:38:17,2024-12-06T01:40:16.667918,2024-12-06T02:00:53.641112,CLOSED,,WEB-SERVER-07,False
ALT-CSE-07-01303,CSE-07,HIGH,2024-11-29T20:16:36,2024-11-29T20:17:22.863254,2024-11-29T20:40:39.396044,CLOSED,,WEB-SERVER-07,False
ALT-CSE-07-01304,CSE-07,LOW,2024-12-23T14:24:41,2024-12-23T14:25:19.131747,2024-12-23T14:51:20.357478,CLOSED,,FIREWALL-07,False
ALT-CSE-07-01305,CSE-07,LOW,2024-10-13T22:53:16,2024-10-13T22:54:31.600874,2024-10-13T23:04:44.617320,CLOSED,CAS-CSE-07-0808,ENDPOINT-07,False
ALT-CSE-07-01306,CSE-07,MEDIUM,2024-11-09T02:48:33,2024-11-09T02:49:34.954688,2024-11-09T03:04:07.713532,CLOSED,,ENDPOINT-07,False
ALT-CSE-07-01307,CSE-07,MEDIUM,2024-12-29T18:48:59,2024-12-29T18:50:41.516513,2024-12-29T19:15:48.259673,CLOSED,,WEB-SERVER-07,False
ALT-CSE-07-01308,CSE-07,MEDIUM,2024-10-09T07:05:42,2024-10-09T07:07:38.319302,2024-10-09T07:23:11.253354,CLOSED,,WEB-SERVER-07,False
ALT-CSE-07-01309,CSE-07,MEDIUM,2024-10-18T13:35:09,2024-10-18T13:36:53.509402,2024-10-18T13:58:32.429904,CLOSED,,ENDPOINT-07,False
ALT-CSE-07-01310,CSE-07,HIGH,2024-10-25T19:01:51,2024-10-25T19:02:31.344645,2024-10-25T19:14:54.878212,CLOSED,,ENDPOINT-07,False
ALT-CSE-07-01311,CSE-07,LOW,2024-12-09T14:15:47,2024-12-09T14:17:33.008537,2024-12-09T14:34:49.378171,CLOSED,,ENDPOINT-07,False
ALT-CSE-07-01312,CSE-07,LOW,2024-11-05T07:41:54,2024-11-05T07:43:32.424135,2024-11-05T08:01:09.494064,CLOSED,CAS-CSE-07-0809,WEB-SERVER-07,False
ALT-CSE-07-01313,CSE-07,MEDIUM,2024-12-12T19:51:44,2024-12-12T19:53:26.492488,2024-12-12T20:11:33.193778,CLOSED,,FIREWALL-07,False
ALT-CSE-07-01314,CSE-07,MEDIUM,2024-12-04T06:58:17,2024-12-04T07:00:11.266549,2024-12-04T07:22:25.020129,CLOSED,,ENDPOINT-07,False
ALT-CSE-07-01315,CSE-07,MEDIUM,2024-12-12T01:10:48,2024-12-12T01:11:21.235452,2024-12-12T01:44:24.929943,CLOSED,,DB-SERVER-07,False
ALT-CSE-07-01316,CSE-07,MEDIUM,2024-10-27T20:42:11,2024-10-27T20:43:23.474762,2024-10-27T21:02:31.332945,CLOSED,,DB-SERVER-07,False
ALT-CSE-07-01317,CSE-07,HIGH,2024-12-24T04:48:34,2024-12-24T04:49:32.108381,2024-12-24T05:06:35.771118,CLOSED,,WEB-SERVER-07,False
ALT-CSE-07-01318,CSE-07,HIGH,2024-10-04T20:54:38,2024-10-04T20:56:09.653620,2024-10-04T21:12:07.686896,CLOSED,,ENDPOINT-07,False
ALT-CSE-07-01319,CSE-07,MEDIUM,2024-12-15T04:04:20,2024-12-15T04:05:04.615403,2024-12-15T04:27:38.853125,CLOSED,,FIREWALL-07,False
ALT-CSE-07-01320,CSE-07,HIGH,2024-10-17T23:07:07,2024-10-17T23:08:56.804719,2024-10-17T23:16:36.907976,CLOSED,CAS-CSE-07-0810,FIREWALL-07,False
ALT-CSE-07-01321,CSE-07,MEDIUM,2024-10-27T04:22:26,2024-10-27T04:23:46.739010,2024-10-27T04:50:44.302593,CLOSED,,ENDPOINT-07,False
ALT-CSE-07-01322,CSE-07,HIGH,2024-12-01T06:51:24,2024-12-01T06:53:16.799968,2024-12-01T07:08:41.540361,CLOSED,,FIREWALL-07,False
ALT-CSE-07-01323,CSE-07,MEDIUM,2024-11-22T00:43:24,2024-11-22T00:44:54.309653,2024-11-22T00:59:53.757202,CLOSED,,ENDPOINT-07,False
ALT-CSE-07-01324,CSE-07,MEDIUM,2024-12-05T17:12:14,2024-12-05T17:13:39.621685,2024-12-05T17:35:33.317343,CLOSED,,FIREWALL-07,False
ALT-CSE-07-01325,CSE-07,HIGH,2024-12-11T08:25:36,2024-12-11T08:26:13.698036,2024-12-11T08:53:18.498540,CLOSED,,FIREWALL-07,False
ALT-CSE-07-01326,CSE-07,LOW,2024-10-23T12:15:53,2024-10-23T12:17:00.464063,2024-10-23T12:41:52.576913,CLOSED,,DB-SERVER-07,False
ALT-CSE-07-01327,CSE-07,HIGH,2024-10-05T11:10:00,2024-10-05T11:10:36.886658,2024-10-05T11:27:12.700131,CLOSED,,DB-SERVER-07,False
ALT-CSE-07-01328,CSE-07,LOW,2024-11-08T18:30:14,2024-11-08T18:31:52.709530,2024-11-08T18:50:09.334539,CLOSED,CAS-CSE-07-0811,ENDPOINT-07,False
ALT-CSE-07-01329,CSE-07,LOW,2024-10-14T18:47:28,2024-10-14T18:49:16.018013,2024-10-14T19:02:33.535804,CLOSED,,DB-SERVER-07,False
ALT-CSE-07-01330,CSE-07,HIGH,2024-11-22T10:13:01,2024-11-22T10:14:10.768027,2024-11-22T10:32:49.108406,CLOSED,,FIREWALL-07,False
ALT-CSE-07-01331,CSE-07,HIGH,2024-11-17T15:11:38,2024-11-17T15:12:37.722179,2024-11-17T15:40:38.905027,CLOSED,,DB-SERVER-07,False
ALT-CSE-07-01332,CSE-07,HIGH,2024-12-28T19:22:44,2024-12-28T19:24:23.538103,2024-12-28T19:52:46.790214,CLOSED,,WEB-SERVER-07,False
ALT-CSE-07-01333,CSE-07,HIGH,2024-12-12T18:33:54,2024-12-12T18:34:46.126135,2024-12-12T18:49:11.613675,CLOSED,,ENDPOINT-07,False
ALT-CSE-07-01334,CSE-07,MEDIUM,2024-12-12T08:11:10,2024-12-12T08:12:59.573972,2024-12-12T08:33:17.263018,CLOSED,,WEB-SERVER-07,False
ALT-CSE-07-01335,CSE-07,LOW,2024-11-24T21:56:08,2024-11-24T21:57:47.626833,2024-11-24T22:14:52.287962,CLOSED,,ENDPOINT-07,False
ALT-CSE-07-01336,CSE-07,MEDIUM,2024-12-21T09:16:07,2024-12-21T09:17:25.398458,2024-12-21T09:33:03.015560,CLOSED,,FIREWALL-07,False
ALT-CSE-07-01337,CSE-07,HIGH,2024-12-04T21:41:44,2024-12-04T21:42:53.162577,2024-12-04T22:09:30.552749,CLOSED,,DB-SERVER-07,False
ALT-CSE-07-01338,CSE-07,LOW,2024-12-12T09:19:46,2024-12-12T09:20:43.754223,2024-12-12T09:41:27.673391,CLOSED,,ENDPOINT-07,False
ALT-CSE-07-01339,CSE-07,HIGH,2024-10-15T13:32:49,2024-10-15T13:34:07.374803,2024-10-15T13:47:50.778096,CLOSED,,DB-SERVER-07,False
ALT-CSE-07-01340,CSE-07,MEDIUM,2024-12-03T01:41:57,2024-12-03T01:43:20.371366,2024-12-03T02:02:15.323297,CLOSED,,WEB-SERVER-07,False
ALT-CSE-07-01341,CSE-07,MEDIUM,2024-12-20T11:19:37,2024-12-20T11:21:02.275594,2024-12-20T11:36:48.340168,CLOSED,,DB-SERVER-07,False
ALT-CSE-07-01342,CSE-07,LOW,2024-10-07T23:03:55,2024-10-07T23:04:55.065667,2024-10-07T23:19:57.564660,CLOSED,,WEB-SERVER-07,False
ALT-CSE-07-01343,CSE-07,LOW,2024-10-02T22:12:09,2024-10-02T22:13:31.710752,2024-10-02T22:43:17.823207,CLOSED,,ENDPOINT-07,False
ALT-CSE-07-01344,CSE-07,HIGH,2024-11-11T23:26:58,2024-11-11T23:27:40.305314,2024-11-11T23:47:53.757307,CLOSED,,FIREWALL-07,False
ALT-CSE-07-01345,CSE-07,MEDIUM,2024-12-14T03:27:59,2024-12-14T03:29:47.841454,2024-12-14T03:45:49.691481,CLOSED,,ENDPOINT-07,False
ALT-CSE-07-01346,CSE-07,HIGH,2024-10-06T13:17:05,2024-10-06T13:18:20.870397,2024-10-06T13:39:01.887881,CLOSED,,WEB-SERVER-07,False
ALT-CSE-07-01347,CSE-07,MEDIUM,2024-10-28T21:57:02,2024-10-28T21:58:06.619187,2024-10-28T22:24:18.389826,CLOSED,,DB-SERVER-07,False
ALT-CSE-07-01348,CSE-07,MEDIUM,2024-11-27T21:41:23,2024-11-27T21:42:06.209781,2024-11-27T22:02:29.938942,CLOSED,,ENDPOINT-07,False
ALT-CSE-07-01349,CSE-07,LOW,2024-12-19T10:59:56,2024-12-19T11:00:41.160832,2024-12-19T11:25:37.743499,CLOSED,,DB-SERVER-07,False
ALT-CSE-07-01350,CSE-07,HIGH,2024-11-19T05:13:47,2024-11-19T05:14:38.460945,2024-11-19T05:28:57.544363,CLOSED,,FIREWALL-07,False
ALT-CSE-07-01351,CSE-07,MEDIUM,2024-12-23T10:19:35,2024-12-23T10:20:38.054504,2024-12-23T10:44:38.381982,CLOSED,,WEB-SERVER-07,False
ALT-CSE-07-01352,CSE-07,LOW,2024-11-23T23:17:24,2024-11-23T23:19:14.545772,2024-11-23T23:41:56.770863,CLOSED,CAS-CSE-07-0812,DB-SERVER-07,False
ALT-CSE-07-01353,CSE-07,HIGH,2024-10-28T06:28:57,2024-10-28T06:29:48.582206,2024-10-28T06:54:48.238937,CLOSED,,ENDPOINT-07,False
ALT-CSE-07-01354,CSE-07,HIGH,2024-11-18T07:49:23,2024-11-18T07:50:32.285287,2024-11-18T08:09:30.716775,CLOSED,,DB-SERVER-07,False
ALT-CSE-07-01355,CSE-07,HIGH,2024-10-26T18:09:35,2024-10-26T18:10:05.785823,2024-10-26T18:34:34.051567,CLOSED,,WEB-SERVER-07,False
ALT-CSE-07-01356,CSE-07,LOW,2024-10-30T06:41:15,2024-10-30T06:42:13.711506,2024-10-30T07:04:27.307047,CLOSED,,ENDPOINT-07,False
ALT-CSE-07-01357,CSE-07,HIGH,2024-10-22T01:23:40,2024-10-22T01:25:29.774778,2024-10-22T01:41:51.937203,CLOSED,,DB-SERVER-07,False
ALT-CSE-07-01358,CSE-07,MEDIUM,2024-11-24T22:40:19,2024-11-24T22:41:58.179891,2024-11-24T22:55:38.768574,CLOSED,CAS-CSE-07-0813,ENDPOINT-07,False
ALT-CSE-07-01359,CSE-07,MEDIUM,2024-12-25T14:25:39,2024-12-25T14:26:47.615970,2024-12-25T14:48:48.322489,CLOSED,,WEB-SERVER-07,False
ALT-CSE-07-01360,CSE-07,HIGH,2024-12-02T02:07:03,2024-12-02T02:07:47.930256,2024-12-02T02:21:49.834801,CLOSED,,ENDPOINT-07,False
ALT-CSE-07-01361,CSE-07,HIGH,2024-10-01T08:46:55,2024-10-01T08:47:47.932646,2024-10-01T09:01:31.480958,CLOSED,,DB-SERVER-07,False
ALT-CSE-07-01362,CSE-07,HIGH,2024-11-12T20:02:03,2024-11-12T20:03:57.458605,2024-11-12T20:22:59.009743,CLOSED,,WEB-SERVER-07,False
ALT-CSE-07-01363,CSE-07,LOW,2024-12-22T07:59:57,2024-12-22T08:01:32.461806,2024-12-22T08:23:28.225011,CLOSED,,ENDPOINT-07,False
ALT-CSE-07-01364,CSE-07,MEDIUM,2024-11-28T13:47:33,2024-11-28T13:48:54.878938,2024-11-28T13:56:05.269226,CLOSED,,ENDPOINT-07,False
ALT-CSE-07-01365,CSE-07,MEDIUM,2024-11-12T04:07:47,2024-11-12T04:09:41.679686,2024-11-12T04:25:49.784026,CLOSED,,ENDPOINT-07,False
ALT-CSE-07-01366,CSE-07,LOW,2024-12-01T03:42:37,2024-12-01T03:43:59.712806,2024-12-01T04:03:16.770067,CLOSED,,DB-SERVER-07,False
ALT-CSE-07-01367,CSE-07,HIGH,2024-10-03T02:56:49,2024-10-03T02:58:08.760862,2024-10-03T03:05:37.382998,CLOSED,,DB-SERVER-07,False
ALT-CSE-07-01368,CSE-07,HIGH,2024-11-02T13:54:42,2024-11-02T13:55:27.831690,2024-11-02T14:21:01.587571,CLOSED,,DB-SERVER-07,False
ALT-CSE-07-01369,CSE-07,MEDIUM,2024-12-11T11:25:00,2024-12-11T11:26:59.119741,2024-12-11T11:57:14.408505,CLOSED,,ENDPOINT-07,False
ALT-CSE-07-01370,CSE-07,LOW,2024-11-21T22:05:56,2024-11-21T22:06:40.338614,2024-11-21T22:21:06.421527,CLOSED,,ENDPOINT-07,False
ALT-CSE-07-01371,CSE-07,MEDIUM,2024-10-04T04:29:36,2024-10-04T04:30:21.464159,2024-10-04T04:39:56.906190,CLOSED,,DB-SERVER-07,False
ALT-CSE-07-01372,CSE-07,MEDIUM,2024-11-12T18:51:37,2024-11-12T18:52:13.823507,2024-11-12T19:08:44.688723,CLOSED,,FIREWALL-07,False
ALT-CSE-07-01373,CSE-07,LOW,2024-10-25T22:38:27,2024-10-25T22:39:34.423649,2024-10-25T22:47:54.328332,CLOSED,,WEB-SERVER-07,False
ALT-CSE-07-01374,CSE-07,HIGH,2024-12-05T08:34:14,2024-12-05T08:36:05.053975,2024-12-05T08:52:27.510975,CLOSED,,ENDPOINT-07,False
ALT-CSE-07-01375,CSE-07,LOW,2024-12-13T18:29:52,2024-12-13T18:31:06.184262,2024-12-13T19:08:33.803088,CLOSED,,DB-SERVER-07,False
ALT-CSE-07-01376,CSE-07,LOW,2024-12-16T14:24:17,2024-12-16T14:25:11.661565,2024-12-16T14:50:30.705107,CLOSED,,DB-SERVER-07,False
ALT-CSE-07-01377,CSE-07,MEDIUM,2024-10-20T10:10:54,2024-10-20T10:12:43.628916,2024-10-20T10:31:34.566082,CLOSED,,ENDPOINT-07,False
ALT-CSE-07-01378,CSE-07,MEDIUM,2024-11-20T08:18:32,2024-11-20T08:19:43.509199,2024-11-20T08:31:42.391285,CLOSED,CAS-CSE-07-0814,ENDPOINT-07,False
ALT-CSE-07-01379,CSE-07,LOW,2024-11-16T09:16:22,2024-11-16T09:17:38.618820,2024-11-16T09:32:11.235300,CLOSED,,FIREWALL-07,False
ALT-CSE-07-01380,CSE-07,MEDIUM,2024-12-05T14:17:39,2024-12-05T14:18:30.152878,2024-12-05T14:38:28.475183,CLOSED,,WEB-SERVER-07,False
ALT-CSE-07-01381,CSE-07,HIGH,2024-10-11T17:30:21,2024-10-11T17:30:51.229590,2024-10-11T17:51:51.526724,CLOSED,,ENDPOINT-07,False
ALT-CSE-07-01382,CSE-07,LOW,2024-10-10T00:02:51,2024-10-10T00:03:37.962382,2024-10-10T00:24:16.966920,CLOSED,,FIREWALL-07,False
ALT-CSE-07-01383,CSE-07,MEDIUM,2024-12-28T15:21:11,2024-12-28T15:22:11.355389,2024-12-28T15:36:22.640646,CLOSED,,ENDPOINT-07,False
ALT-CSE-07-01384,CSE-07,LOW,2024-11-12T02:00:22,2024-11-12T02:02:04.971154,2024-11-12T02:26:19.735833,CLOSED,,ENDPOINT-07,False
ALT-CSE-07-01385,CSE-07,MEDIUM,2024-12-22T20:22:25,2024-12-22T20:23:34.761976,2024-12-22T20:48:04.396779,CLOSED,CAS-CSE-07-0815,WEB-SERVER-07,False
ALT-CSE-07-01386,CSE-07,MEDIUM,2024-11-15T18:31:16,2024-11-15T18:32:05.166654,2024-11-15T18:43:47.424230,CLOSED,,FIREWALL-07,False
ALT-CSE-07-01387,CSE-07,HIGH,2024-11-12T18:55:57,2024-11-12T18:56:32.273874,2024-11-12T19:15:00.965658,CLOSED,,WEB-SERVER-07,False
ALT-CSE-07-01388,CSE-07,LOW,2024-12-16T09:26:17,2024-12-16T09:27:46.200731,2024-12-16T09:44:25.326832,CLOSED,,WEB-SERVER-07,False
ALT-CSE-07-01389,CSE-07,HIGH,2024-10-08T08:33:15,2024-10-08T08:34:25.479563,2024-10-08T08:49:21.078112,CLOSED,,ENDPOINT-07,False
ALT-CSE-07-01390,CSE-07,HIGH,2024-11-04T19:12:02,2024-11-04T19:12:37.264829,2024-11-04T19:33:30.799639,CLOSED,,ENDPOINT-07,False
ALT-CSE-07-01391,CSE-07,HIGH,2024-11-15T00:53:49,2024-11-15T00:54:33.887736,2024-11-15T01:17:15.348706,CLOSED,,ENDPOINT-07,False
ALT-CSE-07-01392,CSE-07,LOW,2024-12-24T23:29:39,2024-12-24T23:30:41.574076,2024-12-24T23:47:23.494076,CLOSED,,ENDPOINT-07,False
ALT-CSE-07-01393,CSE-07,HIGH,2024-12-08T23:30:38,2024-12-08T23:32:01.574710,2024-12-08T23:48:47.428464,CLOSED,,FIREWALL-07,False
ALT-CSE-07-01394,CSE-07,LOW,2024-12-01T22:06:45,2024-12-01T22:07:57.461952,2024-12-01T22:26:20.850179,CLOSED,,ENDPOINT-07,False
ALT-CSE-07-01395,CSE-07,HIGH,2024-11-16T15:25:42,2024-11-16T15:26:49.576560,2024-11-16T15:47:18.085857,CLOSED,,ENDPOINT-07,False
ALT-CSE-07-01396,CSE-07,LOW,2024-11-30T05:34:41,2024-11-30T05:36:38.112038,2024-11-30T05:57:56.801504,CLOSED,,FIREWALL-07,False
ALT-CSE-07-01397,CSE-07,MEDIUM,2024-10-07T06:24:35,2024-10-07T06:25:29.876757,2024-10-07T06:53:11.372497,CLOSED,,WEB-SERVER-07,False
ALT-CSE-07-01398,CSE-07,LOW,2024-11-20T02:38:43,2024-11-20T02:39:55.445650,2024-11-20T03:10:58.235419,CLOSED,,DB-SERVER-07,False
ALT-CSE-07-01399,CSE-07,MEDIUM,2024-12-27T07:16:01,2024-12-27T07:16:39.660820,2024-12-27T07:30:45.390801,CLOSED,,WEB-SERVER-07,False
ALT-CSE-07-01400,CSE-07,HIGH,2024-11-29T04:30:59,2024-11-29T04:32:02.218887,2024-11-29T04:50:34.743348,CLOSED,,WEB-SERVER-07,False
ALT-CSE-07-01401,CSE-07,MEDIUM,2024-10-18T20:08:33,2024-10-18T20:10:24.262185,2024-10-18T20:27:26.429700,CLOSED,,DB-SERVER-07,False
ALT-CSE-07-01402,CSE-07,LOW,2024-10-28T11:49:27,2024-10-28T11:50:16.590926,2024-10-28T12:13:49.874547,CLOSED,,DB-SERVER-07,False
ALT-CSE-07-01403,CSE-07,LOW,2024-11-30T21:01:10,2024-11-30T21:02:46.369957,2024-11-30T21:18:13.741195,CLOSED,,WEB-SERVER-07,False
ALT-CSE-07-01404,CSE-07,MEDIUM,2024-12-15T06:47:42,2024-12-15T06:48:30.235487,2024-12-15T07:04:22.820477,CLOSED,,WEB-SERVER-07,False
ALT-CSE-07-01405,CSE-07,LOW,2024-10-15T10:41:14,2024-10-15T10:42:04.292786,2024-10-15T11:05:27.119162,CLOSED,,ENDPOINT-07,False
ALT-CSE-07-01406,CSE-07,LOW,2024-12-07T00:11:34,2024-12-07T00:13:31.686371,2024-12-07T00:33:03.263798,CLOSED,,WEB-SERVER-07,False
ALT-CSE-07-01407,CSE-07,LOW,2024-10-21T11:53:33,2024-10-21T11:54:06.915709,2024-10-21T12:07:24.754329,CLOSED,,WEB-SERVER-07,False
ALT-CSE-07-01408,CSE-07,MEDIUM,2024-10-05T19:16:57,2024-10-05T19:18:12.131949,2024-10-05T19:36:04.884401,CLOSED,,DB-SERVER-07,False
ALT-CSE-07-01409,CSE-07,HIGH,2024-11-29T18:46:38,2024-11-29T18:48:02.914763,2024-11-29T19:03:21.981601,CLOSED,,DB-SERVER-07,False
ALT-CSE-07-01410,CSE-07,HIGH,2024-11-01T18:13:33,2024-11-01T18:14:25.841919,2024-11-01T18:28:51.489852,CLOSED,,DB-SERVER-07,False
ALT-CSE-07-01411,CSE-07,MEDIUM,2024-10-12T03:09:41,2024-10-12T03:10:11.200811,2024-10-12T03:24:35.601643,CLOSED,,DB-SERVER-07,False
ALT-CSE-07-01412,CSE-07,MEDIUM,2024-10-09T09:33:20,2024-10-09T09:34:10.067737,2024-10-09T09:47:14.875149,CLOSED,,ENDPOINT-07,False
ALT-CSE-07-01413,CSE-07,LOW,2024-12-25T06:11:21,2024-12-25T06:12:57.820859,2024-12-25T06:29:24.184709,CLOSED,,FIREWALL-07,False
ALT-CSE-07-01414,CSE-07,LOW,2024-11-10T17:20:50,2024-11-10T17:22:16.312886,2024-11-10T17:48:18.248852,CLOSED,,WEB-SERVER-07,False
ALT-CSE-07-01415,CSE-07,LOW,2024-11-05T01:58:12,2024-11-05T01:58:44.774142,2024-11-05T02:11:57.797471,CLOSED,,DB-SERVER-07,False
ALT-CSE-07-01416,CSE-07,LOW,2024-10-28T18:48:44,2024-10-28T18:49:37.766945,2024-10-28T19:08:54.169456,CLOSED,,FIREWALL-07,False
ALT-CSE-07-01417,CSE-07,MEDIUM,2024-12-09T15:23:05,2024-12-09T15:24:30.780651,2024-12-09T15:40:26.184592,CLOSED,,DB-SERVER-07,False
ALT-CSE-07-01418,CSE-07,MEDIUM,2024-12-24T05:47:52,2024-12-24T05:48:39.988124,2024-12-24T06:09:45.879263,CLOSED,,DB-SERVER-07,False
ALT-CSE-07-01419,CSE-07,LOW,2024-10-10T03:50:53,2024-10-10T03:51:29.034312,2024-10-10T04:09:20.188970,CLOSED,,WEB-SERVER-07,False
ALT-CSE-07-01420,CSE-07,MEDIUM,2024-12-23T17:37:38,2024-12-23T17:39:37.494041,2024-12-23T17:57:35.805796,CLOSED,CAS-CSE-07-0816,WEB-SERVER-07,False
ALT-CSE-07-01421,CSE-07,LOW,2024-11-19T16:03:38,2024-11-19T16:04:18.595018,2024-11-19T16:27:22.007451,CLOSED,,ENDPOINT-07,False
ALT-CSE-07-01422,CSE-07,MEDIUM,2024-12-06T05:30:54,2024-12-06T05:32:10.246995,2024-12-06T05:38:58.644447,CLOSED,,ENDPOINT-07,False
ALT-CSE-07-01423,CSE-07,MEDIUM,2024-11-04T07:56:45,2024-11-04T07:58:39.260485,2024-11-04T08:13:14.331708,CLOSED,,DB-SERVER-07,False
ALT-CSE-07-01424,CSE-07,LOW,2024-11-05T17:52:40,2024-11-05T17:53:50.890758,2024-11-05T18:01:50.980461,CLOSED,,FIREWALL-07,False
ALT-CSE-07-01425,CSE-07,HIGH,2024-11-28T07:21:05,2024-11-28T07:22:56.126768,2024-11-28T07:49:25.620124,CLOSED,,WEB-SERVER-07,False
ALT-CSE-07-01426,CSE-07,HIGH,2024-12-05T10:40:02,2024-12-05T10:41:40.030297,2024-12-05T11:10:12.308584,CLOSED,,FIREWALL-07,False
ALT-CSE-07-01427,CSE-07,HIGH,2024-10-23T10:29:31,2024-10-23T10:30:27.641148,2024-10-23T10:53:57.395722,CLOSED,,WEB-SERVER-07,False
ALT-CSE-07-01428,CSE-07,MEDIUM,2024-12-03T20:01:16,2024-12-03T20:01:48.380715,2024-12-03T20:19:29.172260,CLOSED,,DB-SERVER-07,False
ALT-CSE-07-01429,CSE-07,HIGH,2024-10-16T03:30:38,2024-10-16T03:31:15.578109,2024-10-16T03:56:26.930458,CLOSED,,FIREWALL-07,False
ALT-CSE-07-01430,CSE-07,MEDIUM,2024-11-17T20:34:26,2024-11-17T20:36:16.928348,2024-11-17T20:57:35.515588,CLOSED,,FIREWALL-07,False
ALT-CSE-07-01431,CSE-07,HIGH,2024-11-20T20:15:48,2024-11-20T20:16:18.932693,2024-11-20T20:36:53.776160,CLOSED,,FIREWALL-07,False
ALT-CSE-07-01432,CSE-07,HIGH,2024-10-14T04:50:23,2024-10-14T04:51:14.641936,2024-10-14T05:16:47.557695,CLOSED,,ENDPOINT-07,False
ALT-CSE-07-01433,CSE-07,LOW,2024-10-19T19:24:59,2024-10-19T19:26:42.549991,2024-10-19T19:54:49.330440,CLOSED,,DB-SERVER-07,False
ALT-CSE-07-01434,CSE-07,HIGH,2024-12-23T02:37:11,2024-12-23T02:39:00.610327,2024-12-23T02:59:57.379667,CLOSED,,FIREWALL-07,False
ALT-CSE-07-01435,CSE-07,HIGH,2024-11-02T19:13:23,2024-11-02T19:14:33.726895,2024-11-02T19:35:15.389091,CLOSED,,ENDPOINT-07,False
ALT-CSE-07-01436,CSE-07,MEDIUM,2024-11-05T15:53:43,2024-11-05T15:55:15.459392,2024-11-05T16:12:54.049490,CLOSED,,ENDPOINT-07,False
ALT-CSE-07-01437,CSE-07,HIGH,2024-12-12T12:04:24,2024-12-12T12:05:56.303036,2024-12-12T12:27:26.826003,CLOSED,,FIREWALL-07,False
ALT-CSE-07-01438,CSE-07,HIGH,2024-11-22T10:37:46,2024-11-22T10:38:51.871820,2024-11-22T11:03:07.998712,CLOSED,,WEB-SERVER-07,False
ALT-CSE-07-01439,CSE-07,HIGH,2024-10-20T20:22:33,2024-10-20T20:23:44.785825,2024-10-20T20:51:13.398975,CLOSED,,ENDPOINT-07,False
ALT-CSE-07-01440,CSE-07,LOW,2024-11-01T01:48:29,2024-11-01T01:49:02.142268,2024-11-01T02:10:55.321088,CLOSED,,DB-SERVER-07,False
ALT-CSE-07-01441,CSE-07,MEDIUM,2024-11-29T08:04:33,2024-11-29T08:05:35.790323,2024-11-29T08:30:47.675755,CLOSED,,WEB-SERVER-07,False
ALT-CSE-07-01442,CSE-07,HIGH,2024-10-30T15:06:52,2024-10-30T15:08:31.312401,2024-10-30T15:28:27.390813,CLOSED,,ENDPOINT-07,False
ALT-CSE-07-01443,CSE-07,LOW,2024-12-19T07:19:49,2024-12-19T07:20:34.974471,2024-12-19T07:31:45.031571,CLOSED,,DB-SERVER-07,False
ALT-CSE-07-01444,CSE-07,MEDIUM,2024-12-26T06:06:44,2024-12-26T06:07:52.720403,2024-12-26T06:24:30.288895,CLOSED,,FIREWALL-07,False
ALT-CSE-07-01445,CSE-07,HIGH,2024-12-28T20:56:57,2024-12-28T20:58:41.102629,2024-12-28T21:24:16.406937,CLOSED,,ENDPOINT-07,False
ALT-CSE-07-01446,CSE-07,MEDIUM,2024-11-04T19:42:28,2024-11-04T19:43:13.896336,2024-11-04T20:04:18.713019,CLOSED,,ENDPOINT-07,False
ALT-CSE-07-01447,CSE-07,HIGH,2024-11-24T06:00:04,2024-11-24T06:00:38.734690,2024-11-24T06:14:46.028619,CLOSED,,FIREWALL-07,False
ALT-CSE-07-01448,CSE-07,LOW,2024-10-20T21:51:55,2024-10-20T21:53:38.428736,2024-10-20T22:13:16.278911,CLOSED,,DB-SERVER-07,False
ALT-CSE-07-01449,CSE-07,HIGH,2024-10-16T22:18:48,2024-10-16T22:19:25.264330,2024-10-16T22:36:19.727817,CLOSED,,ENDPOINT-07,False
ALT-CSE-07-01450,CSE-07,HIGH,2024-10-22T08:05:58,2024-10-22T08:07:29.652718,2024-10-22T08:19:55.076808,CLOSED,,ENDPOINT-07,False
ALT-CSE-07-01451,CSE-07,HIGH,2024-11-17T03:08:08,2024-11-17T03:09:14.583890,2024-11-17T03:27:45.022043,CLOSED,,WEB-SERVER-07,False
ALT-CSE-07-01452,CSE-07,LOW,2024-12-01T12:52:06,2024-12-01T12:53:31.016659,2024-12-01T13:11:34.852589,CLOSED,,FIREWALL-07,False
ALT-CSE-07-01453,CSE-07,HIGH,2024-10-21T15:58:56,2024-10-21T16:00:16.043624,2024-10-21T16:22:51.335366,CLOSED,,FIREWALL-07,False
ALT-CSE-07-01454,CSE-07,HIGH,2024-11-26T21:31:46,2024-11-26T21:33:33.686822,2024-11-26T21:51:45.054642,CLOSED,,ENDPOINT-07,False
ALT-CSE-07-01455,CSE-07,MEDIUM,2024-10-05T21:16:28,2024-10-05T21:17:09.535283,2024-10-05T21:32:51.044189,CLOSED,,FIREWALL-07,False
ALT-CSE-07-01456,CSE-07,MEDIUM,2024-10-23T21:25:23,2024-10-23T21:27:11.364916,2024-10-23T21:51:37.104094,CLOSED,,DB-SERVER-07,False
ALT-CSE-07-01457,CSE-07,MEDIUM,2024-11-22T11:52:38,2024-11-22T11:53:34.270304,2024-11-22T12:12:27.150383,CLOSED,,WEB-SERVER-07,False
ALT-CSE-07-01458,CSE-07,MEDIUM,2024-12-23T01:25:52,2024-12-23T01:27:17.159720,2024-12-23T01:44:29.813543,CLOSED,,WEB-SERVER-07,False
ALT-CSE-07-01459,CSE-07,HIGH,2024-12-27T04:44:16,2024-12-27T04:45:34.412985,2024-12-27T04:59:38.246370,CLOSED,,ENDPOINT-07,False
ALT-CSE-07-01460,CSE-07,MEDIUM,2024-11-22T15:56:03,2024-11-22T15:57:32.342058,2024-11-22T16:19:04.510540,CLOSED,,ENDPOINT-07,False
ALT-CSE-07-01461,CSE-07,MEDIUM,2024-11-04T07:49:10,2024-11-04T07:49:54.787366,2024-11-04T08:03:36.196241,CLOSED,,DB-SERVER-07,False
ALT-CSE-07-01462,CSE-07,HIGH,2024-11-18T23:44:33,2024-11-18T23:45:14.007138,2024-11-19T00:10:44.248717,CLOSED,,DB-SERVER-07,False
ALT-CSE-07-01463,CSE-07,LOW,2024-10-13T05:42:03,2024-10-13T05:43:32.707309,2024-10-13T06:02:38.051826,CLOSED,,WEB-SERVER-07,False
ALT-CSE-07-01464,CSE-07,HIGH,2024-12-03T22:46:12,2024-12-03T22:47:20.570673,2024-12-03T23:08:50.860338,CLOSED,,FIREWALL-07,False
ALT-CSE-07-01465,CSE-07,MEDIUM,2024-10-19T08:53:52,2024-10-19T08:55:47.473620,2024-10-19T09:11:44.570864,CLOSED,,FIREWALL-07,False
ALT-CSE-07-01466,CSE-07,HIGH,2024-10-26T22:24:57,2024-10-26T22:25:49.552647,2024-10-26T22:47:05.794701,CLOSED,,ENDPOINT-07,False
ALT-CSE-07-01467,CSE-07,LOW,2024-10-10T12:12:50,2024-10-10T12:13:47.757871,2024-10-10T12:31:41.125554,CLOSED,CAS-CSE-07-0817,ENDPOINT-07,False
ALT-CSE-07-01468,CSE-07,LOW,2024-11-28T18:02:50,2024-11-28T18:03:54.957479,2024-11-28T18:23:40.465443,CLOSED,,WEB-SERVER-07,False
ALT-CSE-07-01469,CSE-07,HIGH,2024-12-20T17:25:01,2024-12-20T17:25:57.486896,2024-12-20T17:40:50.925020,CLOSED,,ENDPOINT-07,False
ALT-CSE-07-01470,CSE-07,LOW,2024-11-30T22:27:02,2024-11-30T22:28:11.194133,2024-11-30T22:42:41.167898,CLOSED,,ENDPOINT-07,False
ALT-CSE-07-01471,CSE-07,HIGH,2024-11-30T07:22:32,2024-11-30T07:24:10.799988,2024-11-30T07:40:35.030137,CLOSED,,DB-SERVER-07,False
ALT-CSE-07-01472,CSE-07,MEDIUM,2024-10-20T06:06:37,2024-10-20T06:07:55.709642,2024-10-20T06:30:45.959453,CLOSED,,WEB-SERVER-07,False
ALT-CSE-07-01473,CSE-07,LOW,2024-12-24T10:14:43,2024-12-24T10:16:11.493081,2024-12-24T10:34:12.564933,CLOSED,,FIREWALL-07,False
ALT-CSE-07-01474,CSE-07,LOW,2024-11-26T06:20:28,2024-11-26T06:21:28.868040,2024-11-26T06:40:34.863581,CLOSED,,ENDPOINT-07,False
ALT-CSE-07-01475,CSE-07,HIGH,2024-11-08T08:37:39,2024-11-08T08:38:55.160076,2024-11-08T08:57:01.650075,CLOSED,,DB-SERVER-07,False
ALT-CSE-07-01476,CSE-07,LOW,2024-10-26T07:23:12,2024-10-26T07:24:00.295696,2024-10-26T07:39:32.097569,CLOSED,,FIREWALL-07,False
ALT-CSE-07-01477,CSE-07,LOW,2024-11-26T09:48:52,2024-11-26T09:49:55.370581,2024-11-26T10:14:08.623365,CLOSED,,FIREWALL-07,False
ALT-CSE-07-01478,CSE-07,HIGH,2024-11-10T04:23:48,2024-11-10T04:25:47.799166,2024-11-10T04:30:45.380705,CLOSED,,DB-SERVER-07,False
ALT-CSE-07-01479,CSE-07,LOW,2024-11-28T14:05:54,2024-11-28T14:07:15.385254,2024-11-28T14:19:37.639029,CLOSED,,DB-SERVER-07,False
ALT-CSE-07-01480,CSE-07,HIGH,2024-11-05T19:05:55,2024-11-05T19:07:08.871272,2024-11-05T19:19:43.036242,CLOSED,,WEB-SERVER-07,False
ALT-CSE-07-01481,CSE-07,MEDIUM,2024-10-01T03:39:17,2024-10-01T03:41:13.950505,2024-10-01T04:05:31.585980,CLOSED,,DB-SERVER-07,False
ALT-CSE-07-01482,CSE-07,MEDIUM,2024-12-29T14:34:01,2024-12-29T14:34:43.620143,2024-12-29T14:52:50.170407,CLOSED,,WEB-SERVER-07,False
ALT-CSE-07-01483,CSE-07,MEDIUM,2024-12-10T06:03:11,2024-12-10T06:04:27.193743,2024-12-10T06:16:30.764213,CLOSED,,WEB-SERVER-07,False
ALT-CSE-07-01484,CSE-07,MEDIUM,2024-11-09T05:49:14,2024-11-09T05:50:05.337113,2024-11-09T06:13:57.178265,CLOSED,,FIREWALL-07,False
ALT-CSE-07-01485,CSE-07,HIGH,2024-10-11T16:21:19,2024-10-11T16:22:40.623272,2024-10-11T16:41:40.602298,CLOSED,,WEB-SERVER-07,False
ALT-CSE-07-01486,CSE-07,HIGH,2024-12-18T11:48:53,2024-12-18T11:49:58.980272,2024-12-18T12:17:35.128719,CLOSED,,FIREWALL-07,False
ALT-CSE-07-01487,CSE-07,MEDIUM,2024-12-21T23:39:07,2024-12-21T23:39:38.619347,2024-12-22T00:06:31.020093,CLOSED,,FIREWALL-07,False
ALT-CSE-07-01488,CSE-07,MEDIUM,2024-11-28T15:59:12,2024-11-28T16:00:34.400998,2024-11-28T16:14:22.615819,CLOSED,CAS-CSE-07-0818,FIREWALL-07,False
ALT-CSE-07-01489,CSE-07,LOW,2024-12-03T20:16:45,2024-12-03T20:18:07.974542,2024-12-03T20:35:04.301504,CLOSED,,FIREWALL-07,False
ALT-CSE-07-01490,CSE-07,LOW,2024-12-18T00:38:01,2024-12-18T00:38:51.150173,2024-12-18T00:59:51.618311,CLOSED,,FIREWALL-07,False
ALT-CSE-07-01491,CSE-07,HIGH,2024-10-02T15:55:00,2024-10-02T15:56:19.775622,2024-10-02T16:09:11.530967,CLOSED,,FIREWALL-07,False
ALT-CSE-07-01492,CSE-07,HIGH,2024-11-03T15:30:11,2024-11-03T15:31:15.045134,2024-11-03T15:47:01.940772,CLOSED,,WEB-SERVER-07,False
ALT-CSE-07-01493,CSE-07,HIGH,2024-12-04T03:14:12,2024-12-04T03:15:42.536094,2024-12-04T03:37:41.188244,CLOSED,,DB-SERVER-07,False
ALT-CSE-07-01494,CSE-07,MEDIUM,2024-11-14T01:50:19,2024-11-14T01:52:11.257934,2024-11-14T02:14:02.597884,CLOSED,,WEB-SERVER-07,False
ALT-CSE-07-01495,CSE-07,HIGH,2024-10-29T15:40:11,2024-10-29T15:41:09.962713,2024-10-29T15:44:33.218424,CLOSED,,FIREWALL-07,False
ALT-CSE-07-01496,CSE-07,LOW,2024-12-19T07:26:48,2024-12-19T07:27:20.581485,2024-12-19T07:46:14.226671,CLOSED,,ENDPOINT-07,False
ALT-CSE-07-01497,CSE-07,HIGH,2024-11-06T10:34:12,2024-11-06T10:35:14.945520,2024-11-06T10:48:38.745693,CLOSED,CAS-CSE-07-0819,ENDPOINT-07,False
ALT-CSE-07-01498,CSE-07,HIGH,2024-12-01T19:02:05,2024-12-01T19:02:42.675094,2024-12-01T19:05:53.774343,CLOSED,,FIREWALL-07,False
ALT-CSE-07-01499,CSE-07,HIGH,2024-10-11T10:54:43,2024-10-11T10:56:34.420547,2024-10-11T11:07:36.287216,CLOSED,,WEB-SERVER-07,False
ALT-CSE-07-01500,CSE-07,MEDIUM,2024-10-03T19:12:08,2024-10-03T19:13:36.026565,2024-10-03T19:30:17.168637,CLOSED,,ENDPOINT-07,False
ALT-CSE-07-01501,CSE-07,LOW,2024-12-29T14:15:45,2024-12-29T14:17:24.799929,2024-12-29T14:38:53.308917,CLOSED,,DB-SERVER-07,False
ALT-CSE-07-01502,CSE-07,HIGH,2024-11-13T18:06:44,2024-11-13T18:07:44.655223,2024-11-13T18:27:11.967443,CLOSED,,FIREWALL-07,False
ALT-CSE-07-01503,CSE-07,HIGH,2024-11-30T16:12:08,2024-11-30T16:14:01.444858,2024-11-30T16:33:03.056687,CLOSED,,WEB-SERVER-07,False
ALT-CSE-07-01504,CSE-07,LOW,2024-11-11T15:57:35,2024-11-11T15:58:28.074061,2024-11-11T16:20:29.939212,CLOSED,,ENDPOINT-07,False
ALT-CSE-07-01505,CSE-07,HIGH,2024-12-08T23:33:28,2024-12-08T23:34:15.648935,2024-12-08T23:55:13.147797,CLOSED,,ENDPOINT-07,False
ALT-CSE-07-01506,CSE-07,LOW,2024-10-22T18:01:10,2024-10-22T18:01:42.251929,2024-10-22T18:28:04.448812,CLOSED,CAS-CSE-07-0820,FIREWALL-07,False
ALT-CSE-07-01507,CSE-07,LOW,2024-10-24T13:05:05,2024-10-24T13:06:52.859115,2024-10-24T13:21:53.037628,CLOSED,,ENDPOINT-07,False
ALT-CSE-07-01508,CSE-07,MEDIUM,2024-12-29T13:48:42,2024-12-29T13:50:40.513702,2024-12-29T14:05:18.744178,CLOSED,,WEB-SERVER-07,False
ALT-CSE-07-01509,CSE-07,MEDIUM,2024-11-21T08:10:45,2024-11-21T08:11:57.602762,2024-11-21T08:27:40.729781,CLOSED,,DB-SERVER-07,False
ALT-CSE-07-01510,CSE-07,MEDIUM,2024-11-30T14:35:25,2024-11-30T14:36:13.513515,2024-11-30T14:55:14.190877,CLOSED,,WEB-SERVER-07,False
ALT-CSE-07-01511,CSE-07,HIGH,2024-10-14T01:58:21,2024-10-14T02:00:09.707758,2024-10-14T02:16:49.990476,CLOSED,,FIREWALL-07,False
ALT-CSE-07-01512,CSE-07,HIGH,2024-10-16T00:07:51,2024-10-16T00:09:04.920296,2024-10-16T00:30:26.660490,CLOSED,,ENDPOINT-07,False
ALT-CSE-07-01513,CSE-07,LOW,2024-10-29T00:07:27,2024-10-29T00:08:46.354124,2024-10-29T00:28:45.306776,CLOSED,,FIREWALL-07,False
ALT-CSE-07-01514,CSE-07,LOW,2024-10-03T15:18:03,2024-10-03T15:19:57.607160,2024-10-03T15:41:48.856548,CLOSED,,WEB-SERVER-07,False
ALT-CSE-07-01515,CSE-07,MEDIUM,2024-11-07T07:59:01,2024-11-07T08:00:36.808838,2024-11-07T08:24:19.501416,CLOSED,,DB-SERVER-07,False
ALT-CSE-07-01516,CSE-07,MEDIUM,2024-12-16T01:21:53,2024-12-16T01:23:05.838574,2024-12-16T01:35:26.662400,CLOSED,,DB-SERVER-07,False
ALT-CSE-07-01517,CSE-07,LOW,2024-10-13T00:59:48,2024-10-13T01:00:44.053868,2024-10-13T01:27:44.174646,CLOSED,,ENDPOINT-07,False
ALT-CSE-07-01518,CSE-07,LOW,2024-10-18T20:56:11,2024-10-18T20:57:49.794854,2024-10-18T21:14:22.574174,CLOSED,,WEB-SERVER-07,False
ALT-CSE-07-01519,CSE-07,MEDIUM,2024-11-02T19:19:02,2024-11-02T19:19:59.740853,2024-11-02T19:44:28.734295,CLOSED,,WEB-SERVER-07,False
ALT-CSE-07-01520,CSE-07,LOW,2024-11-15T18:16:54,2024-11-15T18:17:51.581151,2024-11-15T18:43:25.158822,CLOSED,,DB-SERVER-07,False
ALT-CSE-07-01521,CSE-07,LOW,2024-10-08T18:26:25,2024-10-08T18:27:37.356700,2024-10-08T18:49:51.902633,CLOSED,,DB-SERVER-07,False
ALT-CSE-07-01522,CSE-07,LOW,2024-12-06T18:44:54,2024-12-06T18:46:34.081310,2024-12-06T19:10:14.591707,CLOSED,,FIREWALL-07,False
ALT-CSE-07-01523,CSE-07,LOW,2024-10-15T07:26:16,2024-10-15T07:26:53.624161,2024-10-15T07:48:13.434552,CLOSED,,DB-SERVER-07,False
ALT-CSE-07-01524,CSE-07,HIGH,2024-11-01T06:39:08,2024-11-01T06:40:30.324500,2024-11-01T06:57:53.242073,CLOSED,,WEB-SERVER-07,False
ALT-CSE-07-01525,CSE-07,HIGH,2024-12-16T20:13:02,2024-12-16T20:14:47.851275,2024-12-16T20:35:38.587433,CLOSED,,FIREWALL-07,False
ALT-CSE-07-01526,CSE-07,LOW,2024-11-20T03:01:43,2024-11-20T03:02:37.407018,2024-11-20T03:27:01.184824,CLOSED,,DB-SERVER-07,False
ALT-CSE-07-01527,CSE-07,LOW,2024-10-29T12:16:18,2024-10-29T12:17:58.251652,2024-10-29T12:39:37.249529,CLOSED,,ENDPOINT-07,False
ALT-CSE-07-01528,CSE-07,MEDIUM,2024-11-11T19:52:32,2024-11-11T19:53:36.624862,2024-11-11T20:14:06.375868,CLOSED,,DB-SERVER-07,False
ALT-CSE-07-01529,CSE-07,MEDIUM,2024-12-11T00:47:02,2024-12-11T00:48:02.673132,2024-12-11T01:00:52.479172,CLOSED,,ENDPOINT-07,False
ALT-CSE-07-01530,CSE-07,LOW,2024-11-30T19:56:30,2024-11-30T19:57:22.729056,2024-11-30T20:16:17.685583,CLOSED,,FIREWALL-07,False
ALT-CSE-07-01531,CSE-07,MEDIUM,2024-10-04T23:32:33,2024-10-04T23:33:08.832278,2024-10-04T23:58:00.822985,CLOSED,,WEB-SERVER-07,False
ALT-CSE-07-01532,CSE-07,LOW,2024-12-09T17:27:23,2024-12-09T17:28:36.447797,2024-12-09T17:50:08.623142,CLOSED,,WEB-SERVER-07,False
ALT-CSE-07-01533,CSE-07,LOW,2024-10-15T12:58:20,2024-10-15T12:58:52.686030,2024-10-15T13:18:28.265044,CLOSED,,FIREWALL-07,False
ALT-CSE-07-01534,CSE-07,HIGH,2024-12-02T00:51:33,2024-12-02T00:52:13.636266,2024-12-02T01:06:29.905736,CLOSED,,WEB-SERVER-07,False
ALT-CSE-07-01535,CSE-07,HIGH,2024-11-29T04:20:57,2024-11-29T04:21:44.100921,2024-11-29T04:46:01.908172,CLOSED,CAS-CSE-07-0821,FIREWALL-07,False
ALT-CSE-07-01536,CSE-07,MEDIUM,2024-12-26T07:41:58,2024-12-26T07:42:49.055693,2024-12-26T07:59:30.245253,CLOSED,,ENDPOINT-07,False
ALT-CSE-07-01537,CSE-07,MEDIUM,2024-11-30T14:03:30,2024-11-30T14:05:18.021519,2024-11-30T14:23:44.249741,CLOSED,,DB-SERVER-07,False
ALT-CSE-07-01538,CSE-07,HIGH,2024-10-25T13:38:44,2024-10-25T13:40:23.488624,2024-10-25T14:08:19.426731,CLOSED,,DB-SERVER-07,False
ALT-CSE-07-01539,CSE-07,HIGH,2024-12-10T17:40:46,2024-12-10T17:41:36.698957,2024-12-10T17:56:48.985725,CLOSED,,WEB-SERVER-07,False
ALT-CSE-07-01540,CSE-07,MEDIUM,2024-12-06T10:58:32,2024-12-06T11:00:25.196045,2024-12-06T11:11:12.823754,CLOSED,,DB-SERVER-07,False
ALT-CSE-07-01541,CSE-07,LOW,2024-12-17T12:34:04,2024-12-17T12:35:32.665005,2024-12-17T12:53:28.708008,CLOSED,,WEB-SERVER-07,False
ALT-CSE-07-01542,CSE-07,HIGH,2024-10-20T05:46:47,2024-10-20T05:48:09.385742,2024-10-20T06:01:21.984679,CLOSED,,FIREWALL-07,False
ALT-CSE-07-01543,CSE-07,HIGH,2024-10-23T15:07:24,2024-10-23T15:08:54.278674,2024-10-23T15:18:37.277802,CLOSED,,FIREWALL-07,False
ALT-CSE-07-01544,CSE-07,LOW,2024-12-05T04:03:31,2024-12-05T04:05:13.253083,2024-12-05T04:25:48.291307,CLOSED,,FIREWALL-07,False
ALT-CSE-07-01545,CSE-07,LOW,2024-10-01T20:19:27,2024-10-01T20:20:56.358223,2024-10-01T20:45:39.709791,CLOSED,,DB-SERVER-07,False
ALT-CSE-07-01546,CSE-07,LOW,2024-12-21T19:14:40,2024-12-21T19:16:20.836533,2024-12-21T19:30:50.390380,CLOSED,,FIREWALL-07,False
ALT-CSE-07-01547,CSE-07,HIGH,2024-11-24T21:06:49,2024-11-24T21:07:25.382266,2024-11-24T21:24:42.076745,CLOSED,CAS-CSE-07-0822,ENDPOINT-07,False
ALT-CSE-07-01548,CSE-07,LOW,2024-12-29T20:49:55,2024-12-29T20:50:57.532932,2024-12-29T21:18:45.014126,CLOSED,,DB-SERVER-07,False
ALT-CSE-07-01549,CSE-07,MEDIUM,2024-12-16T21:49:08,2024-12-16T21:51:03.608180,2024-12-16T22:02:46.260543,CLOSED,,WEB-SERVER-07,False
ALT-CSE-07-01550,CSE-07,MEDIUM,2024-10-28T09:57:50,2024-10-28T09:59:09.692646,2024-10-28T10:13:56.925760,CLOSED,,WEB-SERVER-07,False
ALT-CSE-07-01551,CSE-07,LOW,2024-10-20T22:54:40,2024-10-20T22:56:00.425742,2024-10-20T23:14:22.932903,CLOSED,,WEB-SERVER-07,False
ALT-CSE-07-01552,CSE-07,HIGH,2024-11-27T07:19:51,2024-11-27T07:21:36.716148,2024-11-27T07:52:41.560446,CLOSED,,DB-SERVER-07,False
ALT-CSE-07-01553,CSE-07,MEDIUM,2024-12-12T04:41:02,2024-12-12T04:42:46.758379,2024-12-12T05:05:12.813249,CLOSED,,ENDPOINT-07,False
ALT-CSE-07-01554,CSE-07,HIGH,2024-12-10T07:43:33,2024-12-10T07:45:07.980046,2024-12-10T08:09:15.872368,CLOSED,,WEB-SERVER-07,False
ALT-CSE-07-01555,CSE-07,HIGH,2024-10-30T04:48:25,2024-10-30T04:49:19.379387,2024-10-30T05:10:51.223007,CLOSED,,WEB-SERVER-07,False
ALT-CSE-07-01556,CSE-07,MEDIUM,2024-11-04T10:11:16,2024-11-04T10:12:44.329201,2024-11-04T10:28:59.416901,CLOSED,,DB-SERVER-07,False
ALT-CSE-07-01557,CSE-07,LOW,2024-10-11T16:50:59,2024-10-11T16:51:54.623006,2024-10-11T17:10:06.687770,CLOSED,,ENDPOINT-07,False
ALT-CSE-07-01558,CSE-07,MEDIUM,2024-11-06T05:12:02,2024-11-06T05:13:51.022171,2024-11-06T05:36:48.753450,CLOSED,,ENDPOINT-07,False
ALT-CSE-07-01559,CSE-07,LOW,2024-11-05T13:36:01,2024-11-05T13:37:53.200467,2024-11-05T13:53:41.453178,CLOSED,,FIREWALL-07,False
ALT-CSE-07-01560,CSE-07,HIGH,2024-12-06T13:05:17,2024-12-06T13:05:58.742564,2024-12-06T13:30:39.301909,CLOSED,,FIREWALL-07,False
ALT-CSE-07-01561,CSE-07,MEDIUM,2024-11-23T11:52:34,2024-11-23T11:54:06.273113,2024-11-23T12:07:48.685848,CLOSED,,WEB-SERVER-07,False
ALT-CSE-07-01562,CSE-07,LOW,2024-12-13T15:01:26,2024-12-13T15:03:20.571179,2024-12-13T15:21:54.223167,CLOSED,,DB-SERVER-07,False
ALT-CSE-07-01563,CSE-07,LOW,2024-10-13T07:41:10,2024-10-13T07:42:10.691746,2024-10-13T07:56:58.075171,CLOSED,,FIREWALL-07,False
ALT-CSE-07-01564,CSE-07,HIGH,2024-12-28T10:03:51,2024-12-28T10:05:35.223825,2024-12-28T10:17:52.052725,CLOSED,,ENDPOINT-07,False
ALT-CSE-07-01565,CSE-07,MEDIUM,2024-12-14T22:48:49,2024-12-14T22:49:26.104378,2024-12-14T23:11:14.801943,CLOSED,,WEB-SERVER-07,False
ALT-CSE-07-01566,CSE-07,HIGH,2024-12-04T19:32:23,2024-12-04T19:34:16.630798,2024-12-04T19:51:42.223779,CLOSED,,WEB-SERVER-07,False
ALT-CSE-07-01567,CSE-07,HIGH,2024-12-20T22:56:45,2024-12-20T22:58:01.748707,2024-12-20T23:16:56.361063,CLOSED,,FIREWALL-07,False
ALT-CSE-07-01568,CSE-07,MEDIUM,2024-10-07T08:40:48,2024-10-07T08:42:39.125153,2024-10-07T08:55:41.361562,CLOSED,,FIREWALL-07,False
ALT-CSE-07-01569,CSE-07,HIGH,2024-12-04T14:07:27,2024-12-04T14:08:25.372936,2024-12-04T14:21:44.474170,CLOSED,,ENDPOINT-07,False
ALT-CSE-07-01570,CSE-07,HIGH,2024-12-29T03:30:40,2024-12-29T03:32:07.714351,2024-12-29T03:47:28.125192,CLOSED,,WEB-SERVER-07,False
ALT-CSE-07-01571,CSE-07,HIGH,2024-12-03T03:01:34,2024-12-03T03:02:29.930867,2024-12-03T03:25:59.196129,CLOSED,,DB-SERVER-07,False
ALT-CSE-07-01572,CSE-07,LOW,2024-11-06T12:40:36,2024-11-06T12:41:50.939260,2024-11-06T13:01:12.548722,CLOSED,,FIREWALL-07,False
ALT-CSE-07-01573,CSE-07,MEDIUM,2024-12-19T00:35:38,2024-12-19T00:37:04.053719,2024-12-19T01:02:23.345499,CLOSED,,WEB-SERVER-07,False
ALT-CSE-07-01574,CSE-07,MEDIUM,2024-11-06T19:37:50,2024-11-06T19:38:22.289527,2024-11-06T19:58:14.382708,CLOSED,,ENDPOINT-07,False
ALT-CSE-07-01575,CSE-07,HIGH,2024-10-02T23:16:28,2024-10-02T23:18:20.828249,2024-10-02T23:33:42.237363,CLOSED,,ENDPOINT-07,False
ALT-CSE-07-01576,CSE-07,MEDIUM,2024-11-01T03:09:21,2024-11-01T03:10:39.046281,2024-11-01T03:27:17.452289,CLOSED,,WEB-SERVER-07,False
ALT-CSE-07-01577,CSE-07,MEDIUM,2024-10-09T20:34:31,2024-10-09T20:35:10.542585,2024-10-09T20:55:50.862775,CLOSED,,ENDPOINT-07,False
ALT-CSE-07-01578,CSE-07,HIGH,2024-12-07T00:37:53,2024-12-07T00:39:22.607569,2024-12-07T00:56:32.577246,CLOSED,,DB-SERVER-07,False
ALT-CSE-07-01579,CSE-07,LOW,2024-11-27T04:03:29,2024-11-27T04:04:16.813209,2024-11-27T04:23:55.627927,CLOSED,,DB-SERVER-07,False
ALT-CSE-07-01580,CSE-07,LOW,2024-12-04T18:23:42,2024-12-04T18:25:30.383902,2024-12-04T18:43:47.912558,CLOSED,,WEB-SERVER-07,False
ALT-CSE-07-01581,CSE-07,LOW,2024-11-29T10:15:27,2024-11-29T10:16:27.970321,2024-11-29T10:33:47.284315,CLOSED,,ENDPOINT-07,False
ALT-CSE-07-01582,CSE-07,MEDIUM,2024-10-31T00:50:58,2024-10-31T00:52:11.203565,2024-10-31T01:06:21.279829,CLOSED,,WEB-SERVER-07,False
ALT-CSE-07-01583,CSE-07,HIGH,2024-11-27T14:23:55,2024-11-27T14:25:50.613608,2024-11-27T14:44:19.186192,CLOSED,,DB-SERVER-07,False
ALT-CSE-07-01584,CSE-07,LOW,2024-11-21T14:52:16,2024-11-21T14:53:58.935037,2024-11-21T15:04:52.858205,CLOSED,,FIREWALL-07,False
ALT-CSE-07-01585,CSE-07,LOW,2024-10-26T03:45:04,2024-10-26T03:45:51.767850,2024-10-26T03:59:43.176102,CLOSED,,DB-SERVER-07,False
ALT-CSE-07-01586,CSE-07,MEDIUM,2024-12-23T12:52:44,2024-12-23T12:53:51.024423,2024-12-23T13:08:31.267386,CLOSED,CAS-CSE-07-0823,ENDPOINT-07,False
ALT-CSE-07-01587,CSE-07,HIGH,2024-11-21T16:01:44,2024-11-21T16:02:25.015721,2024-11-21T16:23:22.074394,CLOSED,,DB-SERVER-07,False
ALT-CSE-07-01588,CSE-07,LOW,2024-11-16T15:21:36,2024-11-16T15:22:23.641290,2024-11-16T15:48:54.857487,CLOSED,,DB-SERVER-07,False
ALT-CSE-07-01589,CSE-07,MEDIUM,2024-10-23T22:38:30,2024-10-23T22:40:22.807752,2024-10-23T22:48:56.396699,CLOSED,,WEB-SERVER-07,False
ALT-CSE-07-01590,CSE-07,MEDIUM,2024-10-30T01:12:21,2024-10-30T01:13:29.380709,2024-10-30T01:28:21.057474,CLOSED,,ENDPOINT-07,False
ALT-CSE-07-01591,CSE-07,LOW,2024-10-15T07:45:53,2024-10-15T07:47:46.605544,2024-10-15T08:07:08.942121,CLOSED,,DB-SERVER-07,False
ALT-CSE-07-01592,CSE-07,MEDIUM,2024-11-21T16:49:29,2024-11-21T16:51:12.877964,2024-11-21T17:21:14.420601,CLOSED,,WEB-SERVER-07,False
ALT-CSE-07-01593,CSE-07,MEDIUM,2024-10-29T16:10:23,2024-10-29T16:10:58.873488,2024-10-29T16:30:46.411953,CLOSED,,WEB-SERVER-07,False
ALT-CSE-07-01594,CSE-07,LOW,2024-10-17T10:39:23,2024-10-17T10:40:14.531789,2024-10-17T10:51:22.889019,CLOSED,,WEB-SERVER-07,False
ALT-CSE-07-01595,CSE-07,LOW,2024-10-11T10:08:57,2024-10-11T10:10:30.907033,2024-10-11T10:32:47.863790,CLOSED,,DB-SERVER-07,False
ALT-CSE-07-01596,CSE-07,LOW,2024-11-26T21:14:41,2024-11-26T21:16:38.153584,2024-11-26T21:39:39.668963,CLOSED,,FIREWALL-07,False
ALT-CSE-07-01597,CSE-07,MEDIUM,2024-12-24T02:25:57,2024-12-24T02:26:35.425960,2024-12-24T02:47:50.052280,CLOSED,,WEB-SERVER-07,False
ALT-CSE-07-01598,CSE-07,HIGH,2024-10-28T17:21:24,2024-10-28T17:22:02.154129,2024-10-28T17:48:22.353549,CLOSED,,DB-SERVER-07,False
ALT-CSE-07-01599,CSE-07,LOW,2024-12-22T12:52:12,2024-12-22T12:53:08.208202,2024-12-22T13:13:40.256707,CLOSED,,DB-SERVER-07,False
ALT-CSE-07-01600,CSE-07,HIGH,2024-12-19T19:02:58,2024-12-19T19:03:47.376727,2024-12-19T19:20:28.867142,CLOSED,,DB-SERVER-07,False
ALT-CSE-07-01601,CSE-07,MEDIUM,2024-11-02T05:42:13,2024-11-02T05:43:24.081886,2024-11-02T05:57:50.140142,CLOSED,,ENDPOINT-07,False
ALT-CSE-07-01602,CSE-07,MEDIUM,2024-12-10T06:14:03,2024-12-10T06:14:45.455790,2024-12-10T06:31:22.277003,CLOSED,,DB-SERVER-07,False
ALT-CSE-07-01603,CSE-07,LOW,2024-10-31T11:00:09,2024-10-31T11:01:29.438033,2024-10-31T11:16:55.990768,CLOSED,CAS-CSE-07-0824,DB-SERVER-07,False
ALT-CSE-07-01604,CSE-07,LOW,2024-11-05T19:04:37,2024-11-05T19:05:23.490959,2024-11-05T19:24:43.264403,CLOSED,,ENDPOINT-07,False
ALT-CSE-07-01605,CSE-07,HIGH,2024-10-15T14:58:49,2024-10-15T15:00:19.644360,2024-10-15T15:18:38.990471,CLOSED,,DB-SERVER-07,False
ALT-CSE-07-01606,CSE-07,LOW,2024-10-06T05:00:05,2024-10-06T05:01:04.742130,2024-10-06T05:05:26.173192,CLOSED,,DB-SERVER-07,False
ALT-CSE-07-01607,CSE-07,MEDIUM,2024-11-26T21:26:43,2024-11-26T21:27:21.213668,2024-11-26T21:44:46.377054,CLOSED,,FIREWALL-07,False
ALT-CSE-07-01608,CSE-07,HIGH,2024-11-05T06:06:37,2024-11-05T06:08:18.178082,2024-11-05T06:29:25.720661,CLOSED,,WEB-SERVER-07,False
ALT-CSE-07-01609,CSE-07,LOW,2024-12-22T04:00:58,2024-12-22T04:01:29.062287,2024-12-22T04:24:17.338673,CLOSED,,FIREWALL-07,False
ALT-CSE-07-01610,CSE-07,HIGH,2024-10-24T07:37:36,2024-10-24T07:39:35.906627,2024-10-24T07:49:19.090600,CLOSED,,WEB-SERVER-07,False
ALT-CSE-07-01611,CSE-07,LOW,2024-10-11T22:19:35,2024-10-11T22:21:07.054679,2024-10-11T22:46:24.338177,CLOSED,,WEB-SERVER-07,False
ALT-CSE-07-01612,CSE-07,LOW,2024-12-15T10:52:16,2024-12-15T10:52:46.988140,2024-12-15T11:15:36.109070,CLOSED,,WEB-SERVER-07,False
ALT-CSE-07-01613,CSE-07,MEDIUM,2024-12-07T06:25:42,2024-12-07T06:27:22.736555,2024-12-07T06:45:51.436017,CLOSED,,DB-SERVER-07,False
ALT-CSE-07-01614,CSE-07,HIGH,2024-10-16T05:49:55,2024-10-16T05:51:45.295664,2024-10-16T06:18:29.812960,CLOSED,,DB-SERVER-07,False
ALT-CSE-07-01615,CSE-07,MEDIUM,2024-11-08T18:18:23,2024-11-08T18:19:24.926665,2024-11-08T18:48:11.205851,CLOSED,,FIREWALL-07,False
ALT-CSE-07-01616,CSE-07,HIGH,2024-10-05T05:30:45,2024-10-05T05:32:32.687241,2024-10-05T05:45:50.144719,CLOSED,,DB-SERVER-07,False
ALT-CSE-07-01617,CSE-07,HIGH,2024-12-06T23:44:29,2024-12-06T23:46:05.449718,2024-12-07T00:06:56.079077,CLOSED,CAS-CSE-07-0825,FIREWALL-07,False
ALT-CSE-07-01618,CSE-07,MEDIUM,2024-11-03T00:23:51,2024-11-03T00:25:24.084225,2024-11-03T00:39:11.268497,CLOSED,,WEB-SERVER-07,False
ALT-CSE-07-01619,CSE-07,MEDIUM,2024-11-06T11:42:11,2024-11-06T11:43:00.579973,2024-11-06T11:56:23.874275,CLOSED,,ENDPOINT-07,False
ALT-CSE-07-01620,CSE-07,MEDIUM,2024-12-10T16:26:07,2024-12-10T16:27:55.026876,2024-12-10T16:46:42.208808,CLOSED,,DB-SERVER-07,False
ALT-CSE-07-01621,CSE-07,HIGH,2024-11-11T03:36:48,2024-11-11T03:37:19.381781,2024-11-11T04:04:14.421320,CLOSED,,FIREWALL-07,False
ALT-CSE-07-01622,CSE-07,HIGH,2024-10-25T15:22:46,2024-10-25T15:24:07.134772,2024-10-25T15:43:34.669093,CLOSED,,ENDPOINT-07,False
ALT-CSE-07-01623,CSE-07,HIGH,2024-11-05T00:00:55,2024-11-05T00:01:56.806570,2024-11-05T00:09:40.150046,CLOSED,,DB-SERVER-07,False
ALT-CSE-07-01624,CSE-07,LOW,2024-12-09T07:14:39,2024-12-09T07:15:28.778067,2024-12-09T07:35:17.796335,CLOSED,,FIREWALL-07,False
ALT-CSE-07-01625,CSE-07,MEDIUM,2024-12-18T03:37:17,2024-12-18T03:37:58.872144,2024-12-18T04:09:54.006679,CLOSED,,WEB-SERVER-07,False
ALT-CSE-07-01626,CSE-07,LOW,2024-11-01T20:24:10,2024-11-01T20:25:39.390944,2024-11-01T20:46:32.872995,CLOSED,,WEB-SERVER-07,False
ALT-CSE-07-01627,CSE-07,HIGH,2024-11-26T02:17:38,2024-11-26T02:19:13.178476,2024-11-26T02:37:23.143475,CLOSED,,WEB-SERVER-07,False
ALT-CSE-07-01628,CSE-07,LOW,2024-10-13T23:33:37,2024-10-13T23:34:45.170254,2024-10-13T23:56:37.020122,CLOSED,,WEB-SERVER-07,False
ALT-CSE-07-01629,CSE-07,HIGH,2024-11-29T00:43:20,2024-11-29T00:44:32.710225,2024-11-29T01:02:40.071582,CLOSED,,WEB-SERVER-07,False
ALT-CSE-07-01630,CSE-07,LOW,2024-10-25T03:15:58,2024-10-25T03:17:21.417597,2024-10-25T03:32:57.847493,CLOSED,,ENDPOINT-07,False
ALT-CSE-07-01631,CSE-07,LOW,2024-11-11T03:52:19,2024-11-11T03:52:52.608424,2024-11-11T04:07:16.204744,CLOSED,,ENDPOINT-07,False
ALT-CSE-07-01632,CSE-07,LOW,2024-11-12T21:21:51,2024-11-12T21:23:39.952216,2024-11-12T21:45:49.999918,CLOSED,,FIREWALL-07,False
ALT-CSE-07-01633,CSE-07,LOW,2024-10-15T14:17:45,2024-10-15T14:19:35.698298,2024-10-15T14:35:31.731817,CLOSED,,FIREWALL-07,False
ALT-CSE-07-01634,CSE-07,LOW,2024-11-24T14:56:42,2024-11-24T14:57:45.424247,2024-11-24T15:10:38.912602,CLOSED,,DB-SERVER-07,False
ALT-CSE-07-01635,CSE-07,MEDIUM,2024-11-03T12:27:57,2024-11-03T12:28:38.149667,2024-11-03T12:52:19.134503,CLOSED,,DB-SERVER-07,False
ALT-CSE-07-01636,CSE-07,MEDIUM,2024-10-12T08:25:46,2024-10-12T08:27:39.526696,2024-10-12T08:52:13.747143,CLOSED,,ENDPOINT-07,False
ALT-CSE-07-01637,CSE-07,HIGH,2024-10-02T06:26:59,2024-10-02T06:27:53.502557,2024-10-02T06:43:00.891292,CLOSED,,ENDPOINT-07,False
ALT-CSE-07-01638,CSE-07,LOW,2024-12-28T17:07:34,2024-12-28T17:08:49.031923,2024-12-28T17:24:26.458638,CLOSED,,DB-SERVER-07,False
ALT-CSE-07-01639,CSE-07,HIGH,2024-12-07T19:04:55,2024-12-07T19:06:12.795737,2024-12-07T19:28:00.476613,CLOSED,,ENDPOINT-07,False
ALT-CSE-07-01640,CSE-07,LOW,2024-11-09T14:00:58,2024-11-09T14:02:02.255241,2024-11-09T14:26:39.543192,CLOSED,,ENDPOINT-07,False
ALT-CSE-07-01641,CSE-07,MEDIUM,2024-10-23T23:42:52,2024-10-23T23:43:26.517395,2024-10-24T00:12:36.495875,CLOSED,,DB-SERVER-07,False
ALT-CSE-07-01642,CSE-07,MEDIUM,2024-10-19T04:25:01,2024-10-19T04:26:03.337237,2024-10-19T04:45:06.317193,CLOSED,,ENDPOINT-07,False
ALT-CSE-07-01643,CSE-07,HIGH,2024-11-23T11:43:41,2024-11-23T11:44:28.885253,2024-11-23T12:02:37.968505,CLOSED,,WEB-SERVER-07,False
ALT-CSE-07-01644,CSE-07,HIGH,2024-10-19T04:59:45,2024-10-19T05:00:31.592785,2024-10-19T05:28:17.527967,CLOSED,,DB-SERVER-07,False
ALT-CSE-07-01645,CSE-07,LOW,2024-10-10T19:24:13,2024-10-10T19:26:03.514557,2024-10-10T19:45:08.052229,CLOSED,,ENDPOINT-07,False
ALT-CSE-07-01646,CSE-07,LOW,2024-10-31T10:04:22,2024-10-31T10:05:55.247586,2024-10-31T10:15:57.727550,CLOSED,,FIREWALL-07,False
ALT-CSE-07-01647,CSE-07,HIGH,2024-11-23T10:59:37,2024-11-23T11:00:16.934383,2024-11-23T11:12:23.023558,CLOSED,,ENDPOINT-07,False
ALT-CSE-07-01648,CSE-07,HIGH,2024-10-02T18:04:46,2024-10-02T18:05:16.342045,2024-10-02T18:27:13.100485,CLOSED,,ENDPOINT-07,False
ALT-CSE-07-01649,CSE-07,MEDIUM,2024-11-27T17:30:53,2024-11-27T17:32:45.884038,2024-11-27T17:54:39.994711,CLOSED,,WEB-SERVER-07,False
ALT-CSE-07-01650,CSE-07,MEDIUM,2024-11-06T06:54:22,2024-11-06T06:55:18.139605,2024-11-06T07:11:41.344450,CLOSED,,FIREWALL-07,False
ALT-CSE-07-01651,CSE-07,MEDIUM,2024-10-03T08:24:28,2024-10-03T08:25:09.059732,2024-10-03T08:49:12.767780,CLOSED,,ENDPOINT-07,False
ALT-CSE-07-01652,CSE-07,HIGH,2024-10-01T06:22:20,2024-10-01T06:23:06.028578,2024-10-01T06:59:08.097581,CLOSED,,WEB-SERVER-07,False
ALT-CSE-07-01653,CSE-07,MEDIUM,2024-11-04T03:06:28,2024-11-04T03:08:15.277460,2024-11-04T03:22:52.384070,CLOSED,,DB-SERVER-07,False
ALT-CSE-07-01654,CSE-07,MEDIUM,2024-11-26T10:03:33,2024-11-26T10:04:09.617378,2024-11-26T10:20:17.626602,CLOSED,,ENDPOINT-07,False
ALT-CSE-07-01655,CSE-07,MEDIUM,2024-10-23T21:08:30,2024-10-23T21:09:26.421966,2024-10-23T21:24:01.222507,CLOSED,CAS-CSE-07-0826,WEB-SERVER-07,False
ALT-CSE-07-01656,CSE-07,LOW,2024-12-19T18:24:17,2024-12-19T18:26:10.506556,2024-12-19T18:42:07.059541,CLOSED,CAS-CSE-07-0827,ENDPOINT-07,False
ALT-CSE-07-01657,CSE-07,HIGH,2024-11-07T07:04:20,2024-11-07T07:05:01.452817,2024-11-07T07:22:16.760655,CLOSED,,ENDPOINT-07,False
ALT-CSE-07-01658,CSE-07,LOW,2024-12-19T22:04:22,2024-12-19T22:05:27.770945,2024-12-19T22:27:25.411571,CLOSED,,FIREWALL-07,False
ALT-CSE-07-01659,CSE-07,MEDIUM,2024-10-28T09:30:18,2024-10-28T09:31:38.487714,2024-10-28T09:42:53.728083,CLOSED,,WEB-SERVER-07,False
ALT-CSE-07-01660,CSE-07,MEDIUM,2024-12-27T13:45:43,2024-12-27T13:46:56.187848,2024-12-27T14:07:18.291583,CLOSED,,DB-SERVER-07,False
ALT-CSE-07-01661,CSE-07,MEDIUM,2024-11-06T10:46:43,2024-11-06T10:48:02.200840,2024-11-06T11:02:53.258818,CLOSED,,DB-SERVER-07,False
ALT-CSE-07-01662,CSE-07,LOW,2024-12-21T19:45:42,2024-12-21T19:46:18.945152,2024-12-21T19:59:51.029313,CLOSED,,FIREWALL-07,False
ALT-CSE-07-01663,CSE-07,MEDIUM,2024-12-08T05:07:39,2024-12-08T05:08:12.775999,2024-12-08T05:26:13.996314,CLOSED,,WEB-SERVER-07,False
ALT-CSE-07-01664,CSE-07,HIGH,2024-11-01T12:47:45,2024-11-01T12:49:01.273430,2024-11-01T13:12:24.906936,CLOSED,,ENDPOINT-07,False
ALT-CSE-07-01665,CSE-07,LOW,2024-12-26T16:14:53,2024-12-26T16:16:16.125815,2024-12-26T16:35:55.690141,CLOSED,,ENDPOINT-07,False
ALT-CSE-07-01666,CSE-07,HIGH,2024-10-26T00:03:20,2024-10-26T00:04:09.320941,2024-10-26T00:29:21.683648,CLOSED,,ENDPOINT-07,False
ALT-CSE-07-01667,CSE-07,LOW,2024-12-28T05:04:47,2024-12-28T05:06:10.558612,2024-12-28T05:39:12.997289,CLOSED,,ENDPOINT-07,False
ALT-CSE-07-01668,CSE-07,MEDIUM,2024-10-30T12:01:17,2024-10-30T12:03:07.000980,2024-10-30T12:18:26.831563,CLOSED,,ENDPOINT-07,False
ALT-CSE-07-01669,CSE-07,HIGH,2024-11-16T19:26:09,2024-11-16T19:26:42.632283,2024-11-16T19:48:10.849015,CLOSED,,DB-SERVER-07,False
ALT-CSE-07-01670,CSE-07,HIGH,2024-12-06T04:44:27,2024-12-06T04:46:26.969402,2024-12-06T05:12:28.871177,CLOSED,,DB-SERVER-07,False
ALT-CSE-07-01671,CSE-07,LOW,2024-11-18T16:46:19,2024-11-18T16:47:48.248529,2024-11-18T17:05:11.973740,CLOSED,,WEB-SERVER-07,False
ALT-CSE-07-01672,CSE-07,MEDIUM,2024-10-14T22:47:03,2024-10-14T22:48:33.032954,2024-10-14T22:54:52.605274,CLOSED,,WEB-SERVER-07,False
ALT-CSE-07-01673,CSE-07,LOW,2024-12-05T19:02:05,2024-12-05T19:03:34.627160,2024-12-05T19:15:13.445926,CLOSED,,DB-SERVER-07,False
ALT-CSE-07-01674,CSE-07,LOW,2024-11-07T22:32:22,2024-11-07T22:33:32.292016,2024-11-07T22:53:37.732296,CLOSED,,FIREWALL-07,False
ALT-CSE-07-01675,CSE-07,HIGH,2024-12-06T02:02:02,2024-12-06T02:02:38.477817,2024-12-06T02:22:10.299431,CLOSED,,ENDPOINT-07,False
ALT-CSE-07-01676,CSE-07,HIGH,2024-11-30T11:09:58,2024-11-30T11:11:51.014781,2024-11-30T11:36:11.393588,CLOSED,,FIREWALL-07,False
ALT-CSE-07-01677,CSE-07,LOW,2024-12-09T18:57:42,2024-12-09T18:59:20.667039,2024-12-09T19:13:28.054486,CLOSED,,ENDPOINT-07,False
ALT-CSE-07-01678,CSE-07,HIGH,2024-11-19T05:39:46,2024-11-19T05:41:45.518217,2024-11-19T05:59:04.914211,CLOSED,,WEB-SERVER-07,False
ALT-CSE-07-01679,CSE-07,MEDIUM,2024-10-07T07:42:02,2024-10-07T07:43:43.447797,2024-10-07T08:00:40.493598,CLOSED,,ENDPOINT-07,False
ALT-CSE-07-01680,CSE-07,MEDIUM,2024-11-17T05:54:39,2024-11-17T05:55:21.845727,2024-11-17T06:13:18.633918,CLOSED,,DB-SERVER-07,False
ALT-CSE-07-01681,CSE-07,HIGH,2024-12-12T10:10:11,2024-12-12T10:11:58.744299,2024-12-12T10:31:57.367118,CLOSED,,ENDPOINT-07,False
ALT-CSE-07-01682,CSE-07,LOW,2024-11-13T15:35:57,2024-11-13T15:37:38.725906,2024-11-13T15:55:50.451940,CLOSED,,DB-SERVER-07,False
ALT-CSE-07-01683,CSE-07,HIGH,2024-10-19T23:33:05,2024-10-19T23:34:34.387916,2024-10-19T23:52:16.925298,CLOSED,,WEB-SERVER-07,False
ALT-CSE-07-01684,CSE-07,MEDIUM,2024-10-14T09:32:56,2024-10-14T09:34:12.696983,2024-10-14T09:45:09.195761,CLOSED,,WEB-SERVER-07,False
ALT-CSE-07-01685,CSE-07,HIGH,2024-12-03T22:21:26,2024-12-03T22:22:45.116130,2024-12-03T22:34:36.381414,CLOSED,,WEB-SERVER-07,False
ALT-CSE-07-01686,CSE-07,HIGH,2024-12-15T16:10:04,2024-12-15T16:10:49.518022,2024-12-15T16:24:31.990587,CLOSED,,ENDPOINT-07,False
ALT-CSE-07-01687,CSE-07,MEDIUM,2024-10-03T01:44:27,2024-10-03T01:45:17.909688,2024-10-03T02:05:14.439788,CLOSED,,DB-SERVER-07,False
ALT-CSE-07-01688,CSE-07,MEDIUM,2024-10-10T18:06:41,2024-10-10T18:08:11.477992,2024-10-10T18:38:48.015067,CLOSED,,DB-SERVER-07,False
ALT-CSE-07-01689,CSE-07,MEDIUM,2024-12-04T08:50:15,2024-12-04T08:51:15.586912,2024-12-04T09:18:39.869656,CLOSED,,FIREWALL-07,False
ALT-CSE-07-01690,CSE-07,HIGH,2024-12-17T04:09:58,2024-12-17T04:11:27.362347,2024-12-17T04:32:19.217664,CLOSED,,ENDPOINT-07,False
ALT-CSE-07-01691,CSE-07,LOW,2024-12-29T17:07:22,2024-12-29T17:08:28.944123,2024-12-29T17:23:40.971789,CLOSED,,ENDPOINT-07,False
ALT-CSE-07-01692,CSE-07,LOW,2024-10-05T02:18:10,2024-10-05T02:19:24.381389,2024-10-05T02:43:41.766128,CLOSED,,ENDPOINT-07,False
ALT-CSE-07-01693,CSE-07,MEDIUM,2024-12-23T06:27:22,2024-12-23T06:29:21.174319,2024-12-23T06:51:07.084505,CLOSED,,ENDPOINT-07,False
ALT-CSE-07-01694,CSE-07,MEDIUM,2024-12-19T06:04:08,2024-12-19T06:04:55.534396,2024-12-19T06:25:25.874697,CLOSED,,ENDPOINT-07,False
ALT-CSE-07-01695,CSE-07,MEDIUM,2024-11-08T14:12:26,2024-11-08T14:13:59.098017,2024-11-08T14:39:47.407501,CLOSED,,FIREWALL-07,False
ALT-CSE-07-01696,CSE-07,LOW,2024-11-06T18:18:31,2024-11-06T18:19:19.450364,2024-11-06T18:31:16.135107,CLOSED,,ENDPOINT-07,False
ALT-CSE-07-01697,CSE-07,MEDIUM,2024-11-24T22:03:39,2024-11-24T22:05:27.130881,2024-11-24T22:17:19.604767,CLOSED,,FIREWALL-07,False
ALT-CSE-07-01698,CSE-07,HIGH,2024-12-23T21:22:09,2024-12-23T21:23:32.854111,2024-12-23T21:35:57.942554,CLOSED,,FIREWALL-07,False
ALT-CSE-07-01699,CSE-07,LOW,2024-10-25T12:55:10,2024-10-25T12:57:09.736193,2024-10-25T13:18:38.431419,CLOSED,,FIREWALL-07,False
ALT-CSE-07-01700,CSE-07,HIGH,2024-11-08T20:38:42,2024-11-08T20:40:31.183920,2024-11-08T20:54:30.264586,CLOSED,,DB-SERVER-07,False
ALT-CSE-07-01701,CSE-07,HIGH,2024-10-18T01:10:35,2024-10-18T01:11:50.704241,2024-10-18T01:28:50.693688,CLOSED,,WEB-SERVER-07,False
ALT-CSE-07-01702,CSE-07,HIGH,2024-10-17T03:12:33,2024-10-17T03:13:24.931861,2024-10-17T03:35:09.890147,CLOSED,,DB-SERVER-07,False
ALT-CSE-07-01703,CSE-07,LOW,2024-10-08T06:13:27,2024-10-08T06:15:11.925928,2024-10-08T06:35:29.521904,CLOSED,,WEB-SERVER-07,False
ALT-CSE-07-01704,CSE-07,MEDIUM,2024-10-29T04:19:47,2024-10-29T04:20:57.733222,2024-10-29T04:36:21.519882,CLOSED,,WEB-SERVER-07,False
ALT-CSE-07-01705,CSE-07,HIGH,2024-11-14T14:46:21,2024-11-14T14:46:56.192022,2024-11-14T15:04:49.437292,CLOSED,,WEB-SERVER-07,False
ALT-CSE-07-01706,CSE-07,HIGH,2024-12-14T07:27:18,2024-12-14T07:29:17.637750,2024-12-14T07:55:01.470316,CLOSED,,FIREWALL-07,False
ALT-CSE-07-01707,CSE-07,MEDIUM,2024-11-29T05:13:26,2024-11-29T05:14:15.744146,2024-11-29T05:31:41.865673,CLOSED,,FIREWALL-07,False
ALT-CSE-07-01708,CSE-07,MEDIUM,2024-11-02T22:16:11,2024-11-02T22:17:04.206699,2024-11-02T22:32:40.501805,CLOSED,,DB-SERVER-07,False
ALT-CSE-07-01709,CSE-07,HIGH,2024-12-07T21:55:30,2024-12-07T21:56:35.446168,2024-12-07T22:14:11.008887,CLOSED,,DB-SERVER-07,False
ALT-CSE-07-01710,CSE-07,HIGH,2024-12-17T11:15:36,2024-12-17T11:16:25.037593,2024-12-17T11:35:20.027893,CLOSED,,DB-SERVER-07,False
ALT-CSE-07-01711,CSE-07,HIGH,2024-12-17T23:52:35,2024-12-17T23:54:34.927075,2024-12-18T00:17:43.652402,CLOSED,,DB-SERVER-07,False
ALT-CSE-07-01712,CSE-07,LOW,2024-11-26T05:21:42,2024-11-26T05:23:25.036772,2024-11-26T05:36:13.311971,CLOSED,,FIREWALL-07,False
ALT-CSE-07-01713,CSE-07,MEDIUM,2024-11-20T21:16:26,2024-11-20T21:17:39.096614,2024-11-20T21:38:24.903703,CLOSED,,DB-SERVER-07,False
ALT-CSE-07-01714,CSE-07,MEDIUM,2024-12-10T18:48:19,2024-12-10T18:50:08.804627,2024-12-10T19:12:22.965604,CLOSED,,DB-SERVER-07,False
ALT-CSE-07-01715,CSE-07,MEDIUM,2024-12-20T10:43:17,2024-12-20T10:44:28.108729,2024-12-20T11:05:54.002571,CLOSED,CAS-CSE-07-0828,FIREWALL-07,False
ALT-CSE-07-01716,CSE-07,MEDIUM,2024-10-18T10:09:50,2024-10-18T10:10:27.456102,2024-10-18T10:26:34.629659,CLOSED,,ENDPOINT-07,False
ALT-CSE-07-01717,CSE-07,HIGH,2024-11-01T05:32:13,2024-11-01T05:33:54.223925,2024-11-01T05:52:37.378693,CLOSED,,WEB-SERVER-07,False
ALT-CSE-07-01718,CSE-07,LOW,2024-10-02T00:53:47,2024-10-02T00:54:36.722062,2024-10-02T01:15:56.607763,CLOSED,,ENDPOINT-07,False
ALT-CSE-07-01719,CSE-07,HIGH,2024-11-19T14:16:44,2024-11-19T14:18:43.223686,2024-11-19T14:37:50.872635,CLOSED,CAS-CSE-07-0829,DB-SERVER-07,False
ALT-CSE-07-01720,CSE-07,HIGH,2024-12-07T19:20:50,2024-12-07T19:22:15.462918,2024-12-07T19:44:51.800811,CLOSED,,DB-SERVER-07,False
ALT-CSE-07-01721,CSE-07,LOW,2024-10-29T05:38:03,2024-10-29T05:39:22.587791,2024-10-29T06:00:02.481414,CLOSED,,ENDPOINT-07,False
ALT-CSE-07-01722,CSE-07,LOW,2024-11-19T11:24:50,2024-11-19T11:25:38.948937,2024-11-19T11:41:49.646822,CLOSED,,DB-SERVER-07,False
ALT-CSE-07-01723,CSE-07,HIGH,2024-12-06T03:18:39,2024-12-06T03:20:32.631472,2024-12-06T03:26:25.967219,CLOSED,,ENDPOINT-07,False
ALT-CSE-07-01724,CSE-07,MEDIUM,2024-12-02T16:50:21,2024-12-02T16:51:54.118225,2024-12-02T17:13:02.409588,CLOSED,,DB-SERVER-07,False
ALT-CSE-07-01725,CSE-07,MEDIUM,2024-10-11T21:53:10,2024-10-11T21:54:22.759253,2024-10-11T22:13:35.611519,CLOSED,CAS-CSE-07-0830,FIREWALL-07,False
ALT-CSE-07-01726,CSE-07,HIGH,2024-11-22T16:50:09,2024-11-22T16:51:27.406704,2024-11-22T17:08:27.906055,CLOSED,,DB-SERVER-07,False
ALT-CSE-07-01727,CSE-07,LOW,2024-12-09T12:49:15,2024-12-09T12:50:51.093106,2024-12-09T13:07:52.998361,CLOSED,,WEB-SERVER-07,False
ALT-CSE-07-01728,CSE-07,MEDIUM,2024-12-24T05:31:50,2024-12-24T05:32:44.364334,2024-12-24T05:57:57.341232,CLOSED,,FIREWALL-07,False
ALT-CSE-07-01729,CSE-07,HIGH,2024-10-18T04:38:26,2024-10-18T04:40:04.046551,2024-10-18T04:55:46.225149,CLOSED,,DB-SERVER-07,False
ALT-CSE-07-01730,CSE-07,HIGH,2024-11-30T05:42:18,2024-11-30T05:43:08.078215,2024-11-30T05:53:24.387092,CLOSED,,DB-SERVER-07,False
ALT-CSE-07-01731,CSE-07,LOW,2024-12-01T22:53:31,2024-12-01T22:55:28.506584,2024-12-01T23:14:00.314523,CLOSED,,WEB-SERVER-07,False
ALT-CSE-07-01732,CSE-07,MEDIUM,2024-11-25T23:59:44,2024-11-26T00:00:58.914945,2024-11-26T00:22:29.596143,CLOSED,,FIREWALL-07,False
ALT-CSE-07-01733,CSE-07,LOW,2024-11-10T12:34:58,2024-11-10T12:35:28.754789,2024-11-10T12:58:10.059826,CLOSED,,FIREWALL-07,False
ALT-CSE-07-01734,CSE-07,LOW,2024-12-23T17:34:46,2024-12-23T17:35:40.783175,2024-12-23T17:48:16.450512,CLOSED,,ENDPOINT-07,False
ALT-CSE-07-01735,CSE-07,LOW,2024-11-28T08:31:16,2024-11-28T08:32:14.317165,2024-11-28T08:55:46.612628,CLOSED,,ENDPOINT-07,False
ALT-CSE-07-01736,CSE-07,LOW,2024-10-15T22:09:27,2024-10-15T22:10:55.086299,2024-10-15T22:31:50.115848,CLOSED,,WEB-SERVER-07,False
ALT-CSE-07-01737,CSE-07,MEDIUM,2024-10-06T03:14:04,2024-10-06T03:15:54.247233,2024-10-06T03:38:56.861754,CLOSED,,DB-SERVER-07,False
ALT-CSE-07-01738,CSE-07,MEDIUM,2024-12-16T09:24:31,2024-12-16T09:25:59.376986,2024-12-16T09:45:01.173592,CLOSED,,ENDPOINT-07,False
ALT-CSE-07-01739,CSE-07,LOW,2024-10-06T21:52:36,2024-10-06T21:53:20.018043,2024-10-06T22:11:42.743382,CLOSED,,ENDPOINT-07,False
ALT-CSE-07-01740,CSE-07,LOW,2024-12-19T01:37:02,2024-12-19T01:38:33.274829,2024-12-19T02:00:50.302580,CLOSED,,ENDPOINT-07,False
ALT-CSE-07-01741,CSE-07,LOW,2024-12-27T18:35:11,2024-12-27T18:35:47.954759,2024-12-27T18:49:12.911439,CLOSED,,WEB-SERVER-07,False
ALT-CSE-07-01742,CSE-07,HIGH,2024-12-28T00:53:38,2024-12-28T00:54:12.976814,2024-12-28T01:11:38.056312,CLOSED,,ENDPOINT-07,False
ALT-CSE-07-01743,CSE-07,MEDIUM,2024-10-14T03:33:58,2024-10-14T03:34:41.447732,2024-10-14T03:55:38.091620,CLOSED,,ENDPOINT-07,False
ALT-CSE-07-01744,CSE-07,HIGH,2024-12-05T21:12:06,2024-12-05T21:12:46.234418,2024-12-05T21:33:13.019640,CLOSED,,WEB-SERVER-07,False
ALT-CSE-07-01745,CSE-07,LOW,2024-12-14T23:19:37,2024-12-14T23:20:10.843922,2024-12-14T23:36:22.314058,CLOSED,,WEB-SERVER-07,False
ALT-CSE-07-01746,CSE-07,HIGH,2024-12-11T00:32:26,2024-12-11T00:33:28.573771,2024-12-11T00:43:44.268516,CLOSED,,ENDPOINT-07,False
ALT-CSE-07-01747,CSE-07,LOW,2024-12-08T04:44:39,2024-12-08T04:45:11.356908,2024-12-08T05:05:27.975276,CLOSED,,WEB-SERVER-07,False
ALT-CSE-07-01748,CSE-07,HIGH,2024-12-19T22:51:19,2024-12-19T22:52:41.574172,2024-12-19T23:14:21.634440,CLOSED,,DB-SERVER-07,False
ALT-CSE-07-01749,CSE-07,MEDIUM,2024-10-15T22:21:05,2024-10-15T22:21:47.009578,2024-10-15T22:40:37.091518,CLOSED,,DB-SERVER-07,False
ALT-CSE-07-01750,CSE-07,LOW,2024-10-14T09:21:04,2024-10-14T09:21:59.080292,2024-10-14T09:31:04.473147,CLOSED,,ENDPOINT-07,False
ALT-CSE-07-01751,CSE-07,MEDIUM,2024-11-30T16:27:27,2024-11-30T16:29:10.357195,2024-11-30T16:51:27.212814,CLOSED,,FIREWALL-07,False
ALT-CSE-07-01752,CSE-07,LOW,2024-12-05T07:47:29,2024-12-05T07:49:13.749417,2024-12-05T08:12:01.684479,CLOSED,,DB-SERVER-07,False
ALT-CSE-07-01753,CSE-07,HIGH,2024-10-16T07:33:23,2024-10-16T07:34:33.252321,2024-10-16T07:48:57.121525,CLOSED,,DB-SERVER-07,False
ALT-CSE-07-01754,CSE-07,MEDIUM,2024-12-17T15:36:20,2024-12-17T15:38:06.917397,2024-12-17T15:55:54.889248,CLOSED,,FIREWALL-07,False
ALT-CSE-07-01755,CSE-07,HIGH,2024-11-02T14:47:19,2024-11-02T14:48:55.265367,2024-11-02T15:09:37.257239,CLOSED,,WEB-SERVER-07,False
ALT-CSE-07-01756,CSE-07,MEDIUM,2024-10-19T10:41:13,2024-10-19T10:43:02.188617,2024-10-19T11:04:21.290094,CLOSED,,WEB-SERVER-07,False
ALT-CSE-07-01757,CSE-07,LOW,2024-11-02T09:50:35,2024-11-02T09:51:12.606714,2024-11-02T10:12:08.204057,CLOSED,,FIREWALL-07,False
ALT-CSE-07-01758,CSE-07,MEDIUM,2024-11-23T04:01:47,2024-11-23T04:02:47.673406,2024-11-23T04:14:58.889399,CLOSED,,FIREWALL-07,False
ALT-CSE-07-01759,CSE-07,LOW,2024-12-06T16:07:34,2024-12-06T16:09:05.479584,2024-12-06T16:29:03.010568,CLOSED,,FIREWALL-07,False
ALT-CSE-07-01760,CSE-07,MEDIUM,2024-12-13T15:57:19,2024-12-13T15:59:17.573337,2024-12-13T16:19:56.660873,CLOSED,,DB-SERVER-07,False
ALT-CSE-07-01761,CSE-07,HIGH,2024-11-05T13:07:21,2024-11-05T13:09:16.331378,2024-11-05T13:18:08.108303,CLOSED,,FIREWALL-07,False
ALT-CSE-07-01762,CSE-07,LOW,2024-11-18T23:32:10,2024-11-18T23:33:09.735256,2024-11-19T00:00:28.211380,CLOSED,,WEB-SERVER-07,False
ALT-CSE-07-01763,CSE-07,MEDIUM,2024-11-01T17:57:52,2024-11-01T17:58:29.848266,2024-11-01T18:16:01.021767,CLOSED,,WEB-SERVER-07,False
ALT-CSE-07-01764,CSE-07,LOW,2024-11-28T14:53:19,2024-11-28T14:54:27.863968,2024-11-28T15:20:12.556752,CLOSED,,FIREWALL-07,False
ALT-CSE-07-01765,CSE-07,HIGH,2024-12-27T17:07:29,2024-12-27T17:08:22.424057,2024-12-27T17:33:04.868239,CLOSED,,DB-SERVER-07,False
ALT-CSE-07-01766,CSE-07,LOW,2024-12-04T09:00:37,2024-12-04T09:01:18.957130,2024-12-04T09:12:49.672034,CLOSED,,ENDPOINT-07,False
ALT-CSE-07-01767,CSE-07,LOW,2024-10-10T07:05:38,2024-10-10T07:06:40.432386,2024-10-10T07:20:04.236505,CLOSED,,DB-SERVER-07,False
ALT-CSE-07-01768,CSE-07,MEDIUM,2024-10-10T18:32:30,2024-10-10T18:34:21.957855,2024-10-10T18:54:57.339289,CLOSED,,WEB-SERVER-07,False
ALT-CSE-07-01769,CSE-07,LOW,2024-11-13T11:55:43,2024-11-13T11:56:41.223014,2024-11-13T12:11:41.923515,CLOSED,,DB-SERVER-07,False
ALT-CSE-07-01770,CSE-07,MEDIUM,2024-11-18T03:32:41,2024-11-18T03:33:21.614422,2024-11-18T03:43:35.291098,CLOSED,,WEB-SERVER-07,False
ALT-CSE-07-01771,CSE-07,LOW,2024-12-03T07:40:23,2024-12-03T07:41:14.539866,2024-12-03T07:51:51.177505,CLOSED,,ENDPOINT-07,False
ALT-CSE-07-01772,CSE-07,HIGH,2024-11-18T23:18:20,2024-11-18T23:19:02.691048,2024-11-18T23:28:24.835398,CLOSED,,DB-SERVER-07,False
ALT-CSE-07-01773,CSE-07,LOW,2024-10-28T11:55:54,2024-10-28T11:57:50.978725,2024-10-28T12:19:35.641974,CLOSED,,ENDPOINT-07,False
ALT-CSE-07-01774,CSE-07,HIGH,2024-10-20T07:43:15,2024-10-20T07:43:57.373178,2024-10-20T08:10:00.308862,CLOSED,,DB-SERVER-07,False
ALT-CSE-07-01775,CSE-07,MEDIUM,2024-11-14T00:51:48,2024-11-14T00:52:48.917159,2024-11-14T01:15:54.116738,CLOSED,,ENDPOINT-07,False
ALT-CSE-07-01776,CSE-07,MEDIUM,2024-10-05T05:33:47,2024-10-05T05:35:00.398080,2024-10-05T05:52:19.939634,CLOSED,,DB-SERVER-07,False
ALT-CSE-07-01777,CSE-07,MEDIUM,2024-11-27T20:45:39,2024-11-27T20:46:44.431080,2024-11-27T21:04:07.446766,CLOSED,,WEB-SERVER-07,False
ALT-CSE-07-01778,CSE-07,HIGH,2024-11-27T00:30:28,2024-11-27T00:31:50.011392,2024-11-27T00:46:56.282721,CLOSED,,DB-SERVER-07,False
ALT-CSE-07-01779,CSE-07,LOW,2024-10-22T20:24:02,2024-10-22T20:24:47.694879,2024-10-22T20:40:09.540258,CLOSED,,DB-SERVER-07,False
ALT-CSE-07-01780,CSE-07,LOW,2024-10-19T08:18:50,2024-10-19T08:20:32.391080,2024-10-19T08:38:00.975567,CLOSED,,WEB-SERVER-07,False
ALT-CSE-07-01781,CSE-07,LOW,2024-11-15T14:37:28,2024-11-15T14:38:34.349540,2024-11-15T14:58:53.782797,CLOSED,,FIREWALL-07,False
ALT-CSE-07-01782,CSE-07,LOW,2024-12-07T06:09:03,2024-12-07T06:09:46.469549,2024-12-07T06:33:02.482641,CLOSED,,DB-SERVER-07,False
ALT-CSE-07-01783,CSE-07,MEDIUM,2024-10-16T13:51:28,2024-10-16T13:52:58.947321,2024-10-16T14:11:52.373727,CLOSED,,WEB-SERVER-07,False
ALT-CSE-07-01784,CSE-07,LOW,2024-11-03T16:20:55,2024-11-03T16:22:08.993019,2024-11-03T16:36:21.237727,CLOSED,,ENDPOINT-07,False
ALT-CSE-07-01785,CSE-07,LOW,2024-12-27T17:42:52,2024-12-27T17:43:55.942779,2024-12-27T18:08:29.747498,CLOSED,,FIREWALL-07,False
ALT-CSE-07-01786,CSE-07,MEDIUM,2024-10-02T15:50:50,2024-10-02T15:52:21.333540,2024-10-02T16:15:15.579465,CLOSED,,FIREWALL-07,False
ALT-CSE-07-01787,CSE-07,HIGH,2024-11-27T15:03:33,2024-11-27T15:05:11.402821,2024-11-27T15:27:46.368971,CLOSED,,DB-SERVER-07,False
ALT-CSE-07-01788,CSE-07,LOW,2024-10-28T11:19:04,2024-10-28T11:20:41.387881,2024-10-28T11:35:02.955446,CLOSED,,ENDPOINT-07,False
ALT-CSE-07-01789,CSE-07,MEDIUM,2024-12-17T05:37:42,2024-12-17T05:39:06.553996,2024-12-17T06:00:22.016139,CLOSED,,FIREWALL-07,False
ALT-CSE-07-01790,CSE-07,HIGH,2024-11-28T15:23:38,2024-11-28T15:25:29.684667,2024-11-28T15:37:32.045958,CLOSED,,ENDPOINT-07,False
ALT-CSE-07-01791,CSE-07,MEDIUM,2024-11-15T20:25:43,2024-11-15T20:27:42.279720,2024-11-15T20:42:41.518269,CLOSED,,DB-SERVER-07,False
ALT-CSE-07-01792,CSE-07,HIGH,2024-12-09T16:56:20,2024-12-09T16:58:02.802573,2024-12-09T17:21:33.671973,CLOSED,,ENDPOINT-07,False
ALT-CSE-07-01793,CSE-07,HIGH,2024-10-22T10:21:57,2024-10-22T10:23:50.038960,2024-10-22T10:41:06.979858,CLOSED,,ENDPOINT-07,False
ALT-CSE-07-01794,CSE-07,HIGH,2024-11-24T21:47:18,2024-11-24T21:48:54.971514,2024-11-24T22:03:34.000696,CLOSED,,FIREWALL-07,False
ALT-CSE-07-01795,CSE-07,HIGH,2024-10-10T15:20:04,2024-10-10T15:21:45.487322,2024-10-10T15:42:49.641555,CLOSED,CAS-CSE-07-0831,ENDPOINT-07,False
ALT-CSE-07-01796,CSE-07,LOW,2024-12-25T09:59:23,2024-12-25T10:00:59.079137,2024-12-25T10:10:47.562845,CLOSED,,ENDPOINT-07,False
ALT-CSE-07-01797,CSE-07,LOW,2024-11-04T15:48:05,2024-11-04T15:49:28.377729,2024-11-04T16:18:36.004121,CLOSED,,WEB-SERVER-07,False
ALT-CSE-07-01798,CSE-07,MEDIUM,2024-11-02T14:41:00,2024-11-02T14:42:36.486963,2024-11-02T14:57:45.026374,CLOSED,CAS-CSE-07-0832,DB-SERVER-07,False
ALT-CSE-07-01799,CSE-07,MEDIUM,2024-11-14T01:10:48,2024-11-14T01:11:32.643787,2024-11-14T01:27:39.823028,CLOSED,,FIREWALL-07,False
ALT-CSE-07-01800,CSE-07,MEDIUM,2024-10-10T11:07:16,2024-10-10T11:08:03.788220,2024-10-10T11:22:24.237230,CLOSED,,FIREWALL-07,False
ALT-CSE-07-01801,CSE-07,LOW,2024-12-25T20:21:05,2024-12-25T20:22:37.381891,2024-12-25T20:42:12.193975,CLOSED,,DB-SERVER-07,False
ALT-CSE-07-01802,CSE-07,LOW,2024-11-03T01:19:58,2024-11-03T01:21:54.907356,2024-11-03T01:34:34.403692,CLOSED,,ENDPOINT-07,False
ALT-CSE-07-01803,CSE-07,LOW,2024-11-22T05:51:46,2024-11-22T05:53:40.379309,2024-11-22T06:07:56.230110,CLOSED,,DB-SERVER-07,False
ALT-CSE-07-01804,CSE-07,HIGH,2024-11-19T23:17:15,2024-11-19T23:17:58.411166,2024-11-19T23:37:38.969434,CLOSED,,FIREWALL-07,False
ALT-CSE-07-01805,CSE-07,MEDIUM,2024-11-04T01:10:03,2024-11-04T01:11:02.711248,2024-11-04T01:35:34.344951,CLOSED,,WEB-SERVER-07,False
ALT-CSE-07-01806,CSE-07,MEDIUM,2024-11-16T13:54:09,2024-11-16T13:55:53.149256,2024-11-16T14:17:13.271940,CLOSED,,WEB-SERVER-07,False
ALT-CSE-07-01807,CSE-07,LOW,2024-12-04T05:14:03,2024-12-04T05:14:43.451831,2024-12-04T05:38:36.807124,CLOSED,,FIREWALL-07,False
ALT-CSE-07-01808,CSE-07,LOW,2024-11-09T05:59:22,2024-11-09T06:01:00.242962,2024-11-09T06:09:06.101138,CLOSED,,FIREWALL-07,False
ALT-CSE-07-01809,CSE-07,HIGH,2024-12-11T13:39:29,2024-12-11T13:40:14.780205,2024-12-11T13:54:21.607416,CLOSED,,ENDPOINT-07,False
ALT-CSE-07-01810,CSE-07,LOW,2024-10-18T07:45:19,2024-10-18T07:46:17.692570,2024-10-18T08:06:18.358748,CLOSED,CAS-CSE-07-0833,WEB-SERVER-07,False
ALT-CSE-07-01811,CSE-07,LOW,2024-11-10T05:23:27,2024-11-10T05:24:17.420430,2024-11-10T05:43:12.221326,CLOSED,,DB-SERVER-07,False
ALT-CSE-07-01812,CSE-07,LOW,2024-11-04T23:01:42,2024-11-04T23:03:27.184921,2024-11-04T23:14:13.059993,CLOSED,,DB-SERVER-07,False
ALT-CSE-07-01813,CSE-07,LOW,2024-10-18T08:33:43,2024-10-18T08:34:40.604074,2024-10-18T08:56:53.676623,CLOSED,,ENDPOINT-07,False
ALT-CSE-07-01814,CSE-07,MEDIUM,2024-10-05T08:30:24,2024-10-05T08:31:42.018283,2024-10-05T08:45:02.546787,CLOSED,,DB-SERVER-07,False
ALT-CSE-07-01815,CSE-07,LOW,2024-11-13T07:31:02,2024-11-13T07:32:10.511627,2024-11-13T07:50:38.879785,CLOSED,,ENDPOINT-07,False
ALT-CSE-07-01816,CSE-07,MEDIUM,2024-12-06T21:19:50,2024-12-06T21:20:28.417502,2024-12-06T21:42:14.863092,CLOSED,,DB-SERVER-07,False
ALT-CSE-07-01817,CSE-07,HIGH,2024-11-28T11:36:15,2024-11-28T11:38:09.381214,2024-11-28T11:53:52.219518,CLOSED,,FIREWALL-07,False
ALT-CSE-07-01818,CSE-07,LOW,2024-11-14T13:53:55,2024-11-14T13:55:21.624077,2024-11-14T14:22:27.955662,CLOSED,,WEB-SERVER-07,False
ALT-CSE-07-01819,CSE-07,MEDIUM,2024-10-14T22:06:43,2024-10-14T22:08:03.190965,2024-10-14T22:32:23.902973,CLOSED,,FIREWALL-07,False
ALT-CSE-07-01820,CSE-07,MEDIUM,2024-11-22T20:37:04,2024-11-22T20:37:47.353927,2024-11-22T21:08:35.598502,CLOSED,,FIREWALL-07,False
ALT-CSE-07-01821,CSE-07,LOW,2024-11-14T20:52:17,2024-11-14T20:53:40.218064,2024-11-14T21:04:21.433721,CLOSED,,FIREWALL-07,False
ALT-CSE-07-01822,CSE-07,MEDIUM,2024-11-07T21:10:08,2024-11-07T21:11:46.704258,2024-11-07T21:25:18.015976,CLOSED,,WEB-SERVER-07,False
ALT-CSE-07-01823,CSE-07,MEDIUM,2024-12-20T06:36:44,2024-12-20T06:38:27.371096,2024-12-20T06:56:10.267305,CLOSED,,ENDPOINT-07,False
ALT-CSE-07-01824,CSE-07,LOW,2024-11-28T17:30:29,2024-11-28T17:31:14.027224,2024-11-28T17:38:27.051930,CLOSED,,WEB-SERVER-07,False
ALT-CSE-07-01825,CSE-07,HIGH,2024-10-15T08:45:06,2024-10-15T08:46:30.310671,2024-10-15T08:59:58.140406,CLOSED,,FIREWALL-07,False
ALT-CSE-07-01826,CSE-07,LOW,2024-11-19T07:38:35,2024-11-19T07:39:28.327206,2024-11-19T08:05:10.101825,CLOSED,,WEB-SERVER-07,False
ALT-CSE-07-01827,CSE-07,LOW,2024-11-29T09:38:37,2024-11-29T09:39:45.903815,2024-11-29T09:56:46.664491,CLOSED,,ENDPOINT-07,False
ALT-CSE-07-01828,CSE-07,MEDIUM,2024-12-09T01:15:53,2024-12-09T01:17:51.479235,2024-12-09T01:33:47.009042,CLOSED,,DB-SERVER-07,False
ALT-CSE-07-01829,CSE-07,MEDIUM,2024-11-29T16:14:47,2024-11-29T16:16:15.508395,2024-11-29T16:31:25.987208,CLOSED,,FIREWALL-07,False
ALT-CSE-07-01830,CSE-07,HIGH,2024-10-04T06:03:29,2024-10-04T06:04:23.851877,2024-10-04T06:26:42.194865,CLOSED,,FIREWALL-07,False
ALT-CSE-07-01831,CSE-07,LOW,2024-10-23T14:13:24,2024-10-23T14:15:23.614348,2024-10-23T14:33:08.231807,CLOSED,,FIREWALL-07,False
ALT-CSE-07-01832,CSE-07,MEDIUM,2024-12-12T09:27:21,2024-12-12T09:28:04.983909,2024-12-12T09:51:18.373746,CLOSED,,WEB-SERVER-07,False
ALT-CSE-07-01833,CSE-07,HIGH,2024-10-23T20:35:30,2024-10-23T20:36:11.710452,2024-10-23T20:57:05.670194,CLOSED,,DB-SERVER-07,False
ALT-CSE-07-01834,CSE-07,HIGH,2024-12-04T21:32:02,2024-12-04T21:32:48.784661,2024-12-04T21:55:35.641255,CLOSED,,FIREWALL-07,False
ALT-CSE-07-01835,CSE-07,LOW,2024-12-26T10:55:30,2024-12-26T10:56:54.973149,2024-12-26T11:14:25.296728,CLOSED,,FIREWALL-07,False
ALT-CSE-07-01836,CSE-07,LOW,2024-12-28T12:12:04,2024-12-28T12:13:04.653632,2024-12-28T12:41:48.434336,CLOSED,,DB-SERVER-07,False
ALT-CSE-07-01837,CSE-07,MEDIUM,2024-10-04T13:20:03,2024-10-04T13:21:39.818783,2024-10-04T13:48:05.376142,CLOSED,,ENDPOINT-07,False
ALT-CSE-07-01838,CSE-07,HIGH,2024-11-13T07:17:41,2024-11-13T07:18:24.335742,2024-11-13T07:39:44.765932,CLOSED,,FIREWALL-07,False
ALT-CSE-07-01839,CSE-07,MEDIUM,2024-12-05T10:31:12,2024-12-05T10:31:49.446093,2024-12-05T10:42:53.312779,CLOSED,,FIREWALL-07,False
ALT-CSE-07-01840,CSE-07,LOW,2024-12-04T00:11:25,2024-12-04T00:12:35.877278,2024-12-04T00:29:34.106407,CLOSED,,ENDPOINT-07,False
ALT-CSE-07-01841,CSE-07,LOW,2024-11-13T23:42:35,2024-11-13T23:43:07.343104,2024-11-13T23:48:54.142320,CLOSED,,ENDPOINT-07,False
ALT-CSE-07-01842,CSE-07,LOW,2024-11-27T00:37:02,2024-11-27T00:38:46.497728,2024-11-27T00:55:22.106364,CLOSED,,ENDPOINT-07,False
ALT-CSE-07-01843,CSE-07,HIGH,2024-11-04T19:09:58,2024-11-04T19:10:38.135842,2024-11-04T19:33:23.247403,CLOSED,,DB-SERVER-07,False
ALT-CSE-07-01844,CSE-07,LOW,2024-10-28T02:37:01,2024-10-28T02:38:47.220535,2024-10-28T02:54:39.622159,CLOSED,,DB-SERVER-07,False
ALT-CSE-07-01845,CSE-07,LOW,2024-11-06T05:13:13,2024-11-06T05:15:11.499643,2024-11-06T05:36:57.731681,CLOSED,,FIREWALL-07,False
ALT-CSE-07-01846,CSE-07,LOW,2024-10-03T04:41:01,2024-10-03T04:41:33.099346,2024-10-03T05:08:42.751451,CLOSED,,ENDPOINT-07,False
ALT-CSE-07-01847,CSE-07,HIGH,2024-11-14T17:11:05,2024-11-14T17:12:23.984135,2024-11-14T17:27:32.181662,CLOSED,,FIREWALL-07,False
ALT-CSE-07-01848,CSE-07,HIGH,2024-12-20T10:57:48,2024-12-20T10:58:27.280457,2024-12-20T11:13:31.515280,CLOSED,,ENDPOINT-07,False
ALT-CSE-07-01849,CSE-07,MEDIUM,2024-11-24T22:13:41,2024-11-24T22:14:26.617800,2024-11-24T22:34:17.710671,CLOSED,,ENDPOINT-07,False
ALT-CSE-07-01850,CSE-07,HIGH,2024-10-11T03:36:33,2024-10-11T03:38:14.421844,2024-10-11T03:56:32.764009,CLOSED,,FIREWALL-07,False
ALT-CSE-07-01851,CSE-07,LOW,2024-11-25T23:59:13,2024-11-25T23:59:50.100771,2024-11-26T00:13:36.648040,CLOSED,,WEB-SERVER-07,False
ALT-CSE-07-01852,CSE-07,LOW,2024-10-26T10:25:57,2024-10-26T10:26:30.196522,2024-10-26T10:44:01.738403,CLOSED,,DB-SERVER-07,False
ALT-CSE-07-01853,CSE-07,MEDIUM,2024-11-10T05:13:49,2024-11-10T05:14:47.122889,2024-11-10T05:31:24.697513,CLOSED,,ENDPOINT-07,False
ALT-CSE-07-01854,CSE-07,LOW,2024-10-06T21:08:24,2024-10-06T21:09:35.405150,2024-10-06T21:30:38.882412,CLOSED,,DB-SERVER-07,False
ALT-CSE-07-01855,CSE-07,LOW,2024-10-31T05:28:51,2024-10-31T05:30:16.388766,2024-10-31T05:50:35.902845,CLOSED,,DB-SERVER-07,False
ALT-CSE-07-01856,CSE-07,MEDIUM,2024-12-24T21:35:32,2024-12-24T21:37:11.531988,2024-12-24T21:56:15.463243,CLOSED,,WEB-SERVER-07,False
ALT-CSE-07-01857,CSE-07,HIGH,2024-12-15T10:12:52,2024-12-15T10:14:06.715326,2024-12-15T10:20:35.496609,CLOSED,,FIREWALL-07,False
ALT-CSE-07-01858,CSE-07,MEDIUM,2024-12-25T14:11:34,2024-12-25T14:13:03.000708,2024-12-25T14:36:09.276794,CLOSED,,WEB-SERVER-07,False
ALT-CSE-07-01859,CSE-07,LOW,2024-10-10T04:51:54,2024-10-10T04:52:25.987295,2024-10-10T05:08:41.648640,CLOSED,,WEB-SERVER-07,False
ALT-CSE-07-01860,CSE-07,LOW,2024-10-14T21:20:50,2024-10-14T21:22:19.239776,2024-10-14T21:44:47.736052,CLOSED,,WEB-SERVER-07,False
ALT-CSE-07-01861,CSE-07,LOW,2024-11-20T17:57:29,2024-11-20T17:58:11.158315,2024-11-20T18:22:02.293911,CLOSED,,ENDPOINT-07,False
ALT-CSE-07-01862,CSE-07,MEDIUM,2024-12-10T18:11:24,2024-12-10T18:11:55.175815,2024-12-10T18:34:08.597379,CLOSED,,FIREWALL-07,False
ALT-CSE-07-01863,CSE-07,MEDIUM,2024-10-28T23:00:45,2024-10-28T23:02:01.029935,2024-10-28T23:20:38.644436,CLOSED,,WEB-SERVER-07,False
ALT-CSE-07-01864,CSE-07,MEDIUM,2024-12-29T00:40:56,2024-12-29T00:41:49.635956,2024-12-29T01:00:00.361899,CLOSED,,FIREWALL-07,False
ALT-CSE-07-01865,CSE-07,MEDIUM,2024-10-21T22:10:23,2024-10-21T22:12:10.280292,2024-10-21T22:28:44.738581,CLOSED,,ENDPOINT-07,False
ALT-CSE-07-01866,CSE-07,LOW,2024-11-25T01:54:18,2024-11-25T01:55:49.095220,2024-11-25T02:20:39.323256,CLOSED,,DB-SERVER-07,False
ALT-CSE-07-01867,CSE-07,MEDIUM,2024-12-29T19:52:34,2024-12-29T19:54:11.368519,2024-12-29T20:10:10.910990,CLOSED,,WEB-SERVER-07,False
ALT-CSE-07-01868,CSE-07,LOW,2024-12-24T19:34:13,2024-12-24T19:34:59.383371,2024-12-24T19:50:04.165334,CLOSED,,DB-SERVER-07,False
ALT-CSE-07-01869,CSE-07,HIGH,2024-11-24T06:37:25,2024-11-24T06:39:13.915924,2024-11-24T07:04:31.055445,CLOSED,,FIREWALL-07,False
ALT-CSE-07-01870,CSE-07,MEDIUM,2024-11-24T01:27:08,2024-11-24T01:28:05.366050,2024-11-24T01:51:05.797322,CLOSED,,ENDPOINT-07,False
ALT-CSE-07-01871,CSE-07,HIGH,2024-11-17T21:55:29,2024-11-17T21:56:31.245078,2024-11-17T22:18:56.204700,CLOSED,,DB-SERVER-07,False
ALT-CSE-07-01872,CSE-07,MEDIUM,2024-10-18T00:58:48,2024-10-18T00:59:51.581493,2024-10-18T01:18:40.718346,CLOSED,,WEB-SERVER-07,False
ALT-CSE-07-01873,CSE-07,MEDIUM,2024-12-06T08:19:27,2024-12-06T08:20:39.224179,2024-12-06T08:46:19.374573,CLOSED,,ENDPOINT-07,False
ALT-CSE-07-01874,CSE-07,MEDIUM,2024-11-09T05:51:57,2024-11-09T05:52:42.473779,2024-11-09T06:18:51.021663,CLOSED,,DB-SERVER-07,False
ALT-CSE-07-01875,CSE-07,MEDIUM,2024-11-12T17:17:41,2024-11-12T17:18:36.593351,2024-11-12T17:29:46.328641,CLOSED,,ENDPOINT-07,False
ALT-CSE-07-01876,CSE-07,HIGH,2024-12-27T13:36:39,2024-12-27T13:38:04.330221,2024-12-27T14:07:34.272003,CLOSED,CAS-CSE-07-0834,ENDPOINT-07,False
ALT-CSE-07-01877,CSE-07,HIGH,2024-11-27T14:41:01,2024-11-27T14:41:55.490682,2024-11-27T15:05:36.471647,CLOSED,,ENDPOINT-07,False
ALT-CSE-07-01878,CSE-07,HIGH,2024-12-01T09:56:44,2024-12-01T09:57:21.486221,2024-12-01T10:16:49.751388,CLOSED,,FIREWALL-07,False
ALT-CSE-07-01879,CSE-07,HIGH,2024-10-04T20:29:12,2024-10-04T20:30:54.519096,2024-10-04T20:44:13.177152,CLOSED,,ENDPOINT-07,False
ALT-CSE-07-01880,CSE-07,LOW,2024-10-14T12:10:58,2024-10-14T12:11:35.279439,2024-10-14T12:36:49.219249,CLOSED,,WEB-SERVER-07,False
ALT-CSE-07-01881,CSE-07,MEDIUM,2024-10-27T03:26:03,2024-10-27T03:26:41.270112,2024-10-27T03:46:12.726197,CLOSED,,FIREWALL-07,False
ALT-CSE-07-01882,CSE-07,LOW,2024-11-23T20:46:31,2024-11-23T20:48:24.755381,2024-11-23T21:03:28.566444,CLOSED,,ENDPOINT-07,False
ALT-CSE-07-01883,CSE-07,MEDIUM,2024-10-15T21:09:27,2024-10-15T21:11:21.563229,2024-10-15T21:22:56.798499,CLOSED,,DB-SERVER-07,False
ALT-CSE-07-01884,CSE-07,HIGH,2024-11-13T09:24:00,2024-11-13T09:25:34.998779,2024-11-13T09:32:27.468693,CLOSED,,DB-SERVER-07,False
ALT-CSE-07-01885,CSE-07,MEDIUM,2024-12-05T12:07:16,2024-12-05T12:08:08.913519,2024-12-05T12:33:19.123011,CLOSED,,DB-SERVER-07,False
ALT-CSE-07-01886,CSE-07,MEDIUM,2024-10-11T06:01:08,2024-10-11T06:02:10.511754,2024-10-11T06:18:09.562130,CLOSED,,DB-SERVER-07,False
ALT-CSE-07-01887,CSE-07,LOW,2024-11-29T19:13:26,2024-11-29T19:14:03.584570,2024-11-29T19:26:46.171157,CLOSED,,DB-SERVER-07,False
ALT-CSE-07-01888,CSE-07,LOW,2024-10-08T15:55:40,2024-10-08T15:56:34.053033,2024-10-08T16:16:24.704520,CLOSED,,ENDPOINT-07,False
ALT-CSE-07-01889,CSE-07,LOW,2024-10-02T07:14:16,2024-10-02T07:15:21.355877,2024-10-02T07:43:41.785321,CLOSED,,FIREWALL-07,False
ALT-CSE-07-01890,CSE-07,MEDIUM,2024-11-25T06:20:29,2024-11-25T06:22:10.635051,2024-11-25T06:37:07.117982,CLOSED,,ENDPOINT-07,False
ALT-CSE-07-01891,CSE-07,LOW,2024-12-09T14:12:17,2024-12-09T14:13:43.628681,2024-12-09T14:26:38.168778,CLOSED,,WEB-SERVER-07,False
ALT-CSE-07-01892,CSE-07,MEDIUM,2024-11-26T13:53:58,2024-11-26T13:55:22.813435,2024-11-26T14:14:14.022822,CLOSED,,FIREWALL-07,False
ALT-CSE-07-01893,CSE-07,MEDIUM,2024-12-19T01:47:27,2024-12-19T01:49:16.287832,2024-12-19T02:09:23.361820,CLOSED,,FIREWALL-07,False
ALT-CSE-07-01894,CSE-07,MEDIUM,2024-11-07T06:25:36,2024-11-07T06:27:13.773864,2024-11-07T06:50:59.793625,CLOSED,,ENDPOINT-07,False
ALT-CSE-07-01895,CSE-07,HIGH,2024-11-07T00:32:53,2024-11-07T00:33:36.271937,2024-11-07T00:58:32.385209,CLOSED,,ENDPOINT-07,False
ALT-CSE-07-01896,CSE-07,LOW,2024-10-15T05:40:07,2024-10-15T05:40:43.045932,2024-10-15T06:01:32.317326,CLOSED,,FIREWALL-07,False
ALT-CSE-07-01897,CSE-07,MEDIUM,2024-11-08T00:50:48,2024-11-08T00:52:21.410728,2024-11-08T01:07:30.943763,CLOSED,CAS-CSE-07-0835,DB-SERVER-07,False
ALT-CSE-07-01898,CSE-07,LOW,2024-10-10T14:29:16,2024-10-10T14:30:36.213713,2024-10-10T14:54:01.082169,CLOSED,,ENDPOINT-07,False
ALT-CSE-07-01899,CSE-07,MEDIUM,2024-11-15T03:56:24,2024-11-15T03:58:01.628334,2024-11-15T04:19:10.135053,CLOSED,,WEB-SERVER-07,False
ALT-CSE-07-01900,CSE-07,HIGH,2024-10-18T18:17:15,2024-10-18T18:18:24.262331,2024-10-18T18:34:26.936337,CLOSED,,WEB-SERVER-07,False
ALT-CSE-07-01901,CSE-07,MEDIUM,2024-10-31T09:04:01,2024-10-31T09:05:20.374953,2024-10-31T09:24:10.327985,CLOSED,,WEB-SERVER-07,False
ALT-CSE-07-01902,CSE-07,HIGH,2024-11-05T15:56:12,2024-11-05T15:58:01.964715,2024-11-05T16:23:07.709092,CLOSED,,WEB-SERVER-07,False
ALT-CSE-07-01903,CSE-07,MEDIUM,2024-12-09T06:19:45,2024-12-09T06:20:55.734890,2024-12-09T06:32:40.350720,CLOSED,CAS-CSE-07-0836,DB-SERVER-07,False
ALT-CSE-07-01904,CSE-07,MEDIUM,2024-10-27T20:19:35,2024-10-27T20:20:06.680968,2024-10-27T20:39:35.989415,CLOSED,,DB-SERVER-07,False
ALT-CSE-07-01905,CSE-07,LOW,2024-10-12T09:46:42,2024-10-12T09:47:32.918202,2024-10-12T10:13:14.404819,CLOSED,,ENDPOINT-07,False
ALT-CSE-07-01906,CSE-07,MEDIUM,2024-12-29T04:08:41,2024-12-29T04:09:43.986444,2024-12-29T04:27:19.717684,CLOSED,,DB-SERVER-07,False
ALT-CSE-07-01907,CSE-07,LOW,2024-12-08T20:44:01,2024-12-08T20:44:58.937040,2024-12-08T21:04:45.362505,CLOSED,,FIREWALL-07,False
ALT-CSE-07-01908,CSE-07,HIGH,2024-10-20T02:20:17,2024-10-20T02:21:34.692557,2024-10-20T02:43:56.183878,CLOSED,,ENDPOINT-07,False
ALT-CSE-07-01909,CSE-07,LOW,2024-12-17T14:25:15,2024-12-17T14:26:54.418743,2024-12-17T14:51:36.007355,CLOSED,,FIREWALL-07,False
ALT-CSE-07-01910,CSE-07,MEDIUM,2024-10-05T06:42:15,2024-10-05T06:43:43.978075,2024-10-05T07:00:35.057457,CLOSED,,ENDPOINT-07,False
ALT-CSE-07-01911,CSE-07,MEDIUM,2024-10-24T01:23:30,2024-10-24T01:24:54.211228,2024-10-24T01:47:03.867660,CLOSED,CAS-CSE-07-0837,WEB-SERVER-07,False
ALT-CSE-07-01912,CSE-07,MEDIUM,2024-10-12T19:55:16,2024-10-12T19:56:53.636291,2024-10-12T20:15:52.604411,CLOSED,,DB-SERVER-07,False
ALT-CSE-07-01913,CSE-07,HIGH,2024-11-15T03:59:23,2024-11-15T04:01:22.990226,2024-11-15T04:14:30.133580,CLOSED,,DB-SERVER-07,False
ALT-CSE-07-01914,CSE-07,HIGH,2024-10-12T13:42:29,2024-10-12T13:44:13.076354,2024-10-12T13:59:25.248339,CLOSED,,DB-SERVER-07,False
ALT-CSE-07-01915,CSE-07,LOW,2024-10-09T14:09:21,2024-10-09T14:09:55.531181,2024-10-09T14:41:27.110721,CLOSED,,DB-SERVER-07,False
ALT-CSE-07-01916,CSE-07,HIGH,2024-10-28T07:11:43,2024-10-28T07:12:38.694329,2024-10-28T07:31:52.684208,CLOSED,,WEB-SERVER-07,False
ALT-CSE-07-01917,CSE-07,HIGH,2024-10-02T11:05:24,2024-10-02T11:06:22.200579,2024-10-02T11:25:53.830116,CLOSED,,FIREWALL-07,False
ALT-CSE-07-01918,CSE-07,MEDIUM,2024-11-03T13:31:49,2024-11-03T13:32:50.355136,2024-11-03T13:53:36.078850,CLOSED,,FIREWALL-07,False
ALT-CSE-07-01919,CSE-07,MEDIUM,2024-11-04T14:43:10,2024-11-04T14:44:59.827341,2024-11-04T15:03:41.306562,CLOSED,,WEB-SERVER-07,False
ALT-CSE-07-01920,CSE-07,LOW,2024-12-12T02:44:01,2024-12-12T02:44:56.435867,2024-12-12T02:59:26.655894,CLOSED,,FIREWALL-07,False
ALT-CSE-07-01921,CSE-07,LOW,2024-12-11T08:34:31,2024-12-11T08:36:20.495010,2024-12-11T08:53:33.732763,CLOSED,,FIREWALL-07,False
ALT-CSE-07-01922,CSE-07,HIGH,2024-12-02T22:52:08,2024-12-02T22:53:58.693493,2024-12-02T23:15:51.899626,CLOSED,,ENDPOINT-07,False
ALT-CSE-07-01923,CSE-07,MEDIUM,2024-12-26T13:32:45,2024-12-26T13:33:40.823570,2024-12-26T13:50:36.959035,CLOSED,,DB-SERVER-07,False
ALT-CSE-07-01924,CSE-07,LOW,2024-11-24T08:36:39,2024-11-24T08:37:49.234060,2024-11-24T08:59:17.485907,CLOSED,,ENDPOINT-07,False
ALT-CSE-07-01925,CSE-07,MEDIUM,2024-11-19T16:24:38,2024-11-19T16:25:22.155172,2024-11-19T16:45:25.875752,CLOSED,,FIREWALL-07,False
ALT-CSE-07-01926,CSE-07,LOW,2024-11-28T15:30:36,2024-11-28T15:31:18.508886,2024-11-28T15:49:18.011954,CLOSED,,FIREWALL-07,False
ALT-CSE-07-01927,CSE-07,LOW,2024-10-28T06:17:24,2024-10-28T06:18:23.685551,2024-10-28T06:36:55.663420,CLOSED,,FIREWALL-07,False
ALT-CSE-07-01928,CSE-07,LOW,2024-11-11T13:29:46,2024-11-11T13:31:29.495863,2024-11-11T13:50:36.457475,CLOSED,,FIREWALL-07,False
ALT-CSE-07-01929,CSE-07,HIGH,2024-12-07T02:21:46,2024-12-07T02:22:23.701141,2024-12-07T02:37:37.906316,CLOSED,,FIREWALL-07,False
ALT-CSE-07-01930,CSE-07,LOW,2024-11-18T02:08:50,2024-11-18T02:09:50.854953,2024-11-18T02:33:08.145472,CLOSED,,FIREWALL-07,False
ALT-CSE-07-01931,CSE-07,LOW,2024-12-09T02:38:56,2024-12-09T02:39:41.198307,2024-12-09T02:57:16.195158,CLOSED,CAS-CSE-07-0838,FIREWALL-07,False
ALT-CSE-07-01932,CSE-07,HIGH,2024-12-29T00:25:36,2024-12-29T00:26:56.768210,2024-12-29T00:48:32.241730,CLOSED,,FIREWALL-07,False
ALT-CSE-07-01933,CSE-07,HIGH,2024-10-16T19:24:06,2024-10-16T19:25:22.284401,2024-10-16T19:39:13.925475,CLOSED,,WEB-SERVER-07,False
ALT-CSE-07-01934,CSE-07,LOW,2024-11-24T02:18:52,2024-11-24T02:20:16.622981,2024-11-24T02:34:24.360671,CLOSED,,ENDPOINT-07,False
ALT-CSE-07-01935,CSE-07,LOW,2024-12-14T23:28:03,2024-12-14T23:28:53.057592,2024-12-14T23:56:27.295071,CLOSED,,DB-SERVER-07,False
ALT-CSE-07-01936,CSE-07,MEDIUM,2024-12-15T13:43:14,2024-12-15T13:44:22.734668,2024-12-15T13:57:34.728501,CLOSED,,FIREWALL-07,False
ALT-CSE-07-01937,CSE-07,MEDIUM,2024-11-16T01:16:10,2024-11-16T01:16:43.696392,2024-11-16T01:41:27.815233,CLOSED,,WEB-SERVER-07,False
ALT-CSE-07-01938,CSE-07,MEDIUM,2024-12-17T18:55:17,2024-12-17T18:56:34.798214,2024-12-17T19:15:31.871764,CLOSED,,WEB-SERVER-07,False
ALT-CSE-07-01939,CSE-07,HIGH,2024-11-02T11:37:52,2024-11-02T11:39:14.899298,2024-11-02T11:41:56.937822,CLOSED,CAS-CSE-07-0839,WEB-SERVER-07,False
ALT-CSE-07-01940,CSE-07,MEDIUM,2024-10-14T05:27:18,2024-10-14T05:28:07.838721,2024-10-14T05:44:58.788470,CLOSED,,ENDPOINT-07,False
ALT-CSE-07-01941,CSE-07,HIGH,2024-11-24T08:23:17,2024-11-24T08:24:38.339268,2024-11-24T08:41:54.889200,CLOSED,,DB-SERVER-07,False
ALT-CSE-07-01942,CSE-07,LOW,2024-12-25T11:14:33,2024-12-25T11:16:16.187535,2024-12-25T11:45:25.247292,CLOSED,,ENDPOINT-07,False
ALT-CSE-07-01943,CSE-07,HIGH,2024-10-22T01:31:15,2024-10-22T01:32:26.455563,2024-10-22T01:53:26.159502,CLOSED,,ENDPOINT-07,False
ALT-CSE-07-01944,CSE-07,HIGH,2024-10-07T05:27:18,2024-10-07T05:29:08.153387,2024-10-07T05:48:30.053695,CLOSED,,WEB-SERVER-07,False
ALT-CSE-07-01945,CSE-07,MEDIUM,2024-10-19T19:06:33,2024-10-19T19:07:37.850014,2024-10-19T19:29:18.930414,CLOSED,,ENDPOINT-07,False
ALT-CSE-07-01946,CSE-07,LOW,2024-11-21T21:10:14,2024-11-21T21:11:28.465966,2024-11-21T21:42:51.634666,CLOSED,,ENDPOINT-07,False
ALT-CSE-07-01947,CSE-07,HIGH,2024-11-01T18:10:14,2024-11-01T18:12:00.021224,2024-11-01T18:30:46.425665,CLOSED,,WEB-SERVER-07,False
ALT-CSE-07-01948,CSE-07,MEDIUM,2024-11-28T09:54:52,2024-11-28T09:55:44.413784,2024-11-28T10:25:10.324744,CLOSED,,WEB-SERVER-07,False
ALT-CSE-07-01949,CSE-07,MEDIUM,2024-11-11T06:45:45,2024-11-11T06:46:40.271299,2024-11-11T07:01:25.265982,CLOSED,,WEB-SERVER-07,False
ALT-CSE-07-01950,CSE-07,HIGH,2024-12-06T02:57:15,2024-12-06T02:58:01.884544,2024-12-06T03:15:28.698712,CLOSED,CAS-CSE-07-0840,FIREWALL-07,False
ALT-CSE-07-01951,CSE-07,LOW,2024-11-08T05:05:27,2024-11-08T05:06:19.775145,2024-11-08T05:29:29.876951,CLOSED,,ENDPOINT-07,False
ALT-CSE-07-01952,CSE-07,MEDIUM,2024-12-18T21:25:50,2024-12-18T21:27:35.099436,2024-12-18T21:41:32.374212,CLOSED,,WEB-SERVER-07,False
ALT-CSE-07-01953,CSE-07,LOW,2024-10-19T20:05:58,2024-10-19T20:06:28.684592,2024-10-19T20:27:52.343597,CLOSED,,DB-SERVER-07,False
ALT-CSE-07-01954,CSE-07,MEDIUM,2024-12-15T18:27:12,2024-12-15T18:28:07.021452,2024-12-15T18:47:29.590456,CLOSED,,FIREWALL-07,False
ALT-CSE-07-01955,CSE-07,LOW,2024-11-07T20:03:54,2024-11-07T20:05:48.826479,2024-11-07T20:23:26.533510,CLOSED,,DB-SERVER-07,False
ALT-CSE-07-01956,CSE-07,LOW,2024-10-27T04:18:28,2024-10-27T04:19:32.594790,2024-10-27T04:38:50.899961,CLOSED,,FIREWALL-07,False
ALT-CSE-07-01957,CSE-07,MEDIUM,2024-11-17T17:11:46,2024-11-17T17:12:47.322470,2024-11-17T17:27:15.860423,CLOSED,,WEB-SERVER-07,False
ALT-CSE-07-01958,CSE-07,LOW,2024-12-24T07:17:58,2024-12-24T07:19:08.564741,2024-12-24T07:36:05.877498,CLOSED,,ENDPOINT-07,False
ALT-CSE-07-01959,CSE-07,LOW,2024-10-06T06:56:28,2024-10-06T06:58:01.185086,2024-10-06T07:27:16.383870,CLOSED,,DB-SERVER-07,False
ALT-CSE-07-01960,CSE-07,LOW,2024-12-07T13:41:11,2024-12-07T13:42:55.057465,2024-12-07T13:55:43.378466,CLOSED,,DB-SERVER-07,False
ALT-CSE-07-01961,CSE-07,MEDIUM,2024-10-19T02:48:21,2024-10-19T02:49:04.383353,2024-10-19T03:17:43.561733,CLOSED,,WEB-SERVER-07,False
ALT-CSE-07-01962,CSE-07,HIGH,2024-12-21T23:10:09,2024-12-21T23:11:18.835135,2024-12-21T23:35:23.009383,CLOSED,,FIREWALL-07,False
ALT-CSE-07-01963,CSE-07,MEDIUM,2024-10-10T19:35:26,2024-10-10T19:35:58.459453,2024-10-10T19:52:58.504373,CLOSED,,DB-SERVER-07,False
ALT-CSE-07-01964,CSE-07,HIGH,2024-12-25T07:57:50,2024-12-25T07:59:45.687057,2024-12-25T08:22:07.620287,CLOSED,,WEB-SERVER-07,False
ALT-CSE-07-01965,CSE-07,LOW,2024-11-12T00:53:14,2024-11-12T00:55:06.771782,2024-11-12T01:03:14.729766,CLOSED,,ENDPOINT-07,False
ALT-CSE-07-01966,CSE-07,LOW,2024-12-08T11:56:27,2024-12-08T11:57:34.197668,2024-12-08T12:16:24.814392,CLOSED,,ENDPOINT-07,False
ALT-CSE-07-01967,CSE-07,LOW,2024-11-07T20:32:37,2024-11-07T20:33:25.076817,2024-11-07T21:00:49.094295,CLOSED,,FIREWALL-07,False
ALT-CSE-07-01968,CSE-07,MEDIUM,2024-11-11T23:56:01,2024-11-11T23:56:45.673139,2024-11-12T00:22:41.612855,CLOSED,,ENDPOINT-07,False
ALT-CSE-07-01969,CSE-07,MEDIUM,2024-11-28T12:59:42,2024-11-28T13:01:24.156313,2024-11-28T13:20:06.028626,CLOSED,CAS-CSE-07-0841,ENDPOINT-07,False
ALT-CSE-07-01970,CSE-07,HIGH,2024-12-15T05:08:17,2024-12-15T05:09:08.431551,2024-12-15T05:31:46.596140,CLOSED,,ENDPOINT-07,False
ALT-CSE-07-01971,CSE-07,HIGH,2024-11-21T15:56:09,2024-11-21T15:56:41.644832,2024-11-21T16:04:24.357437,CLOSED,,FIREWALL-07,False
ALT-CSE-07-01972,CSE-07,HIGH,2024-10-18T08:22:54,2024-10-18T08:23:43.079762,2024-10-18T08:35:59.792778,CLOSED,,FIREWALL-07,False
ALT-CSE-07-01973,CSE-07,HIGH,2024-12-17T02:48:22,2024-12-17T02:50:08.014706,2024-12-17T03:10:14.168226,CLOSED,,ENDPOINT-07,False
ALT-CSE-07-01974,CSE-07,HIGH,2024-11-17T02:44:45,2024-11-17T02:45:54.582340,2024-11-17T03:04:01.853158,CLOSED,,WEB-SERVER-07,False
ALT-CSE-07-01975,CSE-07,MEDIUM,2024-10-24T18:53:36,2024-10-24T18:55:30.912078,2024-10-24T19:16:46.728478,CLOSED,,DB-SERVER-07,False
ALT-CSE-07-01976,CSE-07,LOW,2024-10-26T10:16:29,2024-10-26T10:17:08.496284,2024-10-26T10:33:39.544354,CLOSED,,ENDPOINT-07,False
ALT-CSE-07-01977,CSE-07,MEDIUM,2024-10-29T15:51:26,2024-10-29T15:52:15.197445,2024-10-29T16:08:05.922297,CLOSED,,DB-SERVER-07,False
ALT-CSE-07-01978,CSE-07,MEDIUM,2024-10-12T02:45:24,2024-10-12T02:47:04.526447,2024-10-12T03:01:30.295652,CLOSED,,DB-SERVER-07,False
ALT-CSE-07-01979,CSE-07,LOW,2024-10-16T14:47:29,2024-10-16T14:49:06.849890,2024-10-16T15:08:05.519135,CLOSED,,FIREWALL-07,False
ALT-CSE-07-01980,CSE-07,LOW,2024-10-14T08:55:14,2024-10-14T08:56:56.947660,2024-10-14T09:13:22.958313,CLOSED,,DB-SERVER-07,False
ALT-CSE-07-01981,CSE-07,HIGH,2024-11-27T16:37:58,2024-11-27T16:39:31.966645,2024-11-27T16:48:55.318399,CLOSED,,WEB-SERVER-07,False
ALT-CSE-07-01982,CSE-07,MEDIUM,2024-11-14T04:59:57,2024-11-14T05:00:34.667814,2024-11-14T05:17:43.934164,CLOSED,,ENDPOINT-07,False
ALT-CSE-07-01983,CSE-07,LOW,2024-10-23T23:11:37,2024-10-23T23:12:43.409372,2024-10-23T23:30:46.178063,CLOSED,,DB-SERVER-07,False
ALT-CSE-07-01984,CSE-07,MEDIUM,2024-10-28T22:18:03,2024-10-28T22:19:55.637872,2024-10-28T22:32:20.755013,CLOSED,,DB-SERVER-07,False
ALT-CSE-07-01985,CSE-07,LOW,2024-12-13T06:00:58,2024-12-13T06:01:56.041783,2024-12-13T06:17:43.782760,CLOSED,,ENDPOINT-07,False
ALT-CSE-07-01986,CSE-07,LOW,2024-11-10T03:57:02,2024-11-10T03:58:05.197448,2024-11-10T04:14:29.084017,CLOSED,,FIREWALL-07,False
ALT-CSE-07-01987,CSE-07,HIGH,2024-10-27T02:42:15,2024-10-27T02:43:29.009707,2024-10-27T03:04:25.948034,CLOSED,,ENDPOINT-07,False
ALT-CSE-07-01988,CSE-07,LOW,2024-10-19T10:27:20,2024-10-19T10:27:50.346836,2024-10-19T10:48:42.424242,CLOSED,,WEB-SERVER-07,False
ALT-CSE-07-01989,CSE-07,LOW,2024-12-17T17:47:51,2024-12-17T17:49:24.843798,2024-12-17T18:03:41.578665,CLOSED,,ENDPOINT-07,False
ALT-CSE-07-01990,CSE-07,LOW,2024-12-29T14:53:27,2024-12-29T14:54:21.778141,2024-12-29T15:18:13.622192,CLOSED,,ENDPOINT-07,False
ALT-CSE-07-01991,CSE-07,HIGH,2024-10-28T00:12:40,2024-10-28T00:13:45.120476,2024-10-28T00:29:09.085213,CLOSED,,FIREWALL-07,False
ALT-CSE-07-01992,CSE-07,MEDIUM,2024-12-08T00:05:46,2024-12-08T00:06:19.551002,2024-12-08T00:23:24.691165,CLOSED,,ENDPOINT-07,False
ALT-CSE-07-01993,CSE-07,LOW,2024-11-24T12:00:25,2024-11-24T12:02:15.587702,2024-11-24T12:16:01.289000,CLOSED,,FIREWALL-07,False
ALT-CSE-07-01994,CSE-07,HIGH,2024-11-11T15:15:21,2024-11-11T15:16:05.533831,2024-11-11T15:32:36.817876,CLOSED,,WEB-SERVER-07,False
ALT-CSE-07-01995,CSE-07,MEDIUM,2024-10-31T19:55:26,2024-10-31T19:56:17.941090,2024-10-31T20:19:07.354835,CLOSED,,ENDPOINT-07,False
ALT-CSE-07-01996,CSE-07,LOW,2024-11-19T13:03:29,2024-11-19T13:05:06.455997,2024-11-19T13:19:16.841277,CLOSED,,ENDPOINT-07,False
ALT-CSE-07-01997,CSE-07,HIGH,2024-12-15T03:32:13,2024-12-15T03:33:19.653256,2024-12-15T03:56:39.572019,CLOSED,,ENDPOINT-07,False
ALT-CSE-07-01998,CSE-07,HIGH,2024-10-06T03:32:45,2024-10-06T03:33:28.671777,2024-10-06T03:44:41.210639,CLOSED,,ENDPOINT-07,False
ALT-CSE-07-01999,CSE-07,LOW,2024-10-29T11:00:43,2024-10-29T11:01:49.705219,2024-10-29T11:15:55.918296,CLOSED,,WEB-SERVER-07,False
ALT-CSE-07-02000,CSE-07,HIGH,2024-11-21T15:43:51,2024-11-21T15:44:34.334533,2024-11-21T16:09:40.431520,CLOSED,,ENDPOINT-07,False
ALT-CSE-07-02001,CSE-07,MEDIUM,2024-11-30T18:31:27,2024-11-30T18:32:51.349892,2024-11-30T18:51:29.520983,CLOSED,,ENDPOINT-07,False
ALT-CSE-07-02002,CSE-07,LOW,2024-10-10T02:15:05,2024-10-10T02:16:35.616872,2024-10-10T02:26:56.784566,CLOSED,,FIREWALL-07,False
ALT-CSE-07-02003,CSE-07,LOW,2024-10-17T17:32:09,2024-10-17T17:33:29.653889,2024-10-17T17:55:50.168527,CLOSED,,WEB-SERVER-07,False
ALT-CSE-07-02004,CSE-07,HIGH,2024-10-16T23:56:02,2024-10-16T23:56:59.838437,2024-10-17T00:16:27.022089,CLOSED,,FIREWALL-07,False
ALT-CSE-07-02005,CSE-07,HIGH,2024-10-17T15:10:35,2024-10-17T15:12:07.360016,2024-10-17T15:28:12.637954,CLOSED,,FIREWALL-07,False
ALT-CSE-07-02006,CSE-07,MEDIUM,2024-12-16T13:28:03,2024-12-16T13:29:15.585400,2024-12-16T13:48:13.019076,CLOSED,,WEB-SERVER-07,False
ALT-CSE-07-02007,CSE-07,LOW,2024-11-22T06:55:33,2024-11-22T06:56:21.690375,2024-11-22T07:05:05.505629,CLOSED,,DB-SERVER-07,False
ALT-CSE-07-02008,CSE-07,MEDIUM,2024-12-01T04:07:48,2024-12-01T04:09:24.736687,2024-12-01T04:22:48.299956,CLOSED,CAS-CSE-07-0842,DB-SERVER-07,False
ALT-CSE-07-02009,CSE-07,LOW,2024-11-24T16:01:35,2024-11-24T16:03:24.871851,2024-11-24T16:20:43.938506,CLOSED,,WEB-SERVER-07,False
ALT-CSE-07-02010,CSE-07,HIGH,2024-12-21T03:05:29,2024-12-21T03:06:34.044885,2024-12-21T03:24:02.326786,CLOSED,,WEB-SERVER-07,False
ALT-CSE-07-02011,CSE-07,MEDIUM,2024-11-04T15:09:19,2024-11-04T15:10:53.746395,2024-11-04T15:19:56.638545,CLOSED,CAS-CSE-07-0843,DB-SERVER-07,False
ALT-CSE-07-02012,CSE-07,HIGH,2024-10-13T05:43:41,2024-10-13T05:44:58.677342,2024-10-13T05:56:18.722863,CLOSED,,DB-SERVER-07,False
ALT-CSE-07-02013,CSE-07,HIGH,2024-10-11T02:46:47,2024-10-11T02:47:23.700656,2024-10-11T02:59:32.754298,CLOSED,,ENDPOINT-07,False
ALT-CSE-07-02014,CSE-07,MEDIUM,2024-10-31T19:45:32,2024-10-31T19:47:18.760058,2024-10-31T20:08:07.519781,CLOSED,,DB-SERVER-07,False
ALT-CSE-07-02015,CSE-07,MEDIUM,2024-10-02T01:41:33,2024-10-02T01:42:49.379622,2024-10-02T02:01:10.166680,CLOSED,,FIREWALL-07,False
ALT-CSE-07-02016,CSE-07,MEDIUM,2024-12-21T07:45:27,2024-12-21T07:46:52.662923,2024-12-21T08:06:48.143990,CLOSED,,FIREWALL-07,False
ALT-CSE-07-02017,CSE-07,MEDIUM,2024-11-28T21:55:27,2024-11-28T21:56:10.299023,2024-11-28T22:26:21.198017,CLOSED,,DB-SERVER-07,False
ALT-CSE-07-02018,CSE-07,MEDIUM,2024-10-26T04:19:15,2024-10-26T04:21:08.212639,2024-10-26T04:34:49.205269,CLOSED,,FIREWALL-07,False
ALT-CSE-07-02019,CSE-07,MEDIUM,2024-11-25T01:24:46,2024-11-25T01:26:12.333871,2024-11-25T01:47:01.203719,CLOSED,,DB-SERVER-07,False
ALT-CSE-07-02020,CSE-07,LOW,2024-10-10T12:29:32,2024-10-10T12:31:30.206660,2024-10-10T12:44:40.582961,CLOSED,,WEB-SERVER-07,False
ALT-CSE-07-02021,CSE-07,MEDIUM,2024-10-22T23:24:30,2024-10-22T23:25:37.775287,2024-10-22T23:39:23.228023,CLOSED,,ENDPOINT-07,False
ALT-CSE-07-02022,CSE-07,LOW,2024-12-17T02:00:59,2024-12-17T02:02:45.527728,2024-12-17T02:27:59.778295,CLOSED,,WEB-SERVER-07,False
ALT-CSE-07-02023,CSE-07,HIGH,2024-12-01T21:27:15,2024-12-01T21:28:03.051871,2024-12-01T21:45:42.873538,CLOSED,,DB-SERVER-07,False
ALT-CSE-07-02024,CSE-07,LOW,2024-12-02T19:32:07,2024-12-02T19:33:38.923274,2024-12-02T19:48:43.128635,CLOSED,,DB-SERVER-07,False
ALT-CSE-07-02025,CSE-07,LOW,2024-11-03T15:29:08,2024-11-03T15:29:57.471139,2024-11-03T15:44:59.242104,CLOSED,,DB-SERVER-07,False
ALT-CSE-07-02026,CSE-07,MEDIUM,2024-11-07T18:29:36,2024-11-07T18:31:12.638043,2024-11-07T18:50:14.123246,CLOSED,,FIREWALL-07,False
ALT-CSE-07-02027,CSE-07,HIGH,2024-10-23T22:05:44,2024-10-23T22:06:32.865994,2024-10-23T22:22:45.424855,CLOSED,,DB-SERVER-07,False
ALT-CSE-07-02028,CSE-07,HIGH,2024-11-23T06:08:41,2024-11-23T06:09:23.713054,2024-11-23T06:21:29.423953,CLOSED,CAS-CSE-07-0844,WEB-SERVER-07,False
ALT-CSE-07-02029,CSE-07,HIGH,2024-10-16T11:18:49,2024-10-16T11:20:34.292671,2024-10-16T11:37:52.812124,CLOSED,,DB-SERVER-07,False
ALT-CSE-07-02030,CSE-07,HIGH,2024-10-13T22:10:35,2024-10-13T22:11:25.961045,2024-10-13T22:27:47.183399,CLOSED,,WEB-SERVER-07,False
ALT-CSE-07-02031,CSE-07,HIGH,2024-11-24T15:27:48,2024-11-24T15:29:22.733306,2024-11-24T15:52:34.450249,CLOSED,,WEB-SERVER-07,False
ALT-CSE-07-02032,CSE-07,HIGH,2024-10-08T21:51:49,2024-10-08T21:52:29.373528,2024-10-08T22:08:43.184657,CLOSED,,FIREWALL-07,False
ALT-CSE-07-02033,CSE-07,LOW,2024-10-16T04:03:45,2024-10-16T04:04:23.213700,2024-10-16T04:24:37.413498,CLOSED,,WEB-SERVER-07,False
ALT-CSE-07-02034,CSE-07,MEDIUM,2024-10-06T17:28:34,2024-10-06T17:29:12.515241,2024-10-06T17:54:16.076693,CLOSED,,FIREWALL-07,False
ALT-CSE-07-02035,CSE-07,MEDIUM,2024-12-14T00:24:43,2024-12-14T00:25:46.729310,2024-12-14T00:46:18.695536,CLOSED,,ENDPOINT-07,False
ALT-CSE-07-02036,CSE-07,HIGH,2024-12-01T21:19:19,2024-12-01T21:20:37.351888,2024-12-01T21:34:19.697115,CLOSED,CAS-CSE-07-0845,DB-SERVER-07,False
ALT-CSE-07-02037,CSE-07,HIGH,2024-10-09T11:09:18,2024-10-09T11:11:05.722462,2024-10-09T11:23:41.586740,CLOSED,,ENDPOINT-07,False
ALT-CSE-07-02038,CSE-07,MEDIUM,2024-10-24T05:44:04,2024-10-24T05:45:36.061904,2024-10-24T06:11:04.504194,CLOSED,,DB-SERVER-07,False
ALT-CSE-07-02039,CSE-07,MEDIUM,2024-12-06T12:13:23,2024-12-06T12:14:09.060579,2024-12-06T12:33:31.127175,CLOSED,,ENDPOINT-07,False
ALT-CSE-07-02040,CSE-07,MEDIUM,2024-11-18T13:12:49,2024-11-18T13:13:19.968504,2024-11-18T13:31:30.972235,CLOSED,,ENDPOINT-07,False
ALT-CSE-07-02041,CSE-07,LOW,2024-10-23T23:44:51,2024-10-23T23:46:07.885838,2024-10-24T00:15:28.715617,CLOSED,,WEB-SERVER-07,False
ALT-CSE-07-02042,CSE-07,HIGH,2024-11-16T17:47:10,2024-11-16T17:48:08.657467,2024-11-16T18:05:34.227005,CLOSED,,ENDPOINT-07,False
ALT-CSE-07-02043,CSE-07,LOW,2024-10-06T14:57:03,2024-10-06T14:57:51.159623,2024-10-06T15:22:16.243748,CLOSED,,ENDPOINT-07,False
ALT-CSE-07-02044,CSE-07,MEDIUM,2024-12-25T02:50:10,2024-12-25T02:51:47.147343,2024-12-25T03:14:47.647969,CLOSED,,ENDPOINT-07,False
ALT-CSE-07-02045,CSE-07,MEDIUM,2024-12-20T02:49:17,2024-12-20T02:50:22.570562,2024-12-20T03:04:27.317583,CLOSED,,DB-SERVER-07,False
ALT-CSE-07-02046,CSE-07,LOW,2024-10-05T20:39:20,2024-10-05T20:41:12.171180,2024-10-05T20:58:20.585313,CLOSED,,DB-SERVER-07,False
ALT-CSE-07-02047,CSE-07,LOW,2024-10-30T14:35:50,2024-10-30T14:37:08.755186,2024-10-30T14:53:34.438594,CLOSED,CAS-CSE-07-0846,WEB-SERVER-07,False
ALT-CSE-07-02048,CSE-07,MEDIUM,2024-10-25T17:52:26,2024-10-25T17:53:40.877970,2024-10-25T18:07:29.472464,CLOSED,,FIREWALL-07,False
ALT-CSE-07-02049,CSE-07,HIGH,2024-11-11T08:03:09,2024-11-11T08:04:37.430576,2024-11-11T08:15:54.135846,CLOSED,,DB-SERVER-07,False
ALT-CSE-07-02050,CSE-07,MEDIUM,2024-11-09T03:41:27,2024-11-09T03:42:41.354179,2024-11-09T03:57:40.000715,CLOSED,,WEB-SERVER-07,False
ALT-CSE-07-02051,CSE-07,LOW,2024-10-11T05:20:52,2024-10-11T05:21:46.648297,2024-10-11T05:40:38.360365,CLOSED,,ENDPOINT-07,False
ALT-CSE-07-02052,CSE-07,LOW,2024-12-22T01:37:36,2024-12-22T01:38:12.534833,2024-12-22T01:54:28.708967,CLOSED,,WEB-SERVER-07,False
ALT-CSE-07-02053,CSE-07,HIGH,2024-10-07T03:41:38,2024-10-07T03:43:26.283183,2024-10-07T04:05:09.247218,CLOSED,,FIREWALL-07,False
ALT-CSE-07-02054,CSE-07,LOW,2024-11-21T01:42:43,2024-11-21T01:43:23.742967,2024-11-21T01:56:27.499530,CLOSED,,WEB-SERVER-07,False
ALT-CSE-07-02055,CSE-07,LOW,2024-11-30T14:59:24,2024-11-30T15:01:09.734058,2024-11-30T15:10:40.927866,CLOSED,,DB-SERVER-07,False
ALT-CSE-07-02056,CSE-07,LOW,2024-10-31T00:30:31,2024-10-31T00:31:59.941947,2024-10-31T00:43:55.848671,CLOSED,,DB-SERVER-07,False
ALT-CSE-07-02057,CSE-07,LOW,2024-11-08T20:02:57,2024-11-08T20:04:35.907848,2024-11-08T20:22:50.523586,CLOSED,,ENDPOINT-07,False
ALT-CSE-07-02058,CSE-07,HIGH,2024-10-26T07:18:36,2024-10-26T07:20:17.791351,2024-10-26T07:32:30.956207,CLOSED,,FIREWALL-07,False
ALT-CSE-07-02059,CSE-07,MEDIUM,2024-10-10T16:48:06,2024-10-10T16:49:26.586001,2024-10-10T16:59:24.044436,CLOSED,,DB-SERVER-07,False
ALT-CSE-07-02060,CSE-07,HIGH,2024-10-25T20:53:32,2024-10-25T20:54:46.449882,2024-10-25T21:11:31.979638,CLOSED,,DB-SERVER-07,False
ALT-CSE-07-02061,CSE-07,LOW,2024-12-17T10:53:49,2024-12-17T10:54:20.121898,2024-12-17T11:16:58.611729,CLOSED,,FIREWALL-07,False
ALT-CSE-07-02062,CSE-07,HIGH,2024-10-13T14:40:57,2024-10-13T14:41:57.738841,2024-10-13T15:06:23.995262,CLOSED,,ENDPOINT-07,False
ALT-CSE-07-02063,CSE-07,MEDIUM,2024-10-27T09:27:32,2024-10-27T09:28:10.086866,2024-10-27T09:48:18.225943,CLOSED,,DB-SERVER-07,False
ALT-CSE-07-02064,CSE-07,HIGH,2024-12-18T02:23:19,2024-12-18T02:24:59.803447,2024-12-18T02:41:52.105687,CLOSED,,ENDPOINT-07,False
ALT-CSE-07-02065,CSE-07,HIGH,2024-10-24T07:54:33,2024-10-24T07:55:47.523641,2024-10-24T08:09:21.817635,CLOSED,,FIREWALL-07,False
ALT-CSE-07-02066,CSE-07,MEDIUM,2024-12-17T05:09:11,2024-12-17T05:10:37.446045,2024-12-17T05:40:41.929223,CLOSED,,ENDPOINT-07,False
ALT-CSE-07-02067,CSE-07,HIGH,2024-12-07T03:34:03,2024-12-07T03:35:48.752083,2024-12-07T03:59:03.445453,CLOSED,,DB-SERVER-07,False
ALT-CSE-07-02068,CSE-07,MEDIUM,2024-12-13T03:37:21,2024-12-13T03:37:57.209752,2024-12-13T03:48:58.793455,CLOSED,,ENDPOINT-07,False
ALT-CSE-07-02069,CSE-07,MEDIUM,2024-10-31T23:18:26,2024-10-31T23:19:22.305081,2024-10-31T23:41:21.989514,CLOSED,,WEB-SERVER-07,False
ALT-CSE-07-02070,CSE-07,MEDIUM,2024-12-26T21:44:04,2024-12-26T21:45:30.579662,2024-12-26T22:08:58.186642,CLOSED,,ENDPOINT-07,False
ALT-CSE-07-02071,CSE-07,LOW,2024-11-11T08:58:29,2024-11-11T09:00:02.605084,2024-11-11T09:16:35.285386,CLOSED,,WEB-SERVER-07,False
ALT-CSE-07-02072,CSE-07,LOW,2024-12-02T02:41:42,2024-12-02T02:43:39.506576,2024-12-02T03:06:26.162894,CLOSED,,WEB-SERVER-07,False
ALT-CSE-07-02073,CSE-07,HIGH,2024-11-29T21:22:20,2024-11-29T21:24:14.310829,2024-11-29T21:51:25.051601,CLOSED,,ENDPOINT-07,False
ALT-CSE-07-02074,CSE-07,MEDIUM,2024-12-15T02:03:58,2024-12-15T02:05:05.832327,2024-12-15T02:24:05.694858,CLOSED,,FIREWALL-07,False
ALT-CSE-07-02075,CSE-07,HIGH,2024-10-07T03:32:02,2024-10-07T03:32:44.692227,2024-10-07T03:46:01.209401,CLOSED,,WEB-SERVER-07,False
ALT-CSE-07-02076,CSE-07,MEDIUM,2024-11-15T18:55:12,2024-11-15T18:56:49.298031,2024-11-15T19:14:46.251926,CLOSED,CAS-CSE-07-0847,DB-SERVER-07,False
ALT-CSE-07-02077,CSE-07,LOW,2024-10-14T14:05:03,2024-10-14T14:05:53.400391,2024-10-14T14:17:59.131319,CLOSED,,ENDPOINT-07,False
ALT-CSE-07-02078,CSE-07,HIGH,2024-12-20T11:39:18,2024-12-20T11:40:25.580989,2024-12-20T12:02:17.169173,CLOSED,,DB-SERVER-07,False
ALT-CSE-07-02079,CSE-07,HIGH,2024-10-13T02:49:54,2024-10-13T02:51:10.650864,2024-10-13T03:15:50.650146,CLOSED,,WEB-SERVER-07,False
ALT-CSE-07-02080,CSE-07,MEDIUM,2024-12-04T06:06:36,2024-12-04T06:07:29.491829,2024-12-04T06:44:48.271964,CLOSED,,FIREWALL-07,False
ALT-CSE-07-02081,CSE-07,LOW,2024-11-11T07:38:41,2024-11-11T07:40:09.549605,2024-11-11T08:01:38.570751,CLOSED,,FIREWALL-07,False
ALT-CSE-07-02082,CSE-07,MEDIUM,2024-11-09T09:02:41,2024-11-09T09:03:23.461190,2024-11-09T09:22:00.661957,CLOSED,CAS-CSE-07-0848,ENDPOINT-07,False
ALT-CSE-07-02083,CSE-07,MEDIUM,2024-12-20T00:43:36,2024-12-20T00:44:09.492552,2024-12-20T01:04:00.704476,CLOSED,,DB-SERVER-07,False
ALT-CSE-07-02084,CSE-07,MEDIUM,2024-11-07T19:38:50,2024-11-07T19:39:47.650556,2024-11-07T20:00:46.252068,CLOSED,,DB-SERVER-07,False
ALT-CSE-07-02085,CSE-07,LOW,2024-12-06T15:12:47,2024-12-06T15:14:28.505331,2024-12-06T15:37:31.807212,CLOSED,,FIREWALL-07,False
ALT-CSE-07-02086,CSE-07,LOW,2024-11-08T04:03:59,2024-11-08T04:04:41.296631,2024-11-08T04:23:38.179885,CLOSED,,ENDPOINT-07,False
ALT-CSE-07-02087,CSE-07,HIGH,2024-10-25T08:43:41,2024-10-25T08:45:08.052875,2024-10-25T09:03:16.994522,CLOSED,,FIREWALL-07,False
ALT-CSE-07-02088,CSE-07,LOW,2024-10-06T14:39:38,2024-10-06T14:41:19.973236,2024-10-06T15:07:14.157346,CLOSED,,ENDPOINT-07,False
ALT-CSE-07-02089,CSE-07,LOW,2024-12-09T23:57:14,2024-12-09T23:58:35.866100,2024-12-10T00:13:03.053703,CLOSED,,DB-SERVER-07,False
ALT-CSE-07-02090,CSE-07,LOW,2024-11-17T03:50:46,2024-11-17T03:52:09.366355,2024-11-17T04:10:20.073338,CLOSED,,FIREWALL-07,False
ALT-CSE-07-02091,CSE-07,LOW,2024-10-16T02:57:41,2024-10-16T02:59:03.225481,2024-10-16T03:11:12.862856,CLOSED,,DB-SERVER-07,False
ALT-CSE-07-02092,CSE-07,HIGH,2024-10-15T01:59:04,2024-10-15T01:59:47.499227,2024-10-15T02:14:45.940893,CLOSED,,DB-SERVER-07,False
ALT-CSE-07-02093,CSE-07,LOW,2024-12-04T21:42:57,2024-12-04T21:43:43.437882,2024-12-04T21:52:54.314445,CLOSED,,WEB-SERVER-07,False
ALT-CSE-07-02094,CSE-07,LOW,2024-11-19T13:29:25,2024-11-19T13:30:56.303919,2024-11-19T13:54:47.529956,CLOSED,,ENDPOINT-07,False
ALT-CSE-07-02095,CSE-07,MEDIUM,2024-10-19T19:52:49,2024-10-19T19:54:46.111231,2024-10-19T20:17:45.149403,CLOSED,,DB-SERVER-07,False
ALT-CSE-07-02096,CSE-07,MEDIUM,2024-12-01T01:50:49,2024-12-01T01:51:32.409793,2024-12-01T02:12:15.723975,CLOSED,,WEB-SERVER-07,False
ALT-CSE-07-02097,CSE-07,HIGH,2024-11-21T02:25:57,2024-11-21T02:27:17.804341,2024-11-21T02:45:02.629354,CLOSED,,ENDPOINT-07,False
ALT-CSE-07-02098,CSE-07,HIGH,2024-10-19T11:34:05,2024-10-19T11:35:52.161547,2024-10-19T11:53:29.391805,CLOSED,,FIREWALL-07,False
ALT-CSE-07-02099,CSE-07,MEDIUM,2024-12-14T10:50:21,2024-12-14T10:51:48.347334,2024-12-14T11:17:58.445363,CLOSED,,ENDPOINT-07,False
ALT-CSE-07-02100,CSE-07,LOW,2024-11-06T18:31:19,2024-11-06T18:32:24.573041,2024-11-06T18:51:37.299803,CLOSED,,FIREWALL-07,False
ALT-CSE-07-02101,CSE-07,LOW,2024-10-05T13:26:47,2024-10-05T13:27:59.105483,2024-10-05T13:42:26.416075,CLOSED,,DB-SERVER-07,False
ALT-CSE-07-02102,CSE-07,LOW,2024-10-05T14:05:04,2024-10-05T14:06:08.779115,2024-10-05T14:33:59.837483,CLOSED,,DB-SERVER-07,False
ALT-CSE-07-02103,CSE-07,HIGH,2024-12-04T21:30:29,2024-12-04T21:32:04.075840,2024-12-04T21:54:12.672904,CLOSED,,DB-SERVER-07,False
ALT-CSE-07-02104,CSE-07,HIGH,2024-12-14T08:40:30,2024-12-14T08:41:49.038713,2024-12-14T08:54:22.292805,CLOSED,,FIREWALL-07,False
ALT-CSE-07-02105,CSE-07,MEDIUM,2024-12-10T19:50:34,2024-12-10T19:51:33.368530,2024-12-10T20:12:25.485153,CLOSED,,DB-SERVER-07,False
ALT-CSE-07-02106,CSE-07,LOW,2024-11-04T14:21:44,2024-11-04T14:23:34.482418,2024-11-04T14:44:19.623614,CLOSED,,WEB-SERVER-07,False
ALT-CSE-07-02107,CSE-07,LOW,2024-11-14T06:35:17,2024-11-14T06:36:00.730579,2024-11-14T06:58:15.258967,CLOSED,,FIREWALL-07,False
ALT-CSE-07-02108,CSE-07,LOW,2024-10-07T08:35:53,2024-10-07T08:37:51.818712,2024-10-07T08:59:41.648416,CLOSED,,FIREWALL-07,False
ALT-CSE-07-02109,CSE-07,MEDIUM,2024-10-10T10:46:22,2024-10-10T10:47:20.476207,2024-10-10T11:05:53.926062,CLOSED,,ENDPOINT-07,False
ALT-CSE-07-02110,CSE-07,LOW,2024-10-19T02:10:58,2024-10-19T02:12:16.334980,2024-10-19T02:34:07.415630,CLOSED,,WEB-SERVER-07,False
ALT-CSE-07-02111,CSE-07,MEDIUM,2024-12-08T05:20:54,2024-12-08T05:21:54.922961,2024-12-08T05:35:26.226849,CLOSED,,DB-SERVER-07,False
ALT-CSE-07-02112,CSE-07,MEDIUM,2024-11-01T12:51:12,2024-11-01T12:53:05.878888,2024-11-01T13:13:24.194078,CLOSED,,FIREWALL-07,False
ALT-CSE-07-02113,CSE-07,LOW,2024-12-10T09:19:00,2024-12-10T09:20:24.999432,2024-12-10T09:32:08.290619,CLOSED,,ENDPOINT-07,False
ALT-CSE-07-02114,CSE-07,HIGH,2024-10-07T01:37:05,2024-10-07T01:38:26.540505,2024-10-07T01:58:54.669307,CLOSED,,FIREWALL-07,False
ALT-CSE-07-02115,CSE-07,LOW,2024-12-18T01:38:06,2024-12-18T01:39:37.402582,2024-12-18T01:57:32.208809,CLOSED,,FIREWALL-07,False
ALT-CSE-07-02116,CSE-07,MEDIUM,2024-11-17T12:21:36,2024-11-17T12:22:55.139955,2024-11-17T12:42:32.820931,CLOSED,,DB-SERVER-07,False
ALT-CSE-07-02117,CSE-07,LOW,2024-10-10T18:45:38,2024-10-10T18:47:28.392870,2024-10-10T19:11:31.099601,CLOSED,,FIREWALL-07,False
ALT-CSE-07-02118,CSE-07,HIGH,2024-10-18T21:19:32,2024-10-18T21:20:10.407183,2024-10-18T21:43:09.426271,CLOSED,,DB-SERVER-07,False
ALT-CSE-07-02119,CSE-07,HIGH,2024-11-08T00:06:33,2024-11-08T00:07:27.476416,2024-11-08T00:33:16.273973,CLOSED,,FIREWALL-07,False
ALT-CSE-07-02120,CSE-07,LOW,2024-11-12T19:07:44,2024-11-12T19:09:29.291252,2024-11-12T19:31:15.954696,CLOSED,,ENDPOINT-07,False
ALT-CSE-07-02121,CSE-07,MEDIUM,2024-12-17T22:46:33,2024-12-17T22:48:15.613426,2024-12-17T22:57:08.812858,CLOSED,,ENDPOINT-07,False
ALT-CSE-07-02122,CSE-07,LOW,2024-12-28T05:59:52,2024-12-28T06:00:41.611990,2024-12-28T06:22:06.329904,CLOSED,,FIREWALL-07,False
ALT-CSE-07-02123,CSE-07,HIGH,2024-11-20T06:33:17,2024-11-20T06:34:19.429756,2024-11-20T06:56:29.600228,CLOSED,,ENDPOINT-07,False
ALT-CSE-07-02124,CSE-07,MEDIUM,2024-11-22T15:02:45,2024-11-22T15:04:13.634297,2024-11-22T15:17:19.975650,CLOSED,,WEB-SERVER-07,False
ALT-CSE-07-02125,CSE-07,LOW,2024-12-19T21:08:00,2024-12-19T21:09:44.441111,2024-12-19T21:24:53.821074,CLOSED,,DB-SERVER-07,False
ALT-CSE-07-02126,CSE-07,LOW,2024-10-08T02:39:23,2024-10-08T02:40:01.797543,2024-10-08T02:47:38.263574,CLOSED,,FIREWALL-07,False
ALT-CSE-07-02127,CSE-07,LOW,2024-12-22T02:09:14,2024-12-22T02:10:24.510481,2024-12-22T02:29:26.984945,CLOSED,,FIREWALL-07,False
ALT-CSE-07-02128,CSE-07,HIGH,2024-10-10T09:24:50,2024-10-10T09:26:38.979881,2024-10-10T09:47:48.529086,CLOSED,,FIREWALL-07,False
ALT-CSE-07-02129,CSE-07,LOW,2024-10-17T01:05:32,2024-10-17T01:06:02.000041,2024-10-17T01:19:17.061359,CLOSED,,WEB-SERVER-07,False
ALT-CSE-07-02130,CSE-07,HIGH,2024-10-10T08:09:04,2024-10-10T08:10:23.134647,2024-10-10T08:34:06.685190,CLOSED,,FIREWALL-07,False
ALT-CSE-07-02131,CSE-07,LOW,2024-11-04T02:37:16,2024-11-04T02:37:55.735373,2024-11-04T02:52:00.191714,CLOSED,,ENDPOINT-07,False
ALT-CSE-07-02132,CSE-07,LOW,2024-10-27T14:58:08,2024-10-27T14:59:04.897386,2024-10-27T15:19:07.868055,CLOSED,,WEB-SERVER-07,False
ALT-CSE-07-02133,CSE-07,MEDIUM,2024-11-12T23:51:39,2024-11-12T23:53:32.138188,2024-11-13T00:16:34.351527,CLOSED,,DB-SERVER-07,False
ALT-CSE-07-02134,CSE-07,LOW,2024-11-04T18:32:17,2024-11-04T18:33:06.845449,2024-11-04T18:54:22.046773,CLOSED,,FIREWALL-07,False
ALT-CSE-07-02135,CSE-07,HIGH,2024-12-26T16:15:39,2024-12-26T16:16:44.120464,2024-12-26T16:29:44.413348,CLOSED,,FIREWALL-07,False
ALT-CSE-07-02136,CSE-07,HIGH,2024-11-07T12:33:36,2024-11-07T12:35:17.326921,2024-11-07T12:54:10.724646,CLOSED,CAS-CSE-07-0849,ENDPOINT-07,False
ALT-CSE-07-02137,CSE-07,HIGH,2024-10-24T03:15:59,2024-10-24T03:17:12.232423,2024-10-24T03:33:44.854870,CLOSED,,DB-SERVER-07,False
ALT-CSE-07-02138,CSE-07,LOW,2024-10-10T06:10:46,2024-10-10T06:12:38.674074,2024-10-10T06:36:10.218939,CLOSED,CAS-CSE-07-0850,FIREWALL-07,False
ALT-CSE-07-02139,CSE-07,MEDIUM,2024-12-17T22:29:19,2024-12-17T22:30:41.827392,2024-12-17T22:49:53.836231,CLOSED,,WEB-SERVER-07,False
ALT-CSE-07-02140,CSE-07,MEDIUM,2024-10-21T03:18:54,2024-10-21T03:20:10.567231,2024-10-21T03:34:24.647647,CLOSED,,WEB-SERVER-07,False
ALT-CSE-07-02141,CSE-07,LOW,2024-12-07T09:19:24,2024-12-07T09:21:17.132291,2024-12-07T09:42:01.216587,CLOSED,,ENDPOINT-07,False
ALT-CSE-07-02142,CSE-07,MEDIUM,2024-10-27T10:53:35,2024-10-27T10:54:55.216990,2024-10-27T11:06:39.406816,CLOSED,,DB-SERVER-07,False
ALT-CSE-07-02143,CSE-07,HIGH,2024-12-25T22:29:35,2024-12-25T22:30:07.187133,2024-12-25T22:52:55.423544,CLOSED,,ENDPOINT-07,False
ALT-CSE-07-02144,CSE-07,MEDIUM,2024-12-01T07:24:50,2024-12-01T07:26:39.150163,2024-12-01T07:41:55.385193,CLOSED,,FIREWALL-07,False
ALT-CSE-07-02145,CSE-07,HIGH,2024-11-12T15:31:35,2024-11-12T15:32:24.987326,2024-11-12T15:44:21.190345,CLOSED,,FIREWALL-07,False
ALT-CSE-07-02146,CSE-07,MEDIUM,2024-11-17T22:11:10,2024-11-17T22:11:58.022939,2024-11-17T22:30:36.162146,CLOSED,,ENDPOINT-07,False
ALT-CSE-07-02147,CSE-07,LOW,2024-10-21T19:57:25,2024-10-21T19:58:20.856222,2024-10-21T20:21:20.839990,CLOSED,,DB-SERVER-07,False
ALT-CSE-07-02148,CSE-07,HIGH,2024-11-24T10:36:16,2024-11-24T10:37:05.657743,2024-11-24T10:56:22.789901,CLOSED,,ENDPOINT-07,False
ALT-CSE-07-02149,CSE-07,MEDIUM,2024-10-07T09:18:40,2024-10-07T09:19:34.958300,2024-10-07T09:36:05.399752,CLOSED,,DB-SERVER-07,False
ALT-CSE-07-02150,CSE-07,HIGH,2024-10-24T09:54:28,2024-10-24T09:55:17.191458,2024-10-24T10:16:20.003086,CLOSED,,WEB-SERVER-07,False
ALT-CSE-07-02151,CSE-07,HIGH,2024-12-10T00:28:57,2024-12-10T00:29:59.674532,2024-12-10T00:53:06.240384,CLOSED,,FIREWALL-07,False
ALT-CSE-07-02152,CSE-07,MEDIUM,2024-11-15T12:30:36,2024-11-15T12:32:26.411381,2024-11-15T12:54:16.275517,CLOSED,,WEB-SERVER-07,False
ALT-CSE-07-02153,CSE-07,MEDIUM,2024-11-02T12:58:35,2024-11-02T13:00:29.503867,2024-11-02T13:25:25.312268,CLOSED,,DB-SERVER-07,False
ALT-CSE-07-02154,CSE-07,MEDIUM,2024-12-24T15:52:04,2024-12-24T15:53:39.734937,2024-12-24T16:11:54.247054,CLOSED,,DB-SERVER-07,False
ALT-CSE-07-02155,CSE-07,LOW,2024-12-11T21:53:11,2024-12-11T21:54:57.156524,2024-12-11T22:13:47.160038,CLOSED,,WEB-SERVER-07,False
ALT-CSE-07-02156,CSE-07,HIGH,2024-10-24T14:28:41,2024-10-24T14:29:15.317881,2024-10-24T14:51:56.273088,CLOSED,,ENDPOINT-07,False
ALT-CSE-07-02157,CSE-07,MEDIUM,2024-12-14T01:18:50,2024-12-14T01:19:23.847382,2024-12-14T01:33:56.673235,CLOSED,,FIREWALL-07,False
ALT-CSE-07-02158,CSE-07,HIGH,2024-12-16T01:10:48,2024-12-16T01:12:42.477485,2024-12-16T01:32:14.584701,CLOSED,,FIREWALL-07,False
ALT-CSE-07-02159,CSE-07,HIGH,2024-12-08T06:35:37,2024-12-08T06:36:45.081406,2024-12-08T06:55:28.441411,CLOSED,,DB-SERVER-07,False
ALT-CSE-07-02160,CSE-07,MEDIUM,2024-12-01T03:09:37,2024-12-01T03:10:43.138579,2024-12-01T03:24:21.071879,CLOSED,,WEB-SERVER-07,False
ALT-CSE-07-02161,CSE-07,MEDIUM,2024-11-08T03:55:38,2024-11-08T03:56:30.616184,2024-11-08T04:23:56.225852,CLOSED,,FIREWALL-07,False
ALT-CSE-07-02162,CSE-07,MEDIUM,2024-12-16T01:29:04,2024-12-16T01:30:39.949587,2024-12-16T01:51:18.973490,CLOSED,,FIREWALL-07,False
ALT-CSE-07-02163,CSE-07,LOW,2024-12-05T18:09:00,2024-12-05T18:09:30.903518,2024-12-05T18:22:07.654132,CLOSED,,WEB-SERVER-07,False
ALT-CSE-07-02164,CSE-07,HIGH,2024-11-29T14:52:00,2024-11-29T14:52:54.104125,2024-11-29T15:12:52.049790,CLOSED,,FIREWALL-07,False
ALT-CSE-07-02165,CSE-07,LOW,2024-11-26T16:32:35,2024-11-26T16:34:11.913016,2024-11-26T16:53:55.381413,CLOSED,,DB-SERVER-07,False
ALT-CSE-07-02166,CSE-07,LOW,2024-11-18T10:58:40,2024-11-18T10:59:56.525315,2024-11-18T11:12:56.570751,CLOSED,,WEB-SERVER-07,False
ALT-CSE-07-02167,CSE-07,HIGH,2024-11-28T14:46:21,2024-11-28T14:47:18.106298,2024-11-28T15:09:15.619501,CLOSED,,DB-SERVER-07,False
ALT-CSE-07-02168,CSE-07,HIGH,2024-10-21T21:40:03,2024-10-21T21:40:52.810592,2024-10-21T22:04:56.346785,CLOSED,,FIREWALL-07,False
ALT-CSE-07-02169,CSE-07,HIGH,2024-10-22T03:40:14,2024-10-22T03:42:05.010041,2024-10-22T04:06:46.339358,CLOSED,,FIREWALL-07,False
ALT-CSE-07-02170,CSE-07,HIGH,2024-11-26T08:39:59,2024-11-26T08:40:45.509626,2024-11-26T09:00:29.163310,CLOSED,,FIREWALL-07,False
ALT-CSE-07-02171,CSE-07,HIGH,2024-12-23T07:20:29,2024-12-23T07:22:18.356865,2024-12-23T07:35:04.250812,CLOSED,CAS-CSE-07-0851,ENDPOINT-07,False
ALT-CSE-07-02172,CSE-07,HIGH,2024-11-23T12:48:28,2024-11-23T12:49:04.784995,2024-11-23T13:08:37.880159,CLOSED,,FIREWALL-07,False
ALT-CSE-07-02173,CSE-07,LOW,2024-11-22T01:33:12,2024-11-22T01:34:20.725013,2024-11-22T01:46:10.423212,CLOSED,,FIREWALL-07,False
ALT-CSE-07-02174,CSE-07,HIGH,2024-12-15T07:29:22,2024-12-15T07:29:55.970303,2024-12-15T07:37:44.477760,CLOSED,,ENDPOINT-07,False
ALT-CSE-07-02175,CSE-07,HIGH,2024-11-18T07:24:48,2024-11-18T07:25:57.738955,2024-11-18T07:41:05.444788,CLOSED,,WEB-SERVER-07,False
ALT-CSE-07-02176,CSE-07,HIGH,2024-11-22T13:27:53,2024-11-22T13:28:56.375953,2024-11-22T13:41:27.335131,CLOSED,,WEB-SERVER-07,False
ALT-CSE-07-02177,CSE-07,LOW,2024-11-29T23:41:05,2024-11-29T23:41:55.855564,2024-11-30T00:05:09.988766,CLOSED,,FIREWALL-07,False
ALT-CSE-07-02178,CSE-07,MEDIUM,2024-11-12T11:57:12,2024-11-12T11:59:02.630407,2024-11-12T12:14:40.306214,CLOSED,,FIREWALL-07,False
ALT-CSE-07-02179,CSE-07,HIGH,2024-12-05T14:01:04,2024-12-05T14:02:57.221375,2024-12-05T14:17:38.862304,CLOSED,,DB-SERVER-07,False
ALT-CSE-07-02180,CSE-07,LOW,2024-12-01T01:22:35,2024-12-01T01:23:56.968737,2024-12-01T01:42:22.015784,CLOSED,,WEB-SERVER-07,False
ALT-CSE-07-02181,CSE-07,MEDIUM,2024-10-20T03:49:30,2024-10-20T03:51:26.724387,2024-10-20T04:10:22.407258,CLOSED,,DB-SERVER-07,False
ALT-CSE-07-02182,CSE-07,LOW,2024-10-20T22:47:21,2024-10-20T22:49:02.308823,2024-10-20T23:11:55.115605,CLOSED,,FIREWALL-07,False
ALT-CSE-07-02183,CSE-07,LOW,2024-10-12T03:35:50,2024-10-12T03:37:31.324848,2024-10-12T03:55:26.026995,CLOSED,,DB-SERVER-07,False
ALT-CSE-07-02184,CSE-07,LOW,2024-12-14T20:37:41,2024-12-14T20:39:11.474796,2024-12-14T20:59:32.598063,CLOSED,,WEB-SERVER-07,False
ALT-CSE-07-02185,CSE-07,LOW,2024-12-08T17:18:40,2024-12-08T17:19:48.399995,2024-12-08T17:37:30.405132,CLOSED,,WEB-SERVER-07,False
ALT-CSE-07-02186,CSE-07,HIGH,2024-11-20T06:51:52,2024-11-20T06:53:00.230746,2024-11-20T07:07:31.417161,CLOSED,,ENDPOINT-07,False
ALT-CSE-07-02187,CSE-07,MEDIUM,2024-10-01T12:28:13,2024-10-01T12:29:16.624866,2024-10-01T12:49:32.169787,CLOSED,,ENDPOINT-07,False
ALT-CSE-07-02188,CSE-07,LOW,2024-12-17T18:41:48,2024-12-17T18:42:39.388751,2024-12-17T19:01:08.878951,CLOSED,,ENDPOINT-07,False
ALT-CSE-07-02189,CSE-07,LOW,2024-10-15T23:22:28,2024-10-15T23:23:00.097065,2024-10-15T23:41:13.086705,CLOSED,,ENDPOINT-07,False
ALT-CSE-07-02190,CSE-07,LOW,2024-12-10T23:40:54,2024-12-10T23:42:23.736450,2024-12-10T23:56:56.171106,CLOSED,,ENDPOINT-07,False
ALT-CSE-07-02191,CSE-07,MEDIUM,2024-12-24T10:48:48,2024-12-24T10:50:33.815731,2024-12-24T11:06:45.567467,CLOSED,,ENDPOINT-07,False
ALT-CSE-07-02192,CSE-07,HIGH,2024-10-12T18:47:28,2024-10-12T18:48:48.095663,2024-10-12T19:06:38.319159,CLOSED,,FIREWALL-07,False
ALT-CSE-07-02193,CSE-07,LOW,2024-12-15T20:27:48,2024-12-15T20:29:36.625486,2024-12-15T20:47:55.247696,CLOSED,,WEB-SERVER-07,False
ALT-CSE-07-02194,CSE-07,LOW,2024-12-10T00:53:49,2024-12-10T00:54:23.071552,2024-12-10T01:15:51.208899,CLOSED,,ENDPOINT-07,False
ALT-CSE-07-02195,CSE-07,MEDIUM,2024-12-18T16:12:58,2024-12-18T16:14:07.873022,2024-12-18T16:35:51.817931,CLOSED,,FIREWALL-07,False
ALT-CSE-07-02196,CSE-07,HIGH,2024-11-09T13:16:03,2024-11-09T13:16:41.267242,2024-11-09T13:37:52.160673,CLOSED,,WEB-SERVER-07,False
ALT-CSE-07-02197,CSE-07,MEDIUM,2024-12-03T22:03:49,2024-12-03T22:05:25.685652,2024-12-03T22:26:33.009050,CLOSED,,ENDPOINT-07,False
ALT-CSE-07-02198,CSE-07,HIGH,2024-12-01T10:33:06,2024-12-01T10:34:53.800939,2024-12-01T11:02:12.199226,CLOSED,,DB-SERVER-07,False
ALT-CSE-07-02199,CSE-07,MEDIUM,2024-12-26T13:33:22,2024-12-26T13:35:16.679757,2024-12-26T13:48:44.365203,CLOSED,,DB-SERVER-07,False
ALT-CSE-07-02200,CSE-07,LOW,2024-10-11T10:25:31,2024-10-11T10:26:42.658955,2024-10-11T10:38:58.935029,CLOSED,,DB-SERVER-07,False
ALT-CSE-07-02201,CSE-07,LOW,2024-12-11T12:36:08,2024-12-11T12:36:45.272009,2024-12-11T12:58:19.736133,CLOSED,,DB-SERVER-07,False
ALT-CSE-07-02202,CSE-07,LOW,2024-12-08T23:35:58,2024-12-08T23:37:27.138401,2024-12-08T23:57:31.248622,CLOSED,,ENDPOINT-07,False
ALT-CSE-07-02203,CSE-07,LOW,2024-12-25T01:35:00,2024-12-25T01:36:45.958258,2024-12-25T01:45:16.325885,CLOSED,,ENDPOINT-07,False
ALT-CSE-07-02204,CSE-07,MEDIUM,2024-10-06T05:32:52,2024-10-06T05:34:41.621683,2024-10-06T05:50:18.005602,CLOSED,,DB-SERVER-07,False
ALT-CSE-07-02205,CSE-07,MEDIUM,2024-12-24T07:22:34,2024-12-24T07:24:20.772530,2024-12-24T07:39:52.588855,CLOSED,,ENDPOINT-07,False
ALT-CSE-07-02206,CSE-07,HIGH,2024-10-31T06:22:29,2024-10-31T06:23:56.132894,2024-10-31T06:42:58.341521,CLOSED,,FIREWALL-07,False
ALT-CSE-07-02207,CSE-07,HIGH,2024-11-04T14:51:28,2024-11-04T14:52:38.302551,2024-11-04T15:06:15.387913,CLOSED,,WEB-SERVER-07,False
ALT-CSE-07-02208,CSE-07,LOW,2024-10-03T23:41:50,2024-10-03T23:42:52.314675,2024-10-03T23:55:56.746663,CLOSED,,FIREWALL-07,False
ALT-CSE-07-02209,CSE-07,HIGH,2024-10-10T04:39:42,2024-10-10T04:41:09.505870,2024-10-10T04:53:38.639265,CLOSED,,WEB-SERVER-07,False
ALT-CSE-07-02210,CSE-07,HIGH,2024-12-25T12:25:25,2024-12-25T12:26:39.185887,2024-12-25T12:40:21.316490,CLOSED,CAS-CSE-07-0852,FIREWALL-07,False
ALT-CSE-07-02211,CSE-07,MEDIUM,2024-12-18T06:30:45,2024-12-18T06:32:41.251910,2024-12-18T06:51:42.440894,CLOSED,,ENDPOINT-07,False
ALT-CSE-07-02212,CSE-07,LOW,2024-11-25T20:08:56,2024-11-25T20:09:51.983415,2024-11-25T20:35:37.885413,CLOSED,,DB-SERVER-07,False
ALT-CSE-07-02213,CSE-07,LOW,2024-11-03T18:45:17,2024-11-03T18:45:52.611140,2024-11-03T19:02:05.497468,CLOSED,,DB-SERVER-07,False
ALT-CSE-07-02214,CSE-07,LOW,2024-12-05T11:45:03,2024-12-05T11:46:05.034179,2024-12-05T12:09:51.925755,CLOSED,,DB-SERVER-07,False
ALT-CSE-07-02215,CSE-07,LOW,2024-10-15T07:32:57,2024-10-15T07:33:49.943065,2024-10-15T07:59:04.834178,CLOSED,,FIREWALL-07,False
ALT-CSE-07-02216,CSE-07,HIGH,2024-12-19T22:56:03,2024-12-19T22:57:07.851414,2024-12-19T23:15:16.245525,CLOSED,,FIREWALL-07,False
ALT-CSE-07-02217,CSE-07,HIGH,2024-10-12T21:04:55,2024-10-12T21:05:34.563686,2024-10-12T21:19:59.506840,CLOSED,,DB-SERVER-07,False
ALT-CSE-07-02218,CSE-07,LOW,2024-10-03T16:38:06,2024-10-03T16:40:02.525065,2024-10-03T17:11:31.095999,CLOSED,,ENDPOINT-07,False
ALT-CSE-07-02219,CSE-07,LOW,2024-10-16T05:15:05,2024-10-16T05:16:29.504570,2024-10-16T05:39:16.790185,CLOSED,,WEB-SERVER-07,False
ALT-CSE-07-02220,CSE-07,MEDIUM,2024-12-16T15:31:10,2024-12-16T15:32:31.548448,2024-12-16T15:53:30.595528,CLOSED,,ENDPOINT-07,False
ALT-CSE-07-02221,CSE-07,HIGH,2024-11-16T17:13:13,2024-11-16T17:15:02.300218,2024-11-16T17:39:44.395369,CLOSED,,FIREWALL-07,False
ALT-CSE-07-02222,CSE-07,LOW,2024-11-03T00:49:22,2024-11-03T00:51:04.563350,2024-11-03T01:11:03.710429,CLOSED,,DB-SERVER-07,False
ALT-CSE-07-02223,CSE-07,LOW,2024-12-25T13:14:12,2024-12-25T13:15:37.601441,2024-12-25T13:36:27.264976,CLOSED,,DB-SERVER-07,False
ALT-CSE-07-02224,CSE-07,LOW,2024-11-29T19:28:40,2024-11-29T19:30:02.214602,2024-11-29T19:50:29.689272,CLOSED,,WEB-SERVER-07,False
ALT-CSE-07-02225,CSE-07,LOW,2024-12-10T02:59:00,2024-12-10T03:00:30.074267,2024-12-10T03:23:36.485723,CLOSED,,FIREWALL-07,False
ALT-CSE-07-02226,CSE-07,HIGH,2024-12-08T14:04:08,2024-12-08T14:05:38.956774,2024-12-08T14:19:53.655640,CLOSED,,DB-SERVER-07,False
ALT-CSE-07-02227,CSE-07,MEDIUM,2024-12-16T05:30:49,2024-12-16T05:32:12.727000,2024-12-16T06:02:48.907665,CLOSED,,ENDPOINT-07,False
ALT-CSE-07-02228,CSE-07,MEDIUM,2024-11-19T06:56:49,2024-11-19T06:58:27.902503,2024-11-19T07:17:06.040895,CLOSED,,DB-SERVER-07,False
ALT-CSE-07-02229,CSE-07,MEDIUM,2024-11-25T00:23:17,2024-11-25T00:25:07.633763,2024-11-25T00:40:56.496974,CLOSED,,DB-SERVER-07,False
ALT-CSE-07-02230,CSE-07,MEDIUM,2024-10-16T19:06:48,2024-10-16T19:08:38.928831,2024-10-16T19:19:12.384646,CLOSED,,ENDPOINT-07,False
ALT-CSE-07-02231,CSE-07,HIGH,2024-12-21T03:22:47,2024-12-21T03:24:41.498147,2024-12-21T03:50:01.116342,CLOSED,CAS-CSE-07-0853,DB-SERVER-07,False
ALT-CSE-07-02232,CSE-07,LOW,2024-10-04T21:53:09,2024-10-04T21:54:37.414352,2024-10-04T22:14:57.535223,CLOSED,,DB-SERVER-07,False
ALT-CSE-07-02233,CSE-07,MEDIUM,2024-10-05T23:21:52,2024-10-05T23:23:27.348925,2024-10-05T23:37:37.423599,CLOSED,,FIREWALL-07,False
ALT-CSE-07-02234,CSE-07,HIGH,2024-10-12T04:27:35,2024-10-12T04:29:33.212904,2024-10-12T04:46:42.863599,CLOSED,,WEB-SERVER-07,False
ALT-CSE-07-02235,CSE-07,HIGH,2024-11-21T20:16:33,2024-11-21T20:18:16.352686,2024-11-21T20:30:12.535033,CLOSED,,FIREWALL-07,False
ALT-CSE-07-02236,CSE-07,LOW,2024-10-02T12:39:57,2024-10-02T12:41:52.879407,2024-10-02T12:53:23.972130,CLOSED,,WEB-SERVER-07,False
ALT-CSE-07-02237,CSE-07,HIGH,2024-11-16T13:15:33,2024-11-16T13:17:02.202195,2024-11-16T13:38:56.716467,CLOSED,,WEB-SERVER-07,False
ALT-CSE-07-02238,CSE-07,MEDIUM,2024-12-23T20:21:28,2024-12-23T20:22:49.109589,2024-12-23T20:42:02.802665,CLOSED,,DB-SERVER-07,False
ALT-CSE-07-02239,CSE-07,MEDIUM,2024-11-18T02:03:13,2024-11-18T02:04:51.077572,2024-11-18T02:16:16.597980,CLOSED,,FIREWALL-07,False
ALT-CSE-07-02240,CSE-07,LOW,2024-11-27T13:06:29,2024-11-27T13:07:48.905998,2024-11-27T13:30:42.376449,CLOSED,,WEB-SERVER-07,False
ALT-CSE-07-02241,CSE-07,MEDIUM,2024-11-27T12:26:30,2024-11-27T12:28:06.430646,2024-11-27T12:48:42.273569,CLOSED,,WEB-SERVER-07,False
ALT-CSE-07-02242,CSE-07,MEDIUM,2024-12-09T08:26:15,2024-12-09T08:28:10.003575,2024-12-09T08:41:45.976769,CLOSED,,FIREWALL-07,False
ALT-CSE-07-02243,CSE-07,MEDIUM,2024-10-30T22:38:03,2024-10-30T22:39:15.146812,2024-10-30T22:59:52.679380,CLOSED,,WEB-SERVER-07,False
ALT-CSE-07-02244,CSE-07,HIGH,2024-11-17T15:40:17,2024-11-17T15:41:15.983957,2024-11-17T16:08:18.929744,CLOSED,,WEB-SERVER-07,False
ALT-CSE-07-02245,CSE-07,MEDIUM,2024-10-18T02:43:37,2024-10-18T02:44:25.810251,2024-10-18T03:03:07.064175,CLOSED,,ENDPOINT-07,False
ALT-CSE-07-02246,CSE-07,MEDIUM,2024-12-04T21:56:54,2024-12-04T21:57:54.381589,2024-12-04T22:20:27.368069,CLOSED,,WEB-SERVER-07,False
ALT-CSE-07-02247,CSE-07,HIGH,2024-11-12T12:05:54,2024-11-12T12:07:45.186838,2024-11-12T12:12:00.956232,CLOSED,,DB-SERVER-07,False
ALT-CSE-07-02248,CSE-07,MEDIUM,2024-10-31T00:49:52,2024-10-31T00:50:57.379039,2024-10-31T01:06:55.207049,CLOSED,,WEB-SERVER-07,False
ALT-CSE-07-02249,CSE-07,HIGH,2024-11-17T09:10:49,2024-11-17T09:11:45.303881,2024-11-17T09:24:28.525182,CLOSED,,ENDPOINT-07,False
ALT-CSE-07-02250,CSE-07,MEDIUM,2024-10-30T19:31:54,2024-10-30T19:32:57.828772,2024-10-30T19:57:56.349066,CLOSED,,WEB-SERVER-07,False
ALT-CSE-07-02251,CSE-07,HIGH,2024-11-13T13:52:51,2024-11-13T13:53:37.892075,2024-11-13T14:20:55.111832,CLOSED,,WEB-SERVER-07,False
ALT-CSE-07-02252,CSE-07,MEDIUM,2024-10-16T04:33:44,2024-10-16T04:35:01.433355,2024-10-16T04:52:05.771068,CLOSED,,WEB-SERVER-07,False
ALT-CSE-07-02253,CSE-07,MEDIUM,2024-11-09T00:39:31,2024-11-09T00:40:44.796176,2024-11-09T01:00:44.074116,CLOSED,,DB-SERVER-07,False
ALT-CSE-07-02254,CSE-07,HIGH,2024-10-10T12:48:17,2024-10-10T12:49:08.662646,2024-10-10T12:59:44.370621,CLOSED,,WEB-SERVER-07,False
ALT-CSE-07-02255,CSE-07,MEDIUM,2024-12-02T09:09:42,2024-12-02T09:11:07.292063,2024-12-02T09:22:38.212722,CLOSED,,ENDPOINT-07,False
ALT-CSE-07-02256,CSE-07,LOW,2024-10-20T15:49:35,2024-10-20T15:50:26.984434,2024-10-20T16:04:44.428585,CLOSED,CAS-CSE-07-0854,FIREWALL-07,False
ALT-CSE-07-02257,CSE-07,HIGH,2024-11-07T09:29:00,2024-11-07T09:30:07.502553,2024-11-07T09:43:20.202616,CLOSED,,DB-SERVER-07,False
ALT-CSE-07-02258,CSE-07,LOW,2024-12-07T03:30:54,2024-12-07T03:31:47.506838,2024-12-07T03:46:56.990798,CLOSED,,WEB-SERVER-07,False
ALT-CSE-07-02259,CSE-07,MEDIUM,2024-11-09T19:57:42,2024-11-09T19:59:13.902147,2024-11-09T20:18:51.143923,CLOSED,,WEB-SERVER-07,False
ALT-CSE-07-02260,CSE-07,MEDIUM,2024-11-03T07:54:21,2024-11-03T07:55:45.002223,2024-11-03T08:04:18.094761,CLOSED,,FIREWALL-07,False
ALT-CSE-07-02261,CSE-07,HIGH,2024-12-14T14:02:47,2024-12-14T14:03:32.328499,2024-12-14T14:25:20.451271,CLOSED,,ENDPOINT-07,False
ALT-CSE-07-02262,CSE-07,LOW,2024-11-18T03:41:24,2024-11-18T03:43:08.051907,2024-11-18T04:06:53.374414,CLOSED,,DB-SERVER-07,False
ALT-CSE-07-02263,CSE-07,MEDIUM,2024-10-17T23:37:14,2024-10-17T23:38:22.165660,2024-10-17T23:52:36.869589,CLOSED,CAS-CSE-07-0855,DB-SERVER-07,False
ALT-CSE-07-02264,CSE-07,LOW,2024-12-06T19:36:33,2024-12-06T19:38:02.854345,2024-12-06T19:48:11.244004,CLOSED,,WEB-SERVER-07,False
ALT-CSE-07-02265,CSE-07,HIGH,2024-11-13T02:57:02,2024-11-13T02:58:23.382326,2024-11-13T03:16:19.442662,CLOSED,,DB-SERVER-07,False
ALT-CSE-07-02266,CSE-07,HIGH,2024-10-10T14:07:47,2024-10-10T14:08:46.910117,2024-10-10T14:35:14.429110,CLOSED,,WEB-SERVER-07,False
ALT-CSE-07-02267,CSE-07,MEDIUM,2024-12-08T11:43:09,2024-12-08T11:44:24.339457,2024-12-08T11:57:05.969719,CLOSED,,DB-SERVER-07,False
ALT-CSE-07-02268,CSE-07,LOW,2024-11-24T07:59:44,2024-11-24T08:00:24.522737,2024-11-24T08:17:18.522446,CLOSED,,ENDPOINT-07,False
ALT-CSE-07-02269,CSE-07,MEDIUM,2024-12-19T13:27:37,2024-12-19T13:28:13.600635,2024-12-19T13:51:40.303945,CLOSED,,DB-SERVER-07,False
ALT-CSE-07-02270,CSE-07,LOW,2024-12-11T11:28:40,2024-12-11T11:30:31.265501,2024-12-11T11:53:34.175453,CLOSED,,FIREWALL-07,False
ALT-CSE-07-02271,CSE-07,MEDIUM,2024-10-20T19:38:05,2024-10-20T19:39:40.948693,2024-10-20T20:01:33.678565,CLOSED,,WEB-SERVER-07,False
ALT-CSE-07-02272,CSE-07,MEDIUM,2024-11-06T21:41:22,2024-11-06T21:41:59.616744,2024-11-06T21:57:27.305562,CLOSED,,ENDPOINT-07,False
ALT-CSE-07-02273,CSE-07,LOW,2024-12-19T15:59:18,2024-12-19T15:59:59.975171,2024-12-19T16:27:40.123684,CLOSED,,DB-SERVER-07,False
ALT-CSE-07-02274,CSE-07,MEDIUM,2024-11-24T16:22:22,2024-11-24T16:23:15.654102,2024-11-24T16:41:34.232773,CLOSED,,DB-SERVER-07,False
ALT-CSE-07-02275,CSE-07,MEDIUM,2024-12-29T20:54:11,2024-12-29T20:55:01.232588,2024-12-29T21:20:39.570578,CLOSED,,WEB-SERVER-07,False
ALT-CSE-07-02276,CSE-07,LOW,2024-10-31T20:13:06,2024-10-31T20:15:04.159400,2024-10-31T20:35:48.377826,CLOSED,,FIREWALL-07,False
ALT-CSE-07-02277,CSE-07,MEDIUM,2024-11-06T19:05:49,2024-11-06T19:06:31.014218,2024-11-06T19:19:18.371025,CLOSED,,WEB-SERVER-07,False
ALT-CSE-07-02278,CSE-07,MEDIUM,2024-10-14T15:45:56,2024-10-14T15:47:03.469179,2024-10-14T15:57:28.561094,CLOSED,,FIREWALL-07,False
ALT-CSE-07-02279,CSE-07,HIGH,2024-11-30T03:24:32,2024-11-30T03:25:51.502677,2024-11-30T03:47:38.526872,CLOSED,,WEB-SERVER-07,False
ALT-CSE-07-02280,CSE-07,LOW,2024-11-03T17:27:16,2024-11-03T17:29:07.316338,2024-11-03T17:50:00.502592,CLOSED,,WEB-SERVER-07,False
ALT-CSE-07-02281,CSE-07,LOW,2024-10-23T09:52:51,2024-10-23T09:53:33.768894,2024-10-23T10:15:26.025887,CLOSED,,WEB-SERVER-07,False
ALT-CSE-07-02282,CSE-07,MEDIUM,2024-12-17T01:39:23,2024-12-17T01:39:56.933423,2024-12-17T02:01:57.577722,CLOSED,,ENDPOINT-07,False
ALT-CSE-07-02283,CSE-07,HIGH,2024-10-28T02:52:41,2024-10-28T02:54:11.147371,2024-10-28T03:23:33.076004,CLOSED,,ENDPOINT-07,False
ALT-CSE-07-02284,CSE-07,HIGH,2024-12-12T08:24:19,2024-12-12T08:25:46.501456,2024-12-12T08:53:45.149993,CLOSED,,DB-SERVER-07,False
ALT-CSE-07-02285,CSE-07,HIGH,2024-12-22T02:49:27,2024-12-22T02:50:52.433172,2024-12-22T03:08:30.756462,CLOSED,,WEB-SERVER-07,False
ALT-CSE-07-02286,CSE-07,LOW,2024-10-13T11:42:59,2024-10-13T11:44:21.557901,2024-10-13T12:02:57.664583,CLOSED,,DB-SERVER-07,False
ALT-CSE-07-02287,CSE-07,HIGH,2024-11-21T15:11:54,2024-11-21T15:13:43.624547,2024-11-21T15:31:44.417664,CLOSED,,FIREWALL-07,False
ALT-CSE-07-02288,CSE-07,LOW,2024-10-12T19:17:33,2024-10-12T19:18:58.631425,2024-10-12T19:40:56.385001,CLOSED,,DB-SERVER-07,False
ALT-CSE-07-02289,CSE-07,MEDIUM,2024-11-06T12:36:35,2024-11-06T12:37:19.724355,2024-11-06T12:54:07.963973,CLOSED,,FIREWALL-07,False
ALT-CSE-07-02290,CSE-07,LOW,2024-11-27T16:33:03,2024-11-27T16:34:02.317347,2024-11-27T16:42:02.215964,CLOSED,,ENDPOINT-07,False
ALT-CSE-07-02291,CSE-07,LOW,2024-12-27T07:42:13,2024-12-27T07:43:15.009358,2024-12-27T08:04:46.138551,CLOSED,,WEB-SERVER-07,False
ALT-CSE-07-02292,CSE-07,LOW,2024-11-12T21:30:43,2024-11-12T21:31:43.812870,2024-11-12T21:52:53.120447,CLOSED,,DB-SERVER-07,False
ALT-CSE-07-02293,CSE-07,MEDIUM,2024-11-27T23:38:46,2024-11-27T23:39:28.734232,2024-11-27T23:56:09.859813,CLOSED,,DB-SERVER-07,False
ALT-CSE-07-02294,CSE-07,MEDIUM,2024-10-09T22:29:51,2024-10-09T22:30:35.216378,2024-10-09T22:49:39.306076,CLOSED,,FIREWALL-07,False
ALT-CSE-07-02295,CSE-07,LOW,2024-12-15T08:36:19,2024-12-15T08:38:14.694560,2024-12-15T08:55:53.709215,CLOSED,,FIREWALL-07,False
ALT-CSE-07-02296,CSE-07,LOW,2024-11-07T07:59:43,2024-11-07T08:00:58.996816,2024-11-07T08:16:06.221749,CLOSED,,ENDPOINT-07,False
ALT-CSE-07-02297,CSE-07,HIGH,2024-11-07T14:18:17,2024-11-07T14:19:27.898002,2024-11-07T14:30:00.345721,CLOSED,,ENDPOINT-07,False
ALT-CSE-07-02298,CSE-07,MEDIUM,2024-10-15T00:01:03,2024-10-15T00:02:51.687436,2024-10-15T00:24:59.902278,CLOSED,,FIREWALL-07,False
ALT-CSE-07-02299,CSE-07,MEDIUM,2024-12-14T12:14:47,2024-12-14T12:15:32.383910,2024-12-14T12:34:49.874992,CLOSED,,DB-SERVER-07,False
ALT-CSE-07-02300,CSE-07,HIGH,2024-12-10T05:55:34,2024-12-10T05:56:20.987676,2024-12-10T06:11:50.679712,CLOSED,,DB-SERVER-07,False
ALT-CSE-07-02301,CSE-07,MEDIUM,2024-12-04T14:39:58,2024-12-04T14:41:31.283735,2024-12-04T15:06:59.648750,CLOSED,,DB-SERVER-07,False
ALT-CSE-07-02302,CSE-07,HIGH,2024-12-27T22:25:35,2024-12-27T22:26:54.516852,2024-12-27T22:42:05.190170,CLOSED,,ENDPOINT-07,False
ALT-CSE-07-02303,CSE-07,MEDIUM,2024-10-18T13:42:17,2024-10-18T13:43:04.285134,2024-10-18T14:06:32.921696,CLOSED,,FIREWALL-07,False
ALT-CSE-07-02304,CSE-07,HIGH,2024-12-13T12:16:30,2024-12-13T12:18:29.287147,2024-12-13T12:26:02.971938,CLOSED,,ENDPOINT-07,False
ALT-CSE-07-02305,CSE-07,LOW,2024-10-09T14:02:18,2024-10-09T14:03:34.200822,2024-10-09T14:21:32.001509,CLOSED,,WEB-SERVER-07,False
ALT-CSE-07-02306,CSE-07,HIGH,2024-11-09T07:49:48,2024-11-09T07:51:46.097115,2024-11-09T08:09:55.137573,CLOSED,,WEB-SERVER-07,False
ALT-CSE-07-02307,CSE-07,MEDIUM,2024-11-06T13:10:16,2024-11-06T13:11:07.044457,2024-11-06T13:31:54.338968,CLOSED,,WEB-SERVER-07,False
ALT-CSE-07-02308,CSE-07,HIGH,2024-11-25T09:48:44,2024-11-25T09:49:48.760290,2024-11-25T10:02:00.307356,CLOSED,,WEB-SERVER-07,False
ALT-CSE-07-02309,CSE-07,MEDIUM,2024-11-07T21:26:17,2024-11-07T21:26:59.508502,2024-11-07T21:41:52.862735,CLOSED,,ENDPOINT-07,False
ALT-CSE-07-02310,CSE-07,LOW,2024-10-21T13:43:15,2024-10-21T13:44:07.322407,2024-10-21T14:06:33.070303,CLOSED,,FIREWALL-07,False
ALT-CSE-07-02311,CSE-07,MEDIUM,2024-10-06T18:40:54,2024-10-06T18:41:44.577042,2024-10-06T18:48:40.455870,CLOSED,,FIREWALL-07,False
ALT-CSE-07-02312,CSE-07,LOW,2024-12-07T07:05:17,2024-12-07T07:06:03.570210,2024-12-07T07:22:05.046746,CLOSED,,ENDPOINT-07,False
ALT-CSE-07-02313,CSE-07,LOW,2024-12-24T06:56:04,2024-12-24T06:57:45.716360,2024-12-24T07:15:17.689799,CLOSED,,FIREWALL-07,False
ALT-CSE-07-02314,CSE-07,MEDIUM,2024-11-17T23:00:32,2024-11-17T23:02:22.788635,2024-11-17T23:15:34.197106,CLOSED,,FIREWALL-07,False
ALT-CSE-07-02315,CSE-07,HIGH,2024-12-24T00:05:14,2024-12-24T00:07:02.586318,2024-12-24T00:21:31.544874,CLOSED,,FIREWALL-07,False
ALT-CSE-07-02316,CSE-07,HIGH,2024-12-29T05:37:17,2024-12-29T05:38:17.726924,2024-12-29T06:03:31.156757,CLOSED,,FIREWALL-07,False
ALT-CSE-07-02317,CSE-07,MEDIUM,2024-11-14T08:38:13,2024-11-14T08:39:13.821705,2024-11-14T09:00:04.437226,CLOSED,,WEB-SERVER-07,False
ALT-CSE-07-02318,CSE-07,LOW,2024-10-13T06:41:18,2024-10-13T06:42:53.489182,2024-10-13T07:05:58.491841,CLOSED,,WEB-SERVER-07,False
ALT-CSE-07-02319,CSE-07,MEDIUM,2024-12-13T17:02:13,2024-12-13T17:02:53.481208,2024-12-13T17:22:31.150190,CLOSED,,WEB-SERVER-07,False
ALT-CSE-07-02320,CSE-07,HIGH,2024-10-08T05:08:08,2024-10-08T05:09:43.725346,2024-10-08T05:22:23.634065,CLOSED,,DB-SERVER-07,False
ALT-CSE-07-02321,CSE-07,LOW,2024-10-14T19:17:49,2024-10-14T19:18:33.895776,2024-10-14T19:38:54.754186,CLOSED,,ENDPOINT-07,False
ALT-CSE-07-02322,CSE-07,HIGH,2024-12-07T13:18:13,2024-12-07T13:19:26.322665,2024-12-07T13:33:25.094651,CLOSED,,ENDPOINT-07,False
ALT-CSE-07-02323,CSE-07,MEDIUM,2024-10-23T01:16:33,2024-10-23T01:17:47.662160,2024-10-23T01:38:34.639553,CLOSED,,DB-SERVER-07,False
ALT-CSE-07-02324,CSE-07,LOW,2024-11-24T14:04:57,2024-11-24T14:06:09.480572,2024-11-24T14:16:28.177982,CLOSED,,WEB-SERVER-07,False
ALT-CSE-07-02325,CSE-07,MEDIUM,2024-10-25T19:27:04,2024-10-25T19:28:11.244874,2024-10-25T19:47:26.388296,CLOSED,,FIREWALL-07,False
ALT-CSE-07-02326,CSE-07,LOW,2024-10-17T17:02:46,2024-10-17T17:04:16.224957,2024-10-17T17:23:18.261231,CLOSED,,DB-SERVER-07,False
ALT-CSE-07-02327,CSE-07,LOW,2024-12-11T11:27:02,2024-12-11T11:27:58.933284,2024-12-11T11:47:03.886831,CLOSED,,FIREWALL-07,False
ALT-CSE-07-02328,CSE-07,MEDIUM,2024-11-10T22:14:44,2024-11-10T22:15:26.007708,2024-11-10T22:45:14.818051,CLOSED,,FIREWALL-07,False
ALT-CSE-07-02329,CSE-07,MEDIUM,2024-10-05T07:19:59,2024-10-05T07:21:46.797341,2024-10-05T07:35:34.660980,CLOSED,,WEB-SERVER-07,False
ALT-CSE-07-02330,CSE-07,HIGH,2024-10-12T00:26:34,2024-10-12T00:27:34.058511,2024-10-12T00:50:33.539298,CLOSED,,FIREWALL-07,False
ALT-CSE-07-02331,CSE-07,HIGH,2024-12-06T06:13:14,2024-12-06T06:14:51.455432,2024-12-06T06:35:47.215608,CLOSED,,ENDPOINT-07,False
ALT-CSE-07-02332,CSE-07,HIGH,2024-12-13T16:30:30,2024-12-13T16:32:06.065470,2024-12-13T16:58:30.212552,CLOSED,,FIREWALL-07,False
ALT-CSE-07-02333,CSE-07,MEDIUM,2024-12-29T19:15:33,2024-12-29T19:17:06.749012,2024-12-29T19:36:16.647078,CLOSED,,ENDPOINT-07,False
ALT-CSE-07-02334,CSE-07,HIGH,2024-10-02T18:57:01,2024-10-02T18:57:51.141696,2024-10-02T19:15:10.803456,CLOSED,,FIREWALL-07,False
ALT-CSE-07-02335,CSE-07,HIGH,2024-10-22T13:13:43,2024-10-22T13:15:16.293824,2024-10-22T13:31:03.141907,CLOSED,,ENDPOINT-07,False
ALT-CSE-07-02336,CSE-07,HIGH,2024-10-16T14:49:15,2024-10-16T14:49:57.685288,2024-10-16T15:11:47.259548,CLOSED,,FIREWALL-07,False
ALT-CSE-07-02337,CSE-07,LOW,2024-11-09T11:42:23,2024-11-09T11:44:03.580358,2024-11-09T12:03:38.871112,CLOSED,,WEB-SERVER-07,False
ALT-CSE-07-02338,CSE-07,MEDIUM,2024-12-15T11:15:39,2024-12-15T11:16:42.083176,2024-12-15T11:32:04.714017,CLOSED,,DB-SERVER-07,False
ALT-CSE-07-02339,CSE-07,LOW,2024-10-13T18:02:28,2024-10-13T18:03:05.578592,2024-10-13T18:27:03.766700,CLOSED,,ENDPOINT-07,False
ALT-CSE-07-02340,CSE-07,MEDIUM,2024-12-16T03:58:30,2024-12-16T03:59:37.574648,2024-12-16T04:24:32.590009,CLOSED,,ENDPOINT-07,False
ALT-CSE-07-02341,CSE-07,LOW,2024-10-14T16:52:28,2024-10-14T16:53:39.271326,2024-10-14T17:18:35.823554,CLOSED,,WEB-SERVER-07,False
ALT-CSE-07-02342,CSE-07,HIGH,2024-10-09T10:52:42,2024-10-09T10:54:09.903907,2024-10-09T11:12:59.577513,CLOSED,,DB-SERVER-07,False
ALT-CSE-07-02343,CSE-07,HIGH,2024-11-18T19:24:58,2024-11-18T19:25:38.716755,2024-11-18T19:43:23.781552,CLOSED,,DB-SERVER-07,False
ALT-CSE-07-02344,CSE-07,HIGH,2024-11-13T09:44:26,2024-11-13T09:45:52.519736,2024-11-13T10:03:35.075057,CLOSED,,ENDPOINT-07,False
ALT-CSE-07-02345,CSE-07,LOW,2024-10-01T17:16:17,2024-10-01T17:17:43.406483,2024-10-01T17:42:59.857037,CLOSED,,FIREWALL-07,False
ALT-CSE-07-02346,CSE-07,HIGH,2024-10-17T00:15:29,2024-10-17T00:16:20.090715,2024-10-17T00:36:12.936170,CLOSED,,ENDPOINT-07,False
ALT-CSE-07-02347,CSE-07,LOW,2024-10-07T02:04:19,2024-10-07T02:05:47.628697,2024-10-07T02:26:15.924501,CLOSED,,FIREWALL-07,False
ALT-CSE-07-02348,CSE-07,HIGH,2024-12-14T09:28:51,2024-12-14T09:30:19.046101,2024-12-14T09:42:05.926122,CLOSED,,WEB-SERVER-07,False
ALT-CSE-07-02349,CSE-07,HIGH,2024-11-24T09:52:52,2024-11-24T09:54:48.827899,2024-11-24T10:18:48.224920,CLOSED,,FIREWALL-07,False
ALT-CSE-07-02350,CSE-07,HIGH,2024-11-20T09:02:48,2024-11-20T09:03:49.519208,2024-11-20T09:25:45.023236,CLOSED,,WEB-SERVER-07,False
ALT-CSE-07-02351,CSE-07,LOW,2024-12-08T16:12:55,2024-12-08T16:13:30.675062,2024-12-08T16:37:10.191105,CLOSED,,DB-SERVER-07,False
ALT-CSE-07-02352,CSE-07,HIGH,2024-10-11T10:08:15,2024-10-11T10:09:18.538134,2024-10-11T10:23:19.236162,CLOSED,,DB-SERVER-07,False
ALT-CSE-07-02353,CSE-07,HIGH,2024-12-18T03:19:45,2024-12-18T03:20:22.183650,2024-12-18T03:35:07.618861,CLOSED,,FIREWALL-07,False
ALT-CSE-07-02354,CSE-07,HIGH,2024-11-17T02:57:41,2024-11-17T02:58:38.171849,2024-11-17T03:19:57.327475,CLOSED,,FIREWALL-07,False
ALT-CSE-07-02355,CSE-07,LOW,2024-10-24T10:01:51,2024-10-24T10:02:38.924132,2024-10-24T10:21:23.346466,CLOSED,,ENDPOINT-07,False
ALT-CSE-07-02356,CSE-07,LOW,2024-10-01T15:46:48,2024-10-01T15:48:18.347867,2024-10-01T16:00:59.682865,CLOSED,CAS-CSE-07-0856,ENDPOINT-07,False
ALT-CSE-07-02357,CSE-07,LOW,2024-10-27T10:16:36,2024-10-27T10:17:26.210635,2024-10-27T10:48:41.554338,CLOSED,,WEB-SERVER-07,False
ALT-CSE-07-02358,CSE-07,HIGH,2024-11-09T21:30:16,2024-11-09T21:31:21.228338,2024-11-09T21:49:23.494651,CLOSED,,FIREWALL-07,False
ALT-CSE-07-02359,CSE-07,MEDIUM,2024-10-24T18:05:39,2024-10-24T18:07:09.375941,2024-10-24T18:27:43.203007,CLOSED,,FIREWALL-07,False
ALT-CSE-07-02360,CSE-07,LOW,2024-12-08T16:27:58,2024-12-08T16:29:22.222606,2024-12-08T16:46:43.843722,CLOSED,,DB-SERVER-07,False
ALT-CSE-07-02361,CSE-07,LOW,2024-12-05T09:46:32,2024-12-05T09:47:05.338600,2024-12-05T10:08:10.095457,CLOSED,,FIREWALL-07,False
ALT-CSE-07-02362,CSE-07,LOW,2024-11-24T23:03:00,2024-11-24T23:03:46.541180,2024-11-24T23:21:06.219432,CLOSED,,DB-SERVER-07,False
ALT-CSE-07-02363,CSE-07,LOW,2024-11-29T14:53:27,2024-11-29T14:55:25.352697,2024-11-29T15:13:03.412199,CLOSED,,ENDPOINT-07,False
ALT-CSE-07-02364,CSE-07,LOW,2024-10-07T22:48:23,2024-10-07T22:49:16.610194,2024-10-07T23:06:20.780991,CLOSED,,ENDPOINT-07,False
ALT-CSE-07-02365,CSE-07,MEDIUM,2024-11-23T12:22:16,2024-11-23T12:22:49.674866,2024-11-23T12:40:08.701280,CLOSED,,DB-SERVER-07,False
ALT-CSE-07-02366,CSE-07,LOW,2024-12-25T11:00:26,2024-12-25T11:01:05.059382,2024-12-25T11:23:46.352006,CLOSED,,FIREWALL-07,False
ALT-CSE-07-02367,CSE-07,HIGH,2024-10-22T17:39:50,2024-10-22T17:41:12.180046,2024-10-22T17:52:15.109019,CLOSED,,FIREWALL-07,False
ALT-CSE-07-02368,CSE-07,HIGH,2024-11-20T05:20:49,2024-11-20T05:21:20.946157,2024-11-20T05:54:55.202694,CLOSED,,WEB-SERVER-07,False
ALT-CSE-07-02369,CSE-07,LOW,2024-12-11T18:45:40,2024-12-11T18:47:14.482226,2024-12-11T18:56:23.230144,CLOSED,,WEB-SERVER-07,False
ALT-CSE-07-02370,CSE-07,LOW,2024-11-12T00:32:28,2024-11-12T00:33:58.735710,2024-11-12T00:50:14.425371,CLOSED,,DB-SERVER-07,False
ALT-CSE-07-02371,CSE-07,MEDIUM,2024-11-10T12:59:15,2024-11-10T13:00:45.260016,2024-11-10T13:26:11.878070,CLOSED,,ENDPOINT-07,False
ALT-CSE-07-02372,CSE-07,MEDIUM,2024-12-21T21:33:41,2024-12-21T21:34:14.820164,2024-12-21T21:48:16.305988,CLOSED,,DB-SERVER-07,False
ALT-CSE-07-02373,CSE-07,MEDIUM,2024-12-26T19:09:26,2024-12-26T19:11:03.794593,2024-12-26T19:35:26.607568,CLOSED,,ENDPOINT-07,False
ALT-CSE-07-02374,CSE-07,MEDIUM,2024-12-12T01:09:33,2024-12-12T01:10:11.095361,2024-12-12T01:24:18.870728,CLOSED,,ENDPOINT-07,False
ALT-CSE-07-02375,CSE-07,HIGH,2024-11-02T04:24:46,2024-11-02T04:26:25.616283,2024-11-02T04:47:14.859752,CLOSED,CAS-CSE-07-0857,FIREWALL-07,False
ALT-CSE-07-02376,CSE-07,LOW,2024-11-16T08:47:25,2024-11-16T08:48:00.772824,2024-11-16T09:13:30.213512,CLOSED,,DB-SERVER-07,False
ALT-CSE-07-02377,CSE-07,HIGH,2024-10-06T23:57:10,2024-10-06T23:58:26.768190,2024-10-07T00:10:43.169791,CLOSED,,DB-SERVER-07,False
ALT-CSE-07-02378,CSE-07,HIGH,2024-10-02T04:45:21,2024-10-02T04:47:18.380683,2024-10-02T05:08:39.484403,CLOSED,,DB-SERVER-07,False
ALT-CSE-07-02379,CSE-07,HIGH,2024-10-14T21:48:08,2024-10-14T21:49:26.668896,2024-10-14T22:04:44.182204,CLOSED,,DB-SERVER-07,False
ALT-CSE-07-02380,CSE-07,MEDIUM,2024-12-04T22:59:08,2024-12-04T23:00:39.705651,2024-12-04T23:15:37.831340,CLOSED,,DB-SERVER-07,False
ALT-CSE-07-02381,CSE-07,MEDIUM,2024-12-21T05:10:12,2024-12-21T05:11:27.369510,2024-12-21T05:31:41.413431,CLOSED,,ENDPOINT-07,False
ALT-CSE-07-02382,CSE-07,MEDIUM,2024-12-11T01:39:55,2024-12-11T01:41:40.795200,2024-12-11T02:00:17.072629,CLOSED,,WEB-SERVER-07,False
ALT-CSE-07-02383,CSE-07,MEDIUM,2024-10-04T20:12:36,2024-10-04T20:14:30.597234,2024-10-04T20:32:16.659858,CLOSED,,ENDPOINT-07,False
ALT-CSE-07-02384,CSE-07,LOW,2024-11-04T01:58:31,2024-11-04T01:59:41.680606,2024-11-04T02:15:58.499718,CLOSED,CAS-CSE-07-0858,ENDPOINT-07,False
ALT-CSE-07-02385,CSE-07,HIGH,2024-11-05T01:50:12,2024-11-05T01:51:37.772341,2024-11-05T02:08:35.268880,CLOSED,,FIREWALL-07,False
ALT-CSE-07-02386,CSE-07,HIGH,2024-11-26T23:30:13,2024-11-26T23:31:59.259272,2024-11-26T23:53:26.763789,CLOSED,,WEB-SERVER-07,False
ALT-CSE-07-02387,CSE-07,HIGH,2024-12-06T19:35:15,2024-12-06T19:36:36.829690,2024-12-06T19:55:33.778534,CLOSED,,FIREWALL-07,False
ALT-CSE-07-02388,CSE-07,LOW,2024-12-17T16:03:19,2024-12-17T16:04:45.888988,2024-12-17T16:26:46.489929,CLOSED,,ENDPOINT-07,False
ALT-CSE-07-02389,CSE-07,HIGH,2024-10-31T10:51:29,2024-10-31T10:52:53.362369,2024-10-31T11:13:41.809108,CLOSED,,DB-SERVER-07,False
ALT-CSE-07-02390,CSE-07,MEDIUM,2024-10-19T03:28:57,2024-10-19T03:29:48.646008,2024-10-19T03:51:05.438722,CLOSED,,WEB-SERVER-07,False
ALT-CSE-07-02391,CSE-07,MEDIUM,2024-10-02T22:07:00,2024-10-02T22:08:02.906856,2024-10-02T22:23:00.240323,CLOSED,,DB-SERVER-07,False
ALT-CSE-07-02392,CSE-07,HIGH,2024-10-22T13:12:03,2024-10-22T13:12:44.114725,2024-10-22T13:36:33.446938,CLOSED,,ENDPOINT-07,False
ALT-CSE-07-02393,CSE-07,LOW,2024-12-11T04:09:00,2024-12-11T04:10:42.325491,2024-12-11T04:27:39.360969,CLOSED,,FIREWALL-07,False
ALT-CSE-07-02394,CSE-07,LOW,2024-11-03T01:25:24,2024-11-03T01:27:12.892830,2024-11-03T01:39:58.306468,CLOSED,,FIREWALL-07,False
ALT-CSE-07-02395,CSE-07,MEDIUM,2024-10-09T16:22:30,2024-10-09T16:23:31.028097,2024-10-09T16:47:02.676788,CLOSED,,WEB-SERVER-07,False
ALT-CSE-07-02396,CSE-07,HIGH,2024-10-27T11:40:51,2024-10-27T11:41:54.168652,2024-10-27T12:07:13.223030,CLOSED,,FIREWALL-07,False
ALT-CSE-07-02397,CSE-07,HIGH,2024-11-16T09:46:04,2024-11-16T09:47:14.944933,2024-11-16T09:58:14.926281,CLOSED,,ENDPOINT-07,False
ALT-CSE-07-02398,CSE-07,MEDIUM,2024-10-13T13:52:21,2024-10-13T13:52:52.787133,2024-10-13T14:19:58.312170,CLOSED,,FIREWALL-07,False
ALT-CSE-07-02399,CSE-07,LOW,2024-10-01T21:19:27,2024-10-01T21:20:47.934121,2024-10-01T21:39:13.208242,CLOSED,,FIREWALL-07,False
ALT-CSE-07-02400,CSE-07,MEDIUM,2024-11-21T13:01:39,2024-11-21T13:03:02.538215,2024-11-21T13:17:24.036396,CLOSED,,WEB-SERVER-07,False
ALT-CSE-07-02401,CSE-07,MEDIUM,2024-10-30T12:38:46,2024-10-30T12:40:41.874979,2024-10-30T12:56:12.280783,CLOSED,,ENDPOINT-07,False
ALT-CSE-07-02402,CSE-07,LOW,2024-10-27T12:05:27,2024-10-27T12:06:49.337910,2024-10-27T12:22:40.221709,CLOSED,,DB-SERVER-07,False
ALT-CSE-07-02403,CSE-07,LOW,2024-10-12T14:00:17,2024-10-12T14:01:04.813945,2024-10-12T14:18:27.535677,CLOSED,,DB-SERVER-07,False
ALT-CSE-07-02404,CSE-07,HIGH,2024-11-15T16:11:33,2024-11-15T16:12:28.941527,2024-11-15T16:26:10.436205,CLOSED,,FIREWALL-07,False
ALT-CSE-07-02405,CSE-07,MEDIUM,2024-10-19T20:46:58,2024-10-19T20:48:13.546891,2024-10-19T21:10:27.926479,CLOSED,,FIREWALL-07,False
ALT-CSE-07-02406,CSE-07,LOW,2024-10-08T08:42:04,2024-10-08T08:43:07.846632,2024-10-08T09:07:15.306483,CLOSED,,ENDPOINT-07,False
ALT-CSE-07-02407,CSE-07,MEDIUM,2024-11-28T06:51:47,2024-11-28T06:53:17.760325,2024-11-28T07:08:38.094195,CLOSED,,DB-SERVER-07,False
ALT-CSE-07-02408,CSE-07,MEDIUM,2024-11-25T12:41:04,2024-11-25T12:42:11.047131,2024-11-25T12:54:49.025844,CLOSED,,FIREWALL-07,False
ALT-CSE-07-02409,CSE-07,LOW,2024-11-04T20:30:57,2024-11-04T20:32:45.861419,2024-11-04T20:47:56.271497,CLOSED,,FIREWALL-07,False
ALT-CSE-07-02410,CSE-07,LOW,2024-10-31T00:47:28,2024-10-31T00:49:11.623567,2024-10-31T01:11:30.358256,CLOSED,,ENDPOINT-07,False
ALT-CSE-07-02411,CSE-07,HIGH,2024-10-23T14:46:11,2024-10-23T14:47:49.039660,2024-10-23T15:10:19.602802,CLOSED,,ENDPOINT-07,False
ALT-CSE-07-02412,CSE-07,MEDIUM,2024-11-06T22:23:53,2024-11-06T22:25:10.574720,2024-11-06T22:49:16.707187,CLOSED,,DB-SERVER-07,False
ALT-CSE-07-02413,CSE-07,LOW,2024-12-03T06:25:28,2024-12-03T06:27:27.211961,2024-12-03T06:50:02.796779,CLOSED,,FIREWALL-07,False
ALT-CSE-07-02414,CSE-07,HIGH,2024-11-02T22:48:55,2024-11-02T22:49:29.719460,2024-11-02T23:05:21.808413,CLOSED,CAS-CSE-07-0859,FIREWALL-07,False
ALT-CSE-07-02415,CSE-07,MEDIUM,2024-11-26T23:05:37,2024-11-26T23:06:12.609554,2024-11-26T23:20:15.866886,CLOSED,,ENDPOINT-07,False
ALT-CSE-07-02416,CSE-07,MEDIUM,2024-10-07T13:07:53,2024-10-07T13:08:34.789645,2024-10-07T13:26:19.210180,CLOSED,,ENDPOINT-07,False
ALT-CSE-07-02417,CSE-07,HIGH,2024-11-29T07:14:01,2024-11-29T07:14:57.572633,2024-11-29T07:28:36.679278,CLOSED,,DB-SERVER-07,False
ALT-CSE-07-02418,CSE-07,LOW,2024-10-31T02:12:02,2024-10-31T02:13:39.621529,2024-10-31T02:43:52.894375,CLOSED,,FIREWALL-07,False
ALT-CSE-07-02419,CSE-07,LOW,2024-12-17T12:47:28,2024-12-17T12:49:25.836141,2024-12-17T13:13:14.370559,CLOSED,,DB-SERVER-07,False
ALT-CSE-07-02420,CSE-07,MEDIUM,2024-11-25T21:31:05,2024-11-25T21:32:59.791494,2024-11-25T21:54:32.244223,CLOSED,CAS-CSE-07-0860,ENDPOINT-07,False
ALT-CSE-07-02421,CSE-07,HIGH,2024-11-20T23:14:18,2024-11-20T23:15:42.387421,2024-11-20T23:32:58.321150,CLOSED,,FIREWALL-07,False
ALT-CSE-07-02422,CSE-07,MEDIUM,2024-10-02T21:55:33,2024-10-02T21:56:04.944582,2024-10-02T22:21:26.802933,CLOSED,,WEB-SERVER-07,False
ALT-CSE-07-02423,CSE-07,LOW,2024-12-26T12:44:37,2024-12-26T12:46:02.574311,2024-12-26T13:03:46.165945,CLOSED,,FIREWALL-07,False
ALT-CSE-07-02424,CSE-07,MEDIUM,2024-12-23T15:28:04,2024-12-23T15:29:30.298713,2024-12-23T15:51:02.295276,CLOSED,,ENDPOINT-07,False
ALT-CSE-07-02425,CSE-07,MEDIUM,2024-10-25T03:07:37,2024-10-25T03:09:02.151711,2024-10-25T03:29:49.027027,CLOSED,,WEB-SERVER-07,False
ALT-CSE-07-02426,CSE-07,MEDIUM,2024-12-03T01:59:22,2024-12-03T02:00:39.770964,2024-12-03T02:17:16.900373,CLOSED,CAS-CSE-07-0861,DB-SERVER-07,False
ALT-CSE-07-02427,CSE-07,MEDIUM,2024-10-18T06:56:52,2024-10-18T06:58:45.031002,2024-10-18T07:18:51.446969,CLOSED,,WEB-SERVER-07,False
ALT-CSE-07-02428,CSE-07,LOW,2024-10-11T21:23:22,2024-10-11T21:24:37.042830,2024-10-11T21:45:52.929626,CLOSED,,WEB-SERVER-07,False
ALT-CSE-07-02429,CSE-07,HIGH,2024-12-27T12:25:48,2024-12-27T12:27:25.680320,2024-12-27T12:42:52.223704,CLOSED,,DB-SERVER-07,False
ALT-CSE-07-02430,CSE-07,LOW,2024-10-03T20:32:45,2024-10-03T20:34:18.814318,2024-10-03T20:57:07.567384,CLOSED,,WEB-SERVER-07,False
ALT-CSE-07-02431,CSE-07,HIGH,2024-12-01T12:38:38,2024-12-01T12:40:07.968523,2024-12-01T13:05:33.536930,CLOSED,,FIREWALL-07,False
ALT-CSE-07-02432,CSE-07,LOW,2024-12-04T06:01:13,2024-12-04T06:02:39.579020,2024-12-04T06:17:13.900523,CLOSED,,FIREWALL-07,False
ALT-CSE-07-02433,CSE-07,MEDIUM,2024-12-09T03:15:59,2024-12-09T03:17:33.151351,2024-12-09T03:37:44.427866,CLOSED,CAS-CSE-07-0862,WEB-SERVER-07,False
ALT-CSE-07-02434,CSE-07,HIGH,2024-10-11T03:25:09,2024-10-11T03:26:45.769552,2024-10-11T03:37:46.537966,CLOSED,,FIREWALL-07,False
ALT-CSE-07-02435,CSE-07,LOW,2024-10-17T11:48:58,2024-10-17T11:49:44.008373,2024-10-17T12:11:33.444539,CLOSED,,DB-SERVER-07,False
ALT-CSE-07-02436,CSE-07,LOW,2024-12-01T14:12:34,2024-12-01T14:13:48.466522,2024-12-01T14:24:10.218390,CLOSED,,WEB-SERVER-07,False
ALT-CSE-07-02437,CSE-07,LOW,2024-12-21T23:56:00,2024-12-21T23:57:38.653775,2024-12-22T00:13:50.083034,CLOSED,,ENDPOINT-07,False
ALT-CSE-07-02438,CSE-07,HIGH,2024-12-16T23:14:44,2024-12-16T23:15:29.462983,2024-12-16T23:31:41.311446,CLOSED,,WEB-SERVER-07,False
ALT-CSE-07-02439,CSE-07,LOW,2024-12-12T14:58:30,2024-12-12T14:59:30.021658,2024-12-12T15:15:53.087373,CLOSED,,ENDPOINT-07,False
ALT-CSE-07-02440,CSE-07,MEDIUM,2024-11-24T06:01:18,2024-11-24T06:02:27.710693,2024-11-24T06:19:05.881471,CLOSED,,FIREWALL-07,False
ALT-CSE-07-02441,CSE-07,MEDIUM,2024-12-02T23:05:55,2024-12-02T23:06:26.798710,2024-12-02T23:23:52.986114,CLOSED,,FIREWALL-07,False
ALT-CSE-07-02442,CSE-07,HIGH,2024-11-08T22:43:39,2024-11-08T22:45:25.793685,2024-11-08T23:02:45.628827,CLOSED,,DB-SERVER-07,False
ALT-CSE-07-02443,CSE-07,LOW,2024-12-14T04:44:21,2024-12-14T04:45:11.364925,2024-12-14T05:05:35.883140,CLOSED,,WEB-SERVER-07,False
ALT-CSE-07-02444,CSE-07,MEDIUM,2024-12-05T16:21:16,2024-12-05T16:23:01.586753,2024-12-05T16:39:15.385964,CLOSED,,FIREWALL-07,False
ALT-CSE-07-02445,CSE-07,MEDIUM,2024-12-06T23:38:10,2024-12-06T23:39:02.492897,2024-12-07T00:00:52.483890,CLOSED,CAS-CSE-07-0863,DB-SERVER-07,False
ALT-CSE-07-02446,CSE-07,HIGH,2024-11-11T10:54:23,2024-11-11T10:56:16.187580,2024-11-11T11:18:24.918046,CLOSED,,FIREWALL-07,False
ALT-CSE-07-02447,CSE-07,HIGH,2024-12-16T00:21:20,2024-12-16T00:22:39.622978,2024-12-16T00:40:14.071194,CLOSED,,ENDPOINT-07,False
ALT-CSE-07-02448,CSE-07,HIGH,2024-10-16T10:29:43,2024-10-16T10:30:34.234545,2024-10-16T10:57:01.246053,CLOSED,,WEB-SERVER-07,False
ALT-CSE-07-02449,CSE-07,HIGH,2024-10-27T12:40:11,2024-10-27T12:40:56.736428,2024-10-27T12:55:06.374741,CLOSED,,ENDPOINT-07,False
ALT-CSE-07-02450,CSE-07,MEDIUM,2024-10-09T12:52:00,2024-10-09T12:52:49.825418,2024-10-09T13:12:17.105850,CLOSED,,DB-SERVER-07,False
ALT-CSE-07-02451,CSE-07,MEDIUM,2024-10-12T06:54:24,2024-10-12T06:56:02.906761,2024-10-12T07:10:26.249241,CLOSED,CAS-CSE-07-0864,FIREWALL-07,False
ALT-CSE-07-02452,CSE-07,MEDIUM,2024-12-06T19:09:41,2024-12-06T19:10:44.487608,2024-12-06T19:42:55.183969,CLOSED,,FIREWALL-07,False
ALT-CSE-07-02453,CSE-07,HIGH,2024-11-23T08:07:53,2024-11-23T08:09:06.632623,2024-11-23T08:27:22.629525,CLOSED,,FIREWALL-07,False
ALT-CSE-07-02454,CSE-07,MEDIUM,2024-11-07T07:52:24,2024-11-07T07:54:19.885238,2024-11-07T08:13:08.741110,CLOSED,,DB-SERVER-07,False
ALT-CSE-07-02455,CSE-07,HIGH,2024-12-28T03:10:14,2024-12-28T03:11:14.577158,2024-12-28T03:31:07.006322,CLOSED,,DB-SERVER-07,False
ALT-CSE-07-02456,CSE-07,MEDIUM,2024-11-03T06:36:36,2024-11-03T06:38:15.224179,2024-11-03T06:56:53.217498,CLOSED,,ENDPOINT-07,False
ALT-CSE-07-02457,CSE-07,LOW,2024-11-19T01:53:05,2024-11-19T01:53:49.243728,2024-11-19T02:14:28.683260,CLOSED,,WEB-SERVER-07,False
ALT-CSE-07-02458,CSE-07,MEDIUM,2024-12-14T03:12:07,2024-12-14T03:12:43.614615,2024-12-14T03:31:53.596370,CLOSED,,DB-SERVER-07,False
ALT-CSE-07-02459,CSE-07,HIGH,2024-12-24T19:09:15,2024-12-24T19:10:05.044521,2024-12-24T19:33:24.416595,CLOSED,,DB-SERVER-07,False
ALT-CSE-07-02460,CSE-07,HIGH,2024-12-24T19:00:22,2024-12-24T19:01:44.409552,2024-12-24T19:24:31.910040,CLOSED,,FIREWALL-07,False
ALT-CSE-07-02461,CSE-07,HIGH,2024-10-11T18:56:39,2024-10-11T18:58:17.454717,2024-10-11T19:14:13.135019,CLOSED,,DB-SERVER-07,False
ALT-CSE-07-02462,CSE-07,MEDIUM,2024-10-22T08:15:46,2024-10-22T08:16:36.783411,2024-10-22T08:40:05.868674,CLOSED,,DB-SERVER-07,False
ALT-CSE-07-02463,CSE-07,LOW,2024-11-10T01:31:29,2024-11-10T01:32:18.769870,2024-11-10T01:56:15.222176,CLOSED,,WEB-SERVER-07,False
ALT-CSE-07-02464,CSE-07,LOW,2024-12-04T22:23:06,2024-12-04T22:23:48.167377,2024-12-04T22:39:49.949002,CLOSED,,WEB-SERVER-07,False
ALT-CSE-07-02465,CSE-07,MEDIUM,2024-10-08T02:02:29,2024-10-08T02:03:51.899628,2024-10-08T02:19:56.364954,CLOSED,,WEB-SERVER-07,False
ALT-CSE-07-02466,CSE-07,MEDIUM,2024-11-21T10:02:08,2024-11-21T10:03:38.281820,2024-11-21T10:16:06.899040,CLOSED,,DB-SERVER-07,False
ALT-CSE-07-02467,CSE-07,HIGH,2024-11-27T23:49:26,2024-11-27T23:51:10.386285,2024-11-28T00:07:36.710226,CLOSED,CAS-CSE-07-0865,DB-SERVER-07,False
ALT-CSE-07-02468,CSE-07,MEDIUM,2024-10-26T20:28:28,2024-10-26T20:30:03.972455,2024-10-26T20:44:41.513900,CLOSED,,WEB-SERVER-07,False
ALT-CSE-07-02469,CSE-07,MEDIUM,2024-12-29T06:56:15,2024-12-29T06:57:04.193501,2024-12-29T07:16:07.334733,CLOSED,,WEB-SERVER-07,False
ALT-CSE-07-02470,CSE-07,MEDIUM,2024-11-17T18:49:59,2024-11-17T18:51:40.107059,2024-11-17T19:11:38.508780,CLOSED,,FIREWALL-07,False
ALT-CSE-07-02471,CSE-07,LOW,2024-12-29T11:08:26,2024-12-29T11:10:23.148836,2024-12-29T11:33:05.304766,CLOSED,,WEB-SERVER-07,False
ALT-CSE-07-02472,CSE-07,LOW,2024-12-16T20:19:07,2024-12-16T20:20:30.217501,2024-12-16T20:41:29.044671,CLOSED,,ENDPOINT-07,False
ALT-CSE-07-02473,CSE-07,LOW,2024-12-02T05:00:03,2024-12-02T05:02:00.069031,2024-12-02T05:28:00.342315,CLOSED,,FIREWALL-07,False
ALT-CSE-07-02474,CSE-07,HIGH,2024-10-02T21:51:38,2024-10-02T21:53:25.809516,2024-10-02T22:11:14.900755,CLOSED,,ENDPOINT-07,False
ALT-CSE-07-02475,CSE-07,LOW,2024-10-29T13:24:07,2024-10-29T13:25:41.582622,2024-10-29T13:39:27.189439,CLOSED,,ENDPOINT-07,False
ALT-CSE-07-02476,CSE-07,LOW,2024-11-19T00:54:19,2024-11-19T00:55:44.648436,2024-11-19T01:15:09.792048,CLOSED,,ENDPOINT-07,False
ALT-CSE-07-02477,CSE-07,HIGH,2024-11-12T20:55:50,2024-11-12T20:57:15.116302,2024-11-12T21:20:31.170045,CLOSED,,DB-SERVER-07,False
ALT-CSE-07-02478,CSE-07,MEDIUM,2024-12-28T17:57:01,2024-12-28T17:58:08.551658,2024-12-28T18:24:17.419634,CLOSED,,ENDPOINT-07,False
ALT-CSE-07-02479,CSE-07,MEDIUM,2024-12-09T14:08:47,2024-12-09T14:09:51.084707,2024-12-09T14:25:50.219602,CLOSED,,DB-SERVER-07,False
ALT-CSE-07-02480,CSE-07,LOW,2024-10-07T02:15:04,2024-10-07T02:16:12.904129,2024-10-07T02:34:38.835774,CLOSED,,WEB-SERVER-07,False
ALT-CSE-07-02481,CSE-07,HIGH,2024-11-23T15:15:17,2024-11-23T15:16:26.620196,2024-11-23T15:29:11.266184,CLOSED,,DB-SERVER-07,False
ALT-CSE-07-02482,CSE-07,HIGH,2024-12-25T16:56:32,2024-12-25T16:57:03.510558,2024-12-25T17:17:58.081147,CLOSED,,DB-SERVER-07,False
ALT-CSE-07-02483,CSE-07,HIGH,2024-11-20T11:43:13,2024-11-20T11:44:24.068318,2024-11-20T12:06:54.549460,CLOSED,,ENDPOINT-07,False
ALT-CSE-07-02484,CSE-07,HIGH,2024-12-16T20:37:07,2024-12-16T20:38:31.748268,2024-12-16T20:51:38.557306,CLOSED,,FIREWALL-07,False
ALT-CSE-07-02485,CSE-07,MEDIUM,2024-11-15T17:28:25,2024-11-15T17:29:39.351422,2024-11-15T17:47:52.296299,CLOSED,,WEB-SERVER-07,False
ALT-CSE-07-02486,CSE-07,MEDIUM,2024-10-03T19:05:23,2024-10-03T19:05:58.075936,2024-10-03T19:30:52.853122,CLOSED,,WEB-SERVER-07,False
ALT-CSE-07-02487,CSE-07,MEDIUM,2024-10-18T11:30:55,2024-10-18T11:31:41.772854,2024-10-18T11:51:48.284181,CLOSED,,FIREWALL-07,False
ALT-CSE-07-02488,CSE-07,HIGH,2024-10-09T19:25:20,2024-10-09T19:25:58.290018,2024-10-09T19:42:06.901294,CLOSED,,FIREWALL-07,False
ALT-CSE-07-02489,CSE-07,MEDIUM,2024-11-28T10:43:53,2024-11-28T10:45:30.757867,2024-11-28T11:06:25.536761,CLOSED,,DB-SERVER-07,False
ALT-CSE-07-02490,CSE-07,LOW,2024-12-23T23:52:40,2024-12-23T23:54:28.875323,2024-12-24T00:04:45.131223,CLOSED,,FIREWALL-07,False
ALT-CSE-07-02491,CSE-07,LOW,2024-12-06T14:17:54,2024-12-06T14:19:49.172849,2024-12-06T14:35:59.893511,CLOSED,,ENDPOINT-07,False
ALT-CSE-07-02492,CSE-07,MEDIUM,2024-10-22T00:16:26,2024-10-22T00:17:36.512894,2024-10-22T00:31:03.493814,CLOSED,,DB-SERVER-07,False
ALT-CSE-07-02493,CSE-07,LOW,2024-10-27T05:46:27,2024-10-27T05:47:00.159044,2024-10-27T06:12:41.375095,CLOSED,CAS-CSE-07-0866,FIREWALL-07,False
ALT-CSE-07-02494,CSE-07,HIGH,2024-10-29T23:37:50,2024-10-29T23:39:44.728112,2024-10-29T23:51:33.008288,CLOSED,,DB-SERVER-07,False
ALT-CSE-07-02495,CSE-07,HIGH,2024-10-01T19:25:11,2024-10-01T19:27:05.751127,2024-10-01T19:49:46.441713,CLOSED,,WEB-SERVER-07,False
ALT-CSE-07-02496,CSE-07,HIGH,2024-11-04T05:44:57,2024-11-04T05:45:59.678343,2024-11-04T06:05:37.775538,CLOSED,,FIREWALL-07,False
ALT-CSE-07-02497,CSE-07,MEDIUM,2024-11-01T13:21:47,2024-11-01T13:22:56.376751,2024-11-01T13:31:42.198090,CLOSED,,DB-SERVER-07,False
ALT-CSE-07-02498,CSE-07,HIGH,2024-11-05T19:57:27,2024-11-05T19:58:30.158455,2024-11-05T20:23:48.823671,CLOSED,,ENDPOINT-07,False
ALT-CSE-07-02499,CSE-07,LOW,2024-10-14T08:11:51,2024-10-14T08:12:33.580291,2024-10-14T08:30:44.126615,CLOSED,,WEB-SERVER-07,False
ALT-CSE-07-02500,CSE-07,MEDIUM,2024-12-05T16:39:11,2024-12-05T16:39:47.612132,2024-12-05T16:58:10.215876,CLOSED,,DB-SERVER-07,False
ALT-CSE-07-02501,CSE-07,MEDIUM,2024-12-28T19:11:48,2024-12-28T19:12:31.735612,2024-12-28T19:28:27.417991,CLOSED,CAS-CSE-07-0867,DB-SERVER-07,False
ALT-CSE-07-02502,CSE-07,MEDIUM,2024-10-20T14:05:47,2024-10-20T14:06:52.834850,2024-10-20T14:32:58.306047,CLOSED,,FIREWALL-07,False
ALT-CSE-07-02503,CSE-07,MEDIUM,2024-12-14T07:48:53,2024-12-14T07:50:04.370621,2024-12-14T08:08:59.601588,CLOSED,,FIREWALL-07,False
ALT-CSE-07-02504,CSE-07,MEDIUM,2024-10-02T01:13:14,2024-10-02T01:14:55.337900,2024-10-02T01:33:21.686578,CLOSED,,DB-SERVER-07,False
ALT-CSE-07-02505,CSE-07,MEDIUM,2024-11-18T03:13:14,2024-11-18T03:14:51.865108,2024-11-18T03:32:12.179125,CLOSED,,ENDPOINT-07,False
ALT-CSE-07-02506,CSE-07,LOW,2024-11-03T19:31:35,2024-11-03T19:32:41.824080,2024-11-03T19:55:37.336708,CLOSED,,ENDPOINT-07,False
ALT-CSE-07-02507,CSE-07,HIGH,2024-11-20T19:57:16,2024-11-20T19:58:57.260459,2024-11-20T20:11:15.976014,CLOSED,,WEB-SERVER-07,False
ALT-CSE-07-02508,CSE-07,MEDIUM,2024-10-06T12:32:09,2024-10-06T12:32:52.305736,2024-10-06T12:46:22.911721,CLOSED,,WEB-SERVER-07,False
ALT-CSE-07-02509,CSE-07,LOW,2024-11-06T01:01:05,2024-11-06T01:01:48.885631,2024-11-06T01:25:37.065731,CLOSED,,DB-SERVER-07,False
ALT-CSE-07-02510,CSE-07,MEDIUM,2024-11-08T04:20:58,2024-11-08T04:22:50.449272,2024-11-08T04:40:27.325104,CLOSED,,ENDPOINT-07,False
ALT-CSE-07-02511,CSE-07,LOW,2024-10-25T21:32:11,2024-10-25T21:33:28.283818,2024-10-25T21:54:06.287510,CLOSED,,WEB-SERVER-07,False
ALT-CSE-07-02512,CSE-07,LOW,2024-11-27T23:19:25,2024-11-27T23:20:17.259421,2024-11-27T23:36:24.246718,CLOSED,,WEB-SERVER-07,False
ALT-CSE-07-02513,CSE-07,MEDIUM,2024-10-21T18:59:56,2024-10-21T19:01:11.709603,2024-10-21T19:19:17.483157,CLOSED,,ENDPOINT-07,False
ALT-CSE-07-02514,CSE-07,MEDIUM,2024-11-01T02:53:59,2024-11-01T02:55:46.911940,2024-11-01T03:12:15.435789,CLOSED,,DB-SERVER-07,False
ALT-CSE-07-02515,CSE-07,LOW,2024-10-05T16:41:04,2024-10-05T16:42:12.392954,2024-10-05T16:58:48.378460,CLOSED,,ENDPOINT-07,False
ALT-CSE-07-02516,CSE-07,HIGH,2024-10-18T18:19:11,2024-10-18T18:20:03.740938,2024-10-18T18:40:58.461875,CLOSED,,WEB-SERVER-07,False
ALT-CSE-07-02517,CSE-07,HIGH,2024-12-16T18:21:02,2024-12-16T18:21:52.460787,2024-12-16T18:48:17.349794,CLOSED,,WEB-SERVER-07,False
ALT-CSE-07-02518,CSE-07,MEDIUM,2024-12-07T06:34:08,2024-12-07T06:34:55.515199,2024-12-07T06:59:17.822554,CLOSED,,FIREWALL-07,False
ALT-CSE-07-02519,CSE-07,HIGH,2024-11-18T22:42:44,2024-11-18T22:43:57.426305,2024-11-18T22:55:45.185659,CLOSED,,FIREWALL-07,False
ALT-CSE-07-02520,CSE-07,LOW,2024-10-12T10:48:32,2024-10-12T10:49:20.153455,2024-10-12T11:13:03.149690,CLOSED,,WEB-SERVER-07,False
ALT-CSE-07-02521,CSE-07,LOW,2024-11-26T16:40:46,2024-11-26T16:41:48.777847,2024-11-26T16:57:52.230552,CLOSED,CAS-CSE-07-0868,WEB-SERVER-07,False
ALT-CSE-07-02522,CSE-07,LOW,2024-11-09T12:34:52,2024-11-09T12:35:59.059670,2024-11-09T12:58:11.873554,CLOSED,,ENDPOINT-07,False
ALT-CSE-07-02523,CSE-07,MEDIUM,2024-11-11T10:54:36,2024-11-11T10:55:14.382659,2024-11-11T11:16:09.982025,CLOSED,,DB-SERVER-07,False
ALT-CSE-07-02524,CSE-07,LOW,2024-12-13T02:43:07,2024-12-13T02:44:30.015787,2024-12-13T02:56:31.757845,CLOSED,,WEB-SERVER-07,False
ALT-CSE-07-02525,CSE-07,HIGH,2024-10-04T22:55:48,2024-10-04T22:57:16.892177,2024-10-04T23:13:29.921633,CLOSED,,DB-SERVER-07,False
ALT-CSE-07-02526,CSE-07,LOW,2024-12-29T16:35:56,2024-12-29T16:36:36.908756,2024-12-29T16:59:18.496650,CLOSED,,WEB-SERVER-07,False
ALT-CSE-07-02527,CSE-07,HIGH,2024-11-04T22:41:26,2024-11-04T22:42:30.161549,2024-11-04T22:59:21.267264,CLOSED,,FIREWALL-07,False
ALT-CSE-07-02528,CSE-07,LOW,2024-12-19T22:22:55,2024-12-19T22:24:18.134368,2024-12-19T22:41:14.076364,CLOSED,,DB-SERVER-07,False
ALT-CSE-07-02529,CSE-07,MEDIUM,2024-11-10T20:17:34,2024-11-10T20:19:24.770877,2024-11-10T20:33:59.811268,CLOSED,,WEB-SERVER-07,False
ALT-CSE-07-02530,CSE-07,MEDIUM,2024-10-17T16:52:19,2024-10-17T16:53:32.906007,2024-10-17T17:07:10.450519,CLOSED,,FIREWALL-07,False
ALT-CSE-07-02531,CSE-07,LOW,2024-11-05T20:21:39,2024-11-05T20:23:31.147183,2024-11-05T20:33:56.583920,CLOSED,,ENDPOINT-07,False
ALT-CSE-07-02532,CSE-07,LOW,2024-12-24T03:30:13,2024-12-24T03:31:06.668604,2024-12-24T03:43:25.256805,CLOSED,,DB-SERVER-07,False
ALT-CSE-07-02533,CSE-07,HIGH,2024-10-12T19:10:05,2024-10-12T19:11:08.368727,2024-10-12T19:45:56.040536,CLOSED,,DB-SERVER-07,False
ALT-CSE-07-02534,CSE-07,HIGH,2024-11-01T20:57:23,2024-11-01T20:58:04.510406,2024-11-01T21:18:54.254621,CLOSED,,DB-SERVER-07,False
ALT-CSE-07-02535,CSE-07,LOW,2024-11-28T21:33:34,2024-11-28T21:34:40.132236,2024-11-28T21:58:11.267672,CLOSED,,FIREWALL-07,False
ALT-CSE-07-02536,CSE-07,LOW,2024-12-03T02:18:52,2024-12-03T02:20:50.975690,2024-12-03T02:40:17.404331,CLOSED,,WEB-SERVER-07,False
ALT-CSE-07-02537,CSE-07,MEDIUM,2024-12-06T22:26:50,2024-12-06T22:28:05.549586,2024-12-06T22:48:44.459621,CLOSED,,FIREWALL-07,False
ALT-CSE-07-02538,CSE-07,HIGH,2024-11-18T07:53:14,2024-11-18T07:54:12.402555,2024-11-18T08:18:04.844441,CLOSED,,ENDPOINT-07,False
ALT-CSE-07-02539,CSE-07,HIGH,2024-10-20T17:17:45,2024-10-20T17:19:13.268338,2024-10-20T17:32:50.348709,CLOSED,,ENDPOINT-07,False
ALT-CSE-07-02540,CSE-07,LOW,2024-10-08T23:37:43,2024-10-08T23:39:21.371610,2024-10-08T23:57:10.341976,CLOSED,,DB-SERVER-07,False
ALT-CSE-07-02541,CSE-07,LOW,2024-10-03T23:40:09,2024-10-03T23:41:00.238759,2024-10-03T23:48:36.229185,CLOSED,,WEB-SERVER-07,False
ALT-CSE-07-02542,CSE-07,MEDIUM,2024-10-25T14:26:03,2024-10-25T14:26:36.296682,2024-10-25T14:45:46.749439,CLOSED,,FIREWALL-07,False
ALT-CSE-07-02543,CSE-07,MEDIUM,2024-10-29T18:31:16,2024-10-29T18:32:38.436310,2024-10-29T18:56:43.288427,CLOSED,,DB-SERVER-07,False
ALT-CSE-07-02544,CSE-07,MEDIUM,2024-11-04T23:27:27,2024-11-04T23:28:57.195931,2024-11-04T23:49:48.660345,CLOSED,,WEB-SERVER-07,False
ALT-CSE-07-02545,CSE-07,HIGH,2024-12-09T23:59:20,2024-12-10T00:00:17.967095,2024-12-10T00:13:10.612294,CLOSED,,WEB-SERVER-07,False
ALT-CSE-07-02546,CSE-07,HIGH,2024-11-27T12:22:23,2024-11-27T12:23:24.319791,2024-11-27T12:41:52.325910,CLOSED,,DB-SERVER-07,False
ALT-CSE-07-02547,CSE-07,LOW,2024-10-21T01:41:52,2024-10-21T01:43:41.421798,2024-10-21T02:05:12.672447,CLOSED,,FIREWALL-07,False
ALT-CSE-07-02548,CSE-07,HIGH,2024-12-07T03:35:26,2024-12-07T03:36:47.558570,2024-12-07T04:01:37.601075,CLOSED,,ENDPOINT-07,False
ALT-CSE-07-02549,CSE-07,HIGH,2024-10-12T22:29:21,2024-10-12T22:29:56.007670,2024-10-12T22:44:34.080161,CLOSED,,ENDPOINT-07,False
ALT-CSE-07-02550,CSE-07,LOW,2024-12-15T00:52:20,2024-12-15T00:54:16.227324,2024-12-15T01:17:56.759177,CLOSED,,ENDPOINT-07,False
ALT-CSE-07-02551,CSE-07,MEDIUM,2024-12-01T21:35:43,2024-12-01T21:36:14.315748,2024-12-01T21:54:00.209006,CLOSED,,ENDPOINT-07,False
ALT-CSE-07-02552,CSE-07,MEDIUM,2024-10-31T06:17:59,2024-10-31T06:19:51.866611,2024-10-31T06:36:11.221010,CLOSED,,FIREWALL-07,False
ALT-CSE-07-02553,CSE-07,MEDIUM,2024-12-04T06:25:52,2024-12-04T06:27:34.797405,2024-12-04T06:49:32.372691,CLOSED,,DB-SERVER-07,False
ALT-CSE-07-02554,CSE-07,HIGH,2024-11-21T00:12:07,2024-11-21T00:12:54.208432,2024-11-21T00:33:28.193631,CLOSED,,FIREWALL-07,False
ALT-CSE-07-02555,CSE-07,MEDIUM,2024-10-06T19:00:16,2024-10-06T19:02:05.958496,2024-10-06T19:22:44.718926,CLOSED,,FIREWALL-07,False
ALT-CSE-07-02556,CSE-07,HIGH,2024-12-12T09:32:08,2024-12-12T09:33:48.812469,2024-12-12T09:46:48.493964,CLOSED,CAS-CSE-07-0869,DB-SERVER-07,False
ALT-CSE-07-02557,CSE-07,LOW,2024-12-03T17:19:16,2024-12-03T17:19:53.964231,2024-12-03T17:33:00.977062,CLOSED,,WEB-SERVER-07,False
ALT-CSE-07-02558,CSE-07,MEDIUM,2024-10-30T16:16:51,2024-10-30T16:18:29.955459,2024-10-30T16:41:06.078982,CLOSED,,DB-SERVER-07,False
ALT-CSE-07-02559,CSE-07,LOW,2024-12-19T10:36:56,2024-12-19T10:38:07.142552,2024-12-19T10:54:47.253052,CLOSED,,FIREWALL-07,False
ALT-CSE-07-02560,CSE-07,MEDIUM,2024-10-03T18:18:16,2024-10-03T18:19:51.456041,2024-10-03T18:41:31.165833,CLOSED,,ENDPOINT-07,False
ALT-CSE-07-02561,CSE-07,LOW,2024-11-23T00:41:47,2024-11-23T00:43:16.916258,2024-11-23T01:00:45.807970,CLOSED,,DB-SERVER-07,False
ALT-CSE-07-02562,CSE-07,HIGH,2024-10-19T02:04:44,2024-10-19T02:05:50.084821,2024-10-19T02:27:50.367411,CLOSED,,WEB-SERVER-07,False
ALT-CSE-07-02563,CSE-07,HIGH,2024-11-20T21:50:08,2024-11-20T21:51:45.901762,2024-11-20T22:12:28.293222,CLOSED,,ENDPOINT-07,False
ALT-CSE-07-02564,CSE-07,MEDIUM,2024-12-09T09:07:14,2024-12-09T09:08:02.794789,2024-12-09T09:22:47.519566,CLOSED,,FIREWALL-07,False
ALT-CSE-07-02565,CSE-07,MEDIUM,2024-12-02T01:38:01,2024-12-02T01:39:44.315307,2024-12-02T01:50:36.638681,CLOSED,,ENDPOINT-07,False
ALT-CSE-07-02566,CSE-07,LOW,2024-10-11T08:41:11,2024-10-11T08:42:21.424957,2024-10-11T08:58:46.548490,CLOSED,,DB-SERVER-07,False
ALT-CSE-07-02567,CSE-07,MEDIUM,2024-11-04T12:25:57,2024-11-04T12:27:06.709544,2024-11-04T12:49:04.707733,CLOSED,,DB-SERVER-07,False
ALT-CSE-07-02568,CSE-07,LOW,2024-10-06T15:08:53,2024-10-06T15:10:24.998692,2024-10-06T15:35:10.127016,CLOSED,,WEB-SERVER-07,False
ALT-CSE-07-02569,CSE-07,LOW,2024-12-04T17:32:46,2024-12-04T17:34:14.362839,2024-12-04T18:01:47.868964,CLOSED,,FIREWALL-07,False
ALT-CSE-07-02570,CSE-07,HIGH,2024-11-17T03:44:52,2024-11-17T03:45:36.142137,2024-11-17T03:56:50.668864,CLOSED,,WEB-SERVER-07,False
ALT-CSE-07-02571,CSE-07,HIGH,2024-12-27T05:36:10,2024-12-27T05:37:46.234539,2024-12-27T05:58:46.490180,CLOSED,,DB-SERVER-07,False
ALT-CSE-07-02572,CSE-07,LOW,2024-10-22T14:04:46,2024-10-22T14:05:28.738789,2024-10-22T14:23:29.492032,CLOSED,CAS-CSE-07-0870,ENDPOINT-07,False
ALT-CSE-07-02573,CSE-07,LOW,2024-10-05T18:04:11,2024-10-05T18:05:49.698422,2024-10-05T18:25:02.506242,CLOSED,,ENDPOINT-07,False
ALT-CSE-07-02574,CSE-07,MEDIUM,2024-12-26T08:36:13,2024-12-26T08:36:52.481632,2024-12-26T09:00:40.456996,CLOSED,,ENDPOINT-07,False
ALT-CSE-07-02575,CSE-07,LOW,2024-10-29T23:38:08,2024-10-29T23:38:49.181772,2024-10-30T00:04:21.449669,CLOSED,,DB-SERVER-07,False
ALT-CSE-07-02576,CSE-07,MEDIUM,2024-12-08T16:09:58,2024-12-08T16:11:22.562710,2024-12-08T16:34:45.371615,CLOSED,,DB-SERVER-07,False
ALT-CSE-07-02577,CSE-07,LOW,2024-12-19T07:26:22,2024-12-19T07:26:54.536763,2024-12-19T07:49:35.847349,CLOSED,,DB-SERVER-07,False
ALT-CSE-07-02578,CSE-07,LOW,2024-11-01T13:11:53,2024-11-01T13:13:31.071636,2024-11-01T13:34:21.926243,CLOSED,,DB-SERVER-07,False
ALT-CSE-07-02579,CSE-07,LOW,2024-11-17T14:39:07,2024-11-17T14:40:18.956540,2024-11-17T15:00:26.424751,CLOSED,,DB-SERVER-07,False
ALT-CSE-07-02580,CSE-07,LOW,2024-12-10T03:09:45,2024-12-10T03:11:28.216093,2024-12-10T03:22:14.480825,CLOSED,,DB-SERVER-07,False
ALT-CSE-07-02581,CSE-07,HIGH,2024-12-27T15:52:46,2024-12-27T15:54:34.054665,2024-12-27T16:23:01.481701,CLOSED,,ENDPOINT-07,False
ALT-CSE-07-02582,CSE-07,LOW,2024-11-10T04:35:39,2024-11-10T04:36:23.784863,2024-11-10T05:00:10.792213,CLOSED,,WEB-SERVER-07,False
ALT-CSE-07-02583,CSE-07,MEDIUM,2024-11-17T17:36:09,2024-11-17T17:36:49.068041,2024-11-17T17:56:56.084283,CLOSED,,WEB-SERVER-07,False
ALT-CSE-07-02584,CSE-07,HIGH,2024-12-15T10:09:32,2024-12-15T10:11:03.450267,2024-12-15T10:29:30.942265,CLOSED,,DB-SERVER-07,False
ALT-CSE-07-02585,CSE-07,MEDIUM,2024-11-27T20:39:18,2024-11-27T20:40:55.540612,2024-11-27T20:58:22.267281,CLOSED,,FIREWALL-07,False
ALT-CSE-07-02586,CSE-07,HIGH,2024-11-26T08:06:29,2024-11-26T08:08:19.539580,2024-11-26T08:27:18.805431,CLOSED,,FIREWALL-07,False
ALT-CSE-07-02587,CSE-07,HIGH,2024-12-19T05:56:37,2024-12-19T05:57:18.778817,2024-12-19T06:15:47.307439,CLOSED,,ENDPOINT-07,False
ALT-CSE-07-02588,CSE-07,HIGH,2024-11-09T12:00:52,2024-11-09T12:01:50.424786,2024-11-09T12:14:31.907796,CLOSED,,ENDPOINT-07,False
ALT-CSE-07-02589,CSE-07,HIGH,2024-10-19T13:00:56,2024-10-19T13:01:43.360920,2024-10-19T13:17:02.739779,CLOSED,,WEB-SERVER-07,False
ALT-CSE-07-02590,CSE-07,LOW,2024-11-20T02:54:02,2024-11-20T02:54:54.199541,2024-11-20T03:18:11.881052,CLOSED,,WEB-SERVER-07,False
ALT-CSE-07-02591,CSE-07,MEDIUM,2024-10-06T16:50:09,2024-10-06T16:51:59.446870,2024-10-06T17:09:20.235673,CLOSED,,WEB-SERVER-07,False
ALT-CSE-07-02592,CSE-07,MEDIUM,2024-10-02T23:13:42,2024-10-02T23:14:38.095860,2024-10-02T23:32:22.669111,CLOSED,,ENDPOINT-07,False
ALT-CSE-07-02593,CSE-07,MEDIUM,2024-10-02T11:49:02,2024-10-02T11:50:44.030588,2024-10-02T12:12:12.313616,CLOSED,,DB-SERVER-07,False
ALT-CSE-07-02594,CSE-07,LOW,2024-11-10T22:18:10,2024-11-10T22:19:32.108746,2024-11-10T22:43:02.599947,CLOSED,,DB-SERVER-07,False
ALT-CSE-07-02595,CSE-07,HIGH,2024-12-04T00:29:13,2024-12-04T00:30:25.377397,2024-12-04T00:45:12.721745,CLOSED,,FIREWALL-07,False
ALT-CSE-07-02596,CSE-07,HIGH,2024-11-10T02:31:35,2024-11-10T02:32:12.872125,2024-11-10T02:52:30.244888,CLOSED,,WEB-SERVER-07,False
ALT-CSE-07-02597,CSE-07,HIGH,2024-10-26T20:06:13,2024-10-26T20:06:47.336091,2024-10-26T20:27:26.324518,CLOSED,,FIREWALL-07,False
ALT-CSE-07-02598,CSE-07,HIGH,2024-12-29T06:54:33,2024-12-29T06:55:54.541219,2024-12-29T07:17:28.616804,CLOSED,,ENDPOINT-07,False
ALT-CSE-07-02599,CSE-07,HIGH,2024-10-21T16:30:15,2024-10-21T16:30:53.046710,2024-10-21T16:54:45.028773,CLOSED,,ENDPOINT-07,False
ALT-CSE-07-02600,CSE-07,LOW,2024-10-14T09:52:35,2024-10-14T09:53:51.859543,2024-10-14T10:05:45.577328,CLOSED,,DB-SERVER-07,False
ALT-CSE-07-02601,CSE-07,MEDIUM,2024-11-13T08:07:24,2024-11-13T08:08:51.611812,2024-11-13T08:18:30.234064,CLOSED,,FIREWALL-07,False
ALT-CSE-07-02602,CSE-07,LOW,2024-10-19T17:57:44,2024-10-19T17:58:23.342633,2024-10-19T18:18:11.605903,CLOSED,,FIREWALL-07,False
ALT-CSE-07-02603,CSE-07,HIGH,2024-12-01T15:13:00,2024-12-01T15:14:08.941414,2024-12-01T15:39:39.933471,CLOSED,,FIREWALL-07,False
ALT-CSE-07-02604,CSE-07,LOW,2024-12-20T09:43:55,2024-12-20T09:44:56.463267,2024-12-20T10:10:14.258097,CLOSED,,ENDPOINT-07,False
ALT-CSE-07-02605,CSE-07,MEDIUM,2024-12-10T10:11:00,2024-12-10T10:12:38.450863,2024-12-10T10:32:22.880456,CLOSED,,WEB-SERVER-07,False
ALT-CSE-07-02606,CSE-07,MEDIUM,2024-11-07T05:23:43,2024-11-07T05:25:38.457135,2024-11-07T05:50:17.474723,CLOSED,,ENDPOINT-07,False
ALT-CSE-07-02607,CSE-07,LOW,2024-11-30T11:08:35,2024-11-30T11:09:40.514626,2024-11-30T11:33:40.587153,CLOSED,,FIREWALL-07,False
ALT-CSE-07-02608,CSE-07,MEDIUM,2024-11-16T20:20:21,2024-11-16T20:21:34.390857,2024-11-16T20:44:28.868565,CLOSED,,DB-SERVER-07,False
ALT-CSE-07-02609,CSE-07,HIGH,2024-12-11T16:21:38,2024-12-11T16:22:58.036208,2024-12-11T16:35:17.658796,CLOSED,,WEB-SERVER-07,False
ALT-CSE-07-02610,CSE-07,LOW,2024-10-15T04:26:54,2024-10-15T04:27:53.393969,2024-10-15T04:45:46.582601,CLOSED,,WEB-SERVER-07,False
ALT-CSE-07-02611,CSE-07,HIGH,2024-12-25T17:43:19,2024-12-25T17:45:13.201897,2024-12-25T18:04:26.199054,CLOSED,,FIREWALL-07,False
ALT-CSE-07-02612,CSE-07,LOW,2024-11-01T19:09:50,2024-11-01T19:11:37.455240,2024-11-01T19:38:13.342311,CLOSED,,ENDPOINT-07,False
ALT-CSE-07-02613,CSE-07,LOW,2024-10-26T22:43:55,2024-10-26T22:44:54.216970,2024-10-26T23:01:39.856050,CLOSED,,ENDPOINT-07,False
ALT-CSE-07-02614,CSE-07,MEDIUM,2024-11-23T14:31:04,2024-11-23T14:31:54.196077,2024-11-23T14:46:18.932123,CLOSED,,ENDPOINT-07,False
ALT-CSE-07-02615,CSE-07,HIGH,2024-10-19T02:58:59,2024-10-19T02:59:52.809160,2024-10-19T03:22:32.972579,CLOSED,,WEB-SERVER-07,False
ALT-CSE-07-02616,CSE-07,HIGH,2024-10-15T03:17:04,2024-10-15T03:18:52.793163,2024-10-15T03:35:23.615826,CLOSED,,FIREWALL-07,False
ALT-CSE-07-02617,CSE-07,LOW,2024-11-06T08:42:03,2024-11-06T08:43:30.494015,2024-11-06T09:00:10.916128,CLOSED,,WEB-SERVER-07,False
ALT-CSE-07-02618,CSE-07,MEDIUM,2024-10-19T06:51:02,2024-10-19T06:52:43.799136,2024-10-19T07:08:51.426974,CLOSED,,WEB-SERVER-07,False
ALT-CSE-07-02619,CSE-07,HIGH,2024-12-23T15:08:43,2024-12-23T15:10:32.924061,2024-12-23T15:30:58.618661,CLOSED,,WEB-SERVER-07,False
ALT-CSE-07-02620,CSE-07,LOW,2024-12-17T06:27:52,2024-12-17T06:29:30.406218,2024-12-17T06:46:42.365417,CLOSED,,FIREWALL-07,False
ALT-CSE-07-02621,CSE-07,MEDIUM,2024-10-04T04:14:26,2024-10-04T04:15:26.671379,2024-10-04T04:33:24.418894,CLOSED,,DB-SERVER-07,False
ALT-CSE-07-02622,CSE-07,HIGH,2024-12-16T10:55:26,2024-12-16T10:57:20.523781,2024-12-16T11:14:47.378702,CLOSED,,WEB-SERVER-07,False
ALT-CSE-07-02623,CSE-07,HIGH,2024-10-25T17:52:47,2024-10-25T17:53:56.832202,2024-10-25T18:13:23.740157,CLOSED,,WEB-SERVER-07,False
ALT-CSE-07-02624,CSE-07,HIGH,2024-11-05T19:55:30,2024-11-05T19:57:19.171070,2024-11-05T20:14:55.075473,CLOSED,,ENDPOINT-07,False
ALT-CSE-07-02625,CSE-07,HIGH,2024-12-14T11:35:20,2024-12-14T11:36:01.266998,2024-12-14T11:54:16.519921,CLOSED,,ENDPOINT-07,False
ALT-CSE-07-02626,CSE-07,HIGH,2024-12-20T04:56:09,2024-12-20T04:56:39.894041,2024-12-20T05:18:22.268829,CLOSED,,FIREWALL-07,False
ALT-CSE-07-02627,CSE-07,HIGH,2024-10-06T01:41:33,2024-10-06T01:42:41.051937,2024-10-06T01:55:26.899389,CLOSED,,DB-SERVER-07,False
ALT-CSE-07-02628,CSE-07,MEDIUM,2024-10-12T13:32:02,2024-10-12T13:32:42.957999,2024-10-12T13:47:09.533833,CLOSED,,WEB-SERVER-07,False
ALT-CSE-07-02629,CSE-07,MEDIUM,2024-12-07T22:06:41,2024-12-07T22:08:24.779238,2024-12-07T22:22:42.077852,CLOSED,,ENDPOINT-07,False
ALT-CSE-07-02630,CSE-07,HIGH,2024-12-21T03:38:13,2024-12-21T03:38:57.070777,2024-12-21T03:55:16.487432,CLOSED,,ENDPOINT-07,False
ALT-CSE-07-02631,CSE-07,LOW,2024-10-30T02:04:36,2024-10-30T02:06:13.597344,2024-10-30T02:16:15.315044,CLOSED,,DB-SERVER-07,False
ALT-CSE-07-02632,CSE-07,MEDIUM,2024-10-25T08:10:08,2024-10-25T08:12:02.666449,2024-10-25T08:36:13.364970,CLOSED,,DB-SERVER-07,False
ALT-CSE-07-02633,CSE-07,HIGH,2024-12-15T01:23:35,2024-12-15T01:24:46.244113,2024-12-15T01:45:27.631365,CLOSED,,WEB-SERVER-07,False
ALT-CSE-07-02634,CSE-07,LOW,2024-10-13T18:44:04,2024-10-13T18:45:48.435923,2024-10-13T19:09:59.866669,CLOSED,,FIREWALL-07,False
ALT-CSE-07-02635,CSE-07,LOW,2024-12-02T02:48:05,2024-12-02T02:49:35.563282,2024-12-02T03:06:33.133617,CLOSED,,DB-SERVER-07,False
ALT-CSE-07-02636,CSE-07,MEDIUM,2024-11-19T09:38:57,2024-11-19T09:39:43.425355,2024-11-19T10:04:49.831177,CLOSED,,FIREWALL-07,False
ALT-CSE-07-02637,CSE-07,MEDIUM,2024-12-08T10:17:49,2024-12-08T10:19:23.761349,2024-12-08T10:29:24.582725,CLOSED,,ENDPOINT-07,False
ALT-CSE-07-02638,CSE-07,MEDIUM,2024-11-24T15:38:11,2024-11-24T15:39:13.410756,2024-11-24T16:03:04.856777,CLOSED,CAS-CSE-07-0871,DB-SERVER-07,False
ALT-CSE-07-02639,CSE-07,LOW,2024-10-18T05:27:02,2024-10-18T05:28:06.744789,2024-10-18T05:47:15.971227,CLOSED,,FIREWALL-07,False
ALT-CSE-07-02640,CSE-07,MEDIUM,2024-12-09T07:52:03,2024-12-09T07:52:35.412738,2024-12-09T08:02:33.336811,CLOSED,,ENDPOINT-07,False
ALT-CSE-07-02641,CSE-07,LOW,2024-10-06T20:27:04,2024-10-06T20:28:38.193784,2024-10-06T20:49:34.161393,CLOSED,,DB-SERVER-07,False
ALT-CSE-07-02642,CSE-07,LOW,2024-12-23T08:55:21,2024-12-23T08:57:02.817045,2024-12-23T09:08:03.952340,CLOSED,,WEB-SERVER-07,False
ALT-CSE-07-02643,CSE-07,MEDIUM,2024-11-16T22:54:44,2024-11-16T22:55:15.910041,2024-11-16T23:12:29.935476,CLOSED,,FIREWALL-07,False
ALT-CSE-07-02644,CSE-07,HIGH,2024-10-05T10:00:08,2024-10-05T10:01:43.284358,2024-10-05T10:27:18.109635,CLOSED,,FIREWALL-07,False
ALT-CSE-07-02645,CSE-07,MEDIUM,2024-11-19T17:50:42,2024-11-19T17:52:04.302463,2024-11-19T18:09:58.615146,CLOSED,CAS-CSE-07-0872,WEB-SERVER-07,False
ALT-CSE-07-02646,CSE-07,HIGH,2024-11-13T12:55:58,2024-11-13T12:57:16.955810,2024-11-13T13:15:34.762174,CLOSED,,WEB-SERVER-07,False
ALT-CSE-07-02647,CSE-07,HIGH,2024-10-25T19:39:55,2024-10-25T19:41:48.924239,2024-10-25T19:55:37.707157,CLOSED,,WEB-SERVER-07,False
ALT-CSE-07-02648,CSE-07,LOW,2024-10-15T21:05:56,2024-10-15T21:07:53.950613,2024-10-15T21:30:29.885700,CLOSED,,ENDPOINT-07,False
ALT-CSE-07-02649,CSE-07,MEDIUM,2024-12-27T03:12:43,2024-12-27T03:14:05.612533,2024-12-27T03:34:53.646105,CLOSED,,DB-SERVER-07,False
ALT-CSE-07-02650,CSE-07,LOW,2024-12-20T01:04:45,2024-12-20T01:06:27.040415,2024-12-20T01:16:47.988449,CLOSED,,WEB-SERVER-07,False
ALT-CSE-07-02651,CSE-07,LOW,2024-12-04T17:38:59,2024-12-04T17:40:29.737771,2024-12-04T18:00:33.161812,CLOSED,,WEB-SERVER-07,False
ALT-CSE-07-02652,CSE-07,MEDIUM,2024-10-11T12:42:11,2024-10-11T12:43:38.943279,2024-10-11T12:57:21.845035,CLOSED,,DB-SERVER-07,False
ALT-CSE-07-02653,CSE-07,HIGH,2024-10-26T05:18:30,2024-10-26T05:19:10.455944,2024-10-26T05:44:44.156208,CLOSED,,DB-SERVER-07,False
ALT-CSE-07-02654,CSE-07,MEDIUM,2024-12-25T09:08:44,2024-12-25T09:09:40.659480,2024-12-25T09:32:22.489086,CLOSED,,DB-SERVER-07,False
ALT-CSE-07-02655,CSE-07,HIGH,2024-12-05T17:11:05,2024-12-05T17:12:09.238368,2024-12-05T17:27:28.924787,CLOSED,,ENDPOINT-07,False
ALT-CSE-07-02656,CSE-07,HIGH,2024-10-12T20:51:13,2024-10-12T20:52:00.848013,2024-10-12T21:05:03.472881,CLOSED,,DB-SERVER-07,False
ALT-CSE-07-02657,CSE-07,LOW,2024-12-05T00:49:16,2024-12-05T00:51:13.693862,2024-12-05T01:09:48.402896,CLOSED,,FIREWALL-07,False
ALT-CSE-07-02658,CSE-07,HIGH,2024-12-24T07:11:36,2024-12-24T07:12:49.440291,2024-12-24T07:32:10.112189,CLOSED,,ENDPOINT-07,False
ALT-CSE-07-02659,CSE-07,LOW,2024-12-27T08:04:45,2024-12-27T08:06:36.059469,2024-12-27T08:21:46.779759,CLOSED,,FIREWALL-07,False
ALT-CSE-07-02660,CSE-07,LOW,2024-12-22T04:35:10,2024-12-22T04:37:07.080371,2024-12-22T04:53:45.863280,CLOSED,,WEB-SERVER-07,False
ALT-CSE-07-02661,CSE-07,LOW,2024-12-20T05:45:34,2024-12-20T05:46:10.762836,2024-12-20T06:13:57.285737,CLOSED,,FIREWALL-07,False
ALT-CSE-07-02662,CSE-07,LOW,2024-10-17T20:33:48,2024-10-17T20:34:45.213072,2024-10-17T20:55:11.166902,CLOSED,,ENDPOINT-07,False
ALT-CSE-07-02663,CSE-07,LOW,2024-12-19T16:51:55,2024-12-19T16:53:09.199049,2024-12-19T17:10:48.409687,CLOSED,,WEB-SERVER-07,False
ALT-CSE-07-02664,CSE-07,MEDIUM,2024-10-25T17:12:36,2024-10-25T17:13:41.333140,2024-10-25T17:30:38.517611,CLOSED,,WEB-SERVER-07,False
ALT-CSE-07-02665,CSE-07,MEDIUM,2024-10-06T23:24:58,2024-10-06T23:26:24.257874,2024-10-06T23:42:04.744428,CLOSED,,DB-SERVER-07,False
ALT-CSE-07-02666,CSE-07,HIGH,2024-11-24T21:36:22,2024-11-24T21:37:48.644849,2024-11-24T22:02:26.525276,CLOSED,,DB-SERVER-07,False
ALT-CSE-07-02667,CSE-07,HIGH,2024-11-28T23:07:30,2024-11-28T23:08:21.253325,2024-11-28T23:34:01.215258,CLOSED,,ENDPOINT-07,False
ALT-CSE-07-02668,CSE-07,MEDIUM,2024-10-13T21:16:26,2024-10-13T21:16:59.786135,2024-10-13T21:42:32.768026,CLOSED,,FIREWALL-07,False
ALT-CSE-07-02669,CSE-07,HIGH,2024-11-04T05:16:05,2024-11-04T05:16:40.627630,2024-11-04T05:36:00.625968,CLOSED,CAS-CSE-07-0873,DB-SERVER-07,False
ALT-CSE-07-02670,CSE-07,MEDIUM,2024-11-06T03:49:30,2024-11-06T03:50:02.919959,2024-11-06T04:13:01.765779,CLOSED,,ENDPOINT-07,False
ALT-CSE-07-02671,CSE-07,LOW,2024-11-24T11:31:23,2024-11-24T11:31:56.853301,2024-11-24T12:00:58.640930,CLOSED,,ENDPOINT-07,False
ALT-CSE-07-02672,CSE-07,HIGH,2024-12-04T23:52:22,2024-12-04T23:54:00.723998,2024-12-05T00:12:47.171211,CLOSED,,FIREWALL-07,False
ALT-CSE-07-02673,CSE-07,LOW,2024-11-22T23:16:17,2024-11-22T23:18:05.643442,2024-11-22T23:26:17.118480,CLOSED,,ENDPOINT-07,False
ALT-CSE-07-02674,CSE-07,HIGH,2024-10-02T04:56:47,2024-10-02T04:57:20.256349,2024-10-02T05:12:14.648663,CLOSED,,FIREWALL-07,False
ALT-CSE-07-02675,CSE-07,MEDIUM,2024-12-08T05:31:12,2024-12-08T05:32:28.435998,2024-12-08T05:47:05.772220,CLOSED,,ENDPOINT-07,False
ALT-CSE-07-02676,CSE-07,HIGH,2024-12-08T03:29:58,2024-12-08T03:30:37.470225,2024-12-08T03:52:32.074726,CLOSED,,FIREWALL-07,False
ALT-CSE-07-02677,CSE-07,LOW,2024-11-16T16:13:09,2024-11-16T16:14:46.384528,2024-11-16T16:32:56.009600,CLOSED,,WEB-SERVER-07,False
ALT-CSE-07-02678,CSE-07,MEDIUM,2024-10-12T23:14:59,2024-10-12T23:16:28.925079,2024-10-12T23:40:55.049291,CLOSED,,WEB-SERVER-07,False
ALT-CSE-07-02679,CSE-07,LOW,2024-10-28T00:59:25,2024-10-28T01:00:50.594321,2024-10-28T01:07:25.641984,CLOSED,,DB-SERVER-07,False
ALT-CSE-07-02680,CSE-07,LOW,2024-11-19T11:40:27,2024-11-19T11:42:22.854650,2024-11-19T12:04:41.000834,CLOSED,,FIREWALL-07,False
ALT-CSE-07-02681,CSE-07,LOW,2024-10-05T06:54:13,2024-10-05T06:55:18.663291,2024-10-05T07:21:28.297862,CLOSED,,FIREWALL-07,False
ALT-CSE-07-02682,CSE-07,HIGH,2024-10-30T01:41:43,2024-10-30T01:42:19.820608,2024-10-30T01:53:02.252240,CLOSED,,ENDPOINT-07,False
ALT-CSE-07-02683,CSE-07,HIGH,2024-10-06T03:47:24,2024-10-06T03:47:56.512625,2024-10-06T04:09:46.637971,CLOSED,,WEB-SERVER-07,False
ALT-CSE-07-02684,CSE-07,HIGH,2024-12-19T06:07:59,2024-12-19T06:09:03.040113,2024-12-19T06:29:08.353031,CLOSED,,ENDPOINT-07,False
ALT-CSE-07-02685,CSE-07,LOW,2024-12-25T01:42:25,2024-12-25T01:44:20.402071,2024-12-25T01:57:42.155823,CLOSED,,DB-SERVER-07,False
ALT-CSE-07-02686,CSE-07,HIGH,2024-10-03T02:02:15,2024-10-03T02:03:04.685140,2024-10-03T02:21:07.811845,CLOSED,,FIREWALL-07,False
ALT-CSE-07-02687,CSE-07,HIGH,2024-12-01T16:26:01,2024-12-01T16:27:52.932985,2024-12-01T16:45:04.573549,CLOSED,,ENDPOINT-07,False
ALT-CSE-07-02688,CSE-07,HIGH,2024-12-16T06:28:11,2024-12-16T06:28:58.345370,2024-12-16T06:47:49.150330,CLOSED,,FIREWALL-07,False
ALT-CSE-07-02689,CSE-07,MEDIUM,2024-12-06T05:37:16,2024-12-06T05:39:01.856633,2024-12-06T05:59:08.730473,CLOSED,,WEB-SERVER-07,False
ALT-CSE-07-02690,CSE-07,MEDIUM,2024-11-27T13:34:23,2024-11-27T13:36:11.329649,2024-11-27T13:57:05.358743,CLOSED,,DB-SERVER-07,False
ALT-CSE-07-02691,CSE-07,HIGH,2024-11-24T23:49:38,2024-11-24T23:51:10.582341,2024-11-25T00:12:16.533786,CLOSED,,ENDPOINT-07,False
ALT-CSE-07-02692,CSE-07,LOW,2024-10-09T07:23:16,2024-10-09T07:24:44.657813,2024-10-09T07:37:53.976977,CLOSED,,DB-SERVER-07,False
ALT-CSE-07-02693,CSE-07,MEDIUM,2024-11-09T03:58:06,2024-11-09T03:59:51.327955,2024-11-09T04:20:31.878686,CLOSED,,WEB-SERVER-07,False
ALT-CSE-07-02694,CSE-07,HIGH,2024-11-11T04:36:41,2024-11-11T04:37:51.139854,2024-11-11T04:58:01.131624,CLOSED,,ENDPOINT-07,False
ALT-CSE-07-02695,CSE-07,MEDIUM,2024-10-09T14:40:18,2024-10-09T14:41:54.394365,2024-10-09T14:52:25.218138,CLOSED,,FIREWALL-07,False
ALT-CSE-07-02696,CSE-07,MEDIUM,2024-10-26T22:31:54,2024-10-26T22:32:45.949410,2024-10-26T22:48:16.956366,CLOSED,,WEB-SERVER-07,False
ALT-CSE-07-02697,CSE-07,LOW,2024-10-10T20:58:37,2024-10-10T21:00:07.241510,2024-10-10T21:16:38.470916,CLOSED,,ENDPOINT-07,False
ALT-CSE-07-02698,CSE-07,MEDIUM,2024-12-15T14:04:28,2024-12-15T14:05:03.964035,2024-12-15T14:27:45.602735,CLOSED,,FIREWALL-07,False
ALT-CSE-07-02699,CSE-07,LOW,2024-11-06T14:36:09,2024-11-06T14:37:05.925511,2024-11-06T15:01:25.408853,CLOSED,,WEB-SERVER-07,False
ALT-CSE-07-02700,CSE-07,HIGH,2024-12-06T16:50:39,2024-12-06T16:51:47.472245,2024-12-06T17:10:21.264158,CLOSED,,FIREWALL-07,False
ALT-CSE-07-02701,CSE-07,HIGH,2024-11-28T15:44:06,2024-11-28T15:45:21.984149,2024-11-28T16:05:56.065466,CLOSED,,ENDPOINT-07,False
ALT-CSE-07-02702,CSE-07,LOW,2024-10-20T23:26:10,2024-10-20T23:28:06.153666,2024-10-20T23:38:04.335589,CLOSED,,DB-SERVER-07,False
ALT-CSE-07-02703,CSE-07,HIGH,2024-10-31T00:51:09,2024-10-31T00:51:43.192527,2024-10-31T01:17:19.841298,CLOSED,,DB-SERVER-07,False
ALT-CSE-07-02704,CSE-07,MEDIUM,2024-11-04T10:16:40,2024-11-04T10:18:25.578205,2024-11-04T10:41:01.946089,CLOSED,,FIREWALL-07,False
ALT-CSE-07-02705,CSE-07,LOW,2024-11-30T06:50:22,2024-11-30T06:52:13.291571,2024-11-30T07:06:57.952722,CLOSED,,FIREWALL-07,False
ALT-CSE-07-02706,CSE-07,HIGH,2024-10-15T14:03:32,2024-10-15T14:05:18.461773,2024-10-15T14:27:18.550245,CLOSED,,ENDPOINT-07,False
ALT-CSE-07-02707,CSE-07,MEDIUM,2024-12-10T20:28:20,2024-12-10T20:28:54.152321,2024-12-10T20:54:31.174623,CLOSED,,ENDPOINT-07,False
ALT-CSE-07-02708,CSE-07,HIGH,2024-11-22T18:25:13,2024-11-22T18:26:29.736156,2024-11-22T18:50:17.984270,CLOSED,,DB-SERVER-07,False
ALT-CSE-07-02709,CSE-07,HIGH,2024-11-30T04:47:46,2024-11-30T04:48:59.734647,2024-11-30T05:04:58.182060,CLOSED,,FIREWALL-07,False
ALT-CSE-07-02710,CSE-07,MEDIUM,2024-10-23T01:07:18,2024-10-23T01:07:57.894822,2024-10-23T01:25:42.337277,CLOSED,,FIREWALL-07,False
ALT-CSE-07-02711,CSE-07,MEDIUM,2024-12-09T10:29:47,2024-12-09T10:31:46.665008,2024-12-09T10:53:17.048399,CLOSED,,DB-SERVER-07,False
ALT-CSE-07-02712,CSE-07,MEDIUM,2024-12-07T02:01:52,2024-12-07T02:03:34.314903,2024-12-07T02:17:56.676988,CLOSED,,WEB-SERVER-07,False
ALT-CSE-07-02713,CSE-07,LOW,2024-12-10T16:28:29,2024-12-10T16:29:50.949148,2024-12-10T16:42:59.449751,CLOSED,,FIREWALL-07,False
ALT-CSE-07-02714,CSE-07,MEDIUM,2024-12-29T16:34:12,2024-12-29T16:34:53.128032,2024-12-29T16:50:41.376725,CLOSED,,ENDPOINT-07,False
ALT-CSE-07-02715,CSE-07,LOW,2024-10-23T22:57:51,2024-10-23T22:59:10.108789,2024-10-23T23:11:33.086606,CLOSED,,WEB-SERVER-07,False
ALT-CSE-07-02716,CSE-07,HIGH,2024-11-17T12:32:16,2024-11-17T12:33:29.920541,2024-11-17T12:54:03.465397,CLOSED,,ENDPOINT-07,False
ALT-CSE-07-02717,CSE-07,LOW,2024-11-10T21:05:54,2024-11-10T21:07:35.125410,2024-11-10T21:37:35.371575,CLOSED,,DB-SERVER-07,False
ALT-CSE-07-02718,CSE-07,HIGH,2024-12-12T16:20:49,2024-12-12T16:21:32.096111,2024-12-12T16:38:34.405312,CLOSED,,ENDPOINT-07,False
ALT-CSE-07-02719,CSE-07,MEDIUM,2024-12-05T18:28:35,2024-12-05T18:30:25.954947,2024-12-05T18:51:44.617553,CLOSED,,FIREWALL-07,False
ALT-CSE-07-02720,CSE-07,LOW,2024-10-28T01:49:14,2024-10-28T01:50:26.527578,2024-10-28T02:12:50.808140,CLOSED,,FIREWALL-07,False
ALT-CSE-07-02721,CSE-07,HIGH,2024-12-10T04:44:23,2024-12-10T04:46:13.752560,2024-12-10T05:09:28.363748,CLOSED,,WEB-SERVER-07,False
ALT-CSE-07-02722,CSE-07,MEDIUM,2024-10-02T01:36:02,2024-10-02T01:37:07.206593,2024-10-02T01:46:27.481790,CLOSED,,ENDPOINT-07,False
ALT-CSE-07-02723,CSE-07,LOW,2024-12-25T13:20:06,2024-12-25T13:22:00.583108,2024-12-25T13:39:11.809035,CLOSED,,DB-SERVER-07,False
ALT-CSE-07-02724,CSE-07,LOW,2024-11-22T18:50:36,2024-11-22T18:51:09.247534,2024-11-22T18:59:23.934374,CLOSED,,DB-SERVER-07,False
ALT-CSE-07-02725,CSE-07,HIGH,2024-10-01T15:45:01,2024-10-01T15:46:30.546101,2024-10-01T16:07:29.131771,CLOSED,,DB-SERVER-07,False
ALT-CSE-07-02726,CSE-07,HIGH,2024-11-30T02:30:58,2024-11-30T02:32:06.488237,2024-11-30T02:53:21.121458,CLOSED,,FIREWALL-07,False
ALT-CSE-07-02727,CSE-07,MEDIUM,2024-10-01T23:19:50,2024-10-01T23:21:37.742862,2024-10-01T23:38:09.778163,CLOSED,,ENDPOINT-07,False
ALT-CSE-07-02728,CSE-07,MEDIUM,2024-12-22T20:19:36,2024-12-22T20:20:15.715106,2024-12-22T20:42:34.082617,CLOSED,,WEB-SERVER-07,False
ALT-CSE-07-02729,CSE-07,HIGH,2024-10-18T13:37:17,2024-10-18T13:39:07.033417,2024-10-18T13:57:19.435985,CLOSED,,DB-SERVER-07,False
ALT-CSE-07-02730,CSE-07,HIGH,2024-10-17T12:27:27,2024-10-17T12:29:05.767831,2024-10-17T12:49:20.976973,CLOSED,CAS-CSE-07-0874,DB-SERVER-07,False
ALT-CSE-07-02731,CSE-07,LOW,2024-10-29T13:37:37,2024-10-29T13:39:35.552122,2024-10-29T13:52:47.913025,CLOSED,CAS-CSE-07-0875,DB-SERVER-07,False
ALT-CSE-07-02732,CSE-07,HIGH,2024-10-19T14:35:17,2024-10-19T14:36:30.830424,2024-10-19T14:52:15.838382,CLOSED,,ENDPOINT-07,False
ALT-CSE-07-02733,CSE-07,LOW,2024-12-15T21:25:42,2024-12-15T21:27:06.977830,2024-12-15T21:43:52.471533,CLOSED,,ENDPOINT-07,False
ALT-CSE-07-02734,CSE-07,HIGH,2024-12-14T17:48:57,2024-12-14T17:50:34.440377,2024-12-14T18:15:01.132196,CLOSED,,FIREWALL-07,False
ALT-CSE-07-02735,CSE-07,MEDIUM,2024-10-18T23:27:45,2024-10-18T23:28:57.313726,2024-10-18T23:44:10.438648,CLOSED,,WEB-SERVER-07,False
ALT-CSE-07-02736,CSE-07,LOW,2024-10-12T13:21:11,2024-10-12T13:23:06.643374,2024-10-12T13:50:10.088348,CLOSED,,WEB-SERVER-07,False
ALT-CSE-07-02737,CSE-07,HIGH,2024-12-21T01:36:23,2024-12-21T01:38:22.518337,2024-12-21T01:49:37.027591,CLOSED,,WEB-SERVER-07,False
ALT-CSE-07-02738,CSE-07,MEDIUM,2024-12-23T05:27:23,2024-12-23T05:28:37.089004,2024-12-23T05:50:57.073113,CLOSED,,DB-SERVER-07,False
ALT-CSE-07-02739,CSE-07,LOW,2024-11-09T13:43:47,2024-11-09T13:44:52.831030,2024-11-09T14:01:15.882482,CLOSED,,FIREWALL-07,False
ALT-CSE-07-02740,CSE-07,HIGH,2024-10-26T20:13:09,2024-10-26T20:14:19.772669,2024-10-26T20:32:30.701586,CLOSED,,FIREWALL-07,False
ALT-CSE-07-02741,CSE-07,MEDIUM,2024-10-26T02:00:17,2024-10-26T02:02:04.461745,2024-10-26T02:13:00.981169,CLOSED,,DB-SERVER-07,False
ALT-CSE-07-02742,CSE-07,MEDIUM,2024-11-16T20:06:44,2024-11-16T20:07:26.868187,2024-11-16T20:29:20.536952,CLOSED,,ENDPOINT-07,False
ALT-CSE-07-02743,CSE-07,HIGH,2024-11-15T22:49:32,2024-11-15T22:50:07.187169,2024-11-15T23:05:04.341531,CLOSED,,ENDPOINT-07,False
ALT-CSE-07-02744,CSE-07,MEDIUM,2024-11-17T22:27:42,2024-11-17T22:28:27.947929,2024-11-17T22:52:13.157698,CLOSED,CAS-CSE-07-0876,WEB-SERVER-07,False
ALT-CSE-07-02745,CSE-07,LOW,2024-11-05T17:21:02,2024-11-05T17:22:08.324912,2024-11-05T17:47:42.622239,CLOSED,,WEB-SERVER-07,False
ALT-CSE-07-02746,CSE-07,HIGH,2024-12-04T19:57:47,2024-12-04T19:59:12.838497,2024-12-04T20:12:50.257880,CLOSED,,WEB-SERVER-07,False
ALT-CSE-07-02747,CSE-07,HIGH,2024-10-15T07:02:25,2024-10-15T07:04:07.825577,2024-10-15T07:22:08.022376,CLOSED,,ENDPOINT-07,False
ALT-CSE-07-02748,CSE-07,LOW,2024-12-25T14:00:59,2024-12-25T14:01:52.078605,2024-12-25T14:26:40.109359,CLOSED,,DB-SERVER-07,False
ALT-CSE-07-02749,CSE-07,MEDIUM,2024-10-06T03:07:02,2024-10-06T03:08:22.747695,2024-10-06T03:22:48.520676,CLOSED,,FIREWALL-07,False
ALT-CSE-07-02750,CSE-07,MEDIUM,2024-10-05T03:54:18,2024-10-05T03:55:34.936461,2024-10-05T04:17:06.322749,CLOSED,CAS-CSE-07-0877,WEB-SERVER-07,False
ALT-CSE-07-02751,CSE-07,HIGH,2024-10-11T21:19:53,2024-10-11T21:21:14.051030,2024-10-11T21:35:40.380243,CLOSED,,DB-SERVER-07,False
ALT-CSE-07-02752,CSE-07,LOW,2024-11-14T18:30:40,2024-11-14T18:32:05.317175,2024-11-14T18:56:23.311924,CLOSED,,WEB-SERVER-07,False
ALT-CSE-07-02753,CSE-07,LOW,2024-10-24T19:24:27,2024-10-24T19:25:12.341309,2024-10-24T19:46:20.073124,CLOSED,CAS-CSE-07-0878,FIREWALL-07,False
ALT-CSE-07-02754,CSE-07,HIGH,2024-11-11T15:17:48,2024-11-11T15:18:26.809420,2024-11-11T15:35:04.722831,CLOSED,CAS-CSE-07-0879,ENDPOINT-07,False
ALT-CSE-07-02755,CSE-07,HIGH,2024-11-08T02:29:14,2024-11-08T02:30:15.240163,2024-11-08T02:52:23.131006,CLOSED,,ENDPOINT-07,False
ALT-CSE-07-02756,CSE-07,MEDIUM,2024-10-28T01:49:46,2024-10-28T01:51:12.370075,2024-10-28T02:17:11.170795,CLOSED,,DB-SERVER-07,False
ALT-CSE-07-02757,CSE-07,HIGH,2024-11-05T22:59:18,2024-11-05T23:01:11.827607,2024-11-05T23:21:27.697988,CLOSED,,DB-SERVER-07,False
ALT-CSE-07-02758,CSE-07,LOW,2024-12-09T16:19:19,2024-12-09T16:19:55.464877,2024-12-09T16:46:30.516237,CLOSED,,DB-SERVER-07,False
ALT-CSE-07-02759,CSE-07,HIGH,2024-10-01T08:25:12,2024-10-01T08:26:00.561396,2024-10-01T08:51:03.333509,CLOSED,,DB-SERVER-07,False
ALT-CSE-07-02760,CSE-07,LOW,2024-10-24T22:20:27,2024-10-24T22:21:03.916359,2024-10-24T22:21:27,CLOSED,,DB-SERVER-07,False
ALT-CSE-07-02761,CSE-07,LOW,2024-10-02T01:00:54,2024-10-02T01:01:24.082479,2024-10-02T01:20:56.611409,CLOSED,,DB-SERVER-07,False
ALT-CSE-07-02762,CSE-07,LOW,2024-10-06T23:27:30,2024-10-06T23:28:51.564044,2024-10-06T23:52:35.699140,CLOSED,,DB-SERVER-07,False
ALT-CSE-07-02763,CSE-07,HIGH,2024-11-18T21:58:35,2024-11-18T21:59:28.937820,2024-11-18T22:12:39.151367,CLOSED,,WEB-SERVER-07,False
ALT-CSE-07-02764,CSE-07,HIGH,2024-10-15T01:39:27,2024-10-15T01:40:08.365196,2024-10-15T02:03:22.963107,CLOSED,,WEB-SERVER-07,False
ALT-CSE-07-02765,CSE-07,HIGH,2024-11-21T13:42:53,2024-11-21T13:43:23.641311,2024-11-21T14:05:13.768291,CLOSED,CAS-CSE-07-0880,ENDPOINT-07,False
ALT-CSE-07-02766,CSE-07,MEDIUM,2024-12-08T19:14:37,2024-12-08T19:16:03.107304,2024-12-08T19:34:33.463110,CLOSED,,ENDPOINT-07,False
ALT-CSE-07-02767,CSE-07,LOW,2024-12-07T20:20:59,2024-12-07T20:22:26.815029,2024-12-07T20:37:28.977896,CLOSED,,WEB-SERVER-07,False
ALT-CSE-07-02768,CSE-07,HIGH,2024-10-18T09:55:33,2024-10-18T09:57:26.641778,2024-10-18T10:11:55.020220,CLOSED,,ENDPOINT-07,False
ALT-CSE-07-02769,CSE-07,LOW,2024-10-16T03:07:09,2024-10-16T03:07:46.212408,2024-10-16T03:28:09.459167,CLOSED,,FIREWALL-07,False
ALT-CSE-07-02770,CSE-07,MEDIUM,2024-11-29T19:11:45,2024-11-29T19:12:18.432919,2024-11-29T19:36:21.467092,CLOSED,,ENDPOINT-07,False
ALT-CSE-07-02771,CSE-07,MEDIUM,2024-12-05T03:25:22,2024-12-05T03:27:19.788470,2024-12-05T03:53:13.587501,CLOSED,,FIREWALL-07,False
ALT-CSE-07-02772,CSE-07,HIGH,2024-11-27T07:17:55,2024-11-27T07:18:42.078898,2024-11-27T07:43:52.219219,CLOSED,,FIREWALL-07,False
ALT-CSE-07-02773,CSE-07,MEDIUM,2024-12-05T14:07:32,2024-12-05T14:08:34.559789,2024-12-05T14:32:19.032336,CLOSED,,DB-SERVER-07,False
ALT-CSE-07-02774,CSE-07,LOW,2024-12-18T05:46:53,2024-12-18T05:47:31.497147,2024-12-18T06:07:45.523777,CLOSED,CAS-CSE-07-0881,WEB-SERVER-07,False
ALT-CSE-07-02775,CSE-07,LOW,2024-12-12T23:29:46,2024-12-12T23:31:33.750514,2024-12-12T23:49:45.580250,CLOSED,,WEB-SERVER-07,False
ALT-CSE-07-02776,CSE-07,MEDIUM,2024-10-02T19:35:56,2024-10-02T19:37:28.696142,2024-10-02T19:49:52.583624,CLOSED,,ENDPOINT-07,False
ALT-CSE-07-02777,CSE-07,MEDIUM,2024-12-07T08:34:23,2024-12-07T08:35:19.354334,2024-12-07T08:52:10.221009,CLOSED,,FIREWALL-07,False
ALT-CSE-07-02778,CSE-07,HIGH,2024-11-02T01:58:14,2024-11-02T01:59:46.830782,2024-11-02T02:11:11.611356,CLOSED,,ENDPOINT-07,False
ALT-CSE-07-02779,CSE-07,MEDIUM,2024-12-08T14:25:59,2024-12-08T14:27:31.103482,2024-12-08T14:46:02.026655,CLOSED,,WEB-SERVER-07,False
ALT-CSE-07-02780,CSE-07,LOW,2024-10-12T02:57:56,2024-10-12T02:59:24.008991,2024-10-12T03:22:55.804903,CLOSED,,FIREWALL-07,False
ALT-CSE-07-02781,CSE-07,MEDIUM,2024-10-18T14:19:34,2024-10-18T14:20:53.420066,2024-10-18T14:43:51.299323,CLOSED,,WEB-SERVER-07,False
ALT-CSE-07-02782,CSE-07,MEDIUM,2024-12-28T15:26:24,2024-12-28T15:27:12.557697,2024-12-28T15:49:41.002377,CLOSED,,WEB-SERVER-07,False
ALT-CSE-07-02783,CSE-07,HIGH,2024-11-17T19:01:51,2024-11-17T19:02:52.725149,2024-11-17T19:15:49.287646,CLOSED,,FIREWALL-07,False
ALT-CSE-07-02784,CSE-07,HIGH,2024-12-18T19:52:03,2024-12-18T19:53:54.427517,2024-12-18T20:13:10.007585,CLOSED,,ENDPOINT-07,False
ALT-CSE-07-02785,CSE-07,HIGH,2024-10-21T23:47:33,2024-10-21T23:48:10.603493,2024-10-22T00:04:19.630869,CLOSED,,ENDPOINT-07,False
ALT-CSE-07-02786,CSE-07,HIGH,2024-10-06T22:59:51,2024-10-06T23:01:02.919320,2024-10-06T23:14:33.829601,CLOSED,CAS-CSE-07-0882,FIREWALL-07,False
ALT-CSE-07-02787,CSE-07,MEDIUM,2024-11-20T11:08:48,2024-11-20T11:09:19.228840,2024-11-20T11:21:55.729256,CLOSED,,DB-SERVER-07,False
ALT-CSE-07-02788,CSE-07,LOW,2024-10-05T14:00:12,2024-10-05T14:01:21.260214,2024-10-05T14:17:34.013887,CLOSED,,DB-SERVER-07,False
ALT-CSE-07-02789,CSE-07,LOW,2024-12-16T05:28:52,2024-12-16T05:29:57.303581,2024-12-16T05:49:48.036295,CLOSED,,WEB-SERVER-07,False
ALT-CSE-07-02790,CSE-07,HIGH,2024-10-18T18:16:56,2024-10-18T18:18:27.757655,2024-10-18T18:44:25.216479,CLOSED,,FIREWALL-07,False
ALT-CSE-07-02791,CSE-07,HIGH,2024-10-10T09:08:56,2024-10-10T09:10:28.019244,2024-10-10T09:29:07.493593,CLOSED,,ENDPOINT-07,False
ALT-CSE-07-02792,CSE-07,HIGH,2024-12-26T04:33:21,2024-12-26T04:34:56.360882,2024-12-26T04:52:00.925505,CLOSED,,DB-SERVER-07,False
ALT-CSE-07-02793,CSE-07,MEDIUM,2024-11-04T07:25:11,2024-11-04T07:26:48.241656,2024-11-04T07:41:16.194609,CLOSED,,DB-SERVER-07,False
ALT-CSE-07-02794,CSE-07,MEDIUM,2024-10-18T00:28:36,2024-10-18T00:29:38.683389,2024-10-18T00:51:06.591273,CLOSED,,ENDPOINT-07,False
ALT-CSE-07-02795,CSE-07,MEDIUM,2024-10-04T01:52:49,2024-10-04T01:53:46.427760,2024-10-04T02:13:43.163328,CLOSED,,DB-SERVER-07,False
ALT-CSE-07-02796,CSE-07,LOW,2024-10-19T12:31:43,2024-10-19T12:33:28.465946,2024-10-19T12:47:26.399351,CLOSED,,FIREWALL-07,False
ALT-CSE-07-02797,CSE-07,HIGH,2024-11-09T10:49:42,2024-11-09T10:50:43.419820,2024-11-09T11:08:34.035446,CLOSED,,DB-SERVER-07,False
ALT-CSE-07-02798,CSE-07,MEDIUM,2024-10-21T05:08:51,2024-10-21T05:10:24.171490,2024-10-21T05:28:15.381504,CLOSED,,FIREWALL-07,False
ALT-CSE-07-02799,CSE-07,HIGH,2024-11-23T05:32:52,2024-11-23T05:34:44.403544,2024-11-23T05:49:27.952075,CLOSED,,FIREWALL-07,False
ALT-CSE-07-02800,CSE-07,MEDIUM,2024-11-20T03:22:04,2024-11-20T03:23:08.952696,2024-11-20T03:38:55.812089,CLOSED,,ENDPOINT-07,False
ALT-CSE-07-02801,CSE-07,HIGH,2024-12-11T02:17:26,2024-12-11T02:18:01.663396,2024-12-11T02:39:23.431789,CLOSED,,ENDPOINT-07,False
ALT-CSE-07-02802,CSE-07,MEDIUM,2024-12-18T03:56:43,2024-12-18T03:57:52.737948,2024-12-18T04:21:11.125387,CLOSED,,FIREWALL-07,False
ALT-CSE-07-02803,CSE-07,MEDIUM,2024-11-18T23:04:08,2024-11-18T23:06:02.101391,2024-11-18T23:33:44.770424,CLOSED,,ENDPOINT-07,False
ALT-CSE-07-02804,CSE-07,LOW,2024-11-02T20:16:06,2024-11-02T20:17:13.079127,2024-11-02T20:37:58.663793,CLOSED,,FIREWALL-07,False
ALT-CSE-07-02805,CSE-07,MEDIUM,2024-10-17T08:12:52,2024-10-17T08:14:12.631513,2024-10-17T08:35:16.062100,CLOSED,,DB-SERVER-07,False
ALT-CSE-07-02806,CSE-07,LOW,2024-10-15T11:16:47,2024-10-15T11:17:57.512732,2024-10-15T11:32:09.354372,CLOSED,,FIREWALL-07,False
ALT-CSE-07-02807,CSE-07,MEDIUM,2024-11-27T21:53:50,2024-11-27T21:54:55.639478,2024-11-27T22:09:36.648180,CLOSED,,ENDPOINT-07,False
ALT-CSE-07-02808,CSE-07,HIGH,2024-10-21T05:08:15,2024-10-21T05:09:27.867374,2024-10-21T05:20:27.072451,CLOSED,,DB-SERVER-07,False
ALT-CSE-07-02809,CSE-07,HIGH,2024-11-02T00:24:29,2024-11-02T00:26:16.473037,2024-11-02T00:46:48.618893,CLOSED,,FIREWALL-07,False
ALT-CSE-07-02810,CSE-07,LOW,2024-12-28T13:11:47,2024-12-28T13:12:53.262846,2024-12-28T13:31:41.731254,CLOSED,CAS-CSE-07-0883,FIREWALL-07,False
ALT-CSE-07-02811,CSE-07,MEDIUM,2024-11-04T17:56:49,2024-11-04T17:58:29.869258,2024-11-04T18:16:46.689657,CLOSED,,WEB-SERVER-07,False
ALT-CSE-07-02812,CSE-07,MEDIUM,2024-12-29T15:04:10,2024-12-29T15:06:04.346767,2024-12-29T15:24:36.896149,CLOSED,,DB-SERVER-07,False
ALT-CSE-07-02813,CSE-07,LOW,2024-11-13T13:11:54,2024-11-13T13:12:52.380443,2024-11-13T13:30:46.105622,CLOSED,,FIREWALL-07,False
ALT-CSE-07-02814,CSE-07,LOW,2024-12-22T20:45:40,2024-12-22T20:46:12.369386,2024-12-22T20:53:43.518996,CLOSED,,FIREWALL-07,False
ALT-CSE-07-02815,CSE-07,HIGH,2024-10-11T09:32:17,2024-10-11T09:33:26.894694,2024-10-11T09:44:35.448110,CLOSED,,FIREWALL-07,False
ALT-CSE-07-02816,CSE-07,HIGH,2024-12-26T21:44:56,2024-12-26T21:45:57.014614,2024-12-26T22:01:56.019752,CLOSED,,ENDPOINT-07,False
ALT-CSE-07-02817,CSE-07,LOW,2024-10-25T22:52:27,2024-10-25T22:53:20.783703,2024-10-25T23:07:50.924356,CLOSED,,WEB-SERVER-07,False
ALT-CSE-07-02818,CSE-07,MEDIUM,2024-12-19T14:19:11,2024-12-19T14:20:27.573713,2024-12-19T14:37:04.785023,CLOSED,,DB-SERVER-07,False
ALT-CSE-07-02819,CSE-07,MEDIUM,2024-11-27T11:35:56,2024-11-27T11:36:40.968090,2024-11-27T12:00:39.899979,CLOSED,,WEB-SERVER-07,False
ALT-CSE-07-02820,CSE-07,LOW,2024-12-12T10:07:36,2024-12-12T10:09:19.666745,2024-12-12T10:30:25.067018,CLOSED,,DB-SERVER-07,False
ALT-CSE-07-02821,CSE-07,HIGH,2024-11-26T07:53:26,2024-11-26T07:55:15.477697,2024-11-26T08:17:38.605164,CLOSED,,FIREWALL-07,False
ALT-CSE-07-02822,CSE-07,LOW,2024-10-09T05:51:17,2024-10-09T05:52:17.711074,2024-10-09T06:08:18.556432,CLOSED,,DB-SERVER-07,False
ALT-CSE-07-02823,CSE-07,HIGH,2024-12-26T07:30:09,2024-12-26T07:30:44.977287,2024-12-26T07:49:52.321665,CLOSED,,FIREWALL-07,False
ALT-CSE-07-02824,CSE-07,MEDIUM,2024-11-02T03:29:18,2024-11-02T03:30:46.635211,2024-11-02T03:57:18.548077,CLOSED,,DB-SERVER-07,False
ALT-CSE-07-02825,CSE-07,MEDIUM,2024-11-01T19:10:20,2024-11-01T19:11:43.574292,2024-11-01T19:28:39.243044,CLOSED,,DB-SERVER-07,False
ALT-CSE-07-02826,CSE-07,MEDIUM,2024-11-16T16:17:59,2024-11-16T16:18:46.297404,2024-11-16T16:43:47.249250,CLOSED,,DB-SERVER-07,False
ALT-CSE-07-02827,CSE-07,HIGH,2024-11-04T09:12:14,2024-11-04T09:13:01.659395,2024-11-04T09:38:35.017989,CLOSED,,WEB-SERVER-07,False
ALT-CSE-07-02828,CSE-07,LOW,2024-12-13T06:35:29,2024-12-13T06:37:25.798377,2024-12-13T06:53:10.603330,CLOSED,,WEB-SERVER-07,False
ALT-CSE-07-02829,CSE-07,HIGH,2024-10-03T19:02:56,2024-10-03T19:04:17.719235,2024-10-03T19:24:21.749998,CLOSED,,FIREWALL-07,False
ALT-CSE-07-02830,CSE-07,MEDIUM,2024-10-15T01:27:59,2024-10-15T01:29:51.895928,2024-10-15T01:49:32.176084,CLOSED,,WEB-SERVER-07,False
ALT-CSE-07-02831,CSE-07,LOW,2024-11-12T16:43:11,2024-11-12T16:44:47.625791,2024-11-12T17:11:36.178192,CLOSED,,DB-SERVER-07,False
ALT-CSE-07-02832,CSE-07,LOW,2024-12-05T11:21:01,2024-12-05T11:21:54.681249,2024-12-05T11:43:27.212560,CLOSED,,FIREWALL-07,False
ALT-CSE-07-02833,CSE-07,LOW,2024-12-09T07:57:56,2024-12-09T07:58:59.377594,2024-12-09T08:13:43.476171,CLOSED,,ENDPOINT-07,False
ALT-CSE-07-02834,CSE-07,LOW,2024-11-23T03:48:23,2024-11-23T03:49:54.158718,2024-11-23T04:10:47.958220,CLOSED,,DB-SERVER-07,False
ALT-CSE-07-02835,CSE-07,MEDIUM,2024-11-17T01:15:58,2024-11-17T01:17:38.936914,2024-11-17T01:49:10.483174,CLOSED,,ENDPOINT-07,False
ALT-CSE-07-02836,CSE-07,MEDIUM,2024-10-02T22:17:19,2024-10-02T22:18:20.288148,2024-10-02T22:37:08.474416,CLOSED,,WEB-SERVER-07,False
ALT-CSE-07-02837,CSE-07,HIGH,2024-12-15T01:54:07,2024-12-15T01:56:05.729851,2024-12-15T02:15:54.713129,CLOSED,,DB-SERVER-07,False
ALT-CSE-07-02838,CSE-07,LOW,2024-11-17T13:12:16,2024-11-17T13:13:18.946965,2024-11-17T13:29:42.252212,CLOSED,,ENDPOINT-07,False
ALT-CSE-07-02839,CSE-07,HIGH,2024-11-23T06:04:45,2024-11-23T06:06:06.833736,2024-11-23T06:23:39.088106,CLOSED,,ENDPOINT-07,False
ALT-CSE-07-02840,CSE-07,MEDIUM,2024-12-13T01:35:49,2024-12-13T01:37:05.544016,2024-12-13T01:56:40.184341,CLOSED,CAS-CSE-07-0884,WEB-SERVER-07,False
ALT-CSE-07-02841,CSE-07,MEDIUM,2024-11-30T01:31:05,2024-11-30T01:32:25.867777,2024-11-30T01:52:49.434114,CLOSED,,FIREWALL-07,False
ALT-CSE-07-02842,CSE-07,HIGH,2024-11-25T15:33:33,2024-11-25T15:35:14.925348,2024-11-25T15:47:13.476450,CLOSED,,ENDPOINT-07,False
ALT-CSE-07-02843,CSE-07,HIGH,2024-12-22T07:55:16,2024-12-22T07:56:29.178126,2024-12-22T08:13:58.289611,CLOSED,CAS-CSE-07-0885,DB-SERVER-07,False
ALT-CSE-07-02844,CSE-07,MEDIUM,2024-12-19T07:29:45,2024-12-19T07:30:59.214093,2024-12-19T07:49:45.666304,CLOSED,,WEB-SERVER-07,False
ALT-CSE-07-02845,CSE-07,HIGH,2024-12-29T23:56:23,2024-12-29T23:56:53.543844,2024-12-30T00:21:13.385695,CLOSED,,FIREWALL-07,False
ALT-CSE-07-02846,CSE-07,MEDIUM,2024-11-12T02:58:25,2024-11-12T02:59:02.304052,2024-11-12T03:20:31.140531,CLOSED,CAS-CSE-07-0886,FIREWALL-07,False
ALT-CSE-07-02847,CSE-07,HIGH,2024-12-15T09:03:55,2024-12-15T09:04:48.545781,2024-12-15T09:23:22.084590,CLOSED,,DB-SERVER-07,False
ALT-CSE-07-02848,CSE-07,LOW,2024-10-07T00:41:38,2024-10-07T00:43:07.675483,2024-10-07T01:14:29.052542,CLOSED,,FIREWALL-07,False
ALT-CSE-07-02849,CSE-07,LOW,2024-11-18T12:20:11,2024-11-18T12:21:12.511381,2024-11-18T12:43:22.248510,CLOSED,CAS-CSE-07-0887,FIREWALL-07,False
ALT-CSE-07-02850,CSE-07,HIGH,2024-12-11T10:12:11,2024-12-11T10:14:01.953339,2024-12-11T10:41:02.348901,CLOSED,,ENDPOINT-07,False
ALT-CSE-07-02851,CSE-07,HIGH,2024-10-18T05:41:11,2024-10-18T05:42:29.742369,2024-10-18T06:01:41.372750,CLOSED,,ENDPOINT-07,False
ALT-CSE-07-02852,CSE-07,LOW,2024-11-22T03:23:09,2024-11-22T03:24:36.248613,2024-11-22T03:45:48.210420,CLOSED,,WEB-SERVER-07,False
ALT-CSE-07-02853,CSE-07,MEDIUM,2024-10-11T14:54:33,2024-10-11T14:55:16.295199,2024-10-11T15:17:07.589953,CLOSED,,FIREWALL-07,False
ALT-CSE-07-02854,CSE-07,MEDIUM,2024-12-15T16:23:11,2024-12-15T16:23:57.650117,2024-12-15T16:49:14.950739,CLOSED,,WEB-SERVER-07,False
ALT-CSE-07-02855,CSE-07,MEDIUM,2024-11-12T21:17:42,2024-11-12T21:18:30.184141,2024-11-12T21:44:59.422333,CLOSED,,ENDPOINT-07,False
ALT-CSE-07-02856,CSE-07,MEDIUM,2024-12-15T02:34:48,2024-12-15T02:36:09.962729,2024-12-15T02:54:49.389857,CLOSED,,WEB-SERVER-07,False
ALT-CSE-07-02857,CSE-07,LOW,2024-11-13T07:49:25,2024-11-13T07:50:49.537744,2024-11-13T08:10:27.712377,CLOSED,,WEB-SERVER-07,False
ALT-CSE-07-02858,CSE-07,LOW,2024-10-09T14:38:16,2024-10-09T14:39:22.469714,2024-10-09T15:00:56.074874,CLOSED,,ENDPOINT-07,False
ALT-CSE-07-02859,CSE-07,HIGH,2024-11-16T14:43:58,2024-11-16T14:45:15.238586,2024-11-16T15:03:39.819202,CLOSED,,FIREWALL-07,False
ALT-CSE-07-02860,CSE-07,MEDIUM,2024-10-15T07:57:32,2024-10-15T07:59:11.872108,2024-10-15T08:18:26.350083,CLOSED,,DB-SERVER-07,False
ALT-CSE-07-02861,CSE-07,MEDIUM,2024-11-25T17:45:18,2024-11-25T17:45:51.072503,2024-11-25T18:03:37.683795,CLOSED,,FIREWALL-07,False
ALT-CSE-07-02862,CSE-07,HIGH,2024-12-18T01:42:12,2024-12-18T01:43:09.145113,2024-12-18T02:00:28.053137,CLOSED,,ENDPOINT-07,False
ALT-CSE-07-02863,CSE-07,LOW,2024-12-24T05:54:27,2024-12-24T05:56:19.141134,2024-12-24T06:17:10.769115,CLOSED,,FIREWALL-07,False
ALT-CSE-07-02864,CSE-07,MEDIUM,2024-12-26T05:06:03,2024-12-26T05:07:10.862397,2024-12-26T05:26:11.560304,CLOSED,,ENDPOINT-07,False
ALT-CSE-07-02865,CSE-07,MEDIUM,2024-12-26T06:02:02,2024-12-26T06:03:38.845850,2024-12-26T06:30:12.532874,CLOSED,,ENDPOINT-07,False
ALT-CSE-07-02866,CSE-07,HIGH,2024-11-12T11:49:09,2024-11-12T11:49:39.137506,2024-11-12T12:18:01.469453,CLOSED,,FIREWALL-07,False
ALT-CSE-07-02867,CSE-07,HIGH,2024-10-08T02:17:52,2024-10-08T02:19:05.534344,2024-10-08T02:42:37.681466,CLOSED,,DB-SERVER-07,False
ALT-CSE-07-02868,CSE-07,HIGH,2024-12-20T22:10:33,2024-12-20T22:11:08.064795,2024-12-20T22:28:33.639948,CLOSED,,ENDPOINT-07,False
ALT-CSE-07-02869,CSE-07,LOW,2024-10-23T19:38:50,2024-10-23T19:39:29.183435,2024-10-23T20:09:03.109832,CLOSED,,ENDPOINT-07,False
ALT-CSE-07-02870,CSE-07,MEDIUM,2024-10-04T00:07:40,2024-10-04T00:08:24.356765,2024-10-04T00:18:41.283927,CLOSED,,FIREWALL-07,False
ALT-CSE-07-02871,CSE-07,LOW,2024-10-27T13:35:12,2024-10-27T13:35:58.951655,2024-10-27T13:48:10.210388,CLOSED,,FIREWALL-07,False
ALT-CSE-07-02872,CSE-07,HIGH,2024-10-25T21:09:55,2024-10-25T21:10:32.109719,2024-10-25T21:32:37.916465,CLOSED,,DB-SERVER-07,False
ALT-CSE-07-02873,CSE-07,LOW,2024-11-30T06:14:19,2024-11-30T06:15:32.300564,2024-11-30T06:25:47.205005,CLOSED,,FIREWALL-07,False
ALT-CSE-07-02874,CSE-07,HIGH,2024-12-02T04:04:21,2024-12-02T04:05:02.472060,2024-12-02T04:28:19.493582,CLOSED,,DB-SERVER-07,False
ALT-CSE-07-02875,CSE-07,LOW,2024-11-04T04:30:11,2024-11-04T04:30:47.833429,2024-11-04T04:57:52.899706,CLOSED,,DB-SERVER-07,False
ALT-CSE-07-02876,CSE-07,LOW,2024-12-12T01:06:39,2024-12-12T01:08:14.974262,2024-12-12T01:28:02.488240,CLOSED,,FIREWALL-07,False
ALT-CSE-07-02877,CSE-07,HIGH,2024-11-13T02:59:24,2024-11-13T03:00:43.528332,2024-11-13T03:16:54.651105,CLOSED,,ENDPOINT-07,False
ALT-CSE-07-02878,CSE-07,LOW,2024-12-01T21:55:19,2024-12-01T21:56:27.404635,2024-12-01T22:22:21.577407,CLOSED,,ENDPOINT-07,False
ALT-CSE-07-02879,CSE-07,HIGH,2024-10-19T23:49:14,2024-10-19T23:49:58.786181,2024-10-20T00:03:42.213321,CLOSED,,WEB-SERVER-07,False
ALT-CSE-07-02880,CSE-07,MEDIUM,2024-10-25T14:16:25,2024-10-25T14:17:01.330194,2024-10-25T14:40:24.362943,CLOSED,,WEB-SERVER-07,False
ALT-CSE-07-02881,CSE-07,LOW,2024-11-15T05:01:08,2024-11-15T05:02:48.671590,2024-11-15T05:33:16.012824,CLOSED,,ENDPOINT-07,False
ALT-CSE-07-02882,CSE-07,MEDIUM,2024-12-16T23:12:12,2024-12-16T23:13:48.300004,2024-12-16T23:40:14.480426,CLOSED,,ENDPOINT-07,False
ALT-CSE-07-02883,CSE-07,HIGH,2024-12-13T05:08:24,2024-12-13T05:09:50.536635,2024-12-13T05:32:20.591006,CLOSED,,FIREWALL-07,False
ALT-CSE-07-02884,CSE-07,MEDIUM,2024-11-06T20:57:20,2024-11-06T20:58:49.210891,2024-11-06T21:17:10.555343,CLOSED,,WEB-SERVER-07,False
ALT-CSE-07-02885,CSE-07,MEDIUM,2024-12-18T18:07:23,2024-12-18T18:08:42.251758,2024-12-18T18:32:09.840426,CLOSED,,DB-SERVER-07,False
ALT-CSE-07-02886,CSE-07,HIGH,2024-12-22T21:21:33,2024-12-22T21:23:06.202561,2024-12-22T21:44:58.100256,CLOSED,,WEB-SERVER-07,False
ALT-CSE-07-02887,CSE-07,HIGH,2024-11-09T20:32:03,2024-11-09T20:32:39.100054,2024-11-09T20:40:49.824485,CLOSED,,WEB-SERVER-07,False
ALT-CSE-07-02888,CSE-07,MEDIUM,2024-10-23T09:37:41,2024-10-23T09:38:31.561008,2024-10-23T10:03:47.705464,CLOSED,,ENDPOINT-07,False
ALT-CSE-07-02889,CSE-07,MEDIUM,2024-10-22T00:37:51,2024-10-22T00:39:36.425062,2024-10-22T01:01:26.201553,CLOSED,,ENDPOINT-07,False
ALT-CSE-07-02890,CSE-07,HIGH,2024-12-06T04:38:47,2024-12-06T04:39:46.487975,2024-12-06T05:08:51.062029,CLOSED,,WEB-SERVER-07,False
ALT-CSE-07-02891,CSE-07,MEDIUM,2024-12-23T15:26:07,2024-12-23T15:28:01.431330,2024-12-23T15:48:38.447231,CLOSED,,WEB-SERVER-07,False
ALT-CSE-07-02892,CSE-07,MEDIUM,2024-11-09T05:32:21,2024-11-09T05:34:19.070955,2024-11-09T05:41:25.899433,CLOSED,,DB-SERVER-07,False
ALT-CSE-07-02893,CSE-07,LOW,2024-12-05T16:20:34,2024-12-05T16:21:17.795650,2024-12-05T16:41:41.958213,CLOSED,,FIREWALL-07,False
ALT-CSE-07-02894,CSE-07,MEDIUM,2024-11-14T00:17:43,2024-11-14T00:18:17.024618,2024-11-14T00:47:08.767596,CLOSED,,FIREWALL-07,False
ALT-CSE-07-02895,CSE-07,LOW,2024-12-14T07:24:37,2024-12-14T07:26:07.358968,2024-12-14T07:38:00.821045,CLOSED,,ENDPOINT-07,False
ALT-CSE-07-02896,CSE-07,MEDIUM,2024-12-12T11:12:51,2024-12-12T11:14:25.937147,2024-12-12T11:26:43.837675,CLOSED,,ENDPOINT-07,False
ALT-CSE-07-02897,CSE-07,HIGH,2024-10-31T04:27:13,2024-10-31T04:27:46.257899,2024-10-31T04:44:30.205101,CLOSED,,FIREWALL-07,False
ALT-CSE-07-02898,CSE-07,LOW,2024-12-15T03:03:14,2024-12-15T03:03:53.940371,2024-12-15T03:27:50.560241,CLOSED,,FIREWALL-07,False
ALT-CSE-07-02899,CSE-07,LOW,2024-12-05T09:32:57,2024-12-05T09:33:42.972110,2024-12-05T09:53:43.266176,CLOSED,,WEB-SERVER-07,False
ALT-CSE-07-02900,CSE-07,LOW,2024-12-14T00:11:23,2024-12-14T00:12:13.875964,2024-12-14T00:32:32.884564,CLOSED,,FIREWALL-07,False
ALT-CSE-07-02901,CSE-07,HIGH,2024-11-09T15:46:33,2024-11-09T15:47:51.909347,2024-11-09T16:02:12.325535,CLOSED,,ENDPOINT-07,False
ALT-CSE-07-02902,CSE-07,LOW,2024-11-30T09:18:14,2024-11-30T09:18:44.253685,2024-11-30T09:35:03.249911,CLOSED,,FIREWALL-07,False
ALT-CSE-07-02903,CSE-07,HIGH,2024-10-27T04:41:23,2024-10-27T04:42:59.593794,2024-10-27T05:12:07.070983,CLOSED,,WEB-SERVER-07,False
ALT-CSE-07-02904,CSE-07,HIGH,2024-12-02T00:22:51,2024-12-02T00:23:42.300476,2024-12-02T00:43:18.272373,CLOSED,,WEB-SERVER-07,False
ALT-CSE-07-02905,CSE-07,MEDIUM,2024-12-27T04:09:57,2024-12-27T04:11:33.991592,2024-12-27T04:26:16.982841,CLOSED,,WEB-SERVER-07,False
ALT-CSE-07-02906,CSE-07,LOW,2024-10-16T20:24:07,2024-10-16T20:25:49.373389,2024-10-16T20:49:04.433961,CLOSED,,WEB-SERVER-07,False
ALT-CSE-07-02907,CSE-07,HIGH,2024-12-21T18:53:23,2024-12-21T18:54:03.292835,2024-12-21T19:16:11.766224,CLOSED,,WEB-SERVER-07,False
ALT-CSE-07-02908,CSE-07,HIGH,2024-12-01T22:22:28,2024-12-01T22:23:57.739649,2024-12-01T22:42:27.232033,CLOSED,,ENDPOINT-07,False
ALT-CSE-07-02909,CSE-07,MEDIUM,2024-10-31T16:08:03,2024-10-31T16:09:49.142854,2024-10-31T16:31:21.407428,CLOSED,,DB-SERVER-07,False
ALT-CSE-07-02910,CSE-07,LOW,2024-12-01T04:11:58,2024-12-01T04:13:53.545475,2024-12-01T04:35:50.498715,CLOSED,,WEB-SERVER-07,False
ALT-CSE-07-02911,CSE-07,HIGH,2024-11-12T15:21:46,2024-11-12T15:23:41.434910,2024-11-12T15:43:38.647255,CLOSED,,WEB-SERVER-07,False
ALT-CSE-07-02912,CSE-07,HIGH,2024-10-02T08:57:28,2024-10-02T08:58:57.548905,2024-10-02T09:09:33.055295,CLOSED,,DB-SERVER-07,False
ALT-CSE-07-02913,CSE-07,HIGH,2024-11-29T14:33:39,2024-11-29T14:34:41.949674,2024-11-29T15:01:33.962732,CLOSED,,DB-SERVER-07,False
ALT-CSE-07-02914,CSE-07,MEDIUM,2024-12-16T09:27:41,2024-12-16T09:29:40.856982,2024-12-16T09:45:32.965277,CLOSED,CAS-CSE-07-0888,ENDPOINT-07,False
ALT-CSE-07-02915,CSE-07,HIGH,2024-11-03T17:31:00,2024-11-03T17:32:14.700883,2024-11-03T17:54:39.105112,CLOSED,,DB-SERVER-07,False
ALT-CSE-07-02916,CSE-07,MEDIUM,2024-12-11T17:24:33,2024-12-11T17:25:30.861258,2024-12-11T17:45:25.959215,CLOSED,,DB-SERVER-07,False
ALT-CSE-07-02917,CSE-07,MEDIUM,2024-12-25T16:38:52,2024-12-25T16:40:24.551862,2024-12-25T17:03:39.727417,CLOSED,,ENDPOINT-07,False
ALT-CSE-07-02918,CSE-07,LOW,2024-10-22T08:02:51,2024-10-22T08:03:25.587470,2024-10-22T08:12:44.004723,CLOSED,,DB-SERVER-07,False
ALT-CSE-07-02919,CSE-07,MEDIUM,2024-11-23T15:01:51,2024-11-23T15:03:18.461114,2024-11-23T15:22:36.666952,CLOSED,,ENDPOINT-07,False
ALT-CSE-07-02920,CSE-07,LOW,2024-12-24T16:50:52,2024-12-24T16:52:36.724714,2024-12-24T17:06:30.749677,CLOSED,,FIREWALL-07,False
ALT-CSE-07-02921,CSE-07,LOW,2024-12-15T23:50:02,2024-12-15T23:51:00.293081,2024-12-16T00:06:19.373836,CLOSED,CAS-CSE-07-0889,DB-SERVER-07,False
ALT-CSE-07-02922,CSE-07,MEDIUM,2024-11-04T05:02:23,2024-11-04T05:03:15.534902,2024-11-04T05:26:42.722061,CLOSED,,FIREWALL-07,False
ALT-CSE-07-02923,CSE-07,MEDIUM,2024-12-10T04:46:49,2024-12-10T04:48:30.106281,2024-12-10T05:01:16.519277,CLOSED,,ENDPOINT-07,False
ALT-CSE-07-02924,CSE-07,MEDIUM,2024-10-17T14:37:30,2024-10-17T14:38:39.100636,2024-10-17T14:56:36.077594,CLOSED,,DB-SERVER-07,False
ALT-CSE-07-02925,CSE-07,MEDIUM,2024-11-13T23:56:33,2024-11-13T23:57:40.505022,2024-11-14T00:12:09.734113,CLOSED,,FIREWALL-07,False
ALT-CSE-07-02926,CSE-07,MEDIUM,2024-12-25T06:20:22,2024-12-25T06:20:59.258005,2024-12-25T06:31:11.020568,CLOSED,,ENDPOINT-07,False
ALT-CSE-07-02927,CSE-07,MEDIUM,2024-11-06T12:09:59,2024-11-06T12:11:38.241063,2024-11-06T12:26:14.254959,CLOSED,,WEB-SERVER-07,False
ALT-CSE-07-02928,CSE-07,LOW,2024-10-29T09:20:40,2024-10-29T09:22:11.182927,2024-10-29T09:46:05.666662,CLOSED,,FIREWALL-07,False
ALT-CSE-07-02929,CSE-07,HIGH,2024-10-31T17:46:16,2024-10-31T17:47:22.378651,2024-10-31T18:04:02.421295,CLOSED,,ENDPOINT-07,False
ALT-CSE-07-02930,CSE-07,LOW,2024-10-05T05:35:18,2024-10-05T05:36:02.479701,2024-10-05T05:54:14.320883,CLOSED,,FIREWALL-07,False
ALT-CSE-07-02931,CSE-07,MEDIUM,2024-12-12T01:46:38,2024-12-12T01:48:11.683200,2024-12-12T02:01:11.896192,CLOSED,,FIREWALL-07,False
ALT-CSE-07-02932,CSE-07,HIGH,2024-11-25T03:40:09,2024-11-25T03:41:22.160137,2024-11-25T03:59:40.983145,CLOSED,,FIREWALL-07,False
ALT-CSE-07-02933,CSE-07,HIGH,2024-12-05T21:37:52,2024-12-05T21:38:29.226399,2024-12-05T21:57:08.939540,CLOSED,,FIREWALL-07,False
ALT-CSE-07-02934,CSE-07,LOW,2024-11-11T18:06:56,2024-11-11T18:07:45.582337,2024-11-11T18:28:27.434977,CLOSED,,ENDPOINT-07,False
ALT-CSE-07-02935,CSE-07,LOW,2024-10-12T16:34:35,2024-10-12T16:36:15.399878,2024-10-12T16:55:55.050158,CLOSED,,FIREWALL-07,False
ALT-CSE-07-02936,CSE-07,MEDIUM,2024-11-24T23:38:53,2024-11-24T23:39:45.418809,2024-11-24T23:59:46.757022,CLOSED,,WEB-SERVER-07,False
ALT-CSE-07-02937,CSE-07,LOW,2024-12-02T10:39:56,2024-12-02T10:41:41.838060,2024-12-02T11:03:38.022693,CLOSED,,DB-SERVER-07,False
ALT-CSE-07-02938,CSE-07,MEDIUM,2024-10-03T06:38:14,2024-10-03T06:39:19.610498,2024-10-03T06:55:10.006909,CLOSED,,WEB-SERVER-07,False
ALT-CSE-07-02939,CSE-07,HIGH,2024-10-03T17:53:50,2024-10-03T17:54:48.074738,2024-10-03T18:13:02.858692,CLOSED,,WEB-SERVER-07,False
ALT-CSE-07-02940,CSE-07,LOW,2024-12-20T22:57:21,2024-12-20T22:58:40.303561,2024-12-20T23:21:53.591133,CLOSED,,ENDPOINT-07,False
ALT-CSE-07-02941,CSE-07,HIGH,2024-11-29T05:51:36,2024-11-29T05:52:38.261323,2024-11-29T06:13:38.534229,CLOSED,,FIREWALL-07,False
ALT-CSE-07-02942,CSE-07,MEDIUM,2024-12-15T21:28:17,2024-12-15T21:29:17.667419,2024-12-15T21:52:17.280428,CLOSED,,ENDPOINT-07,False
ALT-CSE-07-02943,CSE-07,MEDIUM,2024-12-20T16:53:12,2024-12-20T16:54:56.974239,2024-12-20T17:18:26.523772,CLOSED,CAS-CSE-07-0890,WEB-SERVER-07,False
ALT-CSE-07-02944,CSE-07,MEDIUM,2024-12-29T05:49:56,2024-12-29T05:50:57.482335,2024-12-29T06:07:13.485789,CLOSED,,FIREWALL-07,False
ALT-CSE-07-02945,CSE-07,LOW,2024-10-05T11:28:08,2024-10-05T11:29:21.023198,2024-10-05T11:51:18.703559,CLOSED,,WEB-SERVER-07,False
ALT-CSE-07-02946,CSE-07,LOW,2024-11-28T09:43:44,2024-11-28T09:45:23.266937,2024-11-28T09:52:34.924217,CLOSED,,WEB-SERVER-07,False
ALT-CSE-07-02947,CSE-07,HIGH,2024-11-02T03:14:30,2024-11-02T03:15:52.837767,2024-11-02T03:37:51.200091,CLOSED,,ENDPOINT-07,False
ALT-CSE-07-02948,CSE-07,MEDIUM,2024-11-20T23:35:47,2024-11-20T23:37:29.083689,2024-11-20T23:53:11.798976,CLOSED,,FIREWALL-07,False
ALT-CSE-07-02949,CSE-07,HIGH,2024-12-13T08:32:56,2024-12-13T08:33:53.987600,2024-12-13T08:54:11.686777,CLOSED,,ENDPOINT-07,False
ALT-CSE-07-02950,CSE-07,HIGH,2024-12-14T19:45:52,2024-12-14T19:47:17.959795,2024-12-14T20:08:27.610330,CLOSED,CAS-CSE-07-0891,FIREWALL-07,False
ALT-CSE-07-02951,CSE-07,MEDIUM,2024-10-14T03:21:28,2024-10-14T03:22:12.734880,2024-10-14T03:45:20.510575,CLOSED,CAS-CSE-07-0892,ENDPOINT-07,False
ALT-CSE-07-02952,CSE-07,MEDIUM,2024-11-18T21:02:03,2024-11-18T21:03:08.422304,2024-11-18T21:08:18.238639,CLOSED,,FIREWALL-07,False
ALT-CSE-07-02953,CSE-07,LOW,2024-11-16T15:26:55,2024-11-16T15:28:12.057572,2024-11-16T15:43:40.089193,CLOSED,,WEB-SERVER-07,False
ALT-CSE-07-02954,CSE-07,LOW,2024-10-16T20:08:54,2024-10-16T20:09:25.107700,2024-10-16T20:23:20.472273,CLOSED,,FIREWALL-07,False
ALT-CSE-07-02955,CSE-07,LOW,2024-12-18T22:39:44,2024-12-18T22:40:39.646990,2024-12-18T22:54:01.801456,CLOSED,,FIREWALL-07,False
ALT-CSE-07-02956,CSE-07,HIGH,2024-12-05T23:04:58,2024-12-05T23:05:37.947386,2024-12-05T23:21:28.510986,CLOSED,,FIREWALL-07,False
ALT-CSE-07-02957,CSE-07,LOW,2024-12-21T05:20:18,2024-12-21T05:22:05.829170,2024-12-21T05:32:14.460431,CLOSED,,ENDPOINT-07,False
ALT-CSE-07-02958,CSE-07,MEDIUM,2024-10-11T17:19:37,2024-10-11T17:21:04.956708,2024-10-11T17:45:33.556392,CLOSED,,ENDPOINT-07,False
ALT-CSE-07-02959,CSE-07,LOW,2024-12-23T17:28:58,2024-12-23T17:29:52.259783,2024-12-23T17:47:46.814408,CLOSED,,DB-SERVER-07,False
ALT-CSE-07-02960,CSE-07,MEDIUM,2024-12-26T05:14:39,2024-12-26T05:16:24.205611,2024-12-26T05:46:07.670373,CLOSED,,FIREWALL-07,False
ALT-CSE-07-02961,CSE-07,MEDIUM,2024-12-17T06:00:07,2024-12-17T06:01:00.611048,2024-12-17T06:26:15.715277,CLOSED,,FIREWALL-07,False
ALT-CSE-07-02962,CSE-07,HIGH,2024-11-22T11:59:32,2024-11-22T12:01:27.188285,2024-11-22T12:27:26.895250,CLOSED,,FIREWALL-07,False
ALT-CSE-07-02963,CSE-07,LOW,2024-10-04T02:54:00,2024-10-04T02:55:26.790456,2024-10-04T03:11:14.382407,CLOSED,,FIREWALL-07,False
ALT-CSE-07-02964,CSE-07,LOW,2024-11-08T07:29:48,2024-11-08T07:31:30.900529,2024-11-08T07:51:32.853370,CLOSED,,WEB-SERVER-07,False
ALT-CSE-07-02965,CSE-07,HIGH,2024-12-27T00:29:16,2024-12-27T00:30:27.649068,2024-12-27T00:54:52.904230,CLOSED,,WEB-SERVER-07,False
ALT-CSE-07-02966,CSE-07,HIGH,2024-10-05T05:16:41,2024-10-05T05:17:11.937027,2024-10-05T05:39:58.763723,CLOSED,,DB-SERVER-07,False
ALT-CSE-07-02967,CSE-07,LOW,2024-10-28T05:32:10,2024-10-28T05:33:19.297019,2024-10-28T05:42:58.524238,CLOSED,,WEB-SERVER-07,False
ALT-CSE-07-02968,CSE-07,MEDIUM,2024-11-27T01:39:46,2024-11-27T01:40:23.298769,2024-11-27T01:46:40.006060,CLOSED,,DB-SERVER-07,False
ALT-CSE-07-02969,CSE-07,HIGH,2024-11-30T09:27:01,2024-11-30T09:28:03.757515,2024-11-30T09:43:47.183084,CLOSED,,ENDPOINT-07,False
ALT-CSE-07-02970,CSE-07,LOW,2024-11-26T15:35:25,2024-11-26T15:36:23.217087,2024-11-26T15:59:24.553804,CLOSED,,WEB-SERVER-07,False
ALT-CSE-07-02971,CSE-07,MEDIUM,2024-10-14T12:59:13,2024-10-14T13:00:07.318631,2024-10-14T13:19:20.163502,CLOSED,,DB-SERVER-07,False
ALT-CSE-07-02972,CSE-07,LOW,2024-10-30T03:43:13,2024-10-30T03:44:27.895351,2024-10-30T04:01:39.192768,CLOSED,,ENDPOINT-07,False
ALT-CSE-07-02973,CSE-07,MEDIUM,2024-11-18T09:49:15,2024-11-18T09:50:00.914055,2024-11-18T10:11:11.086947,CLOSED,,WEB-SERVER-07,False
ALT-CSE-07-02974,CSE-07,HIGH,2024-11-11T07:11:12,2024-11-11T07:12:12.916959,2024-11-11T07:33:34.466688,CLOSED,CAS-CSE-07-0893,WEB-SERVER-07,False
ALT-CSE-07-02975,CSE-07,HIGH,2024-12-08T22:00:29,2024-12-08T22:01:47.578468,2024-12-08T22:17:29.526024,CLOSED,,WEB-SERVER-07,False
ALT-CSE-07-02976,CSE-07,LOW,2024-10-15T12:36:25,2024-10-15T12:37:49.796562,2024-10-15T13:00:12.944461,CLOSED,,FIREWALL-07,False
ALT-CSE-07-02977,CSE-07,LOW,2024-11-03T12:31:57,2024-11-03T12:33:29.523116,2024-11-03T12:56:03.197314,CLOSED,,ENDPOINT-07,False
ALT-CSE-07-02978,CSE-07,HIGH,2024-11-15T13:21:17,2024-11-15T13:22:54.769384,2024-11-15T13:39:40.159661,CLOSED,,DB-SERVER-07,False
ALT-CSE-07-02979,CSE-07,HIGH,2024-12-26T17:56:55,2024-12-26T17:57:50.799649,2024-12-26T18:12:48.698171,CLOSED,,ENDPOINT-07,False
ALT-CSE-07-02980,CSE-07,MEDIUM,2024-10-04T11:12:57,2024-10-04T11:14:19.067513,2024-10-04T11:31:59.735554,CLOSED,,ENDPOINT-07,False
ALT-CSE-07-02981,CSE-07,MEDIUM,2024-12-19T06:44:50,2024-12-19T06:45:47.773928,2024-12-19T07:04:42.486801,CLOSED,,FIREWALL-07,False
ALT-CSE-07-02982,CSE-07,MEDIUM,2024-10-21T08:27:15,2024-10-21T08:29:01.975719,2024-10-21T08:51:24.898874,CLOSED,,DB-SERVER-07,False
ALT-CSE-07-02983,CSE-07,LOW,2024-11-24T08:17:24,2024-11-24T08:19:02.008852,2024-11-24T08:36:38.502458,CLOSED,,DB-SERVER-07,False
ALT-CSE-07-02984,CSE-07,HIGH,2024-10-02T02:21:44,2024-10-02T02:22:57.080277,2024-10-02T02:40:46.235306,CLOSED,,DB-SERVER-07,False
ALT-CSE-07-02985,CSE-07,HIGH,2024-11-14T20:10:32,2024-11-14T20:11:54.436382,2024-11-14T20:27:48.076860,CLOSED,,ENDPOINT-07,False
ALT-CSE-07-02986,CSE-07,HIGH,2024-12-12T11:54:09,2024-12-12T11:55:30.599086,2024-12-12T12:12:14.331699,CLOSED,,WEB-SERVER-07,False
ALT-CSE-07-02987,CSE-07,HIGH,2024-12-12T21:00:08,2024-12-12T21:01:46.504925,2024-12-12T21:19:35.758772,CLOSED,,DB-SERVER-07,False
ALT-CSE-07-02988,CSE-07,MEDIUM,2024-12-29T16:12:37,2024-12-29T16:14:08.663349,2024-12-29T16:28:13.086265,CLOSED,,FIREWALL-07,False
ALT-CSE-07-02989,CSE-07,MEDIUM,2024-10-16T14:57:37,2024-10-16T14:58:33.856036,2024-10-16T15:09:31.944388,CLOSED,,ENDPOINT-07,False
ALT-CSE-07-02990,CSE-07,MEDIUM,2024-10-20T03:24:28,2024-10-20T03:25:13.435850,2024-10-20T03:41:27.409505,CLOSED,,DB-SERVER-07,False
ALT-CSE-07-02991,CSE-07,HIGH,2024-10-09T00:42:46,2024-10-09T00:43:18.251751,2024-10-09T01:01:31.089213,CLOSED,,DB-SERVER-07,False
ALT-CSE-07-02992,CSE-07,HIGH,2024-12-29T09:58:03,2024-12-29T09:59:07.932919,2024-12-29T10:20:49.902715,CLOSED,,ENDPOINT-07,False
ALT-CSE-07-02993,CSE-07,MEDIUM,2024-10-13T17:02:05,2024-10-13T17:02:42.107796,2024-10-13T17:22:03.673194,CLOSED,,DB-SERVER-07,False
ALT-CSE-07-02994,CSE-07,LOW,2024-12-29T12:53:18,2024-12-29T12:53:56.900800,2024-12-29T13:03:55.315810,CLOSED,,WEB-SERVER-07,False
ALT-CSE-07-02995,CSE-07,HIGH,2024-11-14T02:41:04,2024-11-14T02:42:44.589714,2024-11-14T03:06:43.469093,CLOSED,,WEB-SERVER-07,False
ALT-CSE-07-02996,CSE-07,MEDIUM,2024-10-30T12:28:47,2024-10-30T12:30:17.452848,2024-10-30T12:46:53.611029,CLOSED,,ENDPOINT-07,False
ALT-CSE-07-02997,CSE-07,MEDIUM,2024-12-12T05:56:38,2024-12-12T05:58:27.487304,2024-12-12T06:16:41.671229,CLOSED,,DB-SERVER-07,False
ALT-CSE-07-02998,CSE-07,HIGH,2024-11-23T03:40:01,2024-11-23T03:41:16.390082,2024-11-23T03:59:31.067041,CLOSED,,FIREWALL-07,False
ALT-CSE-07-02999,CSE-07,LOW,2024-12-04T22:27:00,2024-12-04T22:28:30.101308,2024-12-04T22:43:35.450087,CLOSED,,DB-SERVER-07,False
ALT-CSE-07-03000,CSE-07,MEDIUM,2024-10-21T09:31:54,2024-10-21T09:33:03.085467,2024-10-21T09:55:37.456911,CLOSED,,WEB-SERVER-07,False
ALT-CSE-07-03001,CSE-07,LOW,2024-11-17T21:31:17,2024-11-17T21:32:00.380750,2024-11-17T21:43:47.602253,CLOSED,,ENDPOINT-07,False
ALT-CSE-07-03002,CSE-07,MEDIUM,2024-11-21T11:25:59,2024-11-21T11:27:07.804167,2024-11-21T11:38:26.151683,CLOSED,,WEB-SERVER-07,False
ALT-CSE-07-03003,CSE-07,LOW,2024-12-12T02:24:59,2024-12-12T02:25:40.800731,2024-12-12T02:50:08.958176,CLOSED,,DB-SERVER-07,False
ALT-CSE-07-03004,CSE-07,MEDIUM,2024-12-08T12:18:23,2024-12-08T12:19:19.116043,2024-12-08T12:39:54.639973,CLOSED,,DB-SERVER-07,False
ALT-CSE-07-03005,CSE-07,LOW,2024-12-06T02:06:48,2024-12-06T02:08:06.364966,2024-12-06T02:24:36.256115,CLOSED,,DB-SERVER-07,False
ALT-CSE-07-03006,CSE-07,HIGH,2024-12-23T23:20:32,2024-12-23T23:21:36.944525,2024-12-23T23:37:26.371656,CLOSED,,DB-SERVER-07,False
ALT-CSE-07-03007,CSE-07,LOW,2024-10-05T16:06:33,2024-10-05T16:07:38.651593,2024-10-05T16:25:54.911478,CLOSED,,ENDPOINT-07,False
ALT-CSE-07-03008,CSE-07,MEDIUM,2024-11-19T20:38:36,2024-11-19T20:39:58.698586,2024-11-19T20:53:50.865922,CLOSED,,WEB-SERVER-07,False
ALT-CSE-07-03009,CSE-07,HIGH,2024-12-25T08:09:47,2024-12-25T08:11:00.740331,2024-12-25T08:30:14.288172,CLOSED,,FIREWALL-07,False
ALT-CSE-07-03010,CSE-07,HIGH,2024-11-02T09:34:24,2024-11-02T09:35:23.874467,2024-11-02T09:51:55.083562,CLOSED,,FIREWALL-07,False
ALT-CSE-07-03011,CSE-07,HIGH,2024-12-04T16:27:57,2024-12-04T16:28:45.089679,2024-12-04T16:48:25.342530,CLOSED,,DB-SERVER-07,False
ALT-CSE-07-03012,CSE-07,LOW,2024-12-09T08:49:27,2024-12-09T08:51:17.868770,2024-12-09T09:12:49.981414,CLOSED,,DB-SERVER-07,False
ALT-CSE-07-03013,CSE-07,HIGH,2024-10-01T21:57:50,2024-10-01T21:58:26.121575,2024-10-01T22:20:21.826061,CLOSED,,ENDPOINT-07,False
ALT-CSE-07-03014,CSE-07,MEDIUM,2024-12-05T15:53:32,2024-12-05T15:54:45.338342,2024-12-05T16:16:01.283719,CLOSED,,ENDPOINT-07,False
ALT-CSE-07-03015,CSE-07,HIGH,2024-11-04T18:44:55,2024-11-04T18:46:05.176335,2024-11-04T19:06:48.575401,CLOSED,,DB-SERVER-07,False
ALT-CSE-07-03016,CSE-07,LOW,2024-10-01T14:24:37,2024-10-01T14:26:28.814338,2024-10-01T14:49:20.584343,CLOSED,,WEB-SERVER-07,False
ALT-CSE-07-03017,CSE-07,HIGH,2024-12-13T03:25:45,2024-12-13T03:26:38.228571,2024-12-13T03:52:35.356381,CLOSED,,ENDPOINT-07,False
ALT-CSE-07-03018,CSE-07,MEDIUM,2024-12-05T08:48:32,2024-12-05T08:49:21.727976,2024-12-05T09:06:26.129587,CLOSED,CAS-CSE-07-0894,ENDPOINT-07,False
ALT-CSE-07-03019,CSE-07,LOW,2024-11-08T16:02:38,2024-11-08T16:04:06.562926,2024-11-08T16:23:57.222302,CLOSED,,DB-SERVER-07,False
ALT-CSE-07-03020,CSE-07,MEDIUM,2024-11-30T21:56:20,2024-11-30T21:57:25.197493,2024-11-30T22:19:00.085243,CLOSED,,FIREWALL-07,False
ALT-CSE-07-03021,CSE-07,LOW,2024-11-16T20:07:52,2024-11-16T20:09:43.163518,2024-11-16T20:28:43.469920,CLOSED,,WEB-SERVER-07,False
ALT-CSE-07-03022,CSE-07,LOW,2024-12-29T02:17:59,2024-12-29T02:19:36.605627,2024-12-29T02:33:07.856840,CLOSED,CAS-CSE-07-0895,WEB-SERVER-07,False
ALT-CSE-07-03023,CSE-07,HIGH,2024-12-21T18:24:21,2024-12-21T18:25:46.154180,2024-12-21T18:37:34.094054,CLOSED,,WEB-SERVER-07,False
ALT-CSE-07-03024,CSE-07,LOW,2024-11-23T06:21:34,2024-11-23T06:23:01.454991,2024-11-23T06:37:49.111996,CLOSED,,DB-SERVER-07,False
ALT-CSE-07-03025,CSE-07,LOW,2024-11-11T18:26:22,2024-11-11T18:27:49.799934,2024-11-11T18:43:40.945625,CLOSED,,DB-SERVER-07,False
ALT-CSE-07-03026,CSE-07,HIGH,2024-12-29T05:37:15,2024-12-29T05:38:44.133061,2024-12-29T05:56:25.803616,CLOSED,,WEB-SERVER-07,False
ALT-CSE-07-03027,CSE-07,HIGH,2024-12-09T09:49:09,2024-12-09T09:50:32.776790,2024-12-09T10:08:08.339832,CLOSED,,FIREWALL-07,False
ALT-CSE-07-03028,CSE-07,MEDIUM,2024-11-04T03:59:07,2024-11-04T03:59:49.455870,2024-11-04T04:15:34.481507,CLOSED,CAS-CSE-07-0896,WEB-SERVER-07,False
ALT-CSE-07-03029,CSE-07,LOW,2024-11-18T15:38:44,2024-11-18T15:39:26.249304,2024-11-18T15:57:36.977178,CLOSED,,ENDPOINT-07,False
ALT-CSE-07-03030,CSE-07,HIGH,2024-11-24T23:57:37,2024-11-24T23:58:20.318526,2024-11-25T00:20:21.979066,CLOSED,,FIREWALL-07,False
ALT-CSE-07-03031,CSE-07,MEDIUM,2024-10-21T15:17:30,2024-10-21T15:18:25.144340,2024-10-21T15:30:01.041837,CLOSED,,WEB-SERVER-07,False
ALT-CSE-07-03032,CSE-07,MEDIUM,2024-12-24T19:27:16,2024-12-24T19:28:20.247279,2024-12-24T19:50:54.573986,CLOSED,,ENDPOINT-07,False
ALT-CSE-07-03033,CSE-07,MEDIUM,2024-10-29T02:59:29,2024-10-29T03:00:33.405260,2024-10-29T03:20:48.924160,CLOSED,,FIREWALL-07,False
ALT-CSE-07-03034,CSE-07,MEDIUM,2024-10-15T01:23:32,2024-10-15T01:24:28.238322,2024-10-15T01:42:47.091528,CLOSED,,FIREWALL-07,False
ALT-CSE-07-03035,CSE-07,MEDIUM,2024-12-16T11:43:32,2024-12-16T11:45:02.992356,2024-12-16T12:03:19.948159,CLOSED,,DB-SERVER-07,False
ALT-CSE-07-03036,CSE-07,MEDIUM,2024-10-17T15:27:05,2024-10-17T15:28:01.066381,2024-10-17T15:49:19.218605,CLOSED,,WEB-SERVER-07,False
ALT-CSE-07-03037,CSE-07,LOW,2024-12-09T18:31:40,2024-12-09T18:32:12.745752,2024-12-09T18:55:21.103444,CLOSED,,ENDPOINT-07,False
ALT-CSE-07-03038,CSE-07,LOW,2024-10-29T20:44:47,2024-10-29T20:45:29.083958,2024-10-29T21:05:26.666813,CLOSED,,WEB-SERVER-07,False
ALT-CSE-07-03039,CSE-07,MEDIUM,2024-12-07T03:43:27,2024-12-07T03:44:13.532878,2024-12-07T04:03:57.448047,CLOSED,,DB-SERVER-07,False
ALT-CSE-07-03040,CSE-07,HIGH,2024-12-21T21:34:32,2024-12-21T21:36:01.379499,2024-12-21T22:00:35.128380,CLOSED,,DB-SERVER-07,False
ALT-CSE-07-03041,CSE-07,LOW,2024-12-17T08:32:55,2024-12-17T08:34:38.310059,2024-12-17T08:48:24.167142,CLOSED,,WEB-SERVER-07,False
ALT-CSE-07-03042,CSE-07,LOW,2024-12-25T20:40:45,2024-12-25T20:42:21.958198,2024-12-25T21:04:05.082934,CLOSED,,DB-SERVER-07,False
ALT-CSE-07-03043,CSE-07,MEDIUM,2024-11-27T19:13:24,2024-11-27T19:14:46.364948,2024-11-27T19:35:15.497173,CLOSED,,DB-SERVER-07,False
ALT-CSE-07-03044,CSE-07,HIGH,2024-10-31T06:01:50,2024-10-31T06:03:40.000473,2024-10-31T06:18:43.414192,CLOSED,,DB-SERVER-07,False
ALT-CSE-07-03045,CSE-07,HIGH,2024-10-10T13:17:10,2024-10-10T13:17:50.996048,2024-10-10T13:39:38.814116,CLOSED,,FIREWALL-07,False
ALT-CSE-07-03046,CSE-07,HIGH,2024-11-26T00:10:45,2024-11-26T00:11:41.427192,2024-11-26T00:32:25.190104,CLOSED,,DB-SERVER-07,False
ALT-CSE-07-03047,CSE-07,LOW,2024-11-20T23:58:39,2024-11-20T23:59:35.034420,2024-11-21T00:14:59.485008,CLOSED,,WEB-SERVER-07,False
ALT-CSE-07-03048,CSE-07,MEDIUM,2024-10-12T04:51:33,2024-10-12T04:53:01.859528,2024-10-12T05:10:38.294826,CLOSED,,WEB-SERVER-07,False
ALT-CSE-07-03049,CSE-07,LOW,2024-12-03T08:37:27,2024-12-03T08:38:09.153512,2024-12-03T08:55:25.792787,CLOSED,,ENDPOINT-07,False
ALT-CSE-07-03050,CSE-07,MEDIUM,2024-10-26T13:58:12,2024-10-26T13:58:42.598073,2024-10-26T14:18:25.059656,CLOSED,,DB-SERVER-07,False
ALT-CSE-07-03051,CSE-07,MEDIUM,2024-11-12T02:13:21,2024-11-12T02:14:33.122787,2024-11-12T02:32:06.288769,CLOSED,,DB-SERVER-07,False
ALT-CSE-07-03052,CSE-07,HIGH,2024-12-23T15:00:10,2024-12-23T15:01:14.551103,2024-12-23T15:23:30.621642,CLOSED,,WEB-SERVER-07,False
ALT-CSE-07-03053,CSE-07,MEDIUM,2024-12-14T15:22:04,2024-12-14T15:22:50.051465,2024-12-14T15:47:55.622245,CLOSED,,DB-SERVER-07,False
ALT-CSE-07-03054,CSE-07,HIGH,2024-12-18T00:57:07,2024-12-18T00:58:17.450997,2024-12-18T01:17:54.740621,CLOSED,,ENDPOINT-07,False
ALT-CSE-07-03055,CSE-07,MEDIUM,2024-12-11T23:16:05,2024-12-11T23:16:36.761365,2024-12-11T23:39:43.115508,CLOSED,,WEB-SERVER-07,False
ALT-CSE-07-03056,CSE-07,HIGH,2024-10-30T10:26:28,2024-10-30T10:27:47.875115,2024-10-30T10:33:24.395905,CLOSED,,ENDPOINT-07,False
ALT-CSE-07-03057,CSE-07,LOW,2024-11-05T13:12:50,2024-11-05T13:13:47.751673,2024-11-05T13:40:33.793089,CLOSED,,FIREWALL-07,False
ALT-CSE-07-03058,CSE-07,HIGH,2024-12-26T03:41:36,2024-12-26T03:42:45.909964,2024-12-26T04:07:25.972341,CLOSED,,ENDPOINT-07,False
ALT-CSE-07-03059,CSE-07,HIGH,2024-10-06T08:12:52,2024-10-06T08:13:29.384523,2024-10-06T08:26:00.199592,CLOSED,,ENDPOINT-07,False
ALT-CSE-07-03060,CSE-07,MEDIUM,2024-10-03T15:31:27,2024-10-03T15:33:05.345644,2024-10-03T15:53:27.623237,CLOSED,,ENDPOINT-07,False
ALT-CSE-07-03061,CSE-07,MEDIUM,2024-12-08T15:27:29,2024-12-08T15:28:02.795076,2024-12-08T15:47:04.007429,CLOSED,,ENDPOINT-07,False
ALT-CSE-07-03062,CSE-07,MEDIUM,2024-10-09T07:03:56,2024-10-09T07:05:40.609003,2024-10-09T07:25:33.624290,CLOSED,,DB-SERVER-07,False
ALT-CSE-07-03063,CSE-07,MEDIUM,2024-10-23T20:09:55,2024-10-23T20:10:41.477760,2024-10-23T20:33:21.691656,CLOSED,,ENDPOINT-07,False
ALT-CSE-07-03064,CSE-07,MEDIUM,2024-12-10T10:09:21,2024-12-10T10:11:06.684312,2024-12-10T10:32:17.549856,CLOSED,,DB-SERVER-07,False
ALT-CSE-07-03065,CSE-07,MEDIUM,2024-12-22T06:14:41,2024-12-22T06:16:06.449075,2024-12-22T06:34:27.653922,CLOSED,,ENDPOINT-07,False
ALT-CSE-07-03066,CSE-07,MEDIUM,2024-12-05T18:46:08,2024-12-05T18:47:49.424358,2024-12-05T19:13:27.765963,CLOSED,,DB-SERVER-07,False
ALT-CSE-07-03067,CSE-07,LOW,2024-10-20T15:41:10,2024-10-20T15:41:52.291970,2024-10-20T16:03:24.640044,CLOSED,,DB-SERVER-07,False
ALT-CSE-07-03068,CSE-07,MEDIUM,2024-10-26T00:10:07,2024-10-26T00:10:52.451556,2024-10-26T00:23:22.981322,CLOSED,,FIREWALL-07,False
ALT-CSE-07-03069,CSE-07,MEDIUM,2024-11-29T21:34:49,2024-11-29T21:36:33.938972,2024-11-29T21:48:22.525452,CLOSED,,DB-SERVER-07,False
ALT-CSE-07-03070,CSE-07,MEDIUM,2024-11-28T09:22:07,2024-11-28T09:23:17.969962,2024-11-28T09:45:21.292265,CLOSED,,FIREWALL-07,False
ALT-CSE-07-03071,CSE-07,LOW,2024-11-26T13:52:57,2024-11-26T13:54:15.384399,2024-11-26T14:13:01.592595,CLOSED,,FIREWALL-07,False
ALT-CSE-07-03072,CSE-07,LOW,2024-10-11T09:01:42,2024-10-11T09:02:17.341219,2024-10-11T09:26:44.414828,CLOSED,,FIREWALL-07,False
ALT-CSE-07-03073,CSE-07,HIGH,2024-11-05T01:49:02,2024-11-05T01:49:38.629103,2024-11-05T02:13:33.870721,CLOSED,,ENDPOINT-07,False
ALT-CSE-07-03074,CSE-07,MEDIUM,2024-11-09T20:41:47,2024-11-09T20:42:20.790827,2024-11-09T21:04:43.016063,CLOSED,,FIREWALL-07,False
ALT-CSE-07-03075,CSE-07,LOW,2024-12-10T16:50:42,2024-12-10T16:52:23.734693,2024-12-10T17:07:00.318342,CLOSED,,DB-SERVER-07,False
ALT-CSE-07-03076,CSE-07,HIGH,2024-10-06T20:48:06,2024-10-06T20:48:54.617125,2024-10-06T21:01:52.794307,CLOSED,,FIREWALL-07,False
ALT-CSE-07-03077,CSE-07,LOW,2024-11-11T11:10:29,2024-11-11T11:12:14.350821,2024-11-11T11:32:56.793616,CLOSED,,FIREWALL-07,False
ALT-CSE-07-03078,CSE-07,LOW,2024-10-24T02:44:36,2024-10-24T02:45:32.573516,2024-10-24T02:56:14.307790,CLOSED,,ENDPOINT-07,False
ALT-CSE-07-03079,CSE-07,LOW,2024-12-27T14:40:18,2024-12-27T14:42:09.310943,2024-12-27T14:56:37.317734,CLOSED,,WEB-SERVER-07,False
ALT-CSE-07-03080,CSE-07,HIGH,2024-10-05T07:17:08,2024-10-05T07:18:32.857176,2024-10-05T07:32:59.410910,CLOSED,,FIREWALL-07,False
ALT-CSE-07-03081,CSE-07,LOW,2024-10-07T14:55:23,2024-10-07T14:57:01.545768,2024-10-07T15:09:55.402449,CLOSED,,ENDPOINT-07,False
ALT-CSE-07-03082,CSE-07,HIGH,2024-10-28T07:55:17,2024-10-28T07:55:49.715802,2024-10-28T08:16:27.862283,CLOSED,,ENDPOINT-07,False
ALT-CSE-07-03083,CSE-07,LOW,2024-10-02T01:43:51,2024-10-02T01:44:50.767332,2024-10-02T02:07:09.299914,CLOSED,,DB-SERVER-07,False
ALT-CSE-07-03084,CSE-07,HIGH,2024-12-12T03:29:17,2024-12-12T03:31:09.391686,2024-12-12T03:47:02.664673,CLOSED,,DB-SERVER-07,False
ALT-CSE-07-03085,CSE-07,MEDIUM,2024-10-18T19:51:06,2024-10-18T19:52:00.162934,2024-10-18T20:21:02.232111,CLOSED,CAS-CSE-07-0897,FIREWALL-07,False
ALT-CSE-07-03086,CSE-07,LOW,2024-10-07T12:55:35,2024-10-07T12:56:18.332144,2024-10-07T13:21:49.500544,CLOSED,,DB-SERVER-07,False
ALT-CSE-07-03087,CSE-07,LOW,2024-12-21T06:58:25,2024-12-21T07:00:22.801184,2024-12-21T07:18:50.117220,CLOSED,,WEB-SERVER-07,False
ALT-CSE-07-03088,CSE-07,LOW,2024-10-30T04:08:51,2024-10-30T04:10:38.510054,2024-10-30T04:22:19.156292,CLOSED,,DB-SERVER-07,False
ALT-CSE-07-03089,CSE-07,LOW,2024-11-17T19:21:02,2024-11-17T19:22:58.062298,2024-11-17T19:41:00.961137,CLOSED,,WEB-SERVER-07,False
ALT-CSE-07-03090,CSE-07,HIGH,2024-11-19T17:24:41,2024-11-19T17:25:23.125487,2024-11-19T17:45:41.267342,CLOSED,,FIREWALL-07,False
ALT-CSE-07-03091,CSE-07,LOW,2024-11-16T23:43:20,2024-11-16T23:44:47.730058,2024-11-17T00:05:03.464203,CLOSED,,FIREWALL-07,False
ALT-CSE-07-03092,CSE-07,LOW,2024-10-05T15:37:25,2024-10-05T15:39:02.239933,2024-10-05T15:50:15.825038,CLOSED,,DB-SERVER-07,False
ALT-CSE-07-03093,CSE-07,MEDIUM,2024-11-27T08:39:57,2024-11-27T08:41:18.093738,2024-11-27T08:57:56.938297,CLOSED,,ENDPOINT-07,False
ALT-CSE-07-03094,CSE-07,MEDIUM,2024-11-16T10:48:55,2024-11-16T10:50:49.594119,2024-11-16T11:14:33.189450,CLOSED,,DB-SERVER-07,False
ALT-CSE-07-03095,CSE-07,MEDIUM,2024-11-24T20:37:34,2024-11-24T20:38:54.940218,2024-11-24T20:56:24.389006,CLOSED,,WEB-SERVER-07,False
ALT-CSE-07-03096,CSE-07,LOW,2024-12-10T12:06:21,2024-12-10T12:07:17.978798,2024-12-10T12:32:23.304766,CLOSED,,ENDPOINT-07,False
ALT-CSE-07-03097,CSE-07,LOW,2024-12-29T15:26:18,2024-12-29T15:27:59.482510,2024-12-29T15:37:39.535870,CLOSED,,FIREWALL-07,False
ALT-CSE-07-03098,CSE-07,HIGH,2024-12-21T20:09:45,2024-12-21T20:11:07.053867,2024-12-21T20:34:52.040517,CLOSED,,FIREWALL-07,False
ALT-CSE-07-03099,CSE-07,MEDIUM,2024-12-11T14:43:39,2024-12-11T14:44:21.241243,2024-12-11T15:11:51.679536,CLOSED,,DB-SERVER-07,False
ALT-CSE-07-03100,CSE-07,MEDIUM,2024-12-01T17:19:13,2024-12-01T17:20:36.977483,2024-12-01T17:35:04.743237,CLOSED,,DB-SERVER-07,False
ALT-CSE-07-03101,CSE-07,MEDIUM,2024-12-09T01:12:48,2024-12-09T01:13:29.359544,2024-12-09T01:34:37.205829,CLOSED,CAS-CSE-07-0898,FIREWALL-07,False
ALT-CSE-07-03102,CSE-07,LOW,2024-10-22T16:59:06,2024-10-22T16:59:43.742480,2024-10-22T17:23:33.574757,CLOSED,,DB-SERVER-07,False
ALT-CSE-07-03103,CSE-07,MEDIUM,2024-11-06T07:23:09,2024-11-06T07:23:48.601917,2024-11-06T07:49:18.209725,CLOSED,,DB-SERVER-07,False
ALT-CSE-07-03104,CSE-07,HIGH,2024-10-10T03:54:58,2024-10-10T03:56:06.645857,2024-10-10T04:12:44.526158,CLOSED,,FIREWALL-07,False
ALT-CSE-07-03105,CSE-07,HIGH,2024-11-04T19:16:28,2024-11-04T19:17:08.101818,2024-11-04T19:40:06.678342,CLOSED,,WEB-SERVER-07,False
ALT-CSE-07-03106,CSE-07,HIGH,2024-12-19T15:29:51,2024-12-19T15:31:17.452139,2024-12-19T15:48:00.484838,CLOSED,,FIREWALL-07,False
ALT-CSE-07-03107,CSE-07,LOW,2024-12-26T13:51:16,2024-12-26T13:52:41.497182,2024-12-26T14:07:33.114226,CLOSED,,FIREWALL-07,False
ALT-CSE-07-03108,CSE-07,HIGH,2024-10-29T04:27:29,2024-10-29T04:28:51.670081,2024-10-29T04:44:16.541113,CLOSED,,ENDPOINT-07,False
ALT-CSE-07-03109,CSE-07,HIGH,2024-10-30T22:54:35,2024-10-30T22:56:04.382124,2024-10-30T23:15:36.410957,CLOSED,,FIREWALL-07,False
ALT-CSE-07-03110,CSE-07,HIGH,2024-11-08T07:00:08,2024-11-08T07:01:03.936676,2024-11-08T07:20:07.336030,CLOSED,,WEB-SERVER-07,False
ALT-CSE-07-03111,CSE-07,LOW,2024-12-19T16:52:07,2024-12-19T16:53:08.303854,2024-12-19T17:16:56.249760,CLOSED,,ENDPOINT-07,False
ALT-CSE-07-03112,CSE-07,LOW,2024-10-14T15:21:37,2024-10-14T15:23:01.893096,2024-10-14T15:42:27.848986,CLOSED,,ENDPOINT-07,False
ALT-CSE-07-03113,CSE-07,HIGH,2024-10-27T06:24:47,2024-10-27T06:26:14.276879,2024-10-27T06:48:04.272184,CLOSED,CAS-CSE-07-0899,WEB-SERVER-07,False
ALT-CSE-07-03114,CSE-07,MEDIUM,2024-11-08T04:54:12,2024-11-08T04:55:15.941296,2024-11-08T05:13:32.536075,CLOSED,,FIREWALL-07,False
ALT-CSE-07-03115,CSE-07,MEDIUM,2024-12-08T14:39:31,2024-12-08T14:40:59.324847,2024-12-08T15:08:17.207259,CLOSED,,WEB-SERVER-07,False
ALT-CSE-07-03116,CSE-07,MEDIUM,2024-11-26T05:32:00,2024-11-26T05:32:48.013645,2024-11-26T05:57:43.825599,CLOSED,,ENDPOINT-07,False
ALT-CSE-07-03117,CSE-07,LOW,2024-10-26T06:30:55,2024-10-26T06:32:24.537224,2024-10-26T06:59:26.446251,CLOSED,,ENDPOINT-07,False
ALT-CSE-07-03118,CSE-07,HIGH,2024-10-15T23:25:21,2024-10-15T23:26:03.236185,2024-10-15T23:33:41.400752,CLOSED,,FIREWALL-07,False
ALT-CSE-07-03119,CSE-07,HIGH,2024-10-07T01:19:20,2024-10-07T01:20:45.475853,2024-10-07T01:43:32.837270,CLOSED,,FIREWALL-07,False
ALT-CSE-07-03120,CSE-07,LOW,2024-11-15T07:01:24,2024-11-15T07:03:22.986826,2024-11-15T07:16:33.964864,CLOSED,,ENDPOINT-07,False
ALT-CSE-07-03121,CSE-07,LOW,2024-10-20T09:18:56,2024-10-20T09:20:46.247037,2024-10-20T09:41:37.388920,CLOSED,,DB-SERVER-07,False
ALT-CSE-07-03122,CSE-07,LOW,2024-10-16T22:21:49,2024-10-16T22:22:44.828783,2024-10-16T22:43:46.979993,CLOSED,,ENDPOINT-07,False
ALT-CSE-07-03123,CSE-07,LOW,2024-11-05T21:07:28,2024-11-05T21:08:37.470789,2024-11-05T21:20:38.833385,CLOSED,,DB-SERVER-07,False
ALT-CSE-07-03124,CSE-07,HIGH,2024-10-15T06:17:57,2024-10-15T06:18:48.527849,2024-10-15T06:36:00.187402,CLOSED,,FIREWALL-07,False
ALT-CSE-07-03125,CSE-07,HIGH,2024-11-17T06:02:22,2024-11-17T06:03:43.209232,2024-11-17T06:18:10.378191,CLOSED,,DB-SERVER-07,False
ALT-CSE-07-03126,CSE-07,MEDIUM,2024-11-25T23:38:56,2024-11-25T23:40:33.675150,2024-11-25T23:58:14.425879,CLOSED,,DB-SERVER-07,False
ALT-CSE-07-03127,CSE-07,HIGH,2024-11-06T05:32:20,2024-11-06T05:34:11.031773,2024-11-06T05:57:33.087128,CLOSED,,ENDPOINT-07,False
ALT-CSE-07-03128,CSE-07,LOW,2024-10-21T05:30:49,2024-10-21T05:31:59.128585,2024-10-21T05:50:32.370366,CLOSED,,ENDPOINT-07,False
ALT-CSE-07-03129,CSE-07,MEDIUM,2024-12-17T23:05:14,2024-12-17T23:06:42.397232,2024-12-17T23:28:21.212561,CLOSED,,FIREWALL-07,False
ALT-CSE-07-03130,CSE-07,HIGH,2024-11-26T04:20:34,2024-11-26T04:21:47.406414,2024-11-26T04:49:53.973325,CLOSED,,FIREWALL-07,False
ALT-CSE-07-03131,CSE-07,MEDIUM,2024-12-02T04:46:26,2024-12-02T04:48:01.728633,2024-12-02T05:09:40.140047,CLOSED,,WEB-SERVER-07,False
ALT-CSE-07-03132,CSE-07,LOW,2024-12-26T05:32:42,2024-12-26T05:34:36.106268,2024-12-26T05:49:05.362437,CLOSED,,DB-SERVER-07,False
ALT-CSE-07-03133,CSE-07,HIGH,2024-12-26T12:20:25,2024-12-26T12:21:23.707556,2024-12-26T12:45:56.538902,CLOSED,,ENDPOINT-07,False
ALT-CSE-07-03134,CSE-07,LOW,2024-12-02T10:14:05,2024-12-02T10:14:55.747156,2024-12-02T10:30:18.152045,CLOSED,,DB-SERVER-07,False
ALT-CSE-07-03135,CSE-07,LOW,2024-12-16T22:26:18,2024-12-16T22:27:27.576807,2024-12-16T22:46:02.339914,CLOSED,,DB-SERVER-07,False
ALT-CSE-07-03136,CSE-07,HIGH,2024-11-28T23:31:32,2024-11-28T23:33:18.803854,2024-11-28T23:55:11.714609,CLOSED,,ENDPOINT-07,False
ALT-CSE-07-03137,CSE-07,MEDIUM,2024-10-21T12:58:27,2024-10-21T12:59:48.878132,2024-10-21T13:18:30.105242,CLOSED,,WEB-SERVER-07,False
ALT-CSE-07-03138,CSE-07,HIGH,2024-10-12T08:43:27,2024-10-12T08:45:05.346842,2024-10-12T09:05:40.741266,CLOSED,CAS-CSE-07-0900,WEB-SERVER-07,False
ALT-CSE-07-03139,CSE-07,LOW,2024-12-03T08:27:39,2024-12-03T08:29:26.967093,2024-12-03T08:45:50.827566,CLOSED,,WEB-SERVER-07,False
ALT-CSE-07-03140,CSE-07,HIGH,2024-10-26T20:51:32,2024-10-26T20:53:15.723866,2024-10-26T21:14:13.618706,CLOSED,,WEB-SERVER-07,False
ALT-CSE-07-03141,CSE-07,LOW,2024-12-29T11:17:36,2024-12-29T11:18:07.147261,2024-12-29T11:31:15.433639,CLOSED,,FIREWALL-07,False
ALT-CSE-07-03142,CSE-07,HIGH,2024-12-21T07:46:40,2024-12-21T07:48:36.071703,2024-12-21T08:03:37.094818,CLOSED,,FIREWALL-07,False
ALT-CSE-07-03143,CSE-07,MEDIUM,2024-12-23T08:57:51,2024-12-23T08:59:37.370343,2024-12-23T09:15:13.570158,CLOSED,,ENDPOINT-07,False
ALT-CSE-07-03144,CSE-07,LOW,2024-11-16T04:47:35,2024-11-16T04:48:56.167597,2024-11-16T05:08:44.118230,CLOSED,,DB-SERVER-07,False
ALT-CSE-07-03145,CSE-07,HIGH,2024-11-06T22:28:56,2024-11-06T22:30:25.785670,2024-11-06T22:50:29.447372,CLOSED,,ENDPOINT-07,False
ALT-CSE-07-03146,CSE-07,MEDIUM,2024-11-22T00:15:58,2024-11-22T00:17:11.608377,2024-11-22T00:28:23.163612,CLOSED,,ENDPOINT-07,False
ALT-CSE-07-03147,CSE-07,MEDIUM,2024-10-21T00:03:13,2024-10-21T00:04:12.858355,2024-10-21T00:18:59.799884,CLOSED,,ENDPOINT-07,False
ALT-CSE-07-03148,CSE-07,LOW,2024-10-17T13:57:08,2024-10-17T13:58:11.065041,2024-10-17T14:15:59.021152,CLOSED,,DB-SERVER-07,False
ALT-CSE-07-03149,CSE-07,MEDIUM,2024-12-08T01:29:35,2024-12-08T01:30:16.202639,2024-12-08T01:52:34.085795,CLOSED,,FIREWALL-07,False
ALT-CSE-07-03150,CSE-07,MEDIUM,2024-12-03T06:39:54,2024-12-03T06:40:47.509278,2024-12-03T06:50:39.872047,CLOSED,,WEB-SERVER-07,False
ALT-CSE-07-03151,CSE-07,LOW,2024-11-20T11:17:33,2024-11-20T11:18:04.415082,2024-11-20T11:40:03.487282,CLOSED,,ENDPOINT-07,False
ALT-CSE-07-03152,CSE-07,MEDIUM,2024-12-19T08:41:37,2024-12-19T08:43:29.985382,2024-12-19T09:00:56.329425,CLOSED,,WEB-SERVER-07,False
ALT-CSE-07-03153,CSE-07,LOW,2024-12-20T01:09:35,2024-12-20T01:10:11.477543,2024-12-20T01:46:19.555601,CLOSED,,DB-SERVER-07,False
ALT-CSE-07-03154,CSE-07,LOW,2024-12-28T14:38:05,2024-12-28T14:39:09.623647,2024-12-28T14:54:58.942098,CLOSED,,ENDPOINT-07,False
ALT-CSE-07-03155,CSE-07,LOW,2024-10-05T06:14:13,2024-10-05T06:15:34.658548,2024-10-05T06:32:52.597618,CLOSED,,FIREWALL-07,False
ALT-CSE-07-03156,CSE-07,MEDIUM,2024-12-05T16:02:46,2024-12-05T16:04:09.830228,2024-12-05T16:19:52.444978,CLOSED,,DB-SERVER-07,False
ALT-CSE-07-03157,CSE-07,LOW,2024-12-02T20:00:54,2024-12-02T20:02:13.241965,2024-12-02T20:21:43.144469,CLOSED,,ENDPOINT-07,False
ALT-CSE-07-03158,CSE-07,HIGH,2024-10-12T19:12:16,2024-10-12T19:12:46.124609,2024-10-12T19:27:08.673403,CLOSED,,FIREWALL-07,False
ALT-CSE-07-03159,CSE-07,MEDIUM,2024-12-21T05:27:55,2024-12-21T05:28:52.680426,2024-12-21T05:49:46.160576,CLOSED,,ENDPOINT-07,False
ALT-CSE-07-03160,CSE-07,MEDIUM,2024-12-28T06:04:39,2024-12-28T06:05:56.614681,2024-12-28T06:25:23.268019,CLOSED,,FIREWALL-07,False
ALT-CSE-07-03161,CSE-07,MEDIUM,2024-11-18T12:38:45,2024-11-18T12:40:20.637466,2024-11-18T13:00:10.659162,CLOSED,,FIREWALL-07,False
ALT-CSE-07-03162,CSE-07,HIGH,2024-11-22T16:54:12,2024-11-22T16:54:55.031847,2024-11-22T17:15:39.125862,CLOSED,,DB-SERVER-07,False
ALT-CSE-07-03163,CSE-07,LOW,2024-12-23T06:12:13,2024-12-23T06:13:01.117936,2024-12-23T06:38:32.995238,CLOSED,,ENDPOINT-07,False
ALT-CSE-07-03164,CSE-07,LOW,2024-10-31T23:00:41,2024-10-31T23:02:26.985713,2024-10-31T23:16:38.093602,CLOSED,,FIREWALL-07,False
ALT-CSE-07-03165,CSE-07,LOW,2024-12-29T02:00:33,2024-12-29T02:01:06.326124,2024-12-29T02:17:06.595018,CLOSED,,FIREWALL-07,False
ALT-CSE-07-03166,CSE-07,MEDIUM,2024-11-18T02:13:58,2024-11-18T02:14:53.812308,2024-11-18T02:37:43.345810,CLOSED,,FIREWALL-07,False
ALT-CSE-07-03167,CSE-07,LOW,2024-11-17T11:49:40,2024-11-17T11:50:56.055501,2024-11-17T12:06:31.833274,CLOSED,,FIREWALL-07,False
ALT-CSE-07-03168,CSE-07,HIGH,2024-10-25T01:52:27,2024-10-25T01:53:26.778202,2024-10-25T02:12:59.941983,CLOSED,,DB-SERVER-07,False
ALT-CSE-07-03169,CSE-07,LOW,2024-10-15T15:07:20,2024-10-15T15:08:26.631938,2024-10-15T15:31:55.317111,CLOSED,,DB-SERVER-07,False
ALT-CSE-07-03170,CSE-07,HIGH,2024-11-22T11:23:53,2024-11-22T11:25:26.500395,2024-11-22T11:52:07.334728,CLOSED,,ENDPOINT-07,False
ALT-CSE-07-03171,CSE-07,MEDIUM,2024-10-29T20:28:54,2024-10-29T20:30:38.082542,2024-10-29T20:48:40.100891,CLOSED,,DB-SERVER-07,False
ALT-CSE-07-03172,CSE-07,MEDIUM,2024-10-18T02:20:08,2024-10-18T02:21:30.465573,2024-10-18T02:36:45.152764,CLOSED,,DB-SERVER-07,False
ALT-CSE-07-03173,CSE-07,LOW,2024-12-23T18:12:46,2024-12-23T18:13:33.024310,2024-12-23T18:34:59.427386,CLOSED,,WEB-SERVER-07,False
ALT-CSE-07-03174,CSE-07,MEDIUM,2024-10-08T12:21:52,2024-10-08T12:22:56.956739,2024-10-08T12:37:17.100005,CLOSED,,FIREWALL-07,False
ALT-CSE-07-03175,CSE-07,MEDIUM,2024-11-12T13:21:13,2024-11-12T13:22:06.214581,2024-11-12T13:48:47.625428,CLOSED,CAS-CSE-07-0901,ENDPOINT-07,False
ALT-CSE-07-03176,CSE-07,LOW,2024-12-15T17:59:54,2024-12-15T18:01:41.165550,2024-12-15T18:08:36.467629,CLOSED,,WEB-SERVER-07,False
ALT-CSE-07-03177,CSE-07,HIGH,2024-12-09T07:08:27,2024-12-09T07:09:51.944872,2024-12-09T07:20:28.235986,CLOSED,,WEB-SERVER-07,False
ALT-CSE-07-03178,CSE-07,MEDIUM,2024-10-30T13:23:01,2024-10-30T13:24:23.422158,2024-10-30T13:44:16.681028,CLOSED,,DB-SERVER-07,False
ALT-CSE-07-03179,CSE-07,MEDIUM,2024-12-09T22:29:17,2024-12-09T22:30:03.812233,2024-12-09T22:44:19.279456,CLOSED,CAS-CSE-07-0902,FIREWALL-07,False
ALT-CSE-07-03180,CSE-07,MEDIUM,2024-12-14T07:52:12,2024-12-14T07:53:00.264317,2024-12-14T08:19:10.042885,CLOSED,,ENDPOINT-07,False
ALT-CSE-07-03181,CSE-07,MEDIUM,2024-12-04T13:20:07,2024-12-04T13:20:42.636088,2024-12-04T13:47:43.812819,CLOSED,,DB-SERVER-07,False
ALT-CSE-07-03182,CSE-07,MEDIUM,2024-10-02T18:44:29,2024-10-02T18:46:00.273228,2024-10-02T19:08:44.257417,CLOSED,,DB-SERVER-07,False
ALT-CSE-07-03183,CSE-07,LOW,2024-12-01T10:39:36,2024-12-01T10:41:08.527539,2024-12-01T11:03:42.983275,CLOSED,,WEB-SERVER-07,False
ALT-CSE-07-03184,CSE-07,LOW,2024-12-11T16:32:34,2024-12-11T16:34:07.249495,2024-12-11T16:45:08.104927,CLOSED,,ENDPOINT-07,False
ALT-CSE-07-03185,CSE-07,MEDIUM,2024-10-27T21:41:26,2024-10-27T21:42:30.468554,2024-10-27T22:07:28.468197,CLOSED,,WEB-SERVER-07,False
ALT-CSE-07-03186,CSE-07,MEDIUM,2024-11-15T09:17:31,2024-11-15T09:19:12.170060,2024-11-15T09:29:34.372432,CLOSED,,ENDPOINT-07,False
ALT-CSE-07-03187,CSE-07,HIGH,2024-12-11T09:25:13,2024-12-11T09:27:11.968559,2024-12-11T09:44:22.672965,CLOSED,,ENDPOINT-07,False
ALT-CSE-07-03188,CSE-07,LOW,2024-10-16T05:30:16,2024-10-16T05:30:55.778892,2024-10-16T05:51:54.784416,CLOSED,,ENDPOINT-07,False
ALT-CSE-07-03189,CSE-07,HIGH,2024-10-26T19:58:51,2024-10-26T20:00:46.599714,2024-10-26T20:24:09.194010,CLOSED,,FIREWALL-07,False
ALT-CSE-07-03190,CSE-07,HIGH,2024-11-09T22:48:24,2024-11-09T22:49:43.808249,2024-11-09T23:01:14.313960,CLOSED,,ENDPOINT-07,False
ALT-CSE-07-03191,CSE-07,LOW,2024-11-21T15:15:19,2024-11-21T15:15:57.754566,2024-11-21T15:32:04.120254,CLOSED,,WEB-SERVER-07,False
ALT-CSE-07-03192,CSE-07,MEDIUM,2024-12-22T09:53:13,2024-12-22T09:54:02.323761,2024-12-22T10:10:24.982571,CLOSED,,WEB-SERVER-07,False
ALT-CSE-07-03193,CSE-07,MEDIUM,2024-11-04T15:25:05,2024-11-04T15:26:45.079755,2024-11-04T15:45:48.841333,CLOSED,,DB-SERVER-07,False
ALT-CSE-07-03194,CSE-07,LOW,2024-10-24T13:09:05,2024-10-24T13:09:48.803137,2024-10-24T13:26:10.735472,CLOSED,,WEB-SERVER-07,False
ALT-CSE-07-03195,CSE-07,MEDIUM,2024-11-28T05:35:46,2024-11-28T05:36:36.769432,2024-11-28T05:51:45.477597,CLOSED,,WEB-SERVER-07,False
ALT-CSE-07-03196,CSE-07,MEDIUM,2024-11-11T00:15:17,2024-11-11T00:16:08.538733,2024-11-11T00:39:26.796263,CLOSED,,ENDPOINT-07,False
ALT-CSE-07-03197,CSE-07,HIGH,2024-10-29T00:49:42,2024-10-29T00:51:16.084497,2024-10-29T01:15:34.939323,CLOSED,,DB-SERVER-07,False
ALT-CSE-07-03198,CSE-07,HIGH,2024-12-28T04:20:26,2024-12-28T04:21:15.627438,2024-12-28T04:32:17.703439,CLOSED,,FIREWALL-07,False
ALT-CSE-07-03199,CSE-07,LOW,2024-12-27T07:49:11,2024-12-27T07:50:56.586196,2024-12-27T08:10:15.238352,CLOSED,,ENDPOINT-07,False
ALT-CSE-07-03200,CSE-07,LOW,2024-10-23T12:00:49,2024-10-23T12:01:54.721668,2024-10-23T12:23:16.315269,CLOSED,,WEB-SERVER-07,False
ALT-CSE-07-03201,CSE-07,LOW,2024-10-27T14:12:44,2024-10-27T14:13:55.223639,2024-10-27T14:34:50.132822,CLOSED,,FIREWALL-07,False
ALT-CSE-07-03202,CSE-07,HIGH,2024-10-26T00:04:08,2024-10-26T00:04:56.549492,2024-10-26T00:25:39.209716,CLOSED,,ENDPOINT-07,False
ALT-CSE-07-03203,CSE-07,MEDIUM,2024-10-28T17:29:46,2024-10-28T17:31:01.339611,2024-10-28T17:52:52.588736,CLOSED,,WEB-SERVER-07,False
ALT-CSE-07-03204,CSE-07,LOW,2024-11-07T09:50:15,2024-11-07T09:51:28.746242,2024-11-07T10:08:54.887585,CLOSED,,ENDPOINT-07,False
ALT-CSE-07-03205,CSE-07,LOW,2024-12-10T23:41:24,2024-12-10T23:42:26.566305,2024-12-10T23:53:20.204894,CLOSED,,FIREWALL-07,False
ALT-CSE-07-03206,CSE-07,LOW,2024-10-07T11:24:45,2024-10-07T11:26:21.506841,2024-10-07T11:44:48.583527,CLOSED,,FIREWALL-07,False
ALT-CSE-07-03207,CSE-07,MEDIUM,2024-12-25T22:05:10,2024-12-25T22:06:05.559311,2024-12-25T22:13:20.964712,CLOSED,,ENDPOINT-07,False
ALT-CSE-07-03208,CSE-07,HIGH,2024-10-13T19:33:52,2024-10-13T19:34:27.680393,2024-10-13T19:53:41.821855,CLOSED,,DB-SERVER-07,False
ALT-CSE-07-03209,CSE-07,HIGH,2024-12-04T19:45:03,2024-12-04T19:45:38.389626,2024-12-04T19:54:40.531944,CLOSED,,WEB-SERVER-07,False
ALT-CSE-07-03210,CSE-07,MEDIUM,2024-12-11T08:58:15,2024-12-11T08:59:45.239396,2024-12-11T09:17:26.769786,CLOSED,,WEB-SERVER-07,False
ALT-CSE-07-03211,CSE-07,LOW,2024-10-12T05:01:48,2024-10-12T05:02:58.470028,2024-10-12T05:22:21.871777,CLOSED,,DB-SERVER-07,False
ALT-CSE-07-03212,CSE-07,LOW,2024-12-21T12:09:18,2024-12-21T12:09:52.655960,2024-12-21T12:32:04.202130,CLOSED,,WEB-SERVER-07,False
ALT-CSE-07-03213,CSE-07,HIGH,2024-12-09T18:08:12,2024-12-09T18:08:59.158925,2024-12-09T18:14:42.638210,CLOSED,,DB-SERVER-07,False
ALT-CSE-07-03214,CSE-07,MEDIUM,2024-12-23T11:55:31,2024-12-23T11:57:20.710423,2024-12-23T12:11:30.518140,CLOSED,,WEB-SERVER-07,False
ALT-CSE-07-03215,CSE-07,HIGH,2024-12-05T11:18:07,2024-12-05T11:19:14.518502,2024-12-05T11:31:18.846749,CLOSED,,FIREWALL-07,False
ALT-CSE-07-03216,CSE-07,LOW,2024-10-10T07:37:23,2024-10-10T07:38:34.443536,2024-10-10T07:56:54.454666,CLOSED,,WEB-SERVER-07,False
ALT-CSE-07-03217,CSE-07,MEDIUM,2024-12-05T14:18:02,2024-12-05T14:18:53.511515,2024-12-05T14:29:32.487539,CLOSED,,ENDPOINT-07,False
ALT-CSE-07-03218,CSE-07,HIGH,2024-12-04T15:09:31,2024-12-04T15:11:02.331351,2024-12-04T15:33:06.231166,CLOSED,,ENDPOINT-07,False
ALT-CSE-07-03219,CSE-07,MEDIUM,2024-10-23T04:11:22,2024-10-23T04:13:13.137370,2024-10-23T04:32:23.505186,CLOSED,,FIREWALL-07,False
ALT-CSE-07-03220,CSE-07,LOW,2024-12-08T13:31:44,2024-12-08T13:32:50.426467,2024-12-08T13:50:07.086759,CLOSED,,DB-SERVER-07,False
ALT-CSE-07-03221,CSE-07,MEDIUM,2024-11-25T19:44:48,2024-11-25T19:46:17.777081,2024-11-25T20:08:14.330766,CLOSED,,DB-SERVER-07,False
ALT-CSE-07-03222,CSE-07,MEDIUM,2024-11-28T14:36:19,2024-11-28T14:37:09.012354,2024-11-28T14:54:24.341310,CLOSED,,FIREWALL-07,False
ALT-CSE-07-03223,CSE-07,HIGH,2024-12-21T14:39:09,2024-12-21T14:41:08.269037,2024-12-21T15:07:48.093862,CLOSED,,WEB-SERVER-07,False
ALT-CSE-07-03224,CSE-07,LOW,2024-11-05T16:02:39,2024-11-05T16:03:43.623369,2024-11-05T16:24:01.986750,CLOSED,,FIREWALL-07,False
ALT-CSE-07-03225,CSE-07,LOW,2024-12-15T02:21:43,2024-12-15T02:23:37.691865,2024-12-15T02:37:54.967289,CLOSED,,FIREWALL-07,False
ALT-CSE-07-03226,CSE-07,HIGH,2024-10-01T17:29:51,2024-10-01T17:30:31.595434,2024-10-01T17:48:00.052934,CLOSED,,DB-SERVER-07,False
ALT-CSE-07-03227,CSE-07,MEDIUM,2024-12-23T17:43:12,2024-12-23T17:43:53.454629,2024-12-23T18:02:25.674753,CLOSED,,WEB-SERVER-07,False
ALT-CSE-07-03228,CSE-07,LOW,2024-11-05T02:02:04,2024-11-05T02:03:26.971682,2024-11-05T02:26:45.999017,CLOSED,,ENDPOINT-07,False
ALT-CSE-07-03229,CSE-07,HIGH,2024-10-27T18:18:25,2024-10-27T18:19:06.568227,2024-10-27T18:43:41.416463,CLOSED,,DB-SERVER-07,False
ALT-CSE-07-03230,CSE-07,LOW,2024-11-22T19:18:22,2024-11-22T19:20:10.633084,2024-11-22T19:37:22.994270,CLOSED,,WEB-SERVER-07,False
ALT-CSE-07-03231,CSE-07,LOW,2024-12-05T23:00:56,2024-12-05T23:01:56.182015,2024-12-05T23:22:09.800310,CLOSED,,ENDPOINT-07,False
ALT-CSE-07-03232,CSE-07,MEDIUM,2024-10-29T07:52:26,2024-10-29T07:53:56.714982,2024-10-29T08:25:06.797413,CLOSED,,DB-SERVER-07,False
ALT-CSE-07-03233,CSE-07,LOW,2024-11-11T10:35:46,2024-11-11T10:36:27.441106,2024-11-11T10:48:03.465806,CLOSED,,ENDPOINT-07,False
ALT-CSE-07-03234,CSE-07,HIGH,2024-11-12T06:07:49,2024-11-12T06:09:20.144404,2024-11-12T06:37:39.521186,CLOSED,,ENDPOINT-07,False
ALT-CSE-07-03235,CSE-07,MEDIUM,2024-11-08T20:29:26,2024-11-08T20:31:19.252007,2024-11-08T20:47:28.053990,CLOSED,,WEB-SERVER-07,False
ALT-CSE-07-03236,CSE-07,MEDIUM,2024-12-12T16:14:49,2024-12-12T16:15:20.148314,2024-12-12T16:26:55.447332,CLOSED,,ENDPOINT-07,False
ALT-CSE-07-03237,CSE-07,HIGH,2024-12-15T16:59:25,2024-12-15T17:01:03.926005,2024-12-15T17:20:52.861266,CLOSED,,WEB-SERVER-07,False
ALT-CSE-07-03238,CSE-07,MEDIUM,2024-12-08T02:32:31,2024-12-08T02:33:20.398663,2024-12-08T02:57:18.497130,CLOSED,,ENDPOINT-07,False
ALT-CSE-07-03239,CSE-07,LOW,2024-12-14T18:50:43,2024-12-14T18:51:14.374448,2024-12-14T19:12:10.945875,CLOSED,,FIREWALL-07,False
ALT-CSE-07-03240,CSE-07,LOW,2024-11-01T17:10:20,2024-11-01T17:11:57.101514,2024-11-01T17:33:33.507078,CLOSED,,FIREWALL-07,False
ALT-CSE-07-03241,CSE-07,LOW,2024-10-01T00:24:49,2024-10-01T00:26:04.559048,2024-10-01T00:40:30.150653,CLOSED,,DB-SERVER-07,False
ALT-CSE-07-03242,CSE-07,MEDIUM,2024-11-06T01:02:19,2024-11-06T01:03:02.948886,2024-11-06T01:20:45.706238,CLOSED,,FIREWALL-07,False
ALT-CSE-07-03243,CSE-07,HIGH,2024-10-14T08:14:15,2024-10-14T08:15:09.532816,2024-10-14T08:37:50.344633,CLOSED,,WEB-SERVER-07,False
ALT-CSE-07-03244,CSE-07,LOW,2024-11-19T23:20:46,2024-11-19T23:21:20.738424,2024-11-19T23:36:34.864646,CLOSED,,ENDPOINT-07,False
ALT-CSE-07-03245,CSE-07,LOW,2024-11-24T12:00:21,2024-11-24T12:01:02.466344,2024-11-24T12:27:53.817453,CLOSED,,FIREWALL-07,False
ALT-CSE-07-03246,CSE-07,MEDIUM,2024-10-24T13:27:51,2024-10-24T13:28:50.179143,2024-10-24T13:58:17.476423,CLOSED,,FIREWALL-07,False
ALT-CSE-07-03247,CSE-07,MEDIUM,2024-10-18T03:35:27,2024-10-18T03:37:23.117305,2024-10-18T04:04:17.036974,CLOSED,,WEB-SERVER-07,False
ALT-CSE-07-03248,CSE-07,MEDIUM,2024-11-28T20:57:34,2024-11-28T20:58:54.682297,2024-11-28T21:21:17.415974,CLOSED,,WEB-SERVER-07,False
ALT-CSE-07-03249,CSE-07,HIGH,2024-10-04T23:27:12,2024-10-04T23:28:45.676659,2024-10-04T23:45:11.169287,CLOSED,,FIREWALL-07,False
ALT-CSE-07-03250,CSE-07,HIGH,2024-10-07T18:31:46,2024-10-07T18:32:25.606079,2024-10-07T18:44:47.773148,CLOSED,,WEB-SERVER-07,False
ALT-CSE-07-03251,CSE-07,HIGH,2024-11-18T06:29:12,2024-11-18T06:30:50.694465,2024-11-18T06:53:31.142985,CLOSED,,FIREWALL-07,False
ALT-CSE-07-03252,CSE-07,LOW,2024-12-29T06:54:39,2024-12-29T06:56:35.682494,2024-12-29T07:15:51.522452,CLOSED,,FIREWALL-07,False
ALT-CSE-07-03253,CSE-07,LOW,2024-10-04T02:58:27,2024-10-04T03:00:08.528816,2024-10-04T03:26:18.904111,CLOSED,,WEB-SERVER-07,False
ALT-CSE-07-03254,CSE-07,MEDIUM,2024-10-28T01:57:45,2024-10-28T01:59:00.934349,2024-10-28T02:17:28.048416,CLOSED,,FIREWALL-07,False
ALT-CSE-07-03255,CSE-07,LOW,2024-11-06T12:32:01,2024-11-06T12:33:59.573721,2024-11-06T12:48:43.814862,CLOSED,,WEB-SERVER-07,False
ALT-CSE-07-03256,CSE-07,HIGH,2024-11-09T15:09:28,2024-11-09T15:10:17.197547,2024-11-09T15:36:06.731725,CLOSED,,WEB-SERVER-07,False
ALT-CSE-07-03257,CSE-07,HIGH,2024-11-02T08:39:25,2024-11-02T08:40:45.528408,2024-11-02T09:04:15.307861,CLOSED,,FIREWALL-07,False
ALT-CSE-07-03258,CSE-07,HIGH,2024-11-19T06:46:03,2024-11-19T06:46:57.040165,2024-11-19T06:59:06.496518,CLOSED,,DB-SERVER-07,False
ALT-CSE-07-03259,CSE-07,LOW,2024-11-17T02:48:10,2024-11-17T02:50:05.061709,2024-11-17T03:02:12.736798,CLOSED,,FIREWALL-07,False
ALT-CSE-07-03260,CSE-07,MEDIUM,2024-12-25T17:15:37,2024-12-25T17:16:38.740039,2024-12-25T17:35:44.851452,CLOSED,,DB-SERVER-07,False
ALT-CSE-07-03261,CSE-07,HIGH,2024-12-26T18:15:55,2024-12-26T18:16:48.380296,2024-12-26T18:30:50.134245,CLOSED,,ENDPOINT-07,False
ALT-CSE-07-03262,CSE-07,MEDIUM,2024-11-13T19:22:31,2024-11-13T19:24:27.604964,2024-11-13T19:37:27.977165,CLOSED,,WEB-SERVER-07,False
ALT-CSE-07-03263,CSE-07,HIGH,2024-10-22T19:02:38,2024-10-22T19:03:33.476410,2024-10-22T19:21:44.992738,CLOSED,,ENDPOINT-07,False
ALT-CSE-07-03264,CSE-07,LOW,2024-11-27T22:43:11,2024-11-27T22:44:05.760137,2024-11-27T23:10:19.684970,CLOSED,,ENDPOINT-07,False
ALT-CSE-07-03265,CSE-07,HIGH,2024-11-02T13:55:12,2024-11-02T13:57:10.346479,2024-11-02T14:12:40.501080,CLOSED,,WEB-SERVER-07,False
ALT-CSE-07-03266,CSE-07,HIGH,2024-12-14T19:19:10,2024-12-14T19:20:50.490338,2024-12-14T19:41:55.118705,CLOSED,,DB-SERVER-07,False
ALT-CSE-07-03267,CSE-07,LOW,2024-11-11T02:30:05,2024-11-11T02:32:03.502727,2024-11-11T02:50:52.466113,CLOSED,,FIREWALL-07,False
ALT-CSE-07-03268,CSE-07,LOW,2024-11-02T13:12:39,2024-11-02T13:13:39.738163,2024-11-02T13:30:55.967918,CLOSED,CAS-CSE-07-0903,DB-SERVER-07,False
ALT-CSE-07-03269,CSE-07,HIGH,2024-11-30T12:49:58,2024-11-30T12:50:45.611955,2024-11-30T13:13:02.669827,CLOSED,,WEB-SERVER-07,False
ALT-CSE-07-03270,CSE-07,LOW,2024-10-06T20:01:27,2024-10-06T20:02:50.223036,2024-10-06T20:18:32.091532,CLOSED,,FIREWALL-07,False
ALT-CSE-07-03271,CSE-07,MEDIUM,2024-12-03T18:37:15,2024-12-03T18:38:59.430296,2024-12-03T18:57:21.235308,CLOSED,,ENDPOINT-07,False
ALT-CSE-07-03272,CSE-07,HIGH,2024-11-11T16:01:03,2024-11-11T16:02:33.589483,2024-11-11T16:18:31.318856,CLOSED,,DB-SERVER-07,False
ALT-CSE-07-03273,CSE-07,LOW,2024-12-24T17:08:54,2024-12-24T17:10:33.251884,2024-12-24T17:20:47.528411,CLOSED,,WEB-SERVER-07,False
ALT-CSE-07-03274,CSE-07,MEDIUM,2024-11-05T00:59:30,2024-11-05T01:00:14.922579,2024-11-05T01:13:37.015527,CLOSED,,FIREWALL-07,False
ALT-CSE-07-03275,CSE-07,MEDIUM,2024-12-27T23:48:42,2024-12-27T23:49:41.998368,2024-12-28T00:11:45.988286,CLOSED,,WEB-SERVER-07,False
ALT-CSE-07-03276,CSE-07,HIGH,2024-12-18T10:40:06,2024-12-18T10:41:37.972679,2024-12-18T11:00:02.771328,CLOSED,,ENDPOINT-07,False
ALT-CSE-07-03277,CSE-07,MEDIUM,2024-10-18T05:35:45,2024-10-18T05:37:10.809587,2024-10-18T06:01:03.686205,CLOSED,,DB-SERVER-07,False
ALT-CSE-07-03278,CSE-07,MEDIUM,2024-11-11T03:54:49,2024-11-11T03:55:53.642318,2024-11-11T04:14:39.077582,CLOSED,,DB-SERVER-07,False
ALT-CSE-07-03279,CSE-07,MEDIUM,2024-12-29T15:13:15,2024-12-29T15:15:02.275680,2024-12-29T15:32:38.763187,CLOSED,,WEB-SERVER-07,False
ALT-CSE-07-03280,CSE-07,HIGH,2024-11-20T20:19:42,2024-11-20T20:20:46.946396,2024-11-20T20:47:42.988744,CLOSED,,WEB-SERVER-07,False
ALT-CSE-07-03281,CSE-07,LOW,2024-12-20T19:26:37,2024-12-20T19:27:35.821254,2024-12-20T19:52:40.403936,CLOSED,,DB-SERVER-07,False
ALT-CSE-07-03282,CSE-07,HIGH,2024-10-13T21:52:02,2024-10-13T21:52:37.512350,2024-10-13T22:07:04.542968,CLOSED,,FIREWALL-07,False
ALT-CSE-07-03283,CSE-07,HIGH,2024-11-05T02:29:17,2024-11-05T02:30:49.157963,2024-11-05T02:49:29.655592,CLOSED,,ENDPOINT-07,False
ALT-CSE-07-03284,CSE-07,LOW,2024-10-13T10:14:54,2024-10-13T10:16:05.524437,2024-10-13T10:43:39.462247,CLOSED,,FIREWALL-07,False
ALT-CSE-07-03285,CSE-07,HIGH,2024-12-23T13:30:31,2024-12-23T13:31:15.902647,2024-12-23T13:52:43.776653,CLOSED,,WEB-SERVER-07,False
ALT-CSE-07-03286,CSE-07,MEDIUM,2024-11-10T12:09:42,2024-11-10T12:10:39.971201,2024-11-10T12:24:37.686902,CLOSED,,WEB-SERVER-07,False
ALT-CSE-07-03287,CSE-07,MEDIUM,2024-11-23T19:26:10,2024-11-23T19:27:35.981283,2024-11-23T19:43:06.719530,CLOSED,,FIREWALL-07,False
ALT-CSE-07-03288,CSE-07,HIGH,2024-11-09T11:55:23,2024-11-09T11:56:00.372171,2024-11-09T12:16:05.171368,CLOSED,,ENDPOINT-07,False
ALT-CSE-07-03289,CSE-07,MEDIUM,2024-10-22T15:29:11,2024-10-22T15:29:49.305042,2024-10-22T15:58:03.941363,CLOSED,,ENDPOINT-07,False
ALT-CSE-07-03290,CSE-07,LOW,2024-11-12T20:41:59,2024-11-12T20:43:37.835202,2024-11-12T21:01:19.309289,CLOSED,,ENDPOINT-07,False
ALT-CSE-07-03291,CSE-07,LOW,2024-12-05T13:58:50,2024-12-05T14:00:20.531639,2024-12-05T14:21:57.562524,CLOSED,,DB-SERVER-07,False
ALT-CSE-07-03292,CSE-07,HIGH,2024-11-29T17:11:53,2024-11-29T17:12:27.710337,2024-11-29T17:27:52.567425,CLOSED,,DB-SERVER-07,False
ALT-CSE-07-03293,CSE-07,MEDIUM,2024-10-21T04:50:20,2024-10-21T04:51:14.209404,2024-10-21T05:15:36.850335,CLOSED,,ENDPOINT-07,False
ALT-CSE-07-03294,CSE-07,LOW,2024-10-29T20:57:43,2024-10-29T20:59:19.229547,2024-10-29T21:23:48.813126,CLOSED,,DB-SERVER-07,False
ALT-CSE-07-03295,CSE-07,MEDIUM,2024-10-03T01:54:44,2024-10-03T01:56:24.900300,2024-10-03T02:14:03.265119,CLOSED,,ENDPOINT-07,False
ALT-CSE-07-03296,CSE-07,HIGH,2024-10-30T02:51:28,2024-10-30T02:52:17.065080,2024-10-30T03:17:39.286158,CLOSED,,FIREWALL-07,False
ALT-CSE-07-03297,CSE-07,LOW,2024-12-05T06:42:28,2024-12-05T06:44:25.627367,2024-12-05T07:08:36.369804,CLOSED,,DB-SERVER-07,False
ALT-CSE-07-03298,CSE-07,LOW,2024-10-12T18:06:38,2024-10-12T18:08:06.850575,2024-10-12T18:33:53.613311,CLOSED,,ENDPOINT-07,False
ALT-CSE-07-03299,CSE-07,HIGH,2024-12-09T13:58:21,2024-12-09T13:59:08.065270,2024-12-09T14:21:29.139386,CLOSED,,DB-SERVER-07,False
ALT-CSE-07-03300,CSE-07,MEDIUM,2024-11-03T00:31:21,2024-11-03T00:32:36.748427,2024-11-03T00:57:00.703416,CLOSED,,WEB-SERVER-07,False
ALT-CSE-07-03301,CSE-07,HIGH,2024-11-04T18:54:48,2024-11-04T18:56:40.658316,2024-11-04T19:28:31.808305,CLOSED,,WEB-SERVER-07,False
ALT-CSE-07-03302,CSE-07,LOW,2024-11-16T09:17:40,2024-11-16T09:18:30.348940,2024-11-16T09:33:32.944292,CLOSED,,FIREWALL-07,False
ALT-CSE-07-03303,CSE-07,MEDIUM,2024-11-14T09:03:50,2024-11-14T09:04:39.991015,2024-11-14T09:28:46.394757,CLOSED,,FIREWALL-07,False
ALT-CSE-07-03304,CSE-07,MEDIUM,2024-10-24T11:59:57,2024-10-24T12:00:51.877388,2024-10-24T12:09:39.128622,CLOSED,,FIREWALL-07,False
ALT-CSE-07-03305,CSE-07,LOW,2024-11-12T22:27:52,2024-11-12T22:29:49.717747,2024-11-12T22:47:31.068842,CLOSED,,ENDPOINT-07,False
ALT-CSE-07-03306,CSE-07,LOW,2024-10-11T19:47:11,2024-10-11T19:48:39.890516,2024-10-11T20:07:30.419551,CLOSED,CAS-CSE-07-0904,FIREWALL-07,False
ALT-CSE-07-03307,CSE-07,LOW,2024-11-22T20:54:20,2024-11-22T20:56:06.727929,2024-11-22T21:03:54.708656,CLOSED,,WEB-SERVER-07,False
ALT-CSE-07-03308,CSE-07,LOW,2024-12-23T19:59:04,2024-12-23T20:00:36.923518,2024-12-23T20:20:03.874629,CLOSED,,DB-SERVER-07,False
ALT-CSE-07-03309,CSE-07,LOW,2024-12-16T15:05:49,2024-12-16T15:07:00.043222,2024-12-16T15:18:01.950812,CLOSED,,WEB-SERVER-07,False
ALT-CSE-07-03310,CSE-07,LOW,2024-12-27T01:58:23,2024-12-27T01:59:53.703253,2024-12-27T02:15:11.234019,CLOSED,,DB-SERVER-07,False
ALT-CSE-07-03311,CSE-07,LOW,2024-10-19T19:31:27,2024-10-19T19:32:41.169088,2024-10-19T19:58:25.909376,CLOSED,,FIREWALL-07,False
ALT-CSE-07-03312,CSE-07,HIGH,2024-12-28T06:57:31,2024-12-28T06:59:29.229083,2024-12-28T07:15:21.550309,CLOSED,,ENDPOINT-07,False
ALT-CSE-07-03313,CSE-07,LOW,2024-10-28T22:17:07,2024-10-28T22:17:49.286937,2024-10-28T22:36:18.373734,CLOSED,,ENDPOINT-07,False
ALT-CSE-07-03314,CSE-07,LOW,2024-11-08T13:20:58,2024-11-08T13:21:56.802626,2024-11-08T13:47:24.827949,CLOSED,,WEB-SERVER-07,False
ALT-CSE-07-03315,CSE-07,HIGH,2024-11-07T09:40:49,2024-11-07T09:41:19.188600,2024-11-07T10:03:14.130222,CLOSED,CAS-CSE-07-0905,ENDPOINT-07,False
ALT-CSE-07-03316,CSE-07,LOW,2024-10-15T03:42:53,2024-10-15T03:44:33.631630,2024-10-15T03:59:29.383548,CLOSED,,ENDPOINT-07,False
ALT-CSE-07-03317,CSE-07,HIGH,2024-10-16T19:23:31,2024-10-16T19:25:05.836794,2024-10-16T19:40:10.986376,CLOSED,,ENDPOINT-07,False
ALT-CSE-07-03318,CSE-07,MEDIUM,2024-11-27T23:09:38,2024-11-27T23:10:32.292605,2024-11-27T23:34:18.526868,CLOSED,,FIREWALL-07,False
ALT-CSE-07-03319,CSE-07,MEDIUM,2024-10-03T20:22:08,2024-10-03T20:23:10.510951,2024-10-03T20:40:35.731561,CLOSED,,FIREWALL-07,False
ALT-CSE-07-03320,CSE-07,HIGH,2024-11-29T23:53:32,2024-11-29T23:54:27.457121,2024-11-30T00:21:08.344806,CLOSED,,DB-SERVER-07,False
ALT-CSE-07-03321,CSE-07,LOW,2024-10-03T14:43:17,2024-10-03T14:44:54.501375,2024-10-03T15:04:36.625679,CLOSED,,ENDPOINT-07,False
ALT-CSE-07-03322,CSE-07,HIGH,2024-10-08T12:15:25,2024-10-08T12:16:24.299669,2024-10-08T12:44:52.259768,CLOSED,CAS-CSE-07-0906,ENDPOINT-07,False
ALT-CSE-07-03323,CSE-07,MEDIUM,2024-10-15T20:47:15,2024-10-15T20:49:10.137263,2024-10-15T21:21:34.451485,CLOSED,,DB-SERVER-07,False
ALT-CSE-07-03324,CSE-07,MEDIUM,2024-11-23T10:08:04,2024-11-23T10:09:50.397034,2024-11-23T10:31:56.994044,CLOSED,,FIREWALL-07,False
ALT-CSE-07-03325,CSE-07,LOW,2024-11-30T17:49:31,2024-11-30T17:51:03.130952,2024-11-30T18:12:16.066234,CLOSED,,DB-SERVER-07,False
ALT-CSE-07-03326,CSE-07,HIGH,2024-12-13T07:20:33,2024-12-13T07:21:09.641407,2024-12-13T07:33:01.051795,CLOSED,,ENDPOINT-07,False
ALT-CSE-07-03327,CSE-07,HIGH,2024-12-07T19:44:58,2024-12-07T19:45:38.587890,2024-12-07T20:10:59.945644,CLOSED,,ENDPOINT-07,False
ALT-CSE-07-03328,CSE-07,HIGH,2024-12-25T20:03:35,2024-12-25T20:05:19.534029,2024-12-25T20:14:44.979714,CLOSED,,WEB-SERVER-07,False
ALT-CSE-07-03329,CSE-07,LOW,2024-11-10T09:08:28,2024-11-10T09:09:50.459254,2024-11-10T09:28:38.843869,CLOSED,CAS-CSE-07-0907,FIREWALL-07,False
ALT-CSE-07-03330,CSE-07,HIGH,2024-10-01T08:29:21,2024-10-01T08:30:40.164952,2024-10-01T08:57:42.952136,CLOSED,,DB-SERVER-07,False
ALT-CSE-07-03331,CSE-07,MEDIUM,2024-12-05T08:19:58,2024-12-05T08:21:08.780686,2024-12-05T08:41:24.260449,CLOSED,,ENDPOINT-07,False
ALT-CSE-07-03332,CSE-07,HIGH,2024-12-14T00:21:38,2024-12-14T00:23:26.348842,2024-12-14T00:41:33.423843,CLOSED,,FIREWALL-07,False
ALT-CSE-07-03333,CSE-07,HIGH,2024-10-11T07:50:51,2024-10-11T07:51:36.875051,2024-10-11T08:15:17.258157,CLOSED,,DB-SERVER-07,False
ALT-CSE-07-03334,CSE-07,HIGH,2024-12-20T21:27:09,2024-12-20T21:27:54.427760,2024-12-20T21:51:20.673620,CLOSED,,WEB-SERVER-07,False
ALT-CSE-07-03335,CSE-07,HIGH,2024-10-02T22:17:50,2024-10-02T22:18:45.479187,2024-10-02T22:34:43.564436,CLOSED,,DB-SERVER-07,False
ALT-CSE-07-03336,CSE-07,LOW,2024-11-20T20:11:09,2024-11-20T20:13:01.064518,2024-11-20T20:26:17.694420,CLOSED,,FIREWALL-07,False
ALT-CSE-07-03337,CSE-07,MEDIUM,2024-11-19T14:58:57,2024-11-19T14:59:45.402921,2024-11-19T15:29:57.434839,CLOSED,,WEB-SERVER-07,False
ALT-CSE-07-03338,CSE-07,HIGH,2024-11-29T16:44:22,2024-11-29T16:45:44.293703,2024-11-29T17:02:38.386154,CLOSED,CAS-CSE-07-0908,DB-SERVER-07,False
ALT-CSE-07-03339,CSE-07,LOW,2024-10-02T22:06:31,2024-10-02T22:08:26.099799,2024-10-02T22:28:01.962442,CLOSED,,DB-SERVER-07,False
ALT-CSE-07-03340,CSE-07,LOW,2024-11-06T23:38:52,2024-11-06T23:40:33.178311,2024-11-06T23:59:29.582036,CLOSED,,DB-SERVER-07,False
ALT-CSE-07-03341,CSE-07,LOW,2024-12-15T17:43:04,2024-12-15T17:44:23.704206,2024-12-15T18:00:33.968160,CLOSED,,WEB-SERVER-07,False
ALT-CSE-07-03342,CSE-07,LOW,2024-10-13T08:00:58,2024-10-13T08:01:46.637303,2024-10-13T08:17:28.416095,CLOSED,,ENDPOINT-07,False
ALT-CSE-07-03343,CSE-07,LOW,2024-10-29T05:24:54,2024-10-29T05:25:40.500380,2024-10-29T05:55:38.385785,CLOSED,,DB-SERVER-07,False
ALT-CSE-07-03344,CSE-07,HIGH,2024-12-17T22:11:00,2024-12-17T22:11:48.944671,2024-12-17T22:32:54.436689,CLOSED,,DB-SERVER-07,False
ALT-CSE-07-03345,CSE-07,LOW,2024-11-07T03:59:45,2024-11-07T04:01:14.316818,2024-11-07T04:19:58.836032,CLOSED,,FIREWALL-07,False
ALT-CSE-07-03346,CSE-07,MEDIUM,2024-10-07T00:58:54,2024-10-07T00:59:37.124966,2024-10-07T01:13:23.789722,CLOSED,,DB-SERVER-07,False
ALT-CSE-07-03347,CSE-07,MEDIUM,2024-10-15T09:41:46,2024-10-15T09:42:51.501665,2024-10-15T09:53:09.603119,CLOSED,,FIREWALL-07,False
ALT-CSE-07-03348,CSE-07,HIGH,2024-11-27T22:25:44,2024-11-27T22:26:45.575807,2024-11-27T22:38:31.530283,CLOSED,,ENDPOINT-07,False
ALT-CSE-07-03349,CSE-07,MEDIUM,2024-11-13T13:18:39,2024-11-13T13:20:22.367464,2024-11-13T13:33:18.548628,CLOSED,,ENDPOINT-07,False
ALT-CSE-07-03350,CSE-07,MEDIUM,2024-10-08T18:39:50,2024-10-08T18:41:21.169517,2024-10-08T19:11:22.519551,CLOSED,,FIREWALL-07,False
ALT-CSE-07-03351,CSE-07,MEDIUM,2024-10-28T05:07:28,2024-10-28T05:08:15.847054,2024-10-28T05:28:24.414637,CLOSED,,FIREWALL-07,False
ALT-CSE-07-03352,CSE-07,HIGH,2024-12-18T10:01:35,2024-12-18T10:02:13.088078,2024-12-18T10:25:13.840408,CLOSED,,WEB-SERVER-07,False
ALT-CSE-07-03353,CSE-07,HIGH,2024-11-23T09:40:08,2024-11-23T09:40:40.334452,2024-11-23T10:05:46.581599,CLOSED,,ENDPOINT-07,False
ALT-CSE-07-03354,CSE-07,HIGH,2024-11-11T09:07:30,2024-11-11T09:09:15.360034,2024-11-11T09:26:00.843481,CLOSED,,ENDPOINT-07,False
ALT-CSE-07-03355,CSE-07,HIGH,2024-11-23T11:45:24,2024-11-23T11:46:30.390053,2024-11-23T12:09:17.308410,CLOSED,,ENDPOINT-07,False
ALT-CSE-07-03356,CSE-07,MEDIUM,2024-11-15T14:43:51,2024-11-15T14:44:27.991573,2024-11-15T15:05:57.072434,CLOSED,,ENDPOINT-07,False
ALT-CSE-07-03357,CSE-07,MEDIUM,2024-11-23T16:55:01,2024-11-23T16:55:55.746750,2024-11-23T17:15:23.689953,CLOSED,,DB-SERVER-07,False
ALT-CSE-07-03358,CSE-07,HIGH,2024-11-23T01:49:27,2024-11-23T01:50:30.455418,2024-11-23T02:06:31.795663,CLOSED,,FIREWALL-07,False
ALT-CSE-07-03359,CSE-07,MEDIUM,2024-10-29T06:29:09,2024-10-29T06:30:04.839102,2024-10-29T06:48:45.585695,CLOSED,,FIREWALL-07,False
ALT-CSE-07-03360,CSE-07,HIGH,2024-12-11T11:03:14,2024-12-11T11:03:57.335905,2024-12-11T11:19:43.465078,CLOSED,,DB-SERVER-07,False
ALT-CSE-07-03361,CSE-07,HIGH,2024-10-20T01:48:06,2024-10-20T01:49:27.358444,2024-10-20T02:06:36.678580,CLOSED,,DB-SERVER-07,False
ALT-CSE-07-03362,CSE-07,LOW,2024-12-14T13:30:36,2024-12-14T13:32:30.166247,2024-12-14T13:47:59.496350,CLOSED,,ENDPOINT-07,False
ALT-CSE-07-03363,CSE-07,LOW,2024-12-07T06:51:00,2024-12-07T06:51:43.663754,2024-12-07T07:19:44.385301,CLOSED,,DB-SERVER-07,False
ALT-CSE-07-03364,CSE-07,LOW,2024-12-20T22:09:27,2024-12-20T22:10:54.962006,2024-12-20T22:28:45.142711,CLOSED,,FIREWALL-07,False
ALT-CSE-07-03365,CSE-07,MEDIUM,2024-10-27T07:15:12,2024-10-27T07:17:05.483078,2024-10-27T07:33:31.261044,CLOSED,,DB-SERVER-07,False
ALT-CSE-07-03366,CSE-07,HIGH,2024-10-17T05:35:26,2024-10-17T05:36:22.878471,2024-10-17T05:52:12.367757,CLOSED,,FIREWALL-07,False
ALT-CSE-07-03367,CSE-07,MEDIUM,2024-10-30T22:43:19,2024-10-30T22:44:31.744128,2024-10-30T23:05:24.091307,CLOSED,,WEB-SERVER-07,False
ALT-CSE-07-03368,CSE-07,LOW,2024-11-19T18:20:39,2024-11-19T18:22:18.352186,2024-11-19T18:42:58.756888,CLOSED,,DB-SERVER-07,False
ALT-CSE-07-03369,CSE-07,LOW,2024-11-02T04:37:38,2024-11-02T04:38:57.061108,2024-11-02T04:49:58.274196,CLOSED,,ENDPOINT-07,False
ALT-CSE-07-03370,CSE-07,HIGH,2024-10-29T08:53:44,2024-10-29T08:55:09.801480,2024-10-29T09:14:21.532660,CLOSED,,DB-SERVER-07,False
ALT-CSE-07-03371,CSE-07,LOW,2024-12-10T07:19:21,2024-12-10T07:21:12.751221,2024-12-10T07:46:45.177350,CLOSED,,ENDPOINT-07,False
ALT-CSE-07-03372,CSE-07,LOW,2024-10-11T02:59:43,2024-10-11T03:01:10.616503,2024-10-11T03:20:50.831615,CLOSED,,WEB-SERVER-07,False
ALT-CSE-07-03373,CSE-07,MEDIUM,2024-11-17T11:27:41,2024-11-17T11:28:36.669606,2024-11-17T11:42:11.130999,CLOSED,,WEB-SERVER-07,False
ALT-CSE-07-03374,CSE-07,HIGH,2024-10-19T12:52:00,2024-10-19T12:52:37.894481,2024-10-19T13:14:22.569471,CLOSED,,WEB-SERVER-07,False
ALT-CSE-07-03375,CSE-07,LOW,2024-10-13T19:17:52,2024-10-13T19:18:30.105520,2024-10-13T19:41:36.201499,CLOSED,CAS-CSE-07-0909,WEB-SERVER-07,False
ALT-CSE-07-03376,CSE-07,HIGH,2024-11-11T03:57:48,2024-11-11T03:59:08.635423,2024-11-11T04:15:43.456058,CLOSED,,ENDPOINT-07,False
ALT-CSE-07-03377,CSE-07,LOW,2024-12-04T00:47:34,2024-12-04T00:49:05.797766,2024-12-04T01:07:31.136178,CLOSED,,ENDPOINT-07,False
ALT-CSE-07-03378,CSE-07,MEDIUM,2024-12-07T15:44:55,2024-12-07T15:46:39.396269,2024-12-07T16:02:25.796322,CLOSED,,DB-SERVER-07,False
ALT-CSE-07-03379,CSE-07,LOW,2024-10-22T02:02:36,2024-10-22T02:04:22.026297,2024-10-22T02:21:12.883446,CLOSED,,WEB-SERVER-07,False
ALT-CSE-07-03380,CSE-07,LOW,2024-11-13T02:13:08,2024-11-13T02:14:30.930813,2024-11-13T02:25:00.895810,CLOSED,CAS-CSE-07-0910,WEB-SERVER-07,False
ALT-CSE-07-03381,CSE-07,HIGH,2024-11-23T14:46:11,2024-11-23T14:47:50.088974,2024-11-23T14:58:15.938044,CLOSED,,FIREWALL-07,False
ALT-CSE-07-03382,CSE-07,HIGH,2024-11-14T21:05:10,2024-11-14T21:06:58.433262,2024-11-14T21:28:55.286726,CLOSED,,ENDPOINT-07,False
ALT-CSE-07-03383,CSE-07,MEDIUM,2024-12-02T04:54:59,2024-12-02T04:56:21.225653,2024-12-02T05:17:43.640753,CLOSED,,WEB-SERVER-07,False
ALT-CSE-07-03384,CSE-07,LOW,2024-12-03T19:36:04,2024-12-03T19:37:19.232773,2024-12-03T19:57:17.947976,CLOSED,CAS-CSE-07-0911,ENDPOINT-07,False
ALT-CSE-07-03385,CSE-07,MEDIUM,2024-10-25T19:21:02,2024-10-25T19:22:15.230035,2024-10-25T19:46:50.767895,CLOSED,,FIREWALL-07,False
ALT-CSE-07-03386,CSE-07,LOW,2024-10-12T06:49:53,2024-10-12T06:51:28.874986,2024-10-12T07:16:34.189821,CLOSED,,DB-SERVER-07,False
ALT-CSE-07-03387,CSE-07,HIGH,2024-11-09T07:15:51,2024-11-09T07:16:59.471124,2024-11-09T07:39:03.194943,CLOSED,,WEB-SERVER-07,False
ALT-CSE-07-03388,CSE-07,HIGH,2024-12-22T23:30:06,2024-12-22T23:31:18.732493,2024-12-22T23:51:39.704752,CLOSED,,FIREWALL-07,False
ALT-CSE-07-03389,CSE-07,HIGH,2024-10-05T18:35:59,2024-10-05T18:37:12.802709,2024-10-05T18:51:06.709622,CLOSED,,DB-SERVER-07,False
ALT-CSE-07-03390,CSE-07,HIGH,2024-10-27T02:48:30,2024-10-27T02:49:41.248372,2024-10-27T03:08:26.994889,CLOSED,,DB-SERVER-07,False
ALT-CSE-07-03391,CSE-07,MEDIUM,2024-11-13T01:26:45,2024-11-13T01:27:40.820267,2024-11-13T01:41:08.853726,CLOSED,,FIREWALL-07,False
ALT-CSE-07-03392,CSE-07,MEDIUM,2024-12-09T13:24:24,2024-12-09T13:26:04.192178,2024-12-09T13:43:47.836294,CLOSED,,ENDPOINT-07,False
ALT-CSE-07-03393,CSE-07,MEDIUM,2024-11-13T08:35:39,2024-11-13T08:37:18.664843,2024-11-13T09:02:56.782968,CLOSED,,DB-SERVER-07,False
ALT-CSE-07-03394,CSE-07,MEDIUM,2024-11-27T05:13:45,2024-11-27T05:15:18.178801,2024-11-27T05:31:37.108345,CLOSED,,FIREWALL-07,False
ALT-CSE-07-03395,CSE-07,LOW,2024-12-19T00:06:23,2024-12-19T00:07:53.812729,2024-12-19T00:19:22.472756,CLOSED,,ENDPOINT-07,False
ALT-CSE-07-03396,CSE-07,MEDIUM,2024-10-26T04:59:48,2024-10-26T05:01:12.009087,2024-10-26T05:20:39.446783,CLOSED,,ENDPOINT-07,False
ALT-CSE-07-03397,CSE-07,HIGH,2024-10-18T07:52:30,2024-10-18T07:54:07.720836,2024-10-18T08:15:07.952523,CLOSED,,ENDPOINT-07,False
ALT-CSE-07-03398,CSE-07,LOW,2024-11-12T19:43:45,2024-11-12T19:44:55.093817,2024-11-12T20:05:48.976938,CLOSED,,FIREWALL-07,False
ALT-CSE-07-03399,CSE-07,HIGH,2024-11-07T12:06:52,2024-11-07T12:07:38.605013,2024-11-07T12:28:22.348450,CLOSED,,FIREWALL-07,False
ALT-CSE-07-03400,CSE-07,HIGH,2024-12-19T20:12:34,2024-12-19T20:14:20.890322,2024-12-19T20:31:41.224056,CLOSED,,WEB-SERVER-07,False
ALT-CSE-07-03401,CSE-07,LOW,2024-12-19T12:53:06,2024-12-19T12:53:59.982935,2024-12-19T13:04:29.074125,CLOSED,,FIREWALL-07,False
ALT-CSE-07-03402,CSE-07,MEDIUM,2024-10-01T15:59:55,2024-10-01T16:00:44.893400,2024-10-01T16:21:37.379776,CLOSED,,FIREWALL-07,False
ALT-CSE-07-03403,CSE-07,MEDIUM,2024-12-23T10:29:18,2024-12-23T10:31:13.241729,2024-12-23T10:51:22.412618,CLOSED,,FIREWALL-07,False
ALT-CSE-07-03404,CSE-07,HIGH,2024-10-24T00:05:09,2024-10-24T00:06:01.247818,2024-10-24T00:28:49.808057,CLOSED,,DB-SERVER-07,False
ALT-CSE-07-03405,CSE-07,MEDIUM,2024-10-11T02:00:29,2024-10-11T02:01:46.507094,2024-10-11T02:17:11.476439,CLOSED,,FIREWALL-07,False
ALT-CSE-07-03406,CSE-07,HIGH,2024-11-07T21:50:40,2024-11-07T21:52:04.626318,2024-11-07T22:15:28.892080,CLOSED,,DB-SERVER-07,False
ALT-CSE-07-03407,CSE-07,MEDIUM,2024-10-17T23:28:23,2024-10-17T23:29:57.113771,2024-10-17T23:51:40.041237,CLOSED,,ENDPOINT-07,False
ALT-CSE-07-03408,CSE-07,LOW,2024-10-13T02:14:18,2024-10-13T02:15:18.697035,2024-10-13T02:41:45.189199,CLOSED,,ENDPOINT-07,False
ALT-CSE-07-03409,CSE-07,HIGH,2024-11-26T18:45:08,2024-11-26T18:46:20.566845,2024-11-26T19:07:57.679429,CLOSED,,WEB-SERVER-07,False
ALT-CSE-07-03410,CSE-07,MEDIUM,2024-10-28T00:02:57,2024-10-28T00:04:24.451936,2024-10-28T00:25:01.839722,CLOSED,,ENDPOINT-07,False
ALT-CSE-07-03411,CSE-07,LOW,2024-10-23T03:25:27,2024-10-23T03:26:54.622407,2024-10-23T03:44:25.885433,CLOSED,,FIREWALL-07,False
ALT-CSE-07-03412,CSE-07,HIGH,2024-10-19T02:14:08,2024-10-19T02:15:05.048857,2024-10-19T02:45:31.176620,CLOSED,,WEB-SERVER-07,False
ALT-CSE-07-03413,CSE-07,LOW,2024-10-31T17:08:37,2024-10-31T17:10:13.421775,2024-10-31T17:28:45.837499,CLOSED,,DB-SERVER-07,False
ALT-CSE-07-03414,CSE-07,MEDIUM,2024-11-26T15:19:29,2024-11-26T15:21:04.299573,2024-11-26T15:37:30.369547,CLOSED,,DB-SERVER-07,False
ALT-CSE-07-03415,CSE-07,MEDIUM,2024-11-13T23:38:06,2024-11-13T23:39:53.085853,2024-11-14T00:01:27.637542,CLOSED,,ENDPOINT-07,False
ALT-CSE-07-03416,CSE-07,MEDIUM,2024-11-23T13:26:25,2024-11-23T13:28:06.272486,2024-11-23T13:43:24.925633,CLOSED,,FIREWALL-07,False
ALT-CSE-07-03417,CSE-07,LOW,2024-12-11T21:06:24,2024-12-11T21:07:52.542025,2024-12-11T21:25:15.137395,CLOSED,,WEB-SERVER-07,False
ALT-CSE-07-03418,CSE-07,MEDIUM,2024-12-08T11:22:28,2024-12-08T11:24:18.879404,2024-12-08T11:45:16.510046,CLOSED,,ENDPOINT-07,False
ALT-CSE-07-03419,CSE-07,HIGH,2024-10-28T13:46:47,2024-10-28T13:48:17.887863,2024-10-28T14:14:13.492767,CLOSED,,FIREWALL-07,False
ALT-CSE-07-03420,CSE-07,HIGH,2024-12-17T12:43:20,2024-12-17T12:44:59.826898,2024-12-17T13:01:12.383886,CLOSED,,ENDPOINT-07,False
ALT-CSE-07-03421,CSE-07,LOW,2024-11-13T08:56:52,2024-11-13T08:58:47.054054,2024-11-13T09:20:44.980906,CLOSED,,WEB-SERVER-07,False
ALT-CSE-07-03422,CSE-07,HIGH,2024-11-25T23:45:12,2024-11-25T23:47:09.441985,2024-11-26T00:01:22.898164,CLOSED,,FIREWALL-07,False
ALT-CSE-07-03423,CSE-07,LOW,2024-11-23T08:52:50,2024-11-23T08:53:47.747134,2024-11-23T09:13:50.478155,CLOSED,,ENDPOINT-07,False
ALT-CSE-07-03424,CSE-07,MEDIUM,2024-12-17T19:17:57,2024-12-17T19:19:34.622849,2024-12-17T19:37:57.040913,CLOSED,,DB-SERVER-07,False
ALT-CSE-07-03425,CSE-07,HIGH,2024-12-21T21:06:57,2024-12-21T21:08:02.544782,2024-12-21T21:28:43.925846,CLOSED,,WEB-SERVER-07,False
ALT-CSE-07-03426,CSE-07,LOW,2024-11-15T11:32:58,2024-11-15T11:34:05.922381,2024-11-15T11:57:17.790095,CLOSED,,FIREWALL-07,False
ALT-CSE-07-03427,CSE-07,MEDIUM,2024-12-16T07:19:49,2024-12-16T07:20:24.299371,2024-12-16T07:29:36.497462,CLOSED,CAS-CSE-07-0912,FIREWALL-07,False
ALT-CSE-07-03428,CSE-07,HIGH,2024-11-20T18:16:17,2024-11-20T18:17:26.712895,2024-11-20T18:39:25.320003,CLOSED,,FIREWALL-07,False
ALT-CSE-07-03429,CSE-07,LOW,2024-10-09T15:34:53,2024-10-09T15:36:13.671889,2024-10-09T16:00:52.013627,CLOSED,,ENDPOINT-07,False
ALT-CSE-07-03430,CSE-07,HIGH,2024-12-23T20:25:22,2024-12-23T20:27:21.223665,2024-12-23T20:46:20.179598,CLOSED,,ENDPOINT-07,False
ALT-CSE-07-03431,CSE-07,HIGH,2024-12-28T19:41:07,2024-12-28T19:42:12.227287,2024-12-28T20:04:59.317570,CLOSED,,WEB-SERVER-07,False
ALT-CSE-07-03432,CSE-07,MEDIUM,2024-10-20T00:56:17,2024-10-20T00:57:18.487176,2024-10-20T01:20:37.180798,CLOSED,,DB-SERVER-07,False
ALT-CSE-07-03433,CSE-07,HIGH,2024-12-29T16:01:24,2024-12-29T16:02:53.918513,2024-12-29T16:29:22.885159,CLOSED,,WEB-SERVER-07,False
ALT-CSE-07-03434,CSE-07,HIGH,2024-12-18T20:33:13,2024-12-18T20:33:50.107105,2024-12-18T20:47:38.457392,CLOSED,,ENDPOINT-07,False
ALT-CSE-07-03435,CSE-07,HIGH,2024-12-07T11:31:02,2024-12-07T11:32:40.675338,2024-12-07T11:51:15.131248,CLOSED,,FIREWALL-07,False
ALT-CSE-07-03436,CSE-07,HIGH,2024-10-31T14:26:14,2024-10-31T14:26:57.905847,2024-10-31T14:39:28.205589,CLOSED,,ENDPOINT-07,False
ALT-CSE-07-03437,CSE-07,MEDIUM,2024-10-06T09:28:19,2024-10-06T09:29:23.015201,2024-10-06T09:52:36.541641,CLOSED,,ENDPOINT-07,False
ALT-CSE-07-03438,CSE-07,MEDIUM,2024-12-14T04:06:55,2024-12-14T04:08:22.990024,2024-12-14T04:30:03.868717,CLOSED,,WEB-SERVER-07,False
ALT-CSE-07-03439,CSE-07,MEDIUM,2024-10-18T08:45:38,2024-10-18T08:47:30.318040,2024-10-18T09:13:31.210335,CLOSED,,ENDPOINT-07,False
ALT-CSE-07-03440,CSE-07,HIGH,2024-12-07T11:54:26,2024-12-07T11:55:29.444343,2024-12-07T12:17:40.603185,CLOSED,,ENDPOINT-07,False
ALT-CSE-07-03441,CSE-07,LOW,2024-10-22T11:38:25,2024-10-22T11:39:00.424892,2024-10-22T11:55:02.337192,CLOSED,,WEB-SERVER-07,False
ALT-CSE-07-03442,CSE-07,LOW,2024-10-17T00:55:17,2024-10-17T00:56:38.150231,2024-10-17T01:13:44.691728,CLOSED,,DB-SERVER-07,False
ALT-CSE-07-03443,CSE-07,LOW,2024-10-26T13:51:00,2024-10-26T13:52:17.258581,2024-10-26T14:17:46.680274,CLOSED,,ENDPOINT-07,False
ALT-CSE-07-03444,CSE-07,MEDIUM,2024-11-13T21:36:50,2024-11-13T21:38:43.097925,2024-11-13T22:00:27.547781,CLOSED,,ENDPOINT-07,False
ALT-CSE-07-03445,CSE-07,MEDIUM,2024-11-18T01:13:09,2024-11-18T01:14:21.680965,2024-11-18T01:44:33.170438,CLOSED,,ENDPOINT-07,False
ALT-CSE-07-03446,CSE-07,LOW,2024-11-01T05:36:24,2024-11-01T05:37:10.144194,2024-11-01T05:55:02.121177,CLOSED,,DB-SERVER-07,False
ALT-CSE-07-03447,CSE-07,HIGH,2024-10-07T15:06:02,2024-10-07T15:07:56.264137,2024-10-07T15:27:15.328925,CLOSED,,WEB-SERVER-07,False
ALT-CSE-07-03448,CSE-07,MEDIUM,2024-10-10T09:57:10,2024-10-10T09:58:49.591547,2024-10-10T10:19:29.561309,CLOSED,,WEB-SERVER-07,False
ALT-CSE-07-03449,CSE-07,HIGH,2024-11-08T14:17:08,2024-11-08T14:18:19.639692,2024-11-08T14:26:59.173608,CLOSED,,FIREWALL-07,False
ALT-CSE-07-03450,CSE-07,LOW,2024-12-14T04:11:21,2024-12-14T04:13:01.170535,2024-12-14T04:33:57.169982,CLOSED,,DB-SERVER-07,False
ALT-CSE-07-03451,CSE-07,LOW,2024-11-06T12:48:05,2024-11-06T12:49:29.224967,2024-11-06T13:11:38.655673,CLOSED,,ENDPOINT-07,False
ALT-CSE-07-03452,CSE-07,MEDIUM,2024-12-26T10:10:16,2024-12-26T10:10:59.745720,2024-12-26T10:30:59.561191,CLOSED,,WEB-SERVER-07,False
ALT-CSE-07-03453,CSE-07,LOW,2024-10-14T15:32:24,2024-10-14T15:32:59.735636,2024-10-14T15:50:17.404641,CLOSED,,WEB-SERVER-07,False
ALT-CSE-07-03454,CSE-07,HIGH,2024-12-06T14:58:10,2024-12-06T14:59:17.577636,2024-12-06T15:18:07.672754,CLOSED,,WEB-SERVER-07,False
ALT-CSE-07-03455,CSE-07,LOW,2024-12-08T18:36:03,2024-12-08T18:36:33.506180,2024-12-08T18:51:49.212668,CLOSED,,DB-SERVER-07,False
ALT-CSE-07-03456,CSE-07,LOW,2024-10-10T03:20:58,2024-10-10T03:22:41.448909,2024-10-10T03:33:21.516451,CLOSED,CAS-CSE-07-0913,WEB-SERVER-07,False
ALT-CSE-07-03457,CSE-07,HIGH,2024-11-11T17:21:54,2024-11-11T17:22:30.221841,2024-11-11T17:43:31.795854,CLOSED,,FIREWALL-07,False
ALT-CSE-07-03458,CSE-07,HIGH,2024-11-30T07:33:44,2024-11-30T07:34:29.225554,2024-11-30T08:04:06.868467,CLOSED,,WEB-SERVER-07,False
ALT-CSE-07-03459,CSE-07,HIGH,2024-12-07T17:33:58,2024-12-07T17:35:06.804518,2024-12-07T17:51:41.228572,CLOSED,,ENDPOINT-07,False
ALT-CSE-07-03460,CSE-07,HIGH,2024-11-04T21:37:37,2024-11-04T21:39:34.959731,2024-11-04T21:50:43.247588,CLOSED,,ENDPOINT-07,False
ALT-CSE-07-03461,CSE-07,HIGH,2024-10-16T02:31:04,2024-10-16T02:33:03.173125,2024-10-16T02:53:15.234725,CLOSED,,FIREWALL-07,False
ALT-CSE-07-03462,CSE-07,MEDIUM,2024-12-20T16:29:41,2024-12-20T16:30:16.257721,2024-12-20T16:50:57.769489,CLOSED,,FIREWALL-07,False
ALT-CSE-07-03463,CSE-07,LOW,2024-12-23T08:53:39,2024-12-23T08:54:09.674406,2024-12-23T09:15:04.564433,CLOSED,,DB-SERVER-07,False
ALT-CSE-07-03464,CSE-07,MEDIUM,2024-10-09T23:17:15,2024-10-09T23:19:00.674022,2024-10-09T23:33:12.110406,CLOSED,,ENDPOINT-07,False
ALT-CSE-07-03465,CSE-07,MEDIUM,2024-10-08T17:30:24,2024-10-08T17:32:03.170385,2024-10-08T17:52:18.076310,CLOSED,,WEB-SERVER-07,False
ALT-CSE-07-03466,CSE-07,LOW,2024-10-16T05:43:36,2024-10-16T05:44:50.446554,2024-10-16T05:52:40.309389,CLOSED,,DB-SERVER-07,False
ALT-CSE-07-03467,CSE-07,MEDIUM,2024-11-19T11:02:36,2024-11-19T11:04:26.641792,2024-11-19T11:28:52.489152,CLOSED,,ENDPOINT-07,False
ALT-CSE-07-03468,CSE-07,HIGH,2024-10-25T15:02:53,2024-10-25T15:03:59.101340,2024-10-25T15:31:45.750520,CLOSED,,DB-SERVER-07,False
ALT-CSE-07-03469,CSE-07,LOW,2024-10-06T23:46:44,2024-10-06T23:47:47.288472,2024-10-07T00:05:40.293531,CLOSED,,FIREWALL-07,False
ALT-CSE-07-03470,CSE-07,LOW,2024-12-07T17:54:00,2024-12-07T17:54:34.245030,2024-12-07T18:15:07.001361,CLOSED,,WEB-SERVER-07,False
ALT-CSE-07-03471,CSE-07,MEDIUM,2024-10-30T23:13:29,2024-10-30T23:15:28.904272,2024-10-30T23:32:16.376628,CLOSED,,WEB-SERVER-07,False
ALT-CSE-07-03472,CSE-07,MEDIUM,2024-10-27T12:37:52,2024-10-27T12:39:11.440180,2024-10-27T12:52:35.239242,CLOSED,,DB-SERVER-07,False
ALT-CSE-07-03473,CSE-07,MEDIUM,2024-10-02T17:39:34,2024-10-02T17:40:41.638691,2024-10-02T18:01:44.511620,CLOSED,,FIREWALL-07,False
ALT-CSE-07-03474,CSE-07,LOW,2024-11-01T01:35:57,2024-11-01T01:37:37.934404,2024-11-01T01:57:41.926881,CLOSED,,DB-SERVER-07,False
ALT-CSE-07-03475,CSE-07,LOW,2024-10-10T04:42:17,2024-10-10T04:43:16.491804,2024-10-10T05:04:14.279897,CLOSED,,ENDPOINT-07,False
ALT-CSE-07-03476,CSE-07,HIGH,2024-10-15T20:03:17,2024-10-15T20:04:12.180059,2024-10-15T20:28:32.747698,CLOSED,,DB-SERVER-07,False
ALT-CSE-07-03477,CSE-07,LOW,2024-11-23T08:38:46,2024-11-23T08:40:03.277700,2024-11-23T09:01:14.944087,CLOSED,,FIREWALL-07,False
ALT-CSE-07-03478,CSE-07,HIGH,2024-10-21T03:12:06,2024-10-21T03:13:27.824285,2024-10-21T03:34:49.391056,CLOSED,,WEB-SERVER-07,False
ALT-CSE-07-03479,CSE-07,HIGH,2024-11-13T18:09:46,2024-11-13T18:11:21.155617,2024-11-13T18:24:15.694699,CLOSED,,FIREWALL-07,False
ALT-CSE-07-03480,CSE-07,LOW,2024-11-11T20:17:26,2024-11-11T20:18:09.626753,2024-11-11T20:32:32.459011,CLOSED,,WEB-SERVER-07,False
ALT-CSE-07-03481,CSE-07,LOW,2024-12-19T04:41:50,2024-12-19T04:42:30.508006,2024-12-19T05:02:39.851465,CLOSED,CAS-CSE-07-0914,WEB-SERVER-07,False
ALT-CSE-07-03482,CSE-07,LOW,2024-12-13T23:04:51,2024-12-13T23:05:52.636526,2024-12-13T23:24:16.362830,CLOSED,,ENDPOINT-07,False
ALT-CSE-07-03483,CSE-07,HIGH,2024-10-05T03:40:54,2024-10-05T03:41:43.503823,2024-10-05T03:55:53.729737,CLOSED,,FIREWALL-07,False
ALT-CSE-07-03484,CSE-07,HIGH,2024-10-02T10:56:40,2024-10-02T10:58:27.806953,2024-10-02T11:12:09.035237,CLOSED,,FIREWALL-07,False
ALT-CSE-07-03485,CSE-07,LOW,2024-12-05T13:14:40,2024-12-05T13:15:26.810755,2024-12-05T13:31:28.073420,CLOSED,,DB-SERVER-07,False
ALT-CSE-07-03486,CSE-07,HIGH,2024-12-22T22:03:48,2024-12-22T22:04:44.200490,2024-12-22T22:32:45.602265,CLOSED,,WEB-SERVER-07,False
ALT-CSE-07-03487,CSE-07,LOW,2024-11-04T19:35:59,2024-11-04T19:37:18.986535,2024-11-04T20:00:15.470449,CLOSED,,FIREWALL-07,False
ALT-CSE-07-03488,CSE-07,MEDIUM,2024-11-01T16:26:17,2024-11-01T16:27:47.216205,2024-11-01T16:42:45.308651,CLOSED,,ENDPOINT-07,False
ALT-CSE-07-03489,CSE-07,MEDIUM,2024-11-13T22:07:15,2024-11-13T22:08:46.768860,2024-11-13T22:27:12.205457,CLOSED,,ENDPOINT-07,False
ALT-CSE-07-03490,CSE-07,LOW,2024-11-17T13:13:09,2024-11-17T13:14:44.926083,2024-11-17T13:30:16.828184,CLOSED,,DB-SERVER-07,False
ALT-CSE-07-03491,CSE-07,LOW,2024-10-15T14:43:58,2024-10-15T14:45:12.021223,2024-10-15T14:59:03.711948,CLOSED,,ENDPOINT-07,False
ALT-CSE-07-03492,CSE-07,LOW,2024-10-11T08:10:15,2024-10-11T08:11:47.609248,2024-10-11T08:35:00.868356,CLOSED,,FIREWALL-07,False
ALT-CSE-07-03493,CSE-07,MEDIUM,2024-12-08T06:35:10,2024-12-08T06:36:55.729282,2024-12-08T06:56:14.819104,CLOSED,,WEB-SERVER-07,False
ALT-CSE-07-03494,CSE-07,LOW,2024-11-15T13:53:24,2024-11-15T13:54:33.164680,2024-11-15T14:11:11.757730,CLOSED,,DB-SERVER-07,False
ALT-CSE-07-03495,CSE-07,LOW,2024-12-19T05:20:42,2024-12-19T05:21:59.931076,2024-12-19T05:35:34.632996,CLOSED,,FIREWALL-07,False
ALT-CSE-07-03496,CSE-07,HIGH,2024-10-21T04:25:10,2024-10-21T04:26:30.847399,2024-10-21T04:39:18.516326,CLOSED,,DB-SERVER-07,False
ALT-CSE-07-03497,CSE-07,LOW,2024-12-06T18:17:12,2024-12-06T18:18:17.810093,2024-12-06T18:36:23.018759,CLOSED,,WEB-SERVER-07,False
ALT-CSE-07-03498,CSE-07,LOW,2024-11-27T12:38:02,2024-11-27T12:39:35.539335,2024-11-27T12:57:25.226218,CLOSED,,ENDPOINT-07,False
ALT-CSE-07-03499,CSE-07,MEDIUM,2024-10-30T01:42:39,2024-10-30T01:44:23.600702,2024-10-30T01:59:20.295367,CLOSED,,WEB-SERVER-07,False
ALT-CSE-07-03500,CSE-07,LOW,2024-10-01T18:19:09,2024-10-01T18:20:55.963103,2024-10-01T18:32:30.397683,CLOSED,,WEB-SERVER-07,False
ALT-CSE-07-03501,CSE-07,LOW,2024-11-06T03:41:05,2024-11-06T03:43:03.438080,2024-11-06T04:01:43.714754,CLOSED,,WEB-SERVER-07,False
ALT-CSE-07-03502,CSE-07,LOW,2024-10-31T14:12:55,2024-10-31T14:14:38.686081,2024-10-31T14:34:16.777367,CLOSED,,DB-SERVER-07,False
ALT-CSE-07-03503,CSE-07,MEDIUM,2024-11-29T01:30:56,2024-11-29T01:31:45.731896,2024-11-29T01:51:13.283378,CLOSED,,WEB-SERVER-07,False
ALT-CSE-07-03504,CSE-07,MEDIUM,2024-11-15T19:31:21,2024-11-15T19:32:23.106352,2024-11-15T19:59:39.241707,CLOSED,,DB-SERVER-07,False
ALT-CSE-07-03505,CSE-07,MEDIUM,2024-12-10T01:12:54,2024-12-10T01:13:32.316305,2024-12-10T01:32:31.599045,CLOSED,,ENDPOINT-07,False
ALT-CSE-07-03506,CSE-07,LOW,2024-12-21T05:00:58,2024-12-21T05:01:56.582168,2024-12-21T05:15:45.585659,CLOSED,,FIREWALL-07,False
ALT-CSE-07-03507,CSE-07,MEDIUM,2024-11-03T22:24:20,2024-11-03T22:24:53.355969,2024-11-03T22:37:55.718592,CLOSED,,ENDPOINT-07,False
ALT-CSE-07-03508,CSE-07,HIGH,2024-10-29T17:45:00,2024-10-29T17:45:47.818310,2024-10-29T18:13:49.928966,CLOSED,,FIREWALL-07,False
ALT-CSE-07-03509,CSE-07,HIGH,2024-12-24T22:04:24,2024-12-24T22:05:01.973633,2024-12-24T22:21:48.370174,CLOSED,,WEB-SERVER-07,False
ALT-CSE-07-03510,CSE-07,MEDIUM,2024-10-10T23:42:19,2024-10-10T23:43:50.006258,2024-10-11T00:02:37.660788,CLOSED,,FIREWALL-07,False
ALT-CSE-07-03511,CSE-07,HIGH,2024-10-09T09:54:06,2024-10-09T09:55:22.196555,2024-10-09T10:16:18.698389,CLOSED,CAS-CSE-07-0915,DB-SERVER-07,False
ALT-CSE-07-03512,CSE-07,MEDIUM,2024-12-28T20:33:15,2024-12-28T20:34:40.446814,2024-12-28T20:51:12.518178,CLOSED,,ENDPOINT-07,False
ALT-CSE-07-03513,CSE-07,HIGH,2024-11-21T19:16:34,2024-11-21T19:17:58.552699,2024-11-21T19:32:38.563882,CLOSED,,FIREWALL-07,False
ALT-CSE-07-03514,CSE-07,MEDIUM,2024-11-28T02:25:20,2024-11-28T02:26:28.605344,2024-11-28T02:50:12.482316,CLOSED,,FIREWALL-07,False
ALT-CSE-07-03515,CSE-07,HIGH,2024-12-02T15:35:02,2024-12-02T15:35:42.207753,2024-12-02T15:54:47.327868,CLOSED,,ENDPOINT-07,False
ALT-CSE-07-03516,CSE-07,MEDIUM,2024-12-06T20:16:58,2024-12-06T20:18:45.729611,2024-12-06T20:49:25.094222,CLOSED,,WEB-SERVER-07,False
ALT-CSE-07-03517,CSE-07,LOW,2024-11-01T15:47:18,2024-11-01T15:49:13.223259,2024-11-01T16:10:08.499768,CLOSED,,FIREWALL-07,False
ALT-CSE-07-03518,CSE-07,HIGH,2024-11-21T05:07:51,2024-11-21T05:09:19.343181,2024-11-21T05:35:54.382481,CLOSED,,ENDPOINT-07,False
ALT-CSE-07-03519,CSE-07,MEDIUM,2024-12-17T04:08:40,2024-12-17T04:09:13.277295,2024-12-17T04:28:12.803396,CLOSED,,FIREWALL-07,False
ALT-CSE-07-03520,CSE-07,HIGH,2024-12-02T19:48:36,2024-12-02T19:49:34.033089,2024-12-02T20:11:46.213705,CLOSED,,ENDPOINT-07,False
ALT-CSE-07-03521,CSE-07,LOW,2024-11-17T00:05:55,2024-11-17T00:06:48.224900,2024-11-17T00:22:57.041025,CLOSED,,FIREWALL-07,False
ALT-CSE-07-03522,CSE-07,MEDIUM,2024-10-24T02:00:53,2024-10-24T02:02:02.962741,2024-10-24T02:10:10.213211,CLOSED,,WEB-SERVER-07,False
ALT-CSE-07-03523,CSE-07,HIGH,2024-10-17T09:20:56,2024-10-17T09:22:32.752908,2024-10-17T09:46:15.815335,CLOSED,,DB-SERVER-07,False
ALT-CSE-07-03524,CSE-07,HIGH,2024-12-28T15:16:32,2024-12-28T15:18:16.317305,2024-12-28T15:30:16.875639,CLOSED,,DB-SERVER-07,False
ALT-CSE-07-03525,CSE-07,HIGH,2024-12-22T09:05:03,2024-12-22T09:06:47.816710,2024-12-22T09:22:49.171322,CLOSED,,ENDPOINT-07,False
ALT-CSE-07-03526,CSE-07,HIGH,2024-10-31T13:41:59,2024-10-31T13:43:37.220029,2024-10-31T14:03:32.390084,CLOSED,,FIREWALL-07,False
ALT-CSE-07-03527,CSE-07,LOW,2024-10-02T23:09:56,2024-10-02T23:10:47.243134,2024-10-02T23:17:36.816877,CLOSED,,WEB-SERVER-07,False
ALT-CSE-07-03528,CSE-07,MEDIUM,2024-10-03T13:39:10,2024-10-03T13:41:00.528754,2024-10-03T13:55:51.177451,CLOSED,,FIREWALL-07,False
ALT-CSE-07-03529,CSE-07,MEDIUM,2024-10-12T15:12:25,2024-10-12T15:13:12.000842,2024-10-12T15:38:56.245976,CLOSED,,DB-SERVER-07,False
ALT-CSE-07-03530,CSE-07,HIGH,2024-12-15T20:26:14,2024-12-15T20:26:48.655592,2024-12-15T20:49:03.085715,CLOSED,,ENDPOINT-07,False
ALT-CSE-07-03531,CSE-07,LOW,2024-11-22T23:32:56,2024-11-22T23:33:56.136235,2024-11-22T23:50:09.114568,CLOSED,,ENDPOINT-07,False
ALT-CSE-07-03532,CSE-07,MEDIUM,2024-10-22T20:02:48,2024-10-22T20:04:24.912859,2024-10-22T20:23:27.975939,CLOSED,,WEB-SERVER-07,False
ALT-CSE-07-03533,CSE-07,MEDIUM,2024-10-08T01:57:28,2024-10-08T01:59:26.779037,2024-10-08T02:16:10.416647,CLOSED,,ENDPOINT-07,False
ALT-CSE-07-03534,CSE-07,LOW,2024-11-18T11:25:23,2024-11-18T11:26:51.985500,2024-11-18T11:43:23.066962,CLOSED,,ENDPOINT-07,False
ALT-CSE-07-03535,CSE-07,HIGH,2024-12-03T00:56:26,2024-12-03T00:57:54.610339,2024-12-03T01:20:13.334424,CLOSED,,WEB-SERVER-07,False
ALT-CSE-07-03536,CSE-07,LOW,2024-10-02T04:32:33,2024-10-02T04:33:32.297430,2024-10-02T05:01:02.648308,CLOSED,,WEB-SERVER-07,False
ALT-CSE-07-03537,CSE-07,HIGH,2024-12-26T03:06:58,2024-12-26T03:07:38.816212,2024-12-26T03:29:12.826467,CLOSED,,ENDPOINT-07,False
ALT-CSE-07-03538,CSE-07,LOW,2024-10-22T00:28:44,2024-10-22T00:29:15.392227,2024-10-22T00:45:24.627615,CLOSED,,FIREWALL-07,False
ALT-CSE-07-03539,CSE-07,LOW,2024-12-22T15:31:28,2024-12-22T15:32:56.391265,2024-12-22T15:48:46.404572,CLOSED,CAS-CSE-07-0916,FIREWALL-07,False
ALT-CSE-07-03540,CSE-07,MEDIUM,2024-10-09T06:19:08,2024-10-09T06:20:00.226567,2024-10-09T06:39:01.204698,CLOSED,,DB-SERVER-07,False
ALT-CSE-07-03541,CSE-07,LOW,2024-11-08T09:06:16,2024-11-08T09:07:29.953620,2024-11-08T09:38:09.604972,CLOSED,,ENDPOINT-07,False
ALT-CSE-07-03542,CSE-07,HIGH,2024-11-28T07:20:42,2024-11-28T07:22:26.705394,2024-11-28T07:38:12.581987,CLOSED,,FIREWALL-07,False
ALT-CSE-07-03543,CSE-07,LOW,2024-10-10T18:32:36,2024-10-10T18:34:01.794180,2024-10-10T19:01:59.726563,CLOSED,CAS-CSE-07-0917,ENDPOINT-07,False
ALT-CSE-07-03544,CSE-07,HIGH,2024-11-14T09:16:00,2024-11-14T09:16:33.862593,2024-11-14T09:36:56.558692,CLOSED,,DB-SERVER-07,False
ALT-CSE-07-03545,CSE-07,LOW,2024-11-05T22:29:57,2024-11-05T22:30:47.473848,2024-11-05T22:46:56.447258,CLOSED,,WEB-SERVER-07,False
ALT-CSE-07-03546,CSE-07,MEDIUM,2024-10-09T23:42:24,2024-10-09T23:43:06.278171,2024-10-10T00:10:14.155349,CLOSED,CAS-CSE-07-0918,DB-SERVER-07,False
ALT-CSE-07-03547,CSE-07,MEDIUM,2024-10-06T22:30:37,2024-10-06T22:31:46.005119,2024-10-06T22:46:31.180708,CLOSED,,DB-SERVER-07,False
ALT-CSE-07-03548,CSE-07,HIGH,2024-10-04T16:47:40,2024-10-04T16:48:35.159835,2024-10-04T17:04:25.101307,CLOSED,CAS-CSE-07-0919,ENDPOINT-07,False
ALT-CSE-07-03549,CSE-07,MEDIUM,2024-12-27T16:30:54,2024-12-27T16:31:58.294905,2024-12-27T16:47:34.286998,CLOSED,CAS-CSE-07-0920,FIREWALL-07,False
ALT-CSE-07-03550,CSE-07,MEDIUM,2024-10-30T09:27:15,2024-10-30T09:28:35.219373,2024-10-30T09:45:12.253583,CLOSED,,ENDPOINT-07,False
ALT-CSE-07-03551,CSE-07,LOW,2024-12-21T13:11:59,2024-12-21T13:13:03.092412,2024-12-21T13:29:43.249601,CLOSED,,ENDPOINT-07,False
ALT-CSE-07-03552,CSE-07,HIGH,2024-12-01T18:46:52,2024-12-01T18:48:35.823559,2024-12-01T19:04:03.287931,CLOSED,,DB-SERVER-07,False
ALT-CSE-07-03553,CSE-07,LOW,2024-10-19T17:23:27,2024-10-19T17:25:24.157346,2024-10-19T17:45:36.474190,CLOSED,,WEB-SERVER-07,False
ALT-CSE-07-03554,CSE-07,MEDIUM,2024-12-18T19:52:40,2024-12-18T19:54:37.557332,2024-12-18T20:09:35.113469,CLOSED,,DB-SERVER-07,False
ALT-CSE-07-03555,CSE-07,LOW,2024-10-12T06:27:36,2024-10-12T06:28:11.120228,2024-10-12T06:46:26.959710,CLOSED,,FIREWALL-07,False
ALT-CSE-07-03556,CSE-07,LOW,2024-11-24T17:33:43,2024-11-24T17:34:23.269105,2024-11-24T17:55:47.197940,CLOSED,,FIREWALL-07,False
ALT-CSE-07-03557,CSE-07,MEDIUM,2024-11-11T23:15:51,2024-11-11T23:17:38.901646,2024-11-11T23:25:57.516215,CLOSED,,DB-SERVER-07,False
ALT-CSE-07-03558,CSE-07,MEDIUM,2024-12-16T07:27:58,2024-12-16T07:29:09.757201,2024-12-16T07:50:54.894030,CLOSED,,DB-SERVER-07,False
ALT-CSE-07-03559,CSE-07,LOW,2024-10-05T12:22:57,2024-10-05T12:24:22.454638,2024-10-05T12:57:26.471568,CLOSED,,WEB-SERVER-07,False
ALT-CSE-07-03560,CSE-07,MEDIUM,2024-12-02T23:16:23,2024-12-02T23:17:01.176409,2024-12-02T23:38:26.148466,CLOSED,,DB-SERVER-07,False
ALT-CSE-07-03561,CSE-07,HIGH,2024-10-27T19:41:54,2024-10-27T19:43:02.693143,2024-10-27T20:05:10.950449,CLOSED,,WEB-SERVER-07,False
ALT-CSE-07-03562,CSE-07,HIGH,2024-11-26T21:35:41,2024-11-26T21:36:56.101122,2024-11-26T22:02:59.913101,CLOSED,,WEB-SERVER-07,False
ALT-CSE-07-03563,CSE-07,LOW,2024-11-15T11:12:46,2024-11-15T11:13:37.741704,2024-11-15T11:35:23.995932,CLOSED,,FIREWALL-07,False
ALT-CSE-07-03564,CSE-07,MEDIUM,2024-11-07T08:02:42,2024-11-07T08:03:24.411217,2024-11-07T08:20:59.628920,CLOSED,,FIREWALL-07,False
ALT-CSE-07-03565,CSE-07,MEDIUM,2024-10-23T05:21:47,2024-10-23T05:22:26.680557,2024-10-23T05:38:12.274998,CLOSED,,WEB-SERVER-07,False
ALT-CSE-07-03566,CSE-07,HIGH,2024-12-08T05:34:19,2024-12-08T05:34:53.870094,2024-12-08T05:44:25.578597,CLOSED,,WEB-SERVER-07,False
ALT-CSE-07-03567,CSE-07,HIGH,2024-12-04T12:46:03,2024-12-04T12:47:10.249688,2024-12-04T13:04:32.194682,CLOSED,,ENDPOINT-07,False
ALT-CSE-07-03568,CSE-07,LOW,2024-10-15T13:17:57,2024-10-15T13:19:55.703881,2024-10-15T13:38:39.253114,CLOSED,,FIREWALL-07,False
ALT-CSE-07-03569,CSE-07,LOW,2024-11-02T06:02:21,2024-11-02T06:03:20.517066,2024-11-02T06:23:19.019626,CLOSED,,FIREWALL-07,False
ALT-CSE-07-03570,CSE-07,LOW,2024-10-03T15:30:37,2024-10-03T15:31:27.720106,2024-10-03T15:39:07.658057,CLOSED,CAS-CSE-07-0921,ENDPOINT-07,False
ALT-CSE-07-03571,CSE-07,HIGH,2024-11-06T02:47:06,2024-11-06T02:48:26.815414,2024-11-06T03:08:15.419775,CLOSED,,ENDPOINT-07,False
ALT-CSE-07-03572,CSE-07,MEDIUM,2024-12-22T13:12:36,2024-12-22T13:13:57.085591,2024-12-22T13:31:05.965083,CLOSED,,FIREWALL-07,False
ALT-CSE-07-03573,CSE-07,LOW,2024-10-03T09:40:39,2024-10-03T09:41:43.712117,2024-10-03T10:03:34.146801,CLOSED,,DB-SERVER-07,False
ALT-CSE-07-03574,CSE-07,MEDIUM,2024-10-24T02:10:36,2024-10-24T02:11:07.402208,2024-10-24T02:32:55.022707,CLOSED,,WEB-SERVER-07,False
ALT-CSE-07-03575,CSE-07,HIGH,2024-12-12T00:01:27,2024-12-12T00:02:32.249608,2024-12-12T00:21:50.907643,CLOSED,,FIREWALL-07,False
ALT-CSE-07-03576,CSE-07,HIGH,2024-11-28T04:10:49,2024-11-28T04:12:37.622446,2024-11-28T04:27:23.778202,CLOSED,,WEB-SERVER-07,False
ALT-CSE-07-03577,CSE-07,HIGH,2024-10-28T03:35:20,2024-10-28T03:36:41.773792,2024-10-28T03:43:18.192381,CLOSED,,DB-SERVER-07,False
ALT-CSE-07-03578,CSE-07,LOW,2024-10-12T21:38:03,2024-10-12T21:38:59.932964,2024-10-12T21:56:13.218960,CLOSED,,ENDPOINT-07,False
ALT-CSE-07-03579,CSE-07,HIGH,2024-11-22T23:22:25,2024-11-22T23:23:09.879253,2024-11-22T23:36:10.785017,CLOSED,,DB-SERVER-07,False
ALT-CSE-07-03580,CSE-07,MEDIUM,2024-11-22T22:35:46,2024-11-22T22:37:18.870465,2024-11-22T22:49:56.928572,CLOSED,,ENDPOINT-07,False
ALT-CSE-07-03581,CSE-07,HIGH,2024-11-27T05:39:41,2024-11-27T05:41:38.911261,2024-11-27T06:03:16.137368,CLOSED,,WEB-SERVER-07,False
ALT-CSE-07-03582,CSE-07,MEDIUM,2024-10-29T10:10:01,2024-10-29T10:11:58.270419,2024-10-29T10:40:05.668419,CLOSED,,DB-SERVER-07,False
ALT-CSE-07-03583,CSE-07,MEDIUM,2024-12-07T15:10:26,2024-12-07T15:11:00.297168,2024-12-07T15:28:20.221735,CLOSED,,WEB-SERVER-07,False
ALT-CSE-07-03584,CSE-07,HIGH,2024-10-19T10:14:46,2024-10-19T10:16:01.946865,2024-10-19T10:38:35.170316,CLOSED,,ENDPOINT-07,False
ALT-CSE-07-03585,CSE-07,LOW,2024-10-25T18:38:54,2024-10-25T18:40:02.392889,2024-10-25T19:05:11.430129,CLOSED,,WEB-SERVER-07,False
ALT-CSE-07-03586,CSE-07,LOW,2024-12-27T21:07:44,2024-12-27T21:09:08.239574,2024-12-27T21:26:37.874837,CLOSED,,WEB-SERVER-07,False
ALT-CSE-07-03587,CSE-07,HIGH,2024-10-15T09:45:51,2024-10-15T09:46:38.953061,2024-10-15T10:01:51.501522,CLOSED,,DB-SERVER-07,False
ALT-CSE-07-03588,CSE-07,LOW,2024-11-27T13:34:21,2024-11-27T13:36:02.582323,2024-11-27T13:53:22.464276,CLOSED,,WEB-SERVER-07,False
ALT-CSE-07-03589,CSE-07,MEDIUM,2024-12-24T00:12:16,2024-12-24T00:14:01.467164,2024-12-24T00:28:45.417390,CLOSED,,FIREWALL-07,False
ALT-CSE-07-03590,CSE-07,HIGH,2024-12-25T05:44:36,2024-12-25T05:45:12.217685,2024-12-25T06:09:18.943966,CLOSED,,FIREWALL-07,False
ALT-CSE-07-03591,CSE-07,HIGH,2024-12-07T17:51:53,2024-12-07T17:52:42.271738,2024-12-07T18:20:11.903705,CLOSED,,ENDPOINT-07,False
ALT-CSE-07-03592,CSE-07,LOW,2024-10-02T01:19:09,2024-10-02T01:19:49.801922,2024-10-02T01:42:17.447857,CLOSED,,FIREWALL-07,False
ALT-CSE-07-03593,CSE-07,LOW,2024-10-08T23:46:43,2024-10-08T23:47:31.760486,2024-10-09T00:08:33.103805,CLOSED,,WEB-SERVER-07,False
ALT-CSE-07-03594,CSE-07,MEDIUM,2024-11-30T00:36:02,2024-11-30T00:37:23.223953,2024-11-30T00:53:50.585831,CLOSED,,WEB-SERVER-07,False
ALT-CSE-07-03595,CSE-07,LOW,2024-10-10T20:24:21,2024-10-10T20:25:08.708140,2024-10-10T20:48:38.444907,CLOSED,CAS-CSE-07-0922,WEB-SERVER-07,False
ALT-CSE-07-03596,CSE-07,MEDIUM,2024-12-06T21:12:08,2024-12-06T21:12:57.476519,2024-12-06T21:31:50.068931,CLOSED,,WEB-SERVER-07,False
ALT-CSE-07-03597,CSE-07,HIGH,2024-10-08T20:15:12,2024-10-08T20:15:48.529984,2024-10-08T20:27:24.219109,CLOSED,,ENDPOINT-07,False
ALT-CSE-07-03598,CSE-07,LOW,2024-12-21T16:40:50,2024-12-21T16:41:28.770542,2024-12-21T17:02:15.726958,CLOSED,,WEB-SERVER-07,False
ALT-CSE-07-03599,CSE-07,HIGH,2024-11-05T00:28:04,2024-11-05T00:29:23.010672,2024-11-05T00:53:30.717234,CLOSED,,ENDPOINT-07,False
ALT-CSE-07-03600,CSE-07,LOW,2024-12-04T14:24:38,2024-12-04T14:25:52.997617,2024-12-04T14:44:42.467633,CLOSED,,DB-SERVER-07,False
ALT-CSE-07-03601,CSE-07,HIGH,2024-11-28T02:10:25,2024-11-28T02:12:15.861016,2024-11-28T02:23:06.753399,CLOSED,,ENDPOINT-07,False
ALT-CSE-07-03602,CSE-07,HIGH,2024-10-06T09:45:44,2024-10-06T09:47:03.353373,2024-10-06T10:02:41.653509,CLOSED,,WEB-SERVER-07,False
ALT-CSE-07-03603,CSE-07,LOW,2024-12-24T00:24:09,2024-12-24T00:26:02.882048,2024-12-24T00:45:21.482878,CLOSED,,WEB-SERVER-07,False
ALT-CSE-07-03604,CSE-07,LOW,2024-11-14T09:49:24,2024-11-14T09:50:17.223472,2024-11-14T10:10:31.911046,CLOSED,,ENDPOINT-07,False
ALT-CSE-07-03605,CSE-07,MEDIUM,2024-10-14T15:20:39,2024-10-14T15:22:11.918610,2024-10-14T15:41:12.398884,CLOSED,CAS-CSE-07-0923,DB-SERVER-07,False
ALT-CSE-07-03606,CSE-07,MEDIUM,2024-12-17T05:48:10,2024-12-17T05:49:12.725231,2024-12-17T06:11:46.958671,CLOSED,,WEB-SERVER-07,False
ALT-CSE-07-03607,CSE-07,HIGH,2024-11-19T11:41:34,2024-11-19T11:42:49.854904,2024-11-19T12:02:33.359864,CLOSED,,ENDPOINT-07,False
ALT-CSE-07-03608,CSE-07,LOW,2024-11-30T10:43:29,2024-11-30T10:44:59.278109,2024-11-30T11:15:06.167331,CLOSED,,DB-SERVER-07,False
ALT-CSE-07-03609,CSE-07,LOW,2024-12-12T21:11:09,2024-12-12T21:12:33.066304,2024-12-12T21:26:50.939619,CLOSED,,WEB-SERVER-07,False
ALT-CSE-07-03610,CSE-07,LOW,2024-11-07T01:28:50,2024-11-07T01:29:52.084609,2024-11-07T01:58:21.194311,CLOSED,CAS-CSE-07-0924,WEB-SERVER-07,False
ALT-CSE-07-03611,CSE-07,HIGH,2024-12-09T09:34:32,2024-12-09T09:35:33.263116,2024-12-09T09:53:16.701322,CLOSED,,WEB-SERVER-07,False
ALT-CSE-07-03612,CSE-07,MEDIUM,2024-10-31T03:24:37,2024-10-31T03:26:29.368826,2024-10-31T03:46:33.675050,CLOSED,,WEB-SERVER-07,False
ALT-CSE-07-03613,CSE-07,HIGH,2024-12-15T11:13:21,2024-12-15T11:13:55.460669,2024-12-15T11:33:34.993250,CLOSED,,FIREWALL-07,False
ALT-CSE-07-03614,CSE-07,MEDIUM,2024-12-03T22:11:54,2024-12-03T22:12:47.344995,2024-12-03T22:31:19.918572,CLOSED,,DB-SERVER-07,False
ALT-CSE-07-03615,CSE-07,HIGH,2024-11-12T20:19:51,2024-11-12T20:21:15.129674,2024-11-12T20:38:53.801655,CLOSED,,ENDPOINT-07,False
ALT-CSE-07-03616,CSE-07,MEDIUM,2024-10-14T11:28:46,2024-10-14T11:30:08.190181,2024-10-14T11:38:34.431084,CLOSED,,DB-SERVER-07,False
ALT-CSE-07-03617,CSE-07,HIGH,2024-11-22T08:35:39,2024-11-22T08:37:00.233902,2024-11-22T08:44:40.050410,CLOSED,CAS-CSE-07-0925,DB-SERVER-07,False
ALT-CSE-07-03618,CSE-07,LOW,2024-10-03T14:18:40,2024-10-03T14:20:37.288154,2024-10-03T14:36:30.780937,CLOSED,,WEB-SERVER-07,False
ALT-CSE-07-03619,CSE-07,MEDIUM,2024-12-13T03:27:09,2024-12-13T03:28:15.624138,2024-12-13T03:50:50.388534,CLOSED,,DB-SERVER-07,False
ALT-CSE-07-03620,CSE-07,LOW,2024-10-27T03:12:30,2024-10-27T03:13:29.054046,2024-10-27T03:31:42.119851,CLOSED,,ENDPOINT-07,False
ALT-CSE-07-03621,CSE-07,HIGH,2024-12-19T04:59:23,2024-12-19T05:00:56.321989,2024-12-19T05:06:53.809860,CLOSED,,DB-SERVER-07,False
ALT-CSE-07-03622,CSE-07,MEDIUM,2024-10-18T06:42:16,2024-10-18T06:43:55.066861,2024-10-18T07:02:16.586868,CLOSED,,WEB-SERVER-07,False
ALT-CSE-07-03623,CSE-07,LOW,2024-12-10T10:50:00,2024-12-10T10:51:00.887590,2024-12-10T11:13:11.247475,CLOSED,,WEB-SERVER-07,False
ALT-CSE-07-03624,CSE-07,LOW,2024-11-29T06:02:10,2024-11-29T06:03:28.663955,2024-11-29T06:25:11.627001,CLOSED,,ENDPOINT-07,False
ALT-CSE-07-03625,CSE-07,LOW,2024-12-14T18:49:33,2024-12-14T18:50:47.034966,2024-12-14T19:07:56.603238,CLOSED,,DB-SERVER-07,False
ALT-CSE-07-03626,CSE-07,LOW,2024-11-06T04:16:03,2024-11-06T04:17:34.958358,2024-11-06T04:44:21.216259,CLOSED,,DB-SERVER-07,False
ALT-CSE-07-03627,CSE-07,MEDIUM,2024-10-25T07:55:43,2024-10-25T07:57:11.540452,2024-10-25T08:16:41.357403,CLOSED,,DB-SERVER-07,False
ALT-CSE-07-03628,CSE-07,MEDIUM,2024-11-11T17:18:04,2024-11-11T17:18:50.144528,2024-11-11T17:44:41.098364,CLOSED,,DB-SERVER-07,False
ALT-CSE-07-03629,CSE-07,MEDIUM,2024-10-07T20:38:13,2024-10-07T20:39:26.575423,2024-10-07T21:01:55.062197,CLOSED,,DB-SERVER-07,False
ALT-CSE-07-03630,CSE-07,HIGH,2024-10-25T23:30:31,2024-10-25T23:32:23.297962,2024-10-25T23:50:10.934171,CLOSED,,FIREWALL-07,False
ALT-CSE-07-03631,CSE-07,HIGH,2024-12-18T08:02:43,2024-12-18T08:04:06.698266,2024-12-18T08:23:50.748952,CLOSED,,WEB-SERVER-07,False
ALT-CSE-07-03632,CSE-07,LOW,2024-10-08T12:59:57,2024-10-08T13:01:02.798162,2024-10-08T13:16:47.652741,CLOSED,,DB-SERVER-07,False
ALT-CSE-07-03633,CSE-07,MEDIUM,2024-12-11T06:33:34,2024-12-11T06:34:14.326783,2024-12-11T06:58:26.837409,CLOSED,CAS-CSE-07-0926,ENDPOINT-07,False
ALT-CSE-07-03634,CSE-07,MEDIUM,2024-10-19T08:13:49,2024-10-19T08:15:30.531342,2024-10-19T08:43:20.511471,CLOSED,,DB-SERVER-07,False
ALT-CSE-07-03635,CSE-07,LOW,2024-11-29T01:55:01,2024-11-29T01:56:25.944899,2024-11-29T02:12:14.851082,CLOSED,,ENDPOINT-07,False
ALT-CSE-07-03636,CSE-07,HIGH,2024-11-30T08:41:48,2024-11-30T08:42:59.545233,2024-11-30T09:03:15.907116,CLOSED,,WEB-SERVER-07,False
ALT-CSE-07-03637,CSE-07,HIGH,2024-11-27T02:05:09,2024-11-27T02:05:41.359848,2024-11-27T02:24:05.842988,CLOSED,,FIREWALL-07,False
ALT-CSE-07-03638,CSE-07,LOW,2024-10-05T05:08:59,2024-10-05T05:10:10.443044,2024-10-05T05:32:36.268038,CLOSED,,ENDPOINT-07,False
ALT-CSE-07-03639,CSE-07,MEDIUM,2024-10-01T20:45:20,2024-10-01T20:46:28.008135,2024-10-01T20:59:29.928722,CLOSED,,WEB-SERVER-07,False
ALT-CSE-07-03640,CSE-07,HIGH,2024-10-22T04:02:47,2024-10-22T04:03:22.679778,2024-10-22T04:20:31.954518,CLOSED,CAS-CSE-07-0927,DB-SERVER-07,False
ALT-CSE-07-03641,CSE-07,HIGH,2024-10-20T23:12:56,2024-10-20T23:14:41.058972,2024-10-20T23:32:59.558273,CLOSED,,FIREWALL-07,False
ALT-CSE-07-03642,CSE-07,HIGH,2024-10-24T02:59:39,2024-10-24T03:00:47.449550,2024-10-24T03:13:26.802647,CLOSED,,ENDPOINT-07,False
ALT-CSE-07-03643,CSE-07,LOW,2024-11-06T23:09:08,2024-11-06T23:10:26.383436,2024-11-06T23:32:53.001411,CLOSED,,WEB-SERVER-07,False
ALT-CSE-07-03644,CSE-07,LOW,2024-11-02T01:38:46,2024-11-02T01:39:37.547382,2024-11-02T02:00:39.244548,CLOSED,,DB-SERVER-07,False
ALT-CSE-07-03645,CSE-07,LOW,2024-11-09T05:34:15,2024-11-09T05:35:32.134007,2024-11-09T05:59:39.870428,CLOSED,,DB-SERVER-07,False
ALT-CSE-07-03646,CSE-07,HIGH,2024-10-16T00:16:12,2024-10-16T00:18:08.525068,2024-10-16T00:35:14.198582,CLOSED,,WEB-SERVER-07,False
ALT-CSE-07-03647,CSE-07,HIGH,2024-11-18T16:23:47,2024-11-18T16:25:24.931144,2024-11-18T16:44:16.343760,CLOSED,,WEB-SERVER-07,False
ALT-CSE-07-03648,CSE-07,LOW,2024-11-02T11:46:46,2024-11-02T11:48:44.710292,2024-11-02T12:02:03.141373,CLOSED,,DB-SERVER-07,False
ALT-CSE-07-03649,CSE-07,MEDIUM,2024-10-20T23:52:11,2024-10-20T23:52:49.651264,2024-10-21T00:14:44.820241,CLOSED,,DB-SERVER-07,False
ALT-CSE-07-03650,CSE-07,LOW,2024-12-14T23:03:29,2024-12-14T23:04:17.066840,2024-12-14T23:24:33.946121,CLOSED,,FIREWALL-07,False
ALT-CSE-07-03651,CSE-07,LOW,2024-12-19T06:01:54,2024-12-19T06:03:12.953223,2024-12-19T06:19:48.675468,CLOSED,,WEB-SERVER-07,False
ALT-CSE-07-03652,CSE-07,LOW,2024-11-10T07:30:53,2024-11-10T07:31:49.059427,2024-11-10T07:49:52.335841,CLOSED,,DB-SERVER-07,False
ALT-CSE-07-03653,CSE-07,MEDIUM,2024-10-25T09:47:02,2024-10-25T09:47:42.510385,2024-10-25T10:01:53.431903,CLOSED,,ENDPOINT-07,False
ALT-CSE-07-03654,CSE-07,MEDIUM,2024-11-22T11:37:30,2024-11-22T11:38:11.941857,2024-11-22T11:57:34.358742,CLOSED,,WEB-SERVER-07,False
ALT-CSE-07-03655,CSE-07,MEDIUM,2024-12-02T03:49:39,2024-12-02T03:50:49.567768,2024-12-02T04:08:09.860795,CLOSED,,DB-SERVER-07,False
ALT-CSE-07-03656,CSE-07,LOW,2024-11-24T09:51:51,2024-11-24T09:52:26.313372,2024-11-24T10:21:37.858001,CLOSED,,WEB-SERVER-07,False
ALT-CSE-07-03657,CSE-07,LOW,2024-10-29T12:17:18,2024-10-29T12:18:30.603793,2024-10-29T12:33:22.620432,CLOSED,,DB-SERVER-07,False
ALT-CSE-07-03658,CSE-07,HIGH,2024-10-24T05:59:35,2024-10-24T06:00:47.009176,2024-10-24T06:15:22.893877,CLOSED,CAS-CSE-07-0928,WEB-SERVER-07,False
ALT-CSE-07-03659,CSE-07,HIGH,2024-12-05T19:20:37,2024-12-05T19:22:14.670091,2024-12-05T19:32:20.765029,CLOSED,,DB-SERVER-07,False
ALT-CSE-07-03660,CSE-07,LOW,2024-12-07T20:04:23,2024-12-07T20:05:25.679314,2024-12-07T20:26:52.439854,CLOSED,,ENDPOINT-07,False
ALT-CSE-07-03661,CSE-07,HIGH,2024-12-12T05:27:31,2024-12-12T05:28:05.940060,2024-12-12T05:51:31.837224,CLOSED,,WEB-SERVER-07,False
ALT-CSE-07-03662,CSE-07,LOW,2024-10-23T18:43:13,2024-10-23T18:44:07.275471,2024-10-23T18:52:47.922405,CLOSED,,WEB-SERVER-07,False
ALT-CSE-07-03663,CSE-07,LOW,2024-11-17T12:41:51,2024-11-17T12:42:38.507414,2024-11-17T13:01:54.285714,CLOSED,,FIREWALL-07,False
ALT-CSE-07-03664,CSE-07,HIGH,2024-12-25T15:59:44,2024-12-25T16:01:05.460546,2024-12-25T16:14:53.857394,CLOSED,,WEB-SERVER-07,False
ALT-CSE-07-03665,CSE-07,HIGH,2024-11-16T22:40:01,2024-11-16T22:41:49.512549,2024-11-16T23:00:51.901873,CLOSED,,FIREWALL-07,False
ALT-CSE-07-03666,CSE-07,HIGH,2024-10-08T19:52:22,2024-10-08T19:53:39.522509,2024-10-08T20:08:48.867477,CLOSED,,WEB-SERVER-07,False
ALT-CSE-07-03667,CSE-07,MEDIUM,2024-11-17T18:36:59,2024-11-17T18:38:30.916247,2024-11-17T18:55:10.859768,CLOSED,,FIREWALL-07,False
ALT-CSE-07-03668,CSE-07,HIGH,2024-10-17T19:36:22,2024-10-17T19:37:48.108429,2024-10-17T20:02:27.221249,CLOSED,,ENDPOINT-07,False
ALT-CSE-07-03669,CSE-07,MEDIUM,2024-12-05T08:14:17,2024-12-05T08:16:13.089349,2024-12-05T08:35:11.613752,CLOSED,,ENDPOINT-07,False
ALT-CSE-07-03670,CSE-07,LOW,2024-11-18T10:22:07,2024-11-18T10:23:50.348275,2024-11-18T10:44:29.299423,CLOSED,,WEB-SERVER-07,False
ALT-CSE-07-03671,CSE-07,LOW,2024-11-17T10:51:40,2024-11-17T10:52:47.758571,2024-11-17T11:19:15.173132,CLOSED,CAS-CSE-07-0929,WEB-SERVER-07,False
ALT-CSE-07-03672,CSE-07,HIGH,2024-11-26T20:00:21,2024-11-26T20:01:49.024808,2024-11-26T20:26:20.965599,CLOSED,,FIREWALL-07,False
ALT-CSE-07-03673,CSE-07,HIGH,2024-11-19T00:08:29,2024-11-19T00:10:21.829992,2024-11-19T00:17:29.986219,CLOSED,,FIREWALL-07,False
ALT-CSE-07-03674,CSE-07,HIGH,2024-11-01T06:16:21,2024-11-01T06:17:16.599577,2024-11-01T06:41:46.329953,CLOSED,,ENDPOINT-07,False
ALT-CSE-07-03675,CSE-07,LOW,2024-11-15T09:16:59,2024-11-15T09:17:51.062474,2024-11-15T09:41:46.418465,CLOSED,,ENDPOINT-07,False
ALT-CSE-07-03676,CSE-07,HIGH,2024-12-25T01:24:05,2024-12-25T01:25:54.012880,2024-12-25T01:45:04.746831,CLOSED,,DB-SERVER-07,False
ALT-CSE-07-03677,CSE-07,LOW,2024-12-03T22:42:48,2024-12-03T22:43:24.923371,2024-12-03T22:58:24.022464,CLOSED,,FIREWALL-07,False
ALT-CSE-07-03678,CSE-07,LOW,2024-11-10T23:57:03,2024-11-10T23:58:09.786001,2024-11-11T00:15:34.591053,CLOSED,,FIREWALL-07,False
ALT-CSE-07-03679,CSE-07,MEDIUM,2024-11-10T13:53:49,2024-11-10T13:54:51.550419,2024-11-10T14:13:58.230689,CLOSED,,DB-SERVER-07,False
ALT-CSE-07-03680,CSE-07,LOW,2024-12-07T06:13:39,2024-12-07T06:14:20.939192,2024-12-07T06:31:07.774060,CLOSED,,ENDPOINT-07,False
ALT-CSE-07-03681,CSE-07,LOW,2024-10-19T08:39:40,2024-10-19T08:40:10.363540,2024-10-19T09:05:52.433062,CLOSED,,FIREWALL-07,False
ALT-CSE-07-03682,CSE-07,LOW,2024-12-13T04:22:03,2024-12-13T04:23:24.203567,2024-12-13T04:39:32.014649,CLOSED,,FIREWALL-07,False
ALT-CSE-07-03683,CSE-07,HIGH,2024-10-06T01:52:19,2024-10-06T01:52:57.904251,2024-10-06T02:13:59.790085,CLOSED,,WEB-SERVER-07,False
ALT-CSE-07-03684,CSE-07,LOW,2024-12-11T11:56:08,2024-12-11T11:58:01.615536,2024-12-11T12:18:29.190159,CLOSED,,WEB-SERVER-07,False
ALT-CSE-07-03685,CSE-07,LOW,2024-10-26T00:12:07,2024-10-26T00:13:36.003257,2024-10-26T00:28:19.788161,CLOSED,,WEB-SERVER-07,False
ALT-CSE-07-03686,CSE-07,HIGH,2024-11-23T05:08:05,2024-11-23T05:10:02.677716,2024-11-23T05:28:34.724872,CLOSED,,WEB-SERVER-07,False
ALT-CSE-07-03687,CSE-07,LOW,2024-11-27T14:37:07,2024-11-27T14:38:00.904949,2024-11-27T14:54:58.869061,CLOSED,,WEB-SERVER-07,False
ALT-CSE-07-03688,CSE-07,HIGH,2024-10-13T15:47:45,2024-10-13T15:49:35.358992,2024-10-13T16:06:52.619710,CLOSED,,WEB-SERVER-07,False
ALT-CSE-07-03689,CSE-07,HIGH,2024-10-11T00:37:53,2024-10-11T00:39:05.145679,2024-10-11T00:58:31.411393,CLOSED,,DB-SERVER-07,False
ALT-CSE-07-03690,CSE-07,MEDIUM,2024-11-12T19:53:05,2024-11-12T19:53:56.468079,2024-11-12T20:19:38.667541,CLOSED,,ENDPOINT-07,False
ALT-CSE-07-03691,CSE-07,HIGH,2024-12-14T13:38:02,2024-12-14T13:40:01.208294,2024-12-14T13:56:15.023586,CLOSED,,ENDPOINT-07,False
ALT-CSE-07-03692,CSE-07,LOW,2024-10-27T19:19:39,2024-10-27T19:20:11.525570,2024-10-27T19:35:21.370335,CLOSED,,ENDPOINT-07,False
ALT-CSE-07-03693,CSE-07,HIGH,2024-12-11T15:01:56,2024-12-11T15:02:51.543334,2024-12-11T15:21:37.237009,CLOSED,,WEB-SERVER-07,False
ALT-CSE-07-03694,CSE-07,MEDIUM,2024-12-11T08:13:32,2024-12-11T08:14:51.499021,2024-12-11T08:33:13.538250,CLOSED,,WEB-SERVER-07,False
ALT-CSE-07-03695,CSE-07,MEDIUM,2024-12-08T04:26:38,2024-12-08T04:27:08.111229,2024-12-08T04:49:12.978964,CLOSED,,ENDPOINT-07,False
ALT-CSE-07-03696,CSE-07,MEDIUM,2024-10-13T03:06:28,2024-10-13T03:07:04.211028,2024-10-13T03:19:17.283638,CLOSED,,FIREWALL-07,False
ALT-CSE-07-03697,CSE-07,MEDIUM,2024-11-20T22:39:44,2024-11-20T22:41:13.717082,2024-11-20T23:06:30.611844,CLOSED,,ENDPOINT-07,False
ALT-CSE-07-03698,CSE-07,LOW,2024-10-25T07:09:16,2024-10-25T07:11:00.381587,2024-10-25T07:25:23.902978,CLOSED,,DB-SERVER-07,False
ALT-CSE-07-03699,CSE-07,MEDIUM,2024-10-21T06:30:55,2024-10-21T06:31:56.723856,2024-10-21T06:50:08.795398,CLOSED,,WEB-SERVER-07,False
ALT-CSE-07-03700,CSE-07,HIGH,2024-10-03T10:04:07,2024-10-03T10:05:22.044416,2024-10-03T10:28:53.601904,CLOSED,,ENDPOINT-07,False
ALT-CSE-07-03701,CSE-07,MEDIUM,2024-11-03T22:21:55,2024-11-03T22:22:26.248190,2024-11-03T22:40:20.286410,CLOSED,,FIREWALL-07,False
ALT-CSE-07-03702,CSE-07,HIGH,2024-11-15T06:04:47,2024-11-15T06:06:26.601064,2024-11-15T06:31:32.075035,CLOSED,,DB-SERVER-07,False
ALT-CSE-07-03703,CSE-07,LOW,2024-11-13T23:04:45,2024-11-13T23:05:43.003472,2024-11-13T23:24:39.191922,CLOSED,,DB-SERVER-07,False
ALT-CSE-07-03704,CSE-07,HIGH,2024-10-23T17:22:13,2024-10-23T17:24:08.112353,2024-10-23T17:44:35.915332,CLOSED,,DB-SERVER-07,False
ALT-CSE-07-03705,CSE-07,HIGH,2024-10-21T13:51:08,2024-10-21T13:51:43.319676,2024-10-21T14:19:40.760553,CLOSED,,FIREWALL-07,False
ALT-CSE-07-03706,CSE-07,MEDIUM,2024-10-18T17:03:01,2024-10-18T17:04:25.699852,2024-10-18T17:19:19.948405,CLOSED,,FIREWALL-07,False
ALT-CSE-07-03707,CSE-07,MEDIUM,2024-11-17T09:00:47,2024-11-17T09:01:59.212946,2024-11-17T09:21:37.935403,CLOSED,,ENDPOINT-07,False
ALT-CSE-07-03708,CSE-07,LOW,2024-10-11T21:26:31,2024-10-11T21:27:26.258840,2024-10-11T21:53:41.158909,CLOSED,,ENDPOINT-07,False
ALT-CSE-07-03709,CSE-07,LOW,2024-10-26T21:10:02,2024-10-26T21:11:21.471174,2024-10-26T21:36:22.161318,CLOSED,,WEB-SERVER-07,False
ALT-CSE-07-03710,CSE-07,HIGH,2024-12-23T08:54:23,2024-12-23T08:55:28.631141,2024-12-23T09:04:16.074921,CLOSED,,DB-SERVER-07,False
ALT-CSE-07-03711,CSE-07,LOW,2024-12-05T13:58:29,2024-12-05T14:00:14.981732,2024-12-05T14:19:14.363996,CLOSED,,ENDPOINT-07,False
ALT-CSE-07-03712,CSE-07,LOW,2024-12-27T05:55:25,2024-12-27T05:56:17.270961,2024-12-27T06:22:13.448483,CLOSED,,ENDPOINT-07,False
ALT-CSE-07-03713,CSE-07,LOW,2024-12-20T16:47:21,2024-12-20T16:48:34.720808,2024-12-20T17:08:40.245159,CLOSED,,ENDPOINT-07,False
ALT-CSE-07-03714,CSE-07,MEDIUM,2024-11-10T04:06:51,2024-11-10T04:08:28.413263,2024-11-10T04:27:44.635200,CLOSED,,ENDPOINT-07,False
ALT-CSE-07-03715,CSE-07,MEDIUM,2024-11-04T09:57:25,2024-11-04T09:58:11.850040,2024-11-04T10:10:16.102332,CLOSED,,DB-SERVER-07,False
ALT-CSE-07-03716,CSE-07,MEDIUM,2024-12-01T03:53:09,2024-12-01T03:53:45.688956,2024-12-01T04:10:33.457441,CLOSED,,FIREWALL-07,False
ALT-CSE-07-03717,CSE-07,HIGH,2024-11-22T21:15:16,2024-11-22T21:17:12.751336,2024-11-22T21:34:58.789416,CLOSED,,WEB-SERVER-07,False
ALT-CSE-07-03718,CSE-07,LOW,2024-12-20T21:27:00,2024-12-20T21:28:17.916606,2024-12-20T21:46:43.766660,CLOSED,,DB-SERVER-07,False
ALT-CSE-07-03719,CSE-07,LOW,2024-10-29T02:45:34,2024-10-29T02:46:27.873440,2024-10-29T03:01:22.181187,CLOSED,,FIREWALL-07,False
ALT-CSE-07-03720,CSE-07,MEDIUM,2024-10-03T00:32:46,2024-10-03T00:33:54.923967,2024-10-03T00:43:56.053438,CLOSED,,DB-SERVER-07,False
ALT-CSE-07-03721,CSE-07,LOW,2024-10-15T05:29:26,2024-10-15T05:30:39.431027,2024-10-15T05:55:15.183655,CLOSED,,WEB-SERVER-07,False
ALT-CSE-07-03722,CSE-07,HIGH,2024-11-11T18:43:11,2024-11-11T18:44:55.614995,2024-11-11T19:01:03.294897,CLOSED,,FIREWALL-07,False
ALT-CSE-07-03723,CSE-07,LOW,2024-12-29T02:47:31,2024-12-29T02:49:01.613438,2024-12-29T03:10:32.895245,CLOSED,,WEB-SERVER-07,False
ALT-CSE-07-03724,CSE-07,LOW,2024-12-01T16:58:25,2024-12-01T17:00:03.852960,2024-12-01T17:11:05.241762,CLOSED,CAS-CSE-07-0930,FIREWALL-07,False
ALT-CSE-07-03725,CSE-07,MEDIUM,2024-12-10T16:26:02,2024-12-10T16:27:28.621898,2024-12-10T16:58:35.739252,CLOSED,,WEB-SERVER-07,False
ALT-CSE-07-03726,CSE-07,MEDIUM,2024-12-05T03:21:54,2024-12-05T03:23:43.252854,2024-12-05T03:35:10.402020,CLOSED,,DB-SERVER-07,False
ALT-CSE-07-03727,CSE-07,LOW,2024-12-23T03:27:14,2024-12-23T03:28:24.959568,2024-12-23T03:38:14.023070,CLOSED,,ENDPOINT-07,False
ALT-CSE-07-03728,CSE-07,LOW,2024-11-14T17:52:21,2024-11-14T17:53:11.877653,2024-11-14T18:14:30.735905,CLOSED,,FIREWALL-07,False
ALT-CSE-07-03729,CSE-07,HIGH,2024-12-09T22:37:52,2024-12-09T22:39:08.115328,2024-12-09T23:01:02.656136,CLOSED,CAS-CSE-07-0931,ENDPOINT-07,False
ALT-CSE-07-03730,CSE-07,MEDIUM,2024-12-18T09:36:48,2024-12-18T09:38:00.800432,2024-12-18T09:58:00.036523,CLOSED,,WEB-SERVER-07,False
ALT-CSE-07-03731,CSE-07,MEDIUM,2024-11-07T14:01:08,2024-11-07T14:02:19.397399,2024-11-07T14:22:44.277566,CLOSED,,DB-SERVER-07,False
ALT-CSE-07-03732,CSE-07,MEDIUM,2024-11-14T20:23:22,2024-11-14T20:25:14.070105,2024-11-14T20:33:43.142982,CLOSED,,WEB-SERVER-07,False
ALT-CSE-07-03733,CSE-07,MEDIUM,2024-12-27T03:30:20,2024-12-27T03:31:58.244488,2024-12-27T03:51:47.125472,CLOSED,,WEB-SERVER-07,False
ALT-CSE-07-03734,CSE-07,HIGH,2024-10-08T04:03:38,2024-10-08T04:05:19.338956,2024-10-08T04:19:22.484945,CLOSED,,DB-SERVER-07,False
ALT-CSE-07-03735,CSE-07,HIGH,2024-12-18T18:50:35,2024-12-18T18:52:05.462247,2024-12-18T19:07:01.782276,CLOSED,,DB-SERVER-07,False
ALT-CSE-07-03736,CSE-07,HIGH,2024-11-02T13:26:34,2024-11-02T13:28:01.105361,2024-11-02T13:57:02.654525,CLOSED,,ENDPOINT-07,False
ALT-CSE-07-03737,CSE-07,HIGH,2024-11-07T08:03:38,2024-11-07T08:04:09.739822,2024-11-07T08:16:06.127785,CLOSED,,WEB-SERVER-07,False
ALT-CSE-07-03738,CSE-07,MEDIUM,2024-11-23T12:33:10,2024-11-23T12:34:38.040615,2024-11-23T12:47:40.877567,CLOSED,,FIREWALL-07,False
ALT-CSE-07-03739,CSE-07,LOW,2024-12-12T19:50:50,2024-12-12T19:52:17.778764,2024-12-12T20:04:36.121750,CLOSED,,FIREWALL-07,False
ALT-CSE-07-03740,CSE-07,LOW,2024-11-09T11:43:43,2024-11-09T11:45:08.905174,2024-11-09T12:04:54.170922,CLOSED,,WEB-SERVER-07,False
ALT-CSE-07-03741,CSE-07,MEDIUM,2024-10-05T16:59:29,2024-10-05T17:00:10.917583,2024-10-05T17:22:53.064502,CLOSED,,WEB-SERVER-07,False
ALT-CSE-07-03742,CSE-07,LOW,2024-11-27T18:56:09,2024-11-27T18:57:50.983689,2024-11-27T19:18:48.238060,CLOSED,,FIREWALL-07,False
ALT-CSE-07-03743,CSE-07,MEDIUM,2024-11-15T02:55:19,2024-11-15T02:56:44.794310,2024-11-15T03:19:36.607641,CLOSED,,FIREWALL-07,False
ALT-CSE-07-03744,CSE-07,LOW,2024-10-19T18:32:25,2024-10-19T18:33:19.076554,2024-10-19T18:48:32.165339,CLOSED,,DB-SERVER-07,False
ALT-CSE-07-03745,CSE-07,HIGH,2024-11-29T14:27:42,2024-11-29T14:28:37.571764,2024-11-29T14:53:43.399040,CLOSED,,ENDPOINT-07,False
ALT-CSE-07-03746,CSE-07,MEDIUM,2024-12-28T07:29:02,2024-12-28T07:30:47.429129,2024-12-28T07:53:13.037610,CLOSED,,WEB-SERVER-07,False
ALT-CSE-07-03747,CSE-07,LOW,2024-10-06T04:18:41,2024-10-06T04:20:25.324085,2024-10-06T04:36:27.349534,CLOSED,,WEB-SERVER-07,False
ALT-CSE-07-03748,CSE-07,LOW,2024-10-09T16:32:38,2024-10-09T16:33:48.191511,2024-10-09T16:50:14.438513,CLOSED,,WEB-SERVER-07,False
ALT-CSE-07-03749,CSE-07,MEDIUM,2024-11-16T17:21:29,2024-11-16T17:22:00.104908,2024-11-16T17:43:29.327275,CLOSED,,FIREWALL-07,False
ALT-CSE-07-03750,CSE-07,LOW,2024-10-17T20:31:44,2024-10-17T20:32:23.793507,2024-10-17T20:53:43.654181,CLOSED,,ENDPOINT-07,False
ALT-CSE-07-03751,CSE-07,HIGH,2024-10-20T08:40:15,2024-10-20T08:41:36.328910,2024-10-20T09:00:06.604994,CLOSED,,WEB-SERVER-07,False
ALT-CSE-07-03752,CSE-07,LOW,2024-10-07T15:01:12,2024-10-07T15:02:43.769235,2024-10-07T15:24:33.111842,CLOSED,,ENDPOINT-07,False
ALT-CSE-07-03753,CSE-07,MEDIUM,2024-12-01T12:14:29,2024-12-01T12:15:47.297291,2024-12-01T12:36:52.795700,CLOSED,,WEB-SERVER-07,False
ALT-CSE-07-03754,CSE-07,HIGH,2024-11-07T05:43:24,2024-11-07T05:44:53.489767,2024-11-07T05:57:13.482377,CLOSED,,WEB-SERVER-07,False
ALT-CSE-07-03755,CSE-07,LOW,2024-11-29T12:37:17,2024-11-29T12:38:36.431119,2024-11-29T13:03:19.393446,CLOSED,,ENDPOINT-07,False
ALT-CSE-07-03756,CSE-07,MEDIUM,2024-11-22T03:01:26,2024-11-22T03:03:19.695115,2024-11-22T03:21:18.050440,CLOSED,,WEB-SERVER-07,False
ALT-CSE-07-03757,CSE-07,HIGH,2024-11-28T00:02:29,2024-11-28T00:03:58.154725,2024-11-28T00:18:46.997463,CLOSED,CAS-CSE-07-0932,ENDPOINT-07,False
ALT-CSE-07-03758,CSE-07,LOW,2024-10-12T03:49:01,2024-10-12T03:50:10.529083,2024-10-12T03:58:51.189640,CLOSED,CAS-CSE-07-0933,DB-SERVER-07,False
ALT-CSE-07-03759,CSE-07,MEDIUM,2024-12-07T10:29:30,2024-12-07T10:31:26.145310,2024-12-07T10:53:13.598300,CLOSED,,FIREWALL-07,False
ALT-CSE-07-03760,CSE-07,LOW,2024-10-26T13:30:26,2024-10-26T13:31:43.549655,2024-10-26T13:51:55.707357,CLOSED,,DB-SERVER-07,False
ALT-CSE-07-03761,CSE-07,MEDIUM,2024-11-25T12:01:05,2024-11-25T12:01:49.105847,2024-11-25T12:27:05.157378,CLOSED,,DB-SERVER-07,False
ALT-CSE-07-03762,CSE-07,HIGH,2024-10-27T21:30:52,2024-10-27T21:31:23.980954,2024-10-27T21:49:18.062281,CLOSED,,ENDPOINT-07,False
ALT-CSE-07-03763,CSE-07,MEDIUM,2024-12-02T03:26:25,2024-12-02T03:28:14.221897,2024-12-02T03:46:52.854368,CLOSED,,DB-SERVER-07,False
ALT-CSE-07-03764,CSE-07,LOW,2024-11-22T14:51:10,2024-11-22T14:52:39.937401,2024-11-22T15:16:27.406361,CLOSED,,WEB-SERVER-07,False
ALT-CSE-07-03765,CSE-07,LOW,2024-10-16T19:01:08,2024-10-16T19:02:55.391760,2024-10-16T19:17:19.095221,CLOSED,,FIREWALL-07,False
ALT-CSE-07-03766,CSE-07,HIGH,2024-12-10T15:24:18,2024-12-10T15:26:08.185403,2024-12-10T15:46:00.659691,CLOSED,,WEB-SERVER-07,False
ALT-CSE-07-03767,CSE-07,MEDIUM,2024-12-25T15:38:59,2024-12-25T15:40:03.289058,2024-12-25T16:00:52.009706,CLOSED,,WEB-SERVER-07,False
ALT-CSE-07-03768,CSE-07,MEDIUM,2024-10-23T11:50:17,2024-10-23T11:50:50.052116,2024-10-23T12:13:01.678949,CLOSED,,FIREWALL-07,False
ALT-CSE-07-03769,CSE-07,MEDIUM,2024-12-29T20:39:51,2024-12-29T20:40:21.834135,2024-12-29T21:01:28.897896,CLOSED,,ENDPOINT-07,False
ALT-CSE-07-03770,CSE-07,HIGH,2024-11-04T05:27:58,2024-11-04T05:29:41.333220,2024-11-04T05:50:19.079234,CLOSED,,ENDPOINT-07,False
ALT-CSE-07-03771,CSE-07,HIGH,2024-11-22T14:06:14,2024-11-22T14:08:02.206556,2024-11-22T14:30:05.924333,CLOSED,,WEB-SERVER-07,False
ALT-CSE-07-03772,CSE-07,LOW,2024-11-04T04:11:50,2024-11-04T04:13:40.783872,2024-11-04T04:35:17.389094,CLOSED,,WEB-SERVER-07,False
ALT-CSE-07-03773,CSE-07,LOW,2024-10-29T10:38:05,2024-10-29T10:39:01.303786,2024-10-29T10:54:07.177307,CLOSED,,DB-SERVER-07,False
ALT-CSE-07-03774,CSE-07,MEDIUM,2024-12-21T22:58:56,2024-12-21T22:59:49.157503,2024-12-21T23:16:44.746466,CLOSED,,ENDPOINT-07,False
ALT-CSE-07-03775,CSE-07,HIGH,2024-11-04T00:15:35,2024-11-04T00:17:26.696749,2024-11-04T00:35:23.710718,CLOSED,,DB-SERVER-07,False
ALT-CSE-07-03776,CSE-07,LOW,2024-11-11T16:54:47,2024-11-11T16:56:01.183127,2024-11-11T17:11:41.689087,CLOSED,,DB-SERVER-07,False
ALT-CSE-07-03777,CSE-07,LOW,2024-10-07T06:46:20,2024-10-07T06:47:25.019585,2024-10-07T07:07:34.784681,CLOSED,,WEB-SERVER-07,False
ALT-CSE-07-03778,CSE-07,MEDIUM,2024-10-01T01:53:01,2024-10-01T01:53:46.273122,2024-10-01T02:15:32.512040,CLOSED,,WEB-SERVER-07,False
ALT-CSE-07-03779,CSE-07,LOW,2024-11-23T12:22:30,2024-11-23T12:23:08.607822,2024-11-23T12:39:57.747373,CLOSED,,ENDPOINT-07,False
ALT-CSE-07-03780,CSE-07,HIGH,2024-10-06T18:10:14,2024-10-06T18:12:11.326429,2024-10-06T18:23:01.583946,CLOSED,,WEB-SERVER-07,False
ALT-CSE-07-03781,CSE-07,HIGH,2024-12-17T04:38:24,2024-12-17T04:40:13.145265,2024-12-17T04:58:55.799759,CLOSED,,DB-SERVER-07,False
ALT-CSE-07-03782,CSE-07,LOW,2024-11-01T05:26:07,2024-11-01T05:27:40.107532,2024-11-01T05:44:51.512339,CLOSED,,FIREWALL-07,False
ALT-CSE-07-03783,CSE-07,HIGH,2024-10-22T16:33:00,2024-10-22T16:34:52.441703,2024-10-22T16:53:55.719008,CLOSED,,DB-SERVER-07,False
ALT-CSE-07-03784,CSE-07,HIGH,2024-12-28T22:31:08,2024-12-28T22:32:53.314039,2024-12-28T22:55:44.331953,CLOSED,,WEB-SERVER-07,False
ALT-CSE-07-03785,CSE-07,MEDIUM,2024-10-15T12:19:01,2024-10-15T12:20:22.729816,2024-10-15T12:39:07.049390,CLOSED,,WEB-SERVER-07,False
ALT-CSE-07-03786,CSE-07,MEDIUM,2024-11-26T14:12:37,2024-11-26T14:14:27.936172,2024-11-26T14:32:33.432959,CLOSED,,DB-SERVER-07,False
ALT-CSE-07-03787,CSE-07,LOW,2024-12-17T01:55:32,2024-12-17T01:56:05.047816,2024-12-17T02:23:22.376269,CLOSED,,FIREWALL-07,False
ALT-CSE-07-03788,CSE-07,HIGH,2024-10-25T00:04:38,2024-10-25T00:06:10.687260,2024-10-25T00:12:40.227060,CLOSED,,DB-SERVER-07,False
ALT-CSE-07-03789,CSE-07,MEDIUM,2024-12-18T04:01:22,2024-12-18T04:02:14.272804,2024-12-18T04:19:00.478936,CLOSED,,FIREWALL-07,False
ALT-CSE-07-03790,CSE-07,MEDIUM,2024-12-23T00:36:03,2024-12-23T00:37:59.265367,2024-12-23T00:49:28.289957,CLOSED,,FIREWALL-07,False
ALT-CSE-07-03791,CSE-07,MEDIUM,2024-10-23T19:43:15,2024-10-23T19:44:38.427174,2024-10-23T20:04:01.504070,CLOSED,,DB-SERVER-07,False
ALT-CSE-07-03792,CSE-07,LOW,2024-10-23T19:14:03,2024-10-23T19:15:44.833153,2024-10-23T19:32:16.595593,CLOSED,,FIREWALL-07,False
ALT-CSE-07-03793,CSE-07,LOW,2024-11-18T23:14:54,2024-11-18T23:16:44.447267,2024-11-18T23:34:53.695848,CLOSED,,FIREWALL-07,False
ALT-CSE-07-03794,CSE-07,LOW,2024-12-07T19:45:45,2024-12-07T19:47:42.519222,2024-12-07T20:05:30.503503,CLOSED,,FIREWALL-07,False
ALT-CSE-07-03795,CSE-07,MEDIUM,2024-11-11T23:11:05,2024-11-11T23:11:53.013711,2024-11-11T23:37:00.280543,CLOSED,,DB-SERVER-07,False
ALT-CSE-07-03796,CSE-07,LOW,2024-11-01T20:08:00,2024-11-01T20:09:13.528551,2024-11-01T20:18:00.815232,CLOSED,,DB-SERVER-07,False
ALT-CSE-07-03797,CSE-07,MEDIUM,2024-10-23T17:08:54,2024-10-23T17:09:39.388609,2024-10-23T17:32:19.501483,CLOSED,,WEB-SERVER-07,False
ALT-CSE-07-03798,CSE-07,MEDIUM,2024-10-26T20:09:03,2024-10-26T20:09:33.530587,2024-10-26T20:37:26.647577,CLOSED,,ENDPOINT-07,False
ALT-CSE-07-03799,CSE-07,MEDIUM,2024-11-28T19:15:25,2024-11-28T19:17:02.028294,2024-11-28T19:34:05.071171,CLOSED,,ENDPOINT-07,False
ALT-CSE-07-03800,CSE-07,MEDIUM,2024-11-14T17:45:28,2024-11-14T17:47:02.647630,2024-11-14T18:06:12.881672,CLOSED,,FIREWALL-07,False
ALT-CSE-07-03801,CSE-07,MEDIUM,2024-12-10T10:36:26,2024-12-10T10:38:13.708712,2024-12-10T10:51:37.341531,CLOSED,,ENDPOINT-07,False
ALT-CSE-07-03802,CSE-07,HIGH,2024-12-14T02:11:53,2024-12-14T02:13:27.595735,2024-12-14T02:39:49.613060,CLOSED,,ENDPOINT-07,False
ALT-CSE-07-03803,CSE-07,LOW,2024-12-13T05:24:51,2024-12-13T05:26:30.263366,2024-12-13T05:41:37.364475,CLOSED,,DB-SERVER-07,False
ALT-CSE-07-03804,CSE-07,MEDIUM,2024-10-18T04:14:01,2024-10-18T04:15:06.981673,2024-10-18T04:25:48.621055,CLOSED,,FIREWALL-07,False
ALT-CSE-07-03805,CSE-07,MEDIUM,2024-11-09T02:50:49,2024-11-09T02:52:02.123239,2024-11-09T03:12:44.061400,CLOSED,,FIREWALL-07,False
ALT-CSE-07-03806,CSE-07,HIGH,2024-11-15T05:05:46,2024-11-15T05:07:23.169754,2024-11-15T05:24:51.009628,CLOSED,,DB-SERVER-07,False
ALT-CSE-07-03807,CSE-07,HIGH,2024-10-30T18:07:01,2024-10-30T18:08:18.733925,2024-10-30T18:26:24.844179,CLOSED,,FIREWALL-07,False
ALT-CSE-07-03808,CSE-07,MEDIUM,2024-11-22T09:38:00,2024-11-22T09:39:44.500474,2024-11-22T09:53:55.356388,CLOSED,,FIREWALL-07,False
ALT-CSE-07-03809,CSE-07,LOW,2024-12-10T02:23:34,2024-12-10T02:25:04.611571,2024-12-10T02:50:13.728214,CLOSED,,FIREWALL-07,False
ALT-CSE-07-03810,CSE-07,LOW,2024-11-19T00:21:32,2024-11-19T00:23:05.986398,2024-11-19T00:39:27.575891,CLOSED,,FIREWALL-07,False
ALT-CSE-07-03811,CSE-07,HIGH,2024-11-13T23:56:18,2024-11-13T23:58:06.535283,2024-11-14T00:08:16.992245,CLOSED,,WEB-SERVER-07,False
ALT-CSE-07-03812,CSE-07,MEDIUM,2024-12-12T08:39:58,2024-12-12T08:41:01.112925,2024-12-12T09:05:59.978567,CLOSED,,ENDPOINT-07,False
ALT-CSE-07-03813,CSE-07,HIGH,2024-11-23T11:49:17,2024-11-23T11:50:43.703904,2024-11-23T12:19:55.043724,CLOSED,,ENDPOINT-07,False
ALT-CSE-07-03814,CSE-07,LOW,2024-11-19T20:38:23,2024-11-19T20:39:54.432483,2024-11-19T21:00:30.626988,CLOSED,,WEB-SERVER-07,False
ALT-CSE-07-03815,CSE-07,HIGH,2024-10-22T17:22:25,2024-10-22T17:23:51.270658,2024-10-22T17:30:30.210199,CLOSED,,ENDPOINT-07,False
ALT-CSE-07-03816,CSE-07,HIGH,2024-12-29T17:08:05,2024-12-29T17:09:12.380185,2024-12-29T17:32:19.178767,CLOSED,,DB-SERVER-07,False
ALT-CSE-07-03817,CSE-07,MEDIUM,2024-11-02T08:11:03,2024-11-02T08:12:14.957823,2024-11-02T08:35:59.062783,CLOSED,,DB-SERVER-07,False
ALT-CSE-07-03818,CSE-07,MEDIUM,2024-11-22T19:58:34,2024-11-22T19:59:50.950608,2024-11-22T20:13:05.179293,CLOSED,,DB-SERVER-07,False
ALT-CSE-07-03819,CSE-07,MEDIUM,2024-12-16T16:18:39,2024-12-16T16:19:50.390062,2024-12-16T16:38:50.013039,CLOSED,,WEB-SERVER-07,False
ALT-CSE-07-03820,CSE-07,LOW,2024-12-21T07:26:11,2024-12-21T07:27:58.414829,2024-12-21T07:39:28.055592,CLOSED,,DB-SERVER-07,False
ALT-CSE-07-03821,CSE-07,MEDIUM,2024-12-25T07:13:59,2024-12-25T07:15:27.625525,2024-12-25T07:27:21.098566,CLOSED,,FIREWALL-07,False
ALT-CSE-07-03822,CSE-07,HIGH,2024-12-16T18:04:39,2024-12-16T18:05:17.254636,2024-12-16T18:24:32.306297,CLOSED,,WEB-SERVER-07,False
ALT-CSE-07-03823,CSE-07,HIGH,2024-10-30T18:15:11,2024-10-30T18:15:46.603953,2024-10-30T18:37:52.139752,CLOSED,,FIREWALL-07,False
ALT-CSE-07-03824,CSE-07,MEDIUM,2024-11-15T05:08:19,2024-11-15T05:09:05.918566,2024-11-15T05:29:47.670241,CLOSED,,WEB-SERVER-07,False
ALT-CSE-07-03825,CSE-07,LOW,2024-10-06T09:26:48,2024-10-06T09:28:04.063513,2024-10-06T09:49:41.803627,CLOSED,,DB-SERVER-07,False
ALT-CSE-07-03826,CSE-07,HIGH,2024-12-01T15:08:47,2024-12-01T15:09:51.822416,2024-12-01T15:31:33.961856,CLOSED,,WEB-SERVER-07,False
ALT-CSE-07-03827,CSE-07,LOW,2024-10-13T18:31:52,2024-10-13T18:33:27.096521,2024-10-13T18:58:01.548903,CLOSED,,ENDPOINT-07,False
ALT-CSE-07-03828,CSE-07,MEDIUM,2024-12-02T20:59:16,2024-12-02T21:01:14.597298,2024-12-02T21:12:23.491788,CLOSED,,FIREWALL-07,False
ALT-CSE-07-03829,CSE-07,LOW,2024-11-08T06:13:55,2024-11-08T06:15:48.084116,2024-11-08T06:40:50.129470,CLOSED,,WEB-SERVER-07,False
ALT-CSE-07-03830,CSE-07,MEDIUM,2024-12-06T13:55:18,2024-12-06T13:55:48.772545,2024-12-06T14:05:05.926687,CLOSED,,FIREWALL-07,False
ALT-CSE-07-03831,CSE-07,LOW,2024-11-04T17:26:47,2024-11-04T17:28:37.122991,2024-11-04T17:40:09.663327,CLOSED,,FIREWALL-07,False
ALT-CSE-07-03832,CSE-07,LOW,2024-11-05T21:16:19,2024-11-05T21:17:49.156102,2024-11-05T21:34:09.966833,CLOSED,,ENDPOINT-07,False
ALT-CSE-07-03833,CSE-07,LOW,2024-10-31T01:32:43,2024-10-31T01:34:29.065377,2024-10-31T01:58:55.011313,CLOSED,,DB-SERVER-07,False
ALT-CSE-07-03834,CSE-07,LOW,2024-11-17T10:38:30,2024-11-17T10:39:25.129814,2024-11-17T11:05:30.596062,CLOSED,,DB-SERVER-07,False
ALT-CSE-07-03835,CSE-07,MEDIUM,2024-11-12T13:48:16,2024-11-12T13:49:18.478175,2024-11-12T14:08:16.921558,CLOSED,,DB-SERVER-07,False
ALT-CSE-07-03836,CSE-07,HIGH,2024-11-27T15:44:07,2024-11-27T15:45:16.918455,2024-11-27T16:04:20.739228,CLOSED,,DB-SERVER-07,False
ALT-CSE-07-03837,CSE-07,HIGH,2024-11-29T09:34:02,2024-11-29T09:36:00.906051,2024-11-29T09:51:48.670493,CLOSED,,FIREWALL-07,False
ALT-CSE-07-03838,CSE-07,LOW,2024-11-16T03:32:00,2024-11-16T03:33:03.405727,2024-11-16T03:59:00.749054,CLOSED,,WEB-SERVER-07,False
ALT-CSE-07-03839,CSE-07,LOW,2024-11-26T11:28:43,2024-11-26T11:30:32.426492,2024-11-26T11:50:04.581460,CLOSED,,ENDPOINT-07,False
ALT-CSE-07-03840,CSE-07,HIGH,2024-10-05T06:22:01,2024-10-05T06:23:34.206657,2024-10-05T06:45:45.175680,CLOSED,,ENDPOINT-07,False
ALT-CSE-07-03841,CSE-07,HIGH,2024-11-22T19:00:56,2024-11-22T19:01:51.714236,2024-11-22T19:23:58.195327,CLOSED,,WEB-SERVER-07,False
ALT-CSE-07-03842,CSE-07,HIGH,2024-10-26T00:46:44,2024-10-26T00:48:00.225035,2024-10-26T01:13:43.936873,CLOSED,,ENDPOINT-07,False
ALT-CSE-07-03843,CSE-07,HIGH,2024-10-01T09:26:09,2024-10-01T09:27:05.006781,2024-10-01T09:41:20.565622,CLOSED,,ENDPOINT-07,False
ALT-CSE-07-03844,CSE-07,HIGH,2024-11-04T01:01:12,2024-11-04T01:02:35.223117,2024-11-04T01:22:56.713409,CLOSED,,ENDPOINT-07,False
ALT-CSE-07-03845,CSE-07,MEDIUM,2024-12-07T18:05:46,2024-12-07T18:07:34.048895,2024-12-07T18:28:45.909598,CLOSED,,ENDPOINT-07,False
ALT-CSE-07-03846,CSE-07,HIGH,2024-10-06T08:52:18,2024-10-06T08:53:44.859579,2024-10-06T09:13:02.138235,CLOSED,,DB-SERVER-07,False
ALT-CSE-07-03847,CSE-07,MEDIUM,2024-10-06T13:35:16,2024-10-06T13:36:16.239438,2024-10-06T13:54:06.106690,CLOSED,,FIREWALL-07,False
ALT-CSE-07-03848,CSE-07,HIGH,2024-12-09T09:23:35,2024-12-09T09:25:23.490461,2024-12-09T09:50:24.049684,CLOSED,,DB-SERVER-07,False
ALT-CSE-07-03849,CSE-07,HIGH,2024-11-25T02:59:09,2024-11-25T03:00:47.837942,2024-11-25T03:16:13.800253,CLOSED,,WEB-SERVER-07,False
ALT-CSE-07-03850,CSE-07,MEDIUM,2024-10-28T12:27:50,2024-10-28T12:28:29.038712,2024-10-28T12:47:48.672953,CLOSED,,ENDPOINT-07,False
ALT-CSE-07-03851,CSE-07,HIGH,2024-10-03T20:04:03,2024-10-03T20:05:42.737400,2024-10-03T20:28:59.697765,CLOSED,,FIREWALL-07,False
ALT-CSE-07-03852,CSE-07,LOW,2024-11-08T15:07:50,2024-11-08T15:08:45.522045,2024-11-08T15:25:05.871308,CLOSED,,ENDPOINT-07,False
ALT-CSE-07-03853,CSE-07,MEDIUM,2024-10-15T07:24:57,2024-10-15T07:25:41.566051,2024-10-15T07:40:25.155745,CLOSED,,ENDPOINT-07,False
ALT-CSE-07-03854,CSE-07,LOW,2024-10-17T10:32:04,2024-10-17T10:33:40.070495,2024-10-17T10:50:25.926474,CLOSED,,FIREWALL-07,False
ALT-CSE-07-03855,CSE-07,MEDIUM,2024-10-07T07:23:52,2024-10-07T07:24:30.804343,2024-10-07T07:50:47.026148,CLOSED,,WEB-SERVER-07,False
ALT-CSE-07-03856,CSE-07,LOW,2024-10-12T13:31:14,2024-10-12T13:32:15.042596,2024-10-12T13:44:54.733736,CLOSED,,FIREWALL-07,False
ALT-CSE-07-03857,CSE-07,HIGH,2024-11-29T13:37:37,2024-11-29T13:39:00.955540,2024-11-29T13:52:54.046235,CLOSED,,FIREWALL-07,False
ALT-CSE-07-03858,CSE-07,LOW,2024-12-06T03:56:57,2024-12-06T03:57:27.812514,2024-12-06T04:19:22.158903,CLOSED,,FIREWALL-07,False
ALT-CSE-07-03859,CSE-07,HIGH,2024-12-08T15:02:52,2024-12-08T15:03:37.352201,2024-12-08T15:20:30.302550,CLOSED,,ENDPOINT-07,False
ALT-CSE-07-03860,CSE-07,HIGH,2024-12-28T13:41:55,2024-12-28T13:43:37.864155,2024-12-28T14:08:39.109210,CLOSED,,WEB-SERVER-07,False
ALT-CSE-07-03861,CSE-07,HIGH,2024-11-08T18:53:00,2024-11-08T18:54:48.586932,2024-11-08T19:09:59.033352,CLOSED,,WEB-SERVER-07,False
ALT-CSE-07-03862,CSE-07,HIGH,2024-11-02T07:27:38,2024-11-02T07:29:22.716376,2024-11-02T07:49:15.628556,CLOSED,,DB-SERVER-07,False
ALT-CSE-07-03863,CSE-07,LOW,2024-10-10T12:41:58,2024-10-10T12:43:55.700099,2024-10-10T12:56:29.587452,CLOSED,,WEB-SERVER-07,False
ALT-CSE-07-03864,CSE-07,LOW,2024-12-27T11:50:22,2024-12-27T11:51:48.501473,2024-12-27T12:05:44.325627,CLOSED,,ENDPOINT-07,False
ALT-CSE-07-03865,CSE-07,HIGH,2024-11-12T08:06:02,2024-11-12T08:06:53.937300,2024-11-12T08:18:15.402046,CLOSED,,FIREWALL-07,False
ALT-CSE-07-03866,CSE-07,MEDIUM,2024-10-05T09:52:29,2024-10-05T09:53:22.668333,2024-10-05T10:13:10.793421,CLOSED,,ENDPOINT-07,False
ALT-CSE-07-03867,CSE-07,HIGH,2024-11-30T17:02:41,2024-11-30T17:03:16.190753,2024-11-30T17:25:50.086803,CLOSED,,WEB-SERVER-07,False
ALT-CSE-07-03868,CSE-07,LOW,2024-11-04T00:44:29,2024-11-04T00:46:03.317955,2024-11-04T01:15:46.988085,CLOSED,,ENDPOINT-07,False
ALT-CSE-07-03869,CSE-07,LOW,2024-12-06T07:56:08,2024-12-06T07:57:56.260758,2024-12-06T08:13:23.129995,CLOSED,,FIREWALL-07,False
ALT-CSE-07-03870,CSE-07,MEDIUM,2024-12-04T19:32:12,2024-12-04T19:34:04.188552,2024-12-04T19:54:26.430637,CLOSED,,FIREWALL-07,False
ALT-CSE-07-03871,CSE-07,LOW,2024-11-20T13:12:12,2024-11-20T13:13:48.736803,2024-11-20T13:28:02.225273,CLOSED,,DB-SERVER-07,False
ALT-CSE-07-03872,CSE-07,MEDIUM,2024-10-13T19:53:15,2024-10-13T19:54:28.056910,2024-10-13T20:14:59.210546,CLOSED,,DB-SERVER-07,False
ALT-CSE-07-03873,CSE-07,MEDIUM,2024-10-06T14:52:02,2024-10-06T14:53:07.349228,2024-10-06T15:12:43.927009,CLOSED,,DB-SERVER-07,False
ALT-CSE-07-03874,CSE-07,HIGH,2024-10-07T13:23:25,2024-10-07T13:25:18.684642,2024-10-07T13:47:20.758966,CLOSED,,FIREWALL-07,False
ALT-CSE-07-03875,CSE-07,MEDIUM,2024-12-29T02:10:05,2024-12-29T02:11:49.661038,2024-12-29T02:29:18.797979,CLOSED,,ENDPOINT-07,False
ALT-CSE-07-03876,CSE-07,MEDIUM,2024-12-03T07:39:03,2024-12-03T07:39:58.634660,2024-12-03T08:03:21.077600,CLOSED,,DB-SERVER-07,False
ALT-CSE-07-03877,CSE-07,HIGH,2024-11-05T07:41:12,2024-11-05T07:42:16.003990,2024-11-05T07:57:25.751071,CLOSED,,ENDPOINT-07,False
ALT-CSE-07-03878,CSE-07,LOW,2024-11-01T01:23:58,2024-11-01T01:24:58.044284,2024-11-01T01:47:57.307050,CLOSED,,WEB-SERVER-07,False
ALT-CSE-07-03879,CSE-07,MEDIUM,2024-11-07T19:42:29,2024-11-07T19:44:05.458520,2024-11-07T20:11:16.310354,CLOSED,,FIREWALL-07,False
ALT-CSE-07-03880,CSE-07,MEDIUM,2024-10-03T20:17:57,2024-10-03T20:19:06.870602,2024-10-03T20:44:21.656154,CLOSED,,WEB-SERVER-07,False
ALT-CSE-07-03881,CSE-07,LOW,2024-12-15T00:08:52,2024-12-15T00:09:59.800076,2024-12-15T00:28:24.941010,CLOSED,,FIREWALL-07,False
ALT-CSE-07-03882,CSE-07,HIGH,2024-12-25T03:13:49,2024-12-25T03:15:10.712155,2024-12-25T03:30:36.030305,CLOSED,,DB-SERVER-07,False
ALT-CSE-07-03883,CSE-07,HIGH,2024-11-17T13:35:49,2024-11-17T13:36:41.345395,2024-11-17T13:58:10.808598,CLOSED,,WEB-SERVER-07,False
ALT-CSE-07-03884,CSE-07,MEDIUM,2024-10-22T05:26:03,2024-10-22T05:26:34.330077,2024-10-22T05:45:49.464713,CLOSED,,FIREWALL-07,False
ALT-CSE-07-03885,CSE-07,HIGH,2024-12-14T14:10:44,2024-12-14T14:12:04.812967,2024-12-14T14:27:35.012742,CLOSED,,WEB-SERVER-07,False
ALT-CSE-07-03886,CSE-07,HIGH,2024-11-13T12:21:23,2024-11-13T12:23:18.079629,2024-11-13T12:37:37.862061,CLOSED,,ENDPOINT-07,False
ALT-CSE-07-03887,CSE-07,LOW,2024-12-07T19:04:16,2024-12-07T19:04:57.292799,2024-12-07T19:21:59.219871,CLOSED,,DB-SERVER-07,False
ALT-CSE-07-03888,CSE-07,LOW,2024-11-13T07:22:22,2024-11-13T07:23:30.018431,2024-11-13T07:40:04.121497,CLOSED,,ENDPOINT-07,False
ALT-CSE-07-03889,CSE-07,MEDIUM,2024-11-04T13:01:49,2024-11-04T13:02:37.130859,2024-11-04T13:30:31.377758,CLOSED,,WEB-SERVER-07,False
ALT-CSE-07-03890,CSE-07,HIGH,2024-10-27T12:10:39,2024-10-27T12:12:37.180403,2024-10-27T12:25:50.720926,CLOSED,,ENDPOINT-07,False
ALT-CSE-07-03891,CSE-07,LOW,2024-11-17T04:31:56,2024-11-17T04:33:21.786350,2024-11-17T04:53:41.121330,CLOSED,,FIREWALL-07,False
ALT-CSE-07-03892,CSE-07,LOW,2024-12-27T08:26:03,2024-12-27T08:27:31.039777,2024-12-27T08:46:42.460422,CLOSED,,ENDPOINT-07,False
ALT-CSE-07-03893,CSE-07,LOW,2024-10-16T09:28:49,2024-10-16T09:29:27.239450,2024-10-16T09:55:48.669161,CLOSED,,FIREWALL-07,False
ALT-CSE-07-03894,CSE-07,MEDIUM,2024-11-19T13:45:40,2024-11-19T13:46:14.565003,2024-11-19T14:03:12.754067,CLOSED,,ENDPOINT-07,False
ALT-CSE-07-03895,CSE-07,LOW,2024-10-03T12:47:17,2024-10-03T12:48:33.440056,2024-10-03T12:58:35.808677,CLOSED,,FIREWALL-07,False
ALT-CSE-07-03896,CSE-07,MEDIUM,2024-11-21T08:00:01,2024-11-21T08:00:36.590703,2024-11-21T08:24:30.234341,CLOSED,,DB-SERVER-07,False
ALT-CSE-07-03897,CSE-07,HIGH,2024-10-07T14:34:42,2024-10-07T14:35:19.984079,2024-10-07T14:53:49.045358,CLOSED,,WEB-SERVER-07,False
ALT-CSE-07-03898,CSE-07,MEDIUM,2024-10-19T13:38:07,2024-10-19T13:39:41.551600,2024-10-19T14:12:05.589315,CLOSED,,DB-SERVER-07,False
ALT-CSE-07-03899,CSE-07,MEDIUM,2024-12-09T10:00:38,2024-12-09T10:01:29.830727,2024-12-09T10:20:38.696593,CLOSED,,ENDPOINT-07,False
ALT-CSE-07-03900,CSE-07,HIGH,2024-10-30T13:13:42,2024-10-30T13:14:24.912746,2024-10-30T13:29:56.351252,CLOSED,CAS-CSE-07-0934,DB-SERVER-07,False
ALT-CSE-07-03901,CSE-07,LOW,2024-11-01T14:08:30,2024-11-01T14:10:04.211553,2024-11-01T14:25:16.483102,CLOSED,,FIREWALL-07,False
ALT-CSE-07-03902,CSE-07,MEDIUM,2024-10-15T04:07:35,2024-10-15T04:08:19.064057,2024-10-15T04:32:35.866399,CLOSED,,FIREWALL-07,False
ALT-CSE-07-03903,CSE-07,HIGH,2024-11-22T03:21:42,2024-11-22T03:22:31.301868,2024-11-22T03:39:57.450492,CLOSED,,WEB-SERVER-07,False
ALT-CSE-07-03904,CSE-07,MEDIUM,2024-11-22T19:44:50,2024-11-22T19:46:46.183172,2024-11-22T20:05:32.068708,CLOSED,,DB-SERVER-07,False
ALT-CSE-07-03905,CSE-07,MEDIUM,2024-12-29T12:32:55,2024-12-29T12:33:53.410290,2024-12-29T12:49:49.453567,CLOSED,,WEB-SERVER-07,False
ALT-CSE-07-03906,CSE-07,LOW,2024-12-01T13:41:47,2024-12-01T13:42:55.303056,2024-12-01T14:02:31.794912,CLOSED,,ENDPOINT-07,False
ALT-CSE-07-03907,CSE-07,LOW,2024-10-08T04:33:44,2024-10-08T04:35:14.172241,2024-10-08T04:51:51.287501,CLOSED,,DB-SERVER-07,False
ALT-CSE-07-03908,CSE-07,HIGH,2024-11-28T03:24:39,2024-11-28T03:26:25.781610,2024-11-28T03:39:31.121491,CLOSED,CAS-CSE-07-0935,FIREWALL-07,False
ALT-CSE-07-03909,CSE-07,MEDIUM,2024-12-03T18:32:57,2024-12-03T18:33:49.407242,2024-12-03T18:59:32.547075,CLOSED,,ENDPOINT-07,False
ALT-CSE-07-03910,CSE-07,MEDIUM,2024-12-27T19:08:35,2024-12-27T19:09:33.087028,2024-12-27T19:25:01.352982,CLOSED,,FIREWALL-07,False
ALT-CSE-07-03911,CSE-07,LOW,2024-12-09T03:44:04,2024-12-09T03:46:01.557549,2024-12-09T04:13:05.280443,CLOSED,,FIREWALL-07,False
ALT-CSE-07-03912,CSE-07,HIGH,2024-12-28T17:20:05,2024-12-28T17:21:37.623615,2024-12-28T17:37:27.648594,CLOSED,,WEB-SERVER-07,False
ALT-CSE-07-03913,CSE-07,MEDIUM,2024-10-22T00:01:28,2024-10-22T00:03:19.924419,2024-10-22T00:21:43.065870,CLOSED,,WEB-SERVER-07,False
ALT-CSE-07-03914,CSE-07,MEDIUM,2024-11-07T11:54:52,2024-11-07T11:56:27.690188,2024-11-07T12:06:16.211039,CLOSED,,FIREWALL-07,False
ALT-CSE-07-03915,CSE-07,LOW,2024-12-23T12:29:21,2024-12-23T12:31:13.615786,2024-12-23T12:50:09.064221,CLOSED,,ENDPOINT-07,False
ALT-CSE-07-03916,CSE-07,MEDIUM,2024-11-11T07:01:38,2024-11-11T07:02:59.515004,2024-11-11T07:19:30.203548,CLOSED,,FIREWALL-07,False
ALT-CSE-07-03917,CSE-07,HIGH,2024-10-01T18:52:40,2024-10-01T18:53:31.199329,2024-10-01T19:16:57.143520,CLOSED,,ENDPOINT-07,False
ALT-CSE-07-03918,CSE-07,LOW,2024-12-15T01:07:02,2024-12-15T01:08:27.104498,2024-12-15T01:23:21.555489,CLOSED,,WEB-SERVER-07,False
ALT-CSE-07-03919,CSE-07,HIGH,2024-10-23T21:07:00,2024-10-23T21:08:18.557663,2024-10-23T21:18:21.438167,CLOSED,,WEB-SERVER-07,False
ALT-CSE-07-03920,CSE-07,LOW,2024-10-07T03:50:20,2024-10-07T03:52:10.048669,2024-10-07T04:05:04.986913,CLOSED,CAS-CSE-07-0936,ENDPOINT-07,False
ALT-CSE-07-03921,CSE-07,MEDIUM,2024-12-12T06:11:43,2024-12-12T06:12:13.935305,2024-12-12T06:23:27.037967,CLOSED,,FIREWALL-07,False
ALT-CSE-07-03922,CSE-07,HIGH,2024-11-30T11:17:45,2024-11-30T11:19:30.996254,2024-11-30T11:41:41.782093,CLOSED,,ENDPOINT-07,False
ALT-CSE-07-03923,CSE-07,HIGH,2024-11-11T23:58:11,2024-11-11T23:59:10.727687,2024-11-12T00:10:55.271261,CLOSED,CAS-CSE-07-0937,DB-SERVER-07,False
ALT-CSE-07-03924,CSE-07,HIGH,2024-10-19T23:19:44,2024-10-19T23:21:14.902524,2024-10-19T23:42:02.623388,CLOSED,,DB-SERVER-07,False
ALT-CSE-07-03925,CSE-07,LOW,2024-10-28T06:27:32,2024-10-28T06:29:18.515560,2024-10-28T06:51:11.565942,CLOSED,,DB-SERVER-07,False
ALT-CSE-07-03926,CSE-07,MEDIUM,2024-11-17T04:15:00,2024-11-17T04:16:16.088455,2024-11-17T04:38:05.189285,CLOSED,,DB-SERVER-07,False
ALT-CSE-07-03927,CSE-07,HIGH,2024-12-08T01:05:11,2024-12-08T01:05:58.363774,2024-12-08T01:21:49.808286,CLOSED,,ENDPOINT-07,False
ALT-CSE-07-03928,CSE-07,LOW,2024-10-08T10:31:51,2024-10-08T10:33:05.809714,2024-10-08T10:50:58.393545,CLOSED,,DB-SERVER-07,False
ALT-CSE-07-03929,CSE-07,MEDIUM,2024-10-25T04:29:59,2024-10-25T04:31:12.685427,2024-10-25T04:50:52.226771,CLOSED,,FIREWALL-07,False
ALT-CSE-07-03930,CSE-07,HIGH,2024-10-18T10:31:00,2024-10-18T10:31:59.507554,2024-10-18T10:56:22.631841,CLOSED,,FIREWALL-07,False
ALT-CSE-07-03931,CSE-07,HIGH,2024-11-27T00:33:57,2024-11-27T00:35:02.208783,2024-11-27T00:51:11.748829,CLOSED,,FIREWALL-07,False
ALT-CSE-07-03932,CSE-07,HIGH,2024-11-13T10:22:10,2024-11-13T10:23:37.481467,2024-11-13T10:38:24.245183,CLOSED,,ENDPOINT-07,False
ALT-CSE-07-03933,CSE-07,HIGH,2024-12-13T11:00:16,2024-12-13T11:01:24.115551,2024-12-13T11:21:33.119257,CLOSED,,FIREWALL-07,False
ALT-CSE-07-03934,CSE-07,LOW,2024-10-07T04:33:32,2024-10-07T04:35:16.527064,2024-10-07T04:55:00.687413,CLOSED,,DB-SERVER-07,False
ALT-CSE-07-03935,CSE-07,MEDIUM,2024-10-16T19:38:43,2024-10-16T19:40:33.754866,2024-10-16T20:04:54.495484,CLOSED,,WEB-SERVER-07,False
ALT-CSE-07-03936,CSE-07,HIGH,2024-12-14T14:38:52,2024-12-14T14:40:12.940397,2024-12-14T14:48:20.818950,CLOSED,,ENDPOINT-07,False
ALT-CSE-07-03937,CSE-07,LOW,2024-12-02T23:17:12,2024-12-02T23:17:55.613236,2024-12-02T23:45:45.487877,CLOSED,,FIREWALL-07,False
ALT-CSE-07-03938,CSE-07,HIGH,2024-10-23T09:07:10,2024-10-23T09:07:52.494244,2024-10-23T09:23:26.675548,CLOSED,,ENDPOINT-07,False
ALT-CSE-07-03939,CSE-07,HIGH,2024-11-28T22:21:39,2024-11-28T22:23:37.613949,2024-11-28T22:39:35.682977,CLOSED,,DB-SERVER-07,False
ALT-CSE-07-03940,CSE-07,HIGH,2024-10-08T04:59:35,2024-10-08T05:00:36.188987,2024-10-08T05:12:10.348521,CLOSED,,FIREWALL-07,False
ALT-CSE-07-03941,CSE-07,MEDIUM,2024-11-09T00:35:16,2024-11-09T00:36:11.372181,2024-11-09T00:54:26.517096,CLOSED,,DB-SERVER-07,False
ALT-CSE-07-03942,CSE-07,MEDIUM,2024-11-14T00:06:40,2024-11-14T00:08:17.008684,2024-11-14T00:27:54.324341,CLOSED,CAS-CSE-07-0938,DB-SERVER-07,False
ALT-CSE-07-03943,CSE-07,MEDIUM,2024-12-23T14:42:53,2024-12-23T14:44:28.783413,2024-12-23T14:55:45.858831,CLOSED,,DB-SERVER-07,False
ALT-CSE-07-03944,CSE-07,LOW,2024-12-27T19:03:51,2024-12-27T19:05:25.957910,2024-12-27T19:26:43.467782,CLOSED,,WEB-SERVER-07,False
ALT-CSE-07-03945,CSE-07,LOW,2024-11-13T10:37:52,2024-11-13T10:38:30.736659,2024-11-13T10:52:52.036376,CLOSED,,WEB-SERVER-07,False
ALT-CSE-07-03946,CSE-07,LOW,2024-12-13T23:49:32,2024-12-13T23:51:21.038678,2024-12-14T00:07:36.726068,CLOSED,,ENDPOINT-07,False
ALT-CSE-07-03947,CSE-07,MEDIUM,2024-12-09T18:28:08,2024-12-09T18:29:38.019331,2024-12-09T18:53:44.916478,CLOSED,,FIREWALL-07,False
ALT-CSE-07-03948,CSE-07,HIGH,2024-10-22T15:47:42,2024-10-22T15:49:14.430299,2024-10-22T16:05:27.125434,CLOSED,,WEB-SERVER-07,False
ALT-CSE-07-03949,CSE-07,LOW,2024-10-30T13:03:30,2024-10-30T13:05:18.856417,2024-10-30T13:18:52.256280,CLOSED,,DB-SERVER-07,False
ALT-CSE-07-03950,CSE-07,LOW,2024-12-18T00:26:40,2024-12-18T00:28:03.238971,2024-12-18T00:43:25.559777,CLOSED,,ENDPOINT-07,False
ALT-CSE-07-03951,CSE-07,HIGH,2024-12-16T14:16:11,2024-12-16T14:18:10.379179,2024-12-16T14:30:15.179873,CLOSED,,WEB-SERVER-07,False
ALT-CSE-07-03952,CSE-07,HIGH,2024-10-14T08:49:40,2024-10-14T08:51:04.050308,2024-10-14T09:09:02.446956,CLOSED,,DB-SERVER-07,False
ALT-CSE-07-03953,CSE-07,LOW,2024-10-25T02:22:53,2024-10-25T02:24:28.560460,2024-10-25T02:42:11.959805,CLOSED,,WEB-SERVER-07,False
ALT-CSE-07-03954,CSE-07,LOW,2024-10-03T02:01:06,2024-10-03T02:01:47.662778,2024-10-03T02:15:56.126308,CLOSED,,ENDPOINT-07,False
ALT-CSE-07-03955,CSE-07,LOW,2024-10-06T03:22:42,2024-10-06T03:23:44.793705,2024-10-06T03:41:33.940244,CLOSED,,FIREWALL-07,False
ALT-CSE-07-03956,CSE-07,LOW,2024-10-01T17:10:50,2024-10-01T17:12:23.948630,2024-10-01T17:30:33.447827,CLOSED,,ENDPOINT-07,False
ALT-CSE-07-03957,CSE-07,HIGH,2024-11-19T21:59:59,2024-11-19T22:01:16.624668,2024-11-19T22:19:12.456249,CLOSED,,WEB-SERVER-07,False
ALT-CSE-07-03958,CSE-07,LOW,2024-11-28T21:31:38,2024-11-28T21:32:57.587404,2024-11-28T21:56:14.016285,CLOSED,,WEB-SERVER-07,False
ALT-CSE-07-03959,CSE-07,HIGH,2024-12-29T02:37:29,2024-12-29T02:38:42.090576,2024-12-29T02:52:51.720813,CLOSED,,DB-SERVER-07,False
ALT-CSE-07-03960,CSE-07,HIGH,2024-10-12T05:58:00,2024-10-12T05:58:37.540817,2024-10-12T06:19:48.186227,CLOSED,,WEB-SERVER-07,False
ALT-CSE-07-03961,CSE-07,HIGH,2024-11-17T10:37:01,2024-11-17T10:37:48.197103,2024-11-17T10:55:49.995626,CLOSED,,WEB-SERVER-07,False
ALT-CSE-07-03962,CSE-07,MEDIUM,2024-12-12T00:39:17,2024-12-12T00:40:09.477373,2024-12-12T00:57:59.008074,CLOSED,CAS-CSE-07-0939,ENDPOINT-07,False
ALT-CSE-07-03963,CSE-07,MEDIUM,2024-10-22T20:12:39,2024-10-22T20:13:19.694729,2024-10-22T20:38:48.830381,CLOSED,,ENDPOINT-07,False
ALT-CSE-07-03964,CSE-07,LOW,2024-10-10T17:33:40,2024-10-10T17:34:52.505804,2024-10-10T17:51:23.796637,CLOSED,,WEB-SERVER-07,False
ALT-CSE-07-03965,CSE-07,LOW,2024-10-08T07:05:39,2024-10-08T07:06:46.172308,2024-10-08T07:24:01.806270,CLOSED,,DB-SERVER-07,False
ALT-CSE-07-03966,CSE-07,HIGH,2024-12-18T23:13:27,2024-12-18T23:15:16.121814,2024-12-18T23:30:11.099529,CLOSED,,ENDPOINT-07,False
ALT-CSE-07-03967,CSE-07,MEDIUM,2024-12-04T09:35:37,2024-12-04T09:36:15.000384,2024-12-04T09:45:54.565886,CLOSED,,FIREWALL-07,False
ALT-CSE-07-03968,CSE-07,HIGH,2024-11-06T15:39:57,2024-11-06T15:40:50.136584,2024-11-06T15:59:33.783457,CLOSED,,WEB-SERVER-07,False
ALT-CSE-07-03969,CSE-07,MEDIUM,2024-12-29T13:10:10,2024-12-29T13:11:25.370773,2024-12-29T13:29:20.069243,CLOSED,,DB-SERVER-07,False
ALT-CSE-07-03970,CSE-07,HIGH,2024-11-16T17:10:45,2024-11-16T17:11:52.730909,2024-11-16T17:27:32.463815,CLOSED,,ENDPOINT-07,False
ALT-CSE-07-03971,CSE-07,LOW,2024-12-17T14:19:55,2024-12-17T14:21:09.176141,2024-12-17T14:37:31.378002,CLOSED,,ENDPOINT-07,False
ALT-CSE-07-03972,CSE-07,MEDIUM,2024-10-13T21:19:11,2024-10-13T21:20:20.530239,2024-10-13T21:46:46.198639,CLOSED,,DB-SERVER-07,False
ALT-CSE-07-03973,CSE-07,HIGH,2024-12-21T22:12:33,2024-12-21T22:14:29.934617,2024-12-21T22:38:21.067457,CLOSED,CAS-CSE-07-0940,WEB-SERVER-07,False
ALT-CSE-07-03974,CSE-07,MEDIUM,2024-12-23T18:13:32,2024-12-23T18:14:55.325826,2024-12-23T18:40:31.301348,CLOSED,CAS-CSE-07-0941,WEB-SERVER-07,False
ALT-CSE-07-03975,CSE-07,LOW,2024-12-09T12:34:07,2024-12-09T12:34:41.577560,2024-12-09T12:58:22.335634,CLOSED,,DB-SERVER-07,False
ALT-CSE-07-03976,CSE-07,LOW,2024-10-20T20:39:41,2024-10-20T20:40:16.625874,2024-10-20T20:58:00.265894,CLOSED,,ENDPOINT-07,False
ALT-CSE-07-03977,CSE-07,LOW,2024-11-20T23:13:36,2024-11-20T23:15:16.917863,2024-11-20T23:32:27.590936,CLOSED,,FIREWALL-07,False
ALT-CSE-07-03978,CSE-07,LOW,2024-12-18T05:29:19,2024-12-18T05:29:51.366562,2024-12-18T05:48:53.789994,CLOSED,,WEB-SERVER-07,False
ALT-CSE-07-03979,CSE-07,HIGH,2024-12-03T15:41:30,2024-12-03T15:43:18.427123,2024-12-03T16:11:14.322235,CLOSED,,FIREWALL-07,False
ALT-CSE-07-03980,CSE-07,MEDIUM,2024-10-01T17:49:42,2024-10-01T17:51:18.089838,2024-10-01T18:08:43.678555,CLOSED,,ENDPOINT-07,False
ALT-CSE-07-03981,CSE-07,HIGH,2024-11-08T21:05:04,2024-11-08T21:06:30.413007,2024-11-08T21:26:10.650239,CLOSED,,ENDPOINT-07,False
ALT-CSE-07-03982,CSE-07,MEDIUM,2024-10-18T01:38:50,2024-10-18T01:39:56.179968,2024-10-18T01:55:15.707711,CLOSED,,WEB-SERVER-07,False
ALT-CSE-07-03983,CSE-07,MEDIUM,2024-10-08T12:47:16,2024-10-08T12:48:13.072036,2024-10-08T13:09:47.602020,CLOSED,,DB-SERVER-07,False
ALT-CSE-07-03984,CSE-07,HIGH,2024-12-12T08:03:21,2024-12-12T08:04:04.488938,2024-12-12T08:22:05.208946,CLOSED,,WEB-SERVER-07,False
ALT-CSE-07-03985,CSE-07,HIGH,2024-12-22T09:36:56,2024-12-22T09:38:12.712252,2024-12-22T09:58:47.820865,CLOSED,,DB-SERVER-07,False
ALT-CSE-07-03986,CSE-07,LOW,2024-11-12T10:18:56,2024-11-12T10:20:08.322444,2024-11-12T10:37:33.372886,CLOSED,,FIREWALL-07,False
ALT-CSE-07-03987,CSE-07,LOW,2024-11-23T00:39:28,2024-11-23T00:40:33.133006,2024-11-23T00:59:33.098330,CLOSED,,FIREWALL-07,False
ALT-CSE-07-03988,CSE-07,MEDIUM,2024-12-07T16:43:51,2024-12-07T16:45:02.991302,2024-12-07T16:59:31.161853,CLOSED,,WEB-SERVER-07,False
ALT-CSE-07-03989,CSE-07,LOW,2024-11-23T12:19:12,2024-11-23T12:19:42.463195,2024-11-23T12:26:54.836978,CLOSED,,FIREWALL-07,False
ALT-CSE-07-03990,CSE-07,MEDIUM,2024-11-03T13:47:43,2024-11-03T13:48:15.132125,2024-11-03T14:08:14.187575,CLOSED,,WEB-SERVER-07,False
ALT-CSE-07-03991,CSE-07,HIGH,2024-10-28T03:12:54,2024-10-28T03:13:49.875346,2024-10-28T03:27:53.151233,CLOSED,,DB-SERVER-07,False
ALT-CSE-07-03992,CSE-07,HIGH,2024-12-09T10:07:48,2024-12-09T10:08:51.493971,2024-12-09T10:26:13.966259,CLOSED,,FIREWALL-07,False
ALT-CSE-07-03993,CSE-07,HIGH,2024-10-16T21:53:38,2024-10-16T21:54:08.563284,2024-10-16T22:04:09.889148,CLOSED,,FIREWALL-07,False
ALT-CSE-07-03994,CSE-07,LOW,2024-12-28T18:59:39,2024-12-28T19:01:02.857446,2024-12-28T19:21:31.401979,CLOSED,,ENDPOINT-07,False
ALT-CSE-07-03995,CSE-07,LOW,2024-10-05T14:54:55,2024-10-05T14:56:16.205047,2024-10-05T15:17:00.025223,CLOSED,,ENDPOINT-07,False
ALT-CSE-07-03996,CSE-07,MEDIUM,2024-11-10T09:03:04,2024-11-10T09:03:37.384720,2024-11-10T09:25:27.997890,CLOSED,,DB-SERVER-07,False
ALT-CSE-07-03997,CSE-07,LOW,2024-10-23T16:13:55,2024-10-23T16:14:58.030876,2024-10-23T16:31:03.247280,CLOSED,,WEB-SERVER-07,False
ALT-CSE-07-03998,CSE-07,LOW,2024-10-22T07:51:21,2024-10-22T07:52:48.216928,2024-10-22T08:12:37.623876,CLOSED,,DB-SERVER-07,False
ALT-CSE-07-03999,CSE-07,HIGH,2024-11-24T11:06:27,2024-11-24T11:07:49.636485,2024-11-24T11:27:02.314042,CLOSED,,DB-SERVER-07,False
ALT-CSE-07-04000,CSE-07,LOW,2024-11-09T15:14:18,2024-11-09T15:14:51.331627,2024-11-09T15:33:18.380337,CLOSED,,FIREWALL-07,False
ALT-CSE-07-04001,CSE-07,MEDIUM,2024-10-14T17:02:56,2024-10-14T17:03:53.817063,2024-10-14T17:23:29.316414,CLOSED,,WEB-SERVER-07,False
ALT-CSE-07-04002,CSE-07,LOW,2024-12-25T17:09:15,2024-12-25T17:09:52.713957,2024-12-25T17:20:51.639160,CLOSED,,DB-SERVER-07,False
ALT-CSE-07-04003,CSE-07,MEDIUM,2024-10-23T12:48:15,2024-10-23T12:49:59.269948,2024-10-23T13:03:13.651910,CLOSED,,FIREWALL-07,False
ALT-CSE-07-04004,CSE-07,HIGH,2024-11-02T02:22:26,2024-11-02T02:23:24.207056,2024-11-02T02:40:17.468319,CLOSED,,DB-SERVER-07,False
ALT-CSE-07-04005,CSE-07,HIGH,2024-10-07T01:24:34,2024-10-07T01:25:45.297322,2024-10-07T01:58:17.318883,CLOSED,,FIREWALL-07,False
ALT-CSE-07-04006,CSE-07,LOW,2024-11-02T15:02:21,2024-11-02T15:03:35.315204,2024-11-02T15:17:19.204719,CLOSED,,ENDPOINT-07,False
ALT-CSE-07-04007,CSE-07,LOW,2024-10-20T11:12:27,2024-10-20T11:13:08.735750,2024-10-20T11:35:57.717152,CLOSED,,ENDPOINT-07,False
ALT-CSE-07-04008,CSE-07,HIGH,2024-11-17T18:30:41,2024-11-17T18:31:32.773470,2024-11-17T18:48:33.993101,CLOSED,,ENDPOINT-07,False
ALT-CSE-07-04009,CSE-07,MEDIUM,2024-12-03T20:24:05,2024-12-03T20:25:09.392618,2024-12-03T20:43:20.840497,CLOSED,,DB-SERVER-07,False
ALT-CSE-07-04010,CSE-07,HIGH,2024-12-15T06:57:20,2024-12-15T06:58:59.844775,2024-12-15T07:23:27.669772,CLOSED,CAS-CSE-07-0942,ENDPOINT-07,False
ALT-CSE-07-04011,CSE-07,HIGH,2024-12-06T21:45:37,2024-12-06T21:47:09.276902,2024-12-06T22:04:11.481067,CLOSED,,ENDPOINT-07,False
ALT-CSE-07-04012,CSE-07,MEDIUM,2024-12-12T03:14:23,2024-12-12T03:14:54.879843,2024-12-12T03:24:12.470277,CLOSED,,FIREWALL-07,False
ALT-CSE-07-04013,CSE-07,MEDIUM,2024-12-23T15:49:01,2024-12-23T15:50:44.437666,2024-12-23T16:05:37.258045,CLOSED,,DB-SERVER-07,False
ALT-CSE-07-04014,CSE-07,MEDIUM,2024-11-15T22:09:44,2024-11-15T22:10:30.061228,2024-11-15T22:35:05.091294,CLOSED,,DB-SERVER-07,False
ALT-CSE-07-04015,CSE-07,LOW,2024-12-05T06:54:19,2024-12-05T06:56:05.737711,2024-12-05T07:15:58.198383,CLOSED,,ENDPOINT-07,False
ALT-CSE-07-04016,CSE-07,HIGH,2024-11-26T23:42:12,2024-11-26T23:43:50.982792,2024-11-27T00:01:48.473933,CLOSED,,ENDPOINT-07,False
ALT-CSE-07-04017,CSE-07,MEDIUM,2024-12-16T19:53:35,2024-12-16T19:54:33.795688,2024-12-16T20:04:22.661774,CLOSED,,FIREWALL-07,False
ALT-CSE-07-04018,CSE-07,HIGH,2024-12-14T01:47:24,2024-12-14T01:48:03.854876,2024-12-14T01:59:42.292609,CLOSED,,FIREWALL-07,False
ALT-CSE-07-04019,CSE-07,LOW,2024-10-26T02:31:37,2024-10-26T02:33:03.108761,2024-10-26T02:45:15.794635,CLOSED,,ENDPOINT-07,False
ALT-CSE-07-04020,CSE-07,MEDIUM,2024-12-15T23:58:07,2024-12-15T23:59:24.305132,2024-12-16T00:22:31.786368,CLOSED,,ENDPOINT-07,False
ALT-CSE-07-04021,CSE-07,LOW,2024-10-21T21:44:01,2024-10-21T21:45:20.410780,2024-10-21T22:07:01.167877,CLOSED,,WEB-SERVER-07,False
ALT-CSE-07-04022,CSE-07,MEDIUM,2024-12-15T01:09:45,2024-12-15T01:11:31.758249,2024-12-15T01:29:17.669930,CLOSED,,FIREWALL-07,False
ALT-CSE-07-04023,CSE-07,MEDIUM,2024-10-09T19:01:33,2024-10-09T19:02:35.356913,2024-10-09T19:16:53.132842,CLOSED,,FIREWALL-07,False
ALT-CSE-07-04024,CSE-07,MEDIUM,2024-10-28T11:41:44,2024-10-28T11:43:18.196974,2024-10-28T12:04:32.681277,CLOSED,,ENDPOINT-07,False
ALT-CSE-07-04025,CSE-07,MEDIUM,2024-10-17T20:20:18,2024-10-17T20:21:29.207649,2024-10-17T20:38:19.141366,CLOSED,,DB-SERVER-07,False
ALT-CSE-07-04026,CSE-07,HIGH,2024-11-23T07:28:01,2024-11-23T07:29:20.791676,2024-11-23T07:44:36.862814,CLOSED,,DB-SERVER-07,False
ALT-CSE-07-04027,CSE-07,MEDIUM,2024-10-07T03:06:01,2024-10-07T03:07:31.419838,2024-10-07T03:27:47.463460,CLOSED,,ENDPOINT-07,False
ALT-CSE-07-04028,CSE-07,LOW,2024-11-03T17:11:41,2024-11-03T17:13:05.114011,2024-11-03T17:29:43.589899,CLOSED,,WEB-SERVER-07,False
ALT-CSE-07-04029,CSE-07,LOW,2024-12-13T17:53:13,2024-12-13T17:54:45.715360,2024-12-13T18:12:33.366510,CLOSED,,ENDPOINT-07,False
ALT-CSE-07-04030,CSE-07,LOW,2024-12-21T03:12:02,2024-12-21T03:12:40.069810,2024-12-21T03:38:04.771084,CLOSED,,WEB-SERVER-07,False
ALT-CSE-07-04031,CSE-07,HIGH,2024-12-18T16:54:09,2024-12-18T16:55:08.655465,2024-12-18T17:14:43.541969,CLOSED,,ENDPOINT-07,False
ALT-CSE-07-04032,CSE-07,MEDIUM,2024-12-03T16:18:26,2024-12-03T16:19:32.139595,2024-12-03T16:40:44.358630,CLOSED,,FIREWALL-07,False
ALT-CSE-07-04033,CSE-07,LOW,2024-10-25T16:01:11,2024-10-25T16:02:44.779076,2024-10-25T16:24:19.814516,CLOSED,,FIREWALL-07,False
ALT-CSE-07-04034,CSE-07,LOW,2024-10-06T02:35:18,2024-10-06T02:37:06.052587,2024-10-06T02:54:07.926546,CLOSED,,ENDPOINT-07,False
ALT-CSE-07-04035,CSE-07,HIGH,2024-12-15T23:55:00,2024-12-15T23:56:34.347172,2024-12-16T00:20:57.683014,CLOSED,,WEB-SERVER-07,False
ALT-CSE-07-04036,CSE-07,HIGH,2024-12-10T19:25:30,2024-12-10T19:27:21.975055,2024-12-10T19:38:51.119592,CLOSED,,WEB-SERVER-07,False
ALT-CSE-07-04037,CSE-07,HIGH,2024-12-03T13:10:15,2024-12-03T13:11:47.922168,2024-12-03T13:29:42.124830,CLOSED,,FIREWALL-07,False
ALT-CSE-07-04038,CSE-07,MEDIUM,2024-11-24T22:21:20,2024-11-24T22:22:42.654216,2024-11-24T22:40:40.627153,CLOSED,,DB-SERVER-07,False
ALT-CSE-07-04039,CSE-07,LOW,2024-11-20T07:46:32,2024-11-20T07:47:42.839292,2024-11-20T08:07:14.062630,CLOSED,,FIREWALL-07,False
ALT-CSE-07-04040,CSE-07,HIGH,2024-12-01T02:06:15,2024-12-01T02:08:07.141108,2024-12-01T02:28:45.577163,CLOSED,,DB-SERVER-07,False
ALT-CSE-07-04041,CSE-07,LOW,2024-12-08T15:03:48,2024-12-08T15:05:11.210230,2024-12-08T15:23:19.017349,CLOSED,,WEB-SERVER-07,False
ALT-CSE-07-04042,CSE-07,LOW,2024-11-23T02:08:26,2024-11-23T02:09:57.979758,2024-11-23T02:19:38.491110,CLOSED,,ENDPOINT-07,False
ALT-CSE-07-04043,CSE-07,MEDIUM,2024-11-24T04:07:41,2024-11-24T04:09:18.113460,2024-11-24T04:25:21.612960,CLOSED,,DB-SERVER-07,False
ALT-CSE-07-04044,CSE-07,LOW,2024-11-23T10:37:32,2024-11-23T10:38:21.030473,2024-11-23T10:50:49.861677,CLOSED,,WEB-SERVER-07,False
ALT-CSE-07-04045,CSE-07,HIGH,2024-12-15T04:04:33,2024-12-15T04:05:38.749333,2024-12-15T04:19:55.816165,CLOSED,,FIREWALL-07,False
ALT-CSE-07-04046,CSE-07,MEDIUM,2024-12-17T21:28:15,2024-12-17T21:28:46.887558,2024-12-17T21:48:04.720817,CLOSED,,DB-SERVER-07,False
ALT-CSE-07-04047,CSE-07,MEDIUM,2024-10-15T10:54:08,2024-10-15T10:54:56.592753,2024-10-15T11:06:34.282766,CLOSED,,WEB-SERVER-07,False
ALT-CSE-07-04048,CSE-07,LOW,2024-12-20T19:24:27,2024-12-20T19:25:32.684690,2024-12-20T19:40:25.197622,CLOSED,,ENDPOINT-07,False
ALT-CSE-07-04049,CSE-07,HIGH,2024-11-23T00:24:45,2024-11-23T00:25:56.175345,2024-11-23T00:39:50.814143,CLOSED,,ENDPOINT-07,False
ALT-CSE-07-04050,CSE-07,LOW,2024-10-30T09:28:21,2024-10-30T09:30:17.288123,2024-10-30T09:49:37.417400,CLOSED,,ENDPOINT-07,False
ALT-CSE-07-04051,CSE-07,HIGH,2024-10-20T13:13:57,2024-10-20T13:14:37.982930,2024-10-20T13:35:40.178454,CLOSED,,WEB-SERVER-07,False
ALT-CSE-07-04052,CSE-07,HIGH,2024-12-03T14:18:17,2024-12-03T14:19:05.481824,2024-12-03T14:35:39.515806,CLOSED,,FIREWALL-07,False
ALT-CSE-07-04053,CSE-07,MEDIUM,2024-10-14T00:32:08,2024-10-14T00:33:05.110657,2024-10-14T00:44:17.725818,CLOSED,CAS-CSE-07-0943,DB-SERVER-07,False
ALT-CSE-07-04054,CSE-07,MEDIUM,2024-11-19T07:46:05,2024-11-19T07:46:36.296339,2024-11-19T08:15:42.092085,CLOSED,,DB-SERVER-07,False
ALT-CSE-07-04055,CSE-07,HIGH,2024-11-22T16:00:02,2024-11-22T16:02:00.584841,2024-11-22T16:17:58.243671,CLOSED,,WEB-SERVER-07,False
ALT-CSE-07-04056,CSE-07,MEDIUM,2024-11-12T22:29:46,2024-11-12T22:30:56.073880,2024-11-12T22:49:59.317416,CLOSED,CAS-CSE-07-0944,WEB-SERVER-07,False
ALT-CSE-07-04057,CSE-07,MEDIUM,2024-11-11T07:49:51,2024-11-11T07:50:48.967092,2024-11-11T08:11:00.412335,CLOSED,,FIREWALL-07,False
ALT-CSE-07-04058,CSE-07,LOW,2024-12-08T04:52:13,2024-12-08T04:53:24.419592,2024-12-08T05:12:13.907709,CLOSED,,FIREWALL-07,False
ALT-CSE-07-04059,CSE-07,MEDIUM,2024-10-01T14:41:32,2024-10-01T14:43:04.225701,2024-10-01T15:04:51.385877,CLOSED,,ENDPOINT-07,False
ALT-CSE-07-04060,CSE-07,LOW,2024-10-31T15:10:13,2024-10-31T15:11:06.371487,2024-10-31T15:31:42.809342,CLOSED,,DB-SERVER-07,False
ALT-CSE-07-04061,CSE-07,LOW,2024-12-22T15:46:46,2024-12-22T15:47:37.179800,2024-12-22T16:12:48.625277,CLOSED,,DB-SERVER-07,False
ALT-CSE-07-04062,CSE-07,MEDIUM,2024-11-27T22:13:38,2024-11-27T22:14:13.779837,2024-11-27T22:21:38.188179,CLOSED,,ENDPOINT-07,False
ALT-CSE-07-04063,CSE-07,HIGH,2024-12-06T10:20:13,2024-12-06T10:21:26.573259,2024-12-06T10:40:29.736449,CLOSED,,ENDPOINT-07,False
ALT-CSE-07-04064,CSE-07,LOW,2024-12-01T10:29:14,2024-12-01T10:30:52.655790,2024-12-01T10:52:46.288347,CLOSED,,FIREWALL-07,False
ALT-CSE-07-04065,CSE-07,MEDIUM,2024-11-26T14:21:05,2024-11-26T14:21:40.335080,2024-11-26T14:43:48.627117,CLOSED,,WEB-SERVER-07,False
ALT-CSE-07-04066,CSE-07,HIGH,2024-10-20T04:08:22,2024-10-20T04:09:38.633254,2024-10-20T04:30:31.187419,CLOSED,,FIREWALL-07,False
ALT-CSE-07-04067,CSE-07,HIGH,2024-11-14T12:36:40,2024-11-14T12:37:54.601468,2024-11-14T12:50:12.972435,CLOSED,CAS-CSE-07-0945,FIREWALL-07,False
ALT-CSE-07-04068,CSE-07,MEDIUM,2024-11-09T06:07:24,2024-11-09T06:08:47.252805,2024-11-09T06:34:30.683922,CLOSED,,WEB-SERVER-07,False
ALT-CSE-07-04069,CSE-07,HIGH,2024-10-03T07:44:18,2024-10-03T07:44:51.856861,2024-10-03T08:03:54.607001,CLOSED,,FIREWALL-07,False
ALT-CSE-07-04070,CSE-07,LOW,2024-12-19T22:44:22,2024-12-19T22:45:40.993737,2024-12-19T23:06:05.882118,CLOSED,,ENDPOINT-07,False
ALT-CSE-07-04071,CSE-07,MEDIUM,2024-11-09T02:16:56,2024-11-09T02:18:24.327248,2024-11-09T02:35:47.024297,CLOSED,,DB-SERVER-07,False
ALT-CSE-07-04072,CSE-07,HIGH,2024-12-05T19:05:54,2024-12-05T19:07:27.056969,2024-12-05T19:24:48.344324,CLOSED,,FIREWALL-07,False
ALT-CSE-07-04073,CSE-07,LOW,2024-11-07T06:54:28,2024-11-07T06:55:38.998197,2024-11-07T07:15:03.636993,CLOSED,,WEB-SERVER-07,False
ALT-CSE-07-04074,CSE-07,LOW,2024-12-24T19:48:52,2024-12-24T19:50:50.160934,2024-12-24T20:08:36.112537,CLOSED,,FIREWALL-07,False
ALT-CSE-07-04075,CSE-07,LOW,2024-10-26T19:59:31,2024-10-26T20:01:12.734842,2024-10-26T20:08:24.761723,CLOSED,,FIREWALL-07,False
ALT-CSE-07-04076,CSE-07,HIGH,2024-12-20T01:22:29,2024-12-20T01:24:06.343412,2024-12-20T01:38:29.507895,CLOSED,,DB-SERVER-07,False
ALT-CSE-07-04077,CSE-07,HIGH,2024-10-29T17:56:10,2024-10-29T17:57:32.282113,2024-10-29T18:11:07.866621,CLOSED,,DB-SERVER-07,False
ALT-CSE-07-04078,CSE-07,LOW,2024-10-14T23:22:53,2024-10-14T23:24:04.699893,2024-10-14T23:42:33.289828,CLOSED,,WEB-SERVER-07,False
ALT-CSE-07-04079,CSE-07,MEDIUM,2024-12-28T01:05:39,2024-12-28T01:07:03.802758,2024-12-28T01:23:21.505116,CLOSED,,WEB-SERVER-07,False
ALT-CSE-07-04080,CSE-07,MEDIUM,2024-12-03T11:40:21,2024-12-03T11:41:29.656009,2024-12-03T12:02:45.550592,CLOSED,,FIREWALL-07,False
ALT-CSE-07-04081,CSE-07,MEDIUM,2024-12-07T15:42:53,2024-12-07T15:44:50.481921,2024-12-07T15:54:00.941439,CLOSED,,DB-SERVER-07,False
ALT-CSE-07-04082,CSE-07,HIGH,2024-11-10T05:09:34,2024-11-10T05:10:05.214866,2024-11-10T05:29:46.395491,CLOSED,,WEB-SERVER-07,False
ALT-CSE-07-04083,CSE-07,LOW,2024-12-26T04:21:33,2024-12-26T04:23:14.939420,2024-12-26T04:33:44.286402,CLOSED,,DB-SERVER-07,False
ALT-CSE-07-04084,CSE-07,HIGH,2024-11-06T12:14:23,2024-11-06T12:15:46.508054,2024-11-06T12:38:37.152172,CLOSED,,WEB-SERVER-07,False
ALT-CSE-07-04085,CSE-07,LOW,2024-12-22T16:25:15,2024-12-22T16:26:25.823327,2024-12-22T16:54:04.555033,CLOSED,,WEB-SERVER-07,False
ALT-CSE-07-04086,CSE-07,LOW,2024-10-09T07:59:19,2024-10-09T08:00:18.495693,2024-10-09T08:19:34.844070,CLOSED,,ENDPOINT-07,False
ALT-CSE-07-04087,CSE-07,LOW,2024-10-13T06:54:00,2024-10-13T06:54:35.148514,2024-10-13T07:15:16.042003,CLOSED,,WEB-SERVER-07,False
ALT-CSE-07-04088,CSE-07,HIGH,2024-11-02T13:35:56,2024-11-02T13:37:11.647066,2024-11-02T13:53:21.187471,CLOSED,CAS-CSE-07-0946,ENDPOINT-07,False
ALT-CSE-07-04089,CSE-07,MEDIUM,2024-12-17T11:23:18,2024-12-17T11:25:07.797792,2024-12-17T11:45:34.985276,CLOSED,,ENDPOINT-07,False
ALT-CSE-07-04090,CSE-07,MEDIUM,2024-10-25T06:59:23,2024-10-25T07:00:08.739078,2024-10-25T07:21:19.917410,CLOSED,,WEB-SERVER-07,False
ALT-CSE-07-04091,CSE-07,LOW,2024-12-11T20:48:39,2024-12-11T20:49:45.937195,2024-12-11T21:11:32.505804,CLOSED,,DB-SERVER-07,False
ALT-CSE-07-04092,CSE-07,LOW,2024-11-27T07:40:35,2024-11-27T07:41:23.263625,2024-11-27T07:53:17.445247,CLOSED,,FIREWALL-07,False
ALT-CSE-07-04093,CSE-07,HIGH,2024-10-21T13:38:39,2024-10-21T13:40:26.585624,2024-10-21T14:06:40.881178,CLOSED,,WEB-SERVER-07,False
ALT-CSE-07-04094,CSE-07,MEDIUM,2024-11-13T00:28:05,2024-11-13T00:29:30.783029,2024-11-13T00:49:27.079473,CLOSED,,DB-SERVER-07,False
ALT-CSE-07-04095,CSE-07,LOW,2024-12-06T15:37:58,2024-12-06T15:39:06.606763,2024-12-06T16:02:23.745691,CLOSED,,WEB-SERVER-07,False
ALT-CSE-07-04096,CSE-07,HIGH,2024-10-01T00:38:34,2024-10-01T00:39:31.134768,2024-10-01T01:07:11.893069,CLOSED,,DB-SERVER-07,False
ALT-CSE-07-04097,CSE-07,LOW,2024-12-14T10:32:47,2024-12-14T10:33:50.381121,2024-12-14T10:59:58.562479,CLOSED,,WEB-SERVER-07,False
ALT-CSE-07-04098,CSE-07,HIGH,2024-11-10T15:47:00,2024-11-10T15:48:09.127073,2024-11-10T15:56:42.493478,CLOSED,,FIREWALL-07,False
ALT-CSE-07-04099,CSE-07,HIGH,2024-11-22T11:46:45,2024-11-22T11:47:50.603459,2024-11-22T12:11:59.548069,CLOSED,,DB-SERVER-07,False
ALT-CSE-07-04100,CSE-07,LOW,2024-12-26T00:11:53,2024-12-26T00:13:14.236241,2024-12-26T00:32:37.886100,CLOSED,,DB-SERVER-07,False
ALT-CSE-07-04101,CSE-07,LOW,2024-11-20T18:18:08,2024-11-20T18:19:41.654111,2024-11-20T18:41:13.749716,CLOSED,,DB-SERVER-07,False
ALT-CSE-07-04102,CSE-07,LOW,2024-10-14T13:45:39,2024-10-14T13:46:20.594399,2024-10-14T14:06:43.710085,CLOSED,,DB-SERVER-07,False
ALT-CSE-07-04103,CSE-07,LOW,2024-12-19T22:06:36,2024-12-19T22:07:47.117161,2024-12-19T22:21:22.797463,CLOSED,,DB-SERVER-07,False
ALT-CSE-07-04104,CSE-07,MEDIUM,2024-10-05T04:05:36,2024-10-05T04:06:23.307793,2024-10-05T04:34:59.472054,CLOSED,,WEB-SERVER-07,False
ALT-CSE-07-04105,CSE-07,LOW,2024-12-26T12:52:26,2024-12-26T12:53:41.651308,2024-12-26T13:13:51.789274,CLOSED,,ENDPOINT-07,False
ALT-CSE-07-04106,CSE-07,MEDIUM,2024-12-13T02:16:06,2024-12-13T02:16:57.626154,2024-12-13T02:36:16.907315,CLOSED,,ENDPOINT-07,False
ALT-CSE-07-04107,CSE-07,MEDIUM,2024-10-22T21:46:22,2024-10-22T21:47:48.533704,2024-10-22T21:58:08.361688,CLOSED,,ENDPOINT-07,False
ALT-CSE-07-04108,CSE-07,HIGH,2024-10-08T01:09:29,2024-10-08T01:10:44.155091,2024-10-08T01:24:17.777665,CLOSED,,FIREWALL-07,False
ALT-CSE-07-04109,CSE-07,LOW,2024-12-01T17:26:04,2024-12-01T17:27:55.427216,2024-12-01T17:42:26.765580,CLOSED,CAS-CSE-07-0947,WEB-SERVER-07,False
ALT-CSE-07-04110,CSE-07,LOW,2024-12-12T17:36:04,2024-12-12T17:36:40.175179,2024-12-12T17:48:49.183646,CLOSED,,DB-SERVER-07,False
ALT-CSE-07-04111,CSE-07,LOW,2024-10-17T13:24:31,2024-10-17T13:25:53.787451,2024-10-17T13:49:28.214440,CLOSED,,ENDPOINT-07,False
ALT-CSE-07-04112,CSE-07,MEDIUM,2024-11-11T21:56:41,2024-11-11T21:58:15.534167,2024-11-11T22:20:00.701661,CLOSED,,ENDPOINT-07,False
ALT-CSE-07-04113,CSE-07,LOW,2024-10-06T07:32:46,2024-10-06T07:34:30.963707,2024-10-06T08:03:44.019498,CLOSED,,DB-SERVER-07,False
ALT-CSE-07-04114,CSE-07,LOW,2024-12-27T07:19:46,2024-12-27T07:20:49.980000,2024-12-27T07:44:18.632226,CLOSED,,WEB-SERVER-07,False
ALT-CSE-07-04115,CSE-07,LOW,2024-10-24T09:39:08,2024-10-24T09:40:20.346847,2024-10-24T09:58:19.392534,CLOSED,,DB-SERVER-07,False
ALT-CSE-07-04116,CSE-07,HIGH,2024-12-10T06:09:25,2024-12-10T06:10:39.863691,2024-12-10T06:27:06.041606,CLOSED,,DB-SERVER-07,False
ALT-CSE-07-04117,CSE-07,HIGH,2024-10-23T17:39:02,2024-10-23T17:39:46.838492,2024-10-23T18:00:41.862142,CLOSED,,WEB-SERVER-07,False
ALT-CSE-07-04118,CSE-07,LOW,2024-10-05T10:55:34,2024-10-05T10:56:36.061284,2024-10-05T11:19:20.771779,CLOSED,,FIREWALL-07,False
ALT-CSE-07-04119,CSE-07,MEDIUM,2024-12-16T01:29:10,2024-12-16T01:30:57.003108,2024-12-16T01:43:26.674543,CLOSED,,DB-SERVER-07,False
ALT-CSE-07-04120,CSE-07,HIGH,2024-11-21T21:44:59,2024-11-21T21:46:46.157913,2024-11-21T22:02:35.703840,CLOSED,,DB-SERVER-07,False
ALT-CSE-07-04121,CSE-07,MEDIUM,2024-12-01T15:58:09,2024-12-01T15:59:37.785366,2024-12-01T16:19:20.392241,CLOSED,,FIREWALL-07,False
ALT-CSE-07-04122,CSE-07,HIGH,2024-12-09T09:31:39,2024-12-09T09:33:21.521318,2024-12-09T09:50:02.747143,CLOSED,CAS-CSE-07-0948,WEB-SERVER-07,False
ALT-CSE-07-04123,CSE-07,HIGH,2024-12-28T06:44:16,2024-12-28T06:46:06.061304,2024-12-28T07:01:06.249020,CLOSED,,FIREWALL-07,False
ALT-CSE-07-04124,CSE-07,HIGH,2024-11-01T17:21:00,2024-11-01T17:21:55.048411,2024-11-01T17:36:32.939808,CLOSED,,FIREWALL-07,False
ALT-CSE-07-04125,CSE-07,LOW,2024-10-30T00:43:17,2024-10-30T00:43:47.842209,2024-10-30T01:11:30.369073,CLOSED,,FIREWALL-07,False
ALT-CSE-07-04126,CSE-07,MEDIUM,2024-12-27T10:57:49,2024-12-27T10:58:51.394228,2024-12-27T11:21:35.221521,CLOSED,,FIREWALL-07,False
ALT-CSE-07-04127,CSE-07,HIGH,2024-11-05T02:29:45,2024-11-05T02:31:28.239677,2024-11-05T02:51:06.178876,CLOSED,,FIREWALL-07,False
ALT-CSE-07-04128,CSE-07,MEDIUM,2024-11-07T14:08:10,2024-11-07T14:09:13.934463,2024-11-07T14:33:08.414298,CLOSED,,WEB-SERVER-07,False
ALT-CSE-07-04129,CSE-07,LOW,2024-11-19T08:18:05,2024-11-19T08:19:44.696038,2024-11-19T08:36:54.069541,CLOSED,,DB-SERVER-07,False
ALT-CSE-07-04130,CSE-07,HIGH,2024-12-03T21:10:27,2024-12-03T21:11:13.280366,2024-12-03T21:31:41.320337,CLOSED,,WEB-SERVER-07,False
ALT-CSE-07-04131,CSE-07,HIGH,2024-11-27T15:13:07,2024-11-27T15:14:22.772596,2024-11-27T15:36:32.373604,CLOSED,,WEB-SERVER-07,False
ALT-CSE-07-04132,CSE-07,HIGH,2024-12-09T00:01:34,2024-12-09T00:03:20.023885,2024-12-09T00:23:18.317400,CLOSED,,WEB-SERVER-07,False
ALT-CSE-07-04133,CSE-07,MEDIUM,2024-11-18T07:36:10,2024-11-18T07:37:21.606879,2024-11-18T07:51:15.357075,CLOSED,,FIREWALL-07,False
ALT-CSE-07-04134,CSE-07,HIGH,2024-10-13T23:25:21,2024-10-13T23:26:14.329197,2024-10-13T23:46:07.550309,CLOSED,,DB-SERVER-07,False
ALT-CSE-07-04135,CSE-07,MEDIUM,2024-10-12T05:22:07,2024-10-12T05:23:11.894152,2024-10-12T05:43:56.626731,CLOSED,,FIREWALL-07,False
ALT-CSE-07-04136,CSE-07,LOW,2024-11-10T10:05:19,2024-11-10T10:07:10.834380,2024-11-10T10:24:52.890875,CLOSED,,ENDPOINT-07,False
ALT-CSE-07-04137,CSE-07,LOW,2024-11-30T12:05:11,2024-11-30T12:06:45.417984,2024-11-30T12:35:32.809810,CLOSED,,ENDPOINT-07,False
ALT-CSE-07-04138,CSE-07,HIGH,2024-10-10T22:13:35,2024-10-10T22:14:29.176875,2024-10-10T22:26:37.555769,CLOSED,,WEB-SERVER-07,False
ALT-CSE-07-04139,CSE-07,HIGH,2024-10-21T00:08:12,2024-10-21T00:08:56.684681,2024-10-21T00:29:36.308621,CLOSED,,DB-SERVER-07,False
ALT-CSE-07-04140,CSE-07,LOW,2024-11-17T11:45:21,2024-11-17T11:46:02.844000,2024-11-17T12:06:57.957740,CLOSED,,FIREWALL-07,False
ALT-CSE-07-04141,CSE-07,MEDIUM,2024-12-17T09:20:07,2024-12-17T09:21:00.760628,2024-12-17T09:46:10.669670,CLOSED,,DB-SERVER-07,False
ALT-CSE-07-04142,CSE-07,MEDIUM,2024-10-05T18:20:25,2024-10-05T18:21:25.962075,2024-10-05T18:42:17.716178,CLOSED,,WEB-SERVER-07,False
ALT-CSE-07-04143,CSE-07,HIGH,2024-12-08T04:24:55,2024-12-08T04:26:51.188099,2024-12-08T04:48:48.334999,CLOSED,,FIREWALL-07,False
ALT-CSE-07-04144,CSE-07,MEDIUM,2024-10-15T04:15:22,2024-10-15T04:16:36.190804,2024-10-15T04:30:19.186251,CLOSED,,FIREWALL-07,False
ALT-CSE-07-04145,CSE-07,MEDIUM,2024-11-07T17:20:44,2024-11-07T17:21:37.813064,2024-11-07T17:42:12.674454,CLOSED,,WEB-SERVER-07,False
ALT-CSE-07-04146,CSE-07,HIGH,2024-10-29T07:07:08,2024-10-29T07:07:53.368981,2024-10-29T07:28:25.475587,CLOSED,,WEB-SERVER-07,False
ALT-CSE-07-04147,CSE-07,MEDIUM,2024-11-04T15:10:14,2024-11-04T15:10:58.548304,2024-11-04T15:22:08.924268,CLOSED,,WEB-SERVER-07,False
ALT-CSE-07-04148,CSE-07,LOW,2024-10-31T10:29:56,2024-10-31T10:31:43.901612,2024-10-31T10:50:51.469408,CLOSED,,WEB-SERVER-07,False
ALT-CSE-07-04149,CSE-07,MEDIUM,2024-11-04T10:00:24,2024-11-04T10:01:14.536225,2024-11-04T10:28:08.885617,CLOSED,,DB-SERVER-07,False
ALT-CSE-07-04150,CSE-07,MEDIUM,2024-10-06T20:00:30,2024-10-06T20:01:48.561351,2024-10-06T20:27:52.620108,CLOSED,,WEB-SERVER-07,False
ALT-CSE-07-04151,CSE-07,HIGH,2024-11-08T16:34:30,2024-11-08T16:36:00.732424,2024-11-08T16:57:29.698350,CLOSED,CAS-CSE-07-0949,DB-SERVER-07,False
ALT-CSE-07-04152,CSE-07,HIGH,2024-10-09T17:43:01,2024-10-09T17:44:55.368405,2024-10-09T17:55:18.091871,CLOSED,,DB-SERVER-07,False
ALT-CSE-07-04153,CSE-07,HIGH,2024-10-11T22:31:49,2024-10-11T22:33:25.696966,2024-10-11T22:51:07.813756,CLOSED,,DB-SERVER-07,False
ALT-CSE-07-04154,CSE-07,HIGH,2024-12-14T07:45:36,2024-12-14T07:46:47.604396,2024-12-14T07:59:44.098878,CLOSED,,DB-SERVER-07,False
ALT-CSE-07-04155,CSE-07,LOW,2024-12-29T05:54:24,2024-12-29T05:55:16.399609,2024-12-29T06:08:35.495917,CLOSED,,WEB-SERVER-07,False
ALT-CSE-07-04156,CSE-07,HIGH,2024-10-27T00:06:24,2024-10-27T00:07:24.190921,2024-10-27T00:37:29.527115,CLOSED,,DB-SERVER-07,False
ALT-CSE-07-04157,CSE-07,MEDIUM,2024-12-22T15:10:27,2024-12-22T15:11:00.797523,2024-12-22T15:43:34.274833,CLOSED,,WEB-SERVER-07,False
ALT-CSE-07-04158,CSE-07,HIGH,2024-10-01T00:13:53,2024-10-01T00:15:48.660643,2024-10-01T00:42:10.717330,CLOSED,,WEB-SERVER-07,False
ALT-CSE-07-04159,CSE-07,LOW,2024-11-17T06:27:18,2024-11-17T06:28:46.623344,2024-11-17T06:43:18.395527,CLOSED,,WEB-SERVER-07,False
ALT-CSE-07-04160,CSE-07,LOW,2024-11-26T03:25:50,2024-11-26T03:26:34.955122,2024-11-26T03:43:18.639712,CLOSED,,WEB-SERVER-07,False
ALT-CSE-07-04161,CSE-07,HIGH,2024-10-06T18:17:43,2024-10-06T18:19:17.230339,2024-10-06T18:32:49.648809,CLOSED,,DB-SERVER-07,False
ALT-CSE-07-04162,CSE-07,LOW,2024-10-19T19:16:51,2024-10-19T19:18:26.621738,2024-10-19T19:33:12.585903,CLOSED,,WEB-SERVER-07,False
ALT-CSE-07-04163,CSE-07,LOW,2024-11-22T04:47:12,2024-11-22T04:48:44.474411,2024-11-22T05:13:09.033993,CLOSED,,WEB-SERVER-07,False
ALT-CSE-07-04164,CSE-07,HIGH,2024-11-08T02:21:34,2024-11-08T02:22:45.517779,2024-11-08T02:55:26.373973,CLOSED,,FIREWALL-07,False
ALT-CSE-07-04165,CSE-07,LOW,2024-10-23T18:46:04,2024-10-23T18:47:05.084891,2024-10-23T19:02:59.470440,CLOSED,,FIREWALL-07,False
ALT-CSE-07-04166,CSE-07,MEDIUM,2024-12-05T08:47:49,2024-12-05T08:48:45.544959,2024-12-05T09:14:21.873055,CLOSED,,DB-SERVER-07,False
ALT-CSE-07-04167,CSE-07,LOW,2024-11-06T13:29:03,2024-11-06T13:29:59.047424,2024-11-06T13:54:09.849210,CLOSED,,ENDPOINT-07,False
ALT-CSE-07-04168,CSE-07,HIGH,2024-11-20T02:41:38,2024-11-20T02:42:34.097098,2024-11-20T03:00:25.876180,CLOSED,CAS-CSE-07-0950,WEB-SERVER-07,False
ALT-CSE-07-04169,CSE-07,LOW,2024-11-16T13:27:31,2024-11-16T13:28:13.702235,2024-11-16T13:52:00.371456,CLOSED,,ENDPOINT-07,False
ALT-CSE-07-04170,CSE-07,MEDIUM,2024-10-12T22:30:02,2024-10-12T22:31:05.154431,2024-10-12T22:43:43.719830,CLOSED,,FIREWALL-07,False
ALT-CSE-07-04171,CSE-07,LOW,2024-10-12T22:31:26,2024-10-12T22:32:16.575600,2024-10-12T22:55:51.095929,CLOSED,,WEB-SERVER-07,False
ALT-CSE-07-04172,CSE-07,MEDIUM,2024-10-28T18:41:38,2024-10-28T18:42:09.374698,2024-10-28T18:55:17.304709,CLOSED,,ENDPOINT-07,False
ALT-CSE-07-04173,CSE-07,LOW,2024-11-05T07:51:12,2024-11-05T07:52:11.454951,2024-11-05T08:03:47.668642,CLOSED,,ENDPOINT-07,False
ALT-CSE-07-04174,CSE-07,HIGH,2024-12-03T20:18:30,2024-12-03T20:19:26.337731,2024-12-03T20:40:36.956538,CLOSED,CAS-CSE-07-0951,DB-SERVER-07,False
ALT-CSE-07-04175,CSE-07,MEDIUM,2024-10-23T06:18:46,2024-10-23T06:19:31.634797,2024-10-23T06:41:18.355121,CLOSED,,DB-SERVER-07,False
ALT-CSE-07-04176,CSE-07,HIGH,2024-12-21T00:50:56,2024-12-21T00:52:13.461294,2024-12-21T01:10:34.886472,CLOSED,,DB-SERVER-07,False
ALT-CSE-07-04177,CSE-07,HIGH,2024-12-05T06:41:27,2024-12-05T06:42:03.633954,2024-12-05T07:01:25.346222,CLOSED,,FIREWALL-07,False
ALT-CSE-07-04178,CSE-07,LOW,2024-10-21T18:37:03,2024-10-21T18:37:39.747656,2024-10-21T18:49:09.969467,CLOSED,,ENDPOINT-07,False
ALT-CSE-07-04179,CSE-07,LOW,2024-10-13T00:17:45,2024-10-13T00:18:24.797000,2024-10-13T00:31:56.211853,CLOSED,,ENDPOINT-07,False
ALT-CSE-07-04180,CSE-07,MEDIUM,2024-10-03T02:08:23,2024-10-03T02:09:55.384055,2024-10-03T02:29:48.216926,CLOSED,,DB-SERVER-07,False
ALT-CSE-07-04181,CSE-07,HIGH,2024-11-22T23:36:53,2024-11-22T23:37:25.163750,2024-11-22T23:53:43.562185,CLOSED,,FIREWALL-07,False
ALT-CSE-07-04182,CSE-07,MEDIUM,2024-10-04T18:31:44,2024-10-04T18:32:55.638743,2024-10-04T18:53:30.385710,CLOSED,,WEB-SERVER-07,False
ALT-CSE-07-04183,CSE-07,LOW,2024-12-02T10:46:14,2024-12-02T10:47:34.001516,2024-12-02T10:56:30.857854,CLOSED,,DB-SERVER-07,False
ALT-CSE-07-04184,CSE-07,HIGH,2024-12-17T09:39:24,2024-12-17T09:40:22.128918,2024-12-17T10:09:40.597656,CLOSED,,ENDPOINT-07,False
ALT-CSE-07-04185,CSE-07,LOW,2024-12-02T05:20:43,2024-12-02T05:21:32.091723,2024-12-02T05:39:46.006850,CLOSED,,ENDPOINT-07,False
ALT-CSE-07-04186,CSE-07,MEDIUM,2024-11-13T00:41:05,2024-11-13T00:42:12.611989,2024-11-13T01:06:56.424116,CLOSED,,WEB-SERVER-07,False
ALT-CSE-07-04187,CSE-07,LOW,2024-10-29T20:49:04,2024-10-29T20:50:34.732701,2024-10-29T21:03:00.168816,CLOSED,,DB-SERVER-07,False
ALT-CSE-07-04188,CSE-07,LOW,2024-12-21T06:58:54,2024-12-21T07:00:40.557238,2024-12-21T07:24:40.265716,CLOSED,,WEB-SERVER-07,False
ALT-CSE-07-04189,CSE-07,LOW,2024-10-14T08:49:55,2024-10-14T08:51:09.447150,2024-10-14T09:07:58.999617,CLOSED,,FIREWALL-07,False
ALT-CSE-07-04190,CSE-07,LOW,2024-11-19T08:17:55,2024-11-19T08:19:45.186132,2024-11-19T08:37:15.460949,CLOSED,,DB-SERVER-07,False
ALT-CSE-07-04191,CSE-07,LOW,2024-11-11T18:28:28,2024-11-11T18:29:14.207751,2024-11-11T18:50:59.294874,CLOSED,,WEB-SERVER-07,False
ALT-CSE-07-04192,CSE-07,HIGH,2024-11-26T13:21:12,2024-11-26T13:22:36.667197,2024-11-26T13:42:31.979927,CLOSED,,WEB-SERVER-07,False
ALT-CSE-07-04193,CSE-07,LOW,2024-10-26T09:06:21,2024-10-26T09:07:38.904846,2024-10-26T09:28:58.044483,CLOSED,,WEB-SERVER-07,False
ALT-CSE-07-04194,CSE-07,MEDIUM,2024-11-06T02:45:13,2024-11-06T02:46:45.387694,2024-11-06T03:02:28.734166,CLOSED,,DB-SERVER-07,False
ALT-CSE-07-04195,CSE-07,LOW,2024-11-06T12:59:15,2024-11-06T13:00:45.301914,2024-11-06T13:10:39.329281,CLOSED,,FIREWALL-07,False
ALT-CSE-07-04196,CSE-07,LOW,2024-11-29T05:58:35,2024-11-29T06:00:10.362896,2024-11-29T06:21:26.258312,CLOSED,,FIREWALL-07,False
ALT-CSE-07-04197,CSE-07,LOW,2024-12-01T21:30:49,2024-12-01T21:32:20.058941,2024-12-01T21:56:14.566857,CLOSED,,DB-SERVER-07,False
ALT-CSE-07-04198,CSE-07,MEDIUM,2024-10-05T05:44:44,2024-10-05T05:46:40.114049,2024-10-05T06:09:37.733673,CLOSED,,ENDPOINT-07,False
ALT-CSE-07-04199,CSE-07,MEDIUM,2024-11-12T16:56:09,2024-11-12T16:57:05.841921,2024-11-12T17:15:15.690625,CLOSED,,ENDPOINT-07,False
ALT-CSE-07-04200,CSE-07,MEDIUM,2024-12-19T21:37:39,2024-12-19T21:39:23.972542,2024-12-19T21:58:04.511460,CLOSED,,DB-SERVER-07,False
ALT-CSE-07-04201,CSE-07,MEDIUM,2024-12-23T16:15:36,2024-12-23T16:16:30.421904,2024-12-23T16:26:19.022935,CLOSED,,ENDPOINT-07,False
ALT-CSE-07-04202,CSE-07,MEDIUM,2024-11-10T20:20:06,2024-11-10T20:21:19.450996,2024-11-10T20:41:34.198147,CLOSED,,FIREWALL-07,False
ALT-CSE-07-04203,CSE-07,HIGH,2024-11-07T02:08:55,2024-11-07T02:09:44.308880,2024-11-07T02:32:45.819928,CLOSED,,ENDPOINT-07,False
ALT-CSE-07-04204,CSE-07,HIGH,2024-11-09T19:28:17,2024-11-09T19:30:11.444735,2024-11-09T19:52:08.296294,CLOSED,,ENDPOINT-07,False
ALT-CSE-07-04205,CSE-07,LOW,2024-12-20T00:11:48,2024-12-20T00:13:25.143761,2024-12-20T00:39:29.950849,CLOSED,,FIREWALL-07,False
ALT-CSE-07-04206,CSE-07,HIGH,2024-12-09T13:20:31,2024-12-09T13:21:15.612692,2024-12-09T13:41:20.231586,CLOSED,,ENDPOINT-07,False
ALT-CSE-07-04207,CSE-07,LOW,2024-12-13T00:50:03,2024-12-13T00:51:26.685619,2024-12-13T01:12:23.885680,CLOSED,,FIREWALL-07,False
ALT-CSE-07-04208,CSE-07,LOW,2024-12-10T18:15:12,2024-12-10T18:16:09.740051,2024-12-10T18:44:06.962247,CLOSED,,FIREWALL-07,False
ALT-CSE-07-04209,CSE-07,LOW,2024-12-16T21:02:26,2024-12-16T21:03:02.707037,2024-12-16T21:30:17.298674,CLOSED,,WEB-SERVER-07,False
ALT-CSE-07-04210,CSE-07,LOW,2024-11-19T06:05:59,2024-11-19T06:07:15.878836,2024-11-19T06:32:53.793464,CLOSED,,FIREWALL-07,False
ALT-CSE-07-04211,CSE-07,LOW,2024-11-19T05:58:51,2024-11-19T06:00:19.863939,2024-11-19T06:28:30.847170,CLOSED,,DB-SERVER-07,False
ALT-CSE-07-04212,CSE-07,MEDIUM,2024-11-25T07:00:31,2024-11-25T07:02:12.686306,2024-11-25T07:20:15.083204,CLOSED,CAS-CSE-07-0952,WEB-SERVER-07,False
ALT-CSE-07-04213,CSE-07,HIGH,2024-12-04T09:58:40,2024-12-04T09:59:57.928472,2024-12-04T10:18:26.407344,CLOSED,,DB-SERVER-07,False
ALT-CSE-07-04214,CSE-07,LOW,2024-11-15T19:56:37,2024-11-15T19:58:25.358212,2024-11-15T20:12:34.760104,CLOSED,,FIREWALL-07,False
ALT-CSE-07-04215,CSE-07,HIGH,2024-11-04T07:47:17,2024-11-04T07:47:51.356310,2024-11-04T08:00:43.603494,CLOSED,,DB-SERVER-07,False
ALT-CSE-07-04216,CSE-07,HIGH,2024-10-03T03:40:43,2024-10-03T03:41:13.862852,2024-10-03T03:59:16.244315,CLOSED,,DB-SERVER-07,False
ALT-CSE-07-04217,CSE-07,MEDIUM,2024-12-23T20:48:18,2024-12-23T20:49:44.601949,2024-12-23T21:01:50.298182,CLOSED,,ENDPOINT-07,False
ALT-CSE-07-04218,CSE-07,HIGH,2024-11-08T04:23:16,2024-11-08T04:25:07.753888,2024-11-08T04:47:50.097018,CLOSED,,DB-SERVER-07,False
ALT-CSE-07-04219,CSE-07,LOW,2024-12-14T12:47:30,2024-12-14T12:48:39.431504,2024-12-14T13:18:53.397614,CLOSED,,DB-SERVER-07,False
ALT-CSE-07-04220,CSE-07,HIGH,2024-10-19T08:32:02,2024-10-19T08:32:37.742717,2024-10-19T08:56:34.492043,CLOSED,,WEB-SERVER-07,False
ALT-CSE-07-04221,CSE-07,HIGH,2024-10-19T00:25:16,2024-10-19T00:26:06.674359,2024-10-19T00:49:05.947618,CLOSED,,FIREWALL-07,False
ALT-CSE-07-04222,CSE-07,HIGH,2024-12-01T00:58:16,2024-12-01T00:59:32.477443,2024-12-01T01:26:13.799874,CLOSED,,ENDPOINT-07,False
ALT-CSE-07-04223,CSE-07,MEDIUM,2024-11-22T18:19:05,2024-11-22T18:20:01.837322,2024-11-22T18:36:35.660251,CLOSED,,WEB-SERVER-07,False
ALT-CSE-07-04224,CSE-07,LOW,2024-12-10T09:45:26,2024-12-10T09:46:54.463901,2024-12-10T10:05:42.432251,CLOSED,,FIREWALL-07,False
ALT-CSE-07-04225,CSE-07,MEDIUM,2024-12-19T07:06:18,2024-12-19T07:07:25.217947,2024-12-19T07:23:20.210933,CLOSED,,DB-SERVER-07,False
ALT-CSE-07-04226,CSE-07,HIGH,2024-12-03T17:09:54,2024-12-03T17:11:42.692878,2024-12-03T17:25:36.970200,CLOSED,,FIREWALL-07,False
ALT-CSE-07-04227,CSE-07,MEDIUM,2024-10-25T01:05:13,2024-10-25T01:06:30.575818,2024-10-25T01:28:43.181999,CLOSED,,WEB-SERVER-07,False
ALT-CSE-07-04228,CSE-07,MEDIUM,2024-11-18T17:11:27,2024-11-18T17:12:43.317952,2024-11-18T17:38:09.723290,CLOSED,,ENDPOINT-07,False
ALT-CSE-07-04229,CSE-07,MEDIUM,2024-10-01T08:10:25,2024-10-01T08:11:26.562002,2024-10-01T08:36:31.916858,CLOSED,,WEB-SERVER-07,False
ALT-CSE-07-04230,CSE-07,LOW,2024-10-17T04:58:24,2024-10-17T05:00:17.725634,2024-10-17T05:22:31.114526,CLOSED,,FIREWALL-07,False
ALT-CSE-07-04231,CSE-07,MEDIUM,2024-12-04T08:09:17,2024-12-04T08:10:52.842369,2024-12-04T08:30:09.318703,CLOSED,,WEB-SERVER-07,False
ALT-CSE-07-04232,CSE-07,HIGH,2024-12-13T03:12:25,2024-12-13T03:14:07.018739,2024-12-13T03:35:12.053261,CLOSED,,FIREWALL-07,False
ALT-CSE-07-04233,CSE-07,HIGH,2024-12-25T19:45:00,2024-12-25T19:46:58.362118,2024-12-25T20:08:31.438559,CLOSED,,ENDPOINT-07,False
ALT-CSE-07-04234,CSE-07,HIGH,2024-10-19T03:51:47,2024-10-19T03:52:19.626707,2024-10-19T04:05:05.728495,CLOSED,,FIREWALL-07,False
ALT-CSE-07-04235,CSE-07,HIGH,2024-11-13T15:31:13,2024-11-13T15:33:07.739157,2024-11-13T16:00:04.612882,CLOSED,,DB-SERVER-07,False
ALT-CSE-07-04236,CSE-07,MEDIUM,2024-10-25T19:06:47,2024-10-25T19:07:34.408052,2024-10-25T19:32:43.690986,CLOSED,,WEB-SERVER-07,False
ALT-CSE-07-04237,CSE-07,HIGH,2024-12-28T02:46:23,2024-12-28T02:47:22.638288,2024-12-28T03:08:03.271296,CLOSED,,FIREWALL-07,False
ALT-CSE-07-04238,CSE-07,LOW,2024-12-25T17:42:21,2024-12-25T17:43:50.081072,2024-12-25T18:05:20.502252,CLOSED,,DB-SERVER-07,False
ALT-CSE-07-04239,CSE-07,HIGH,2024-12-20T19:14:40,2024-12-20T19:15:29.614885,2024-12-20T19:29:44.247371,CLOSED,,DB-SERVER-07,False
ALT-CSE-07-04240,CSE-07,LOW,2024-12-10T09:34:25,2024-12-10T09:35:54.499014,2024-12-10T09:59:29.491893,CLOSED,,ENDPOINT-07,False
ALT-CSE-07-04241,CSE-07,LOW,2024-10-05T09:49:18,2024-10-05T09:49:55.847120,2024-10-05T10:06:58.615910,CLOSED,,WEB-SERVER-07,False
ALT-CSE-07-04242,CSE-07,MEDIUM,2024-11-09T13:09:57,2024-11-09T13:11:48.533935,2024-11-09T13:22:45.692811,CLOSED,CAS-CSE-07-0953,WEB-SERVER-07,False
ALT-CSE-07-04243,CSE-07,HIGH,2024-10-17T15:52:23,2024-10-17T15:53:13.341317,2024-10-17T16:09:59.153881,CLOSED,,ENDPOINT-07,False
ALT-CSE-07-04244,CSE-07,LOW,2024-11-12T18:05:14,2024-11-12T18:06:48.899331,2024-11-12T18:25:39.741703,CLOSED,,WEB-SERVER-07,False
ALT-CSE-07-04245,CSE-07,LOW,2024-10-09T01:58:12,2024-10-09T01:59:19.833421,2024-10-09T02:11:56.866753,CLOSED,,DB-SERVER-07,False
ALT-CSE-07-04246,CSE-07,HIGH,2024-10-18T21:01:40,2024-10-18T21:03:34.873385,2024-10-18T21:20:26.148101,CLOSED,,FIREWALL-07,False
ALT-CSE-07-04247,CSE-07,HIGH,2024-10-15T10:15:47,2024-10-15T10:17:30.559096,2024-10-15T10:25:57.681147,CLOSED,,DB-SERVER-07,False
ALT-CSE-07-04248,CSE-07,HIGH,2024-12-06T13:34:53,2024-12-06T13:36:50.217208,2024-12-06T13:57:31.167129,CLOSED,,ENDPOINT-07,False
ALT-CSE-07-04249,CSE-07,MEDIUM,2024-11-17T12:33:21,2024-11-17T12:33:59.029225,2024-11-17T12:49:02.210047,CLOSED,,ENDPOINT-07,False
ALT-CSE-07-04250,CSE-07,MEDIUM,2024-11-13T01:55:55,2024-11-13T01:57:34.260585,2024-11-13T02:16:00.719942,CLOSED,,FIREWALL-07,False
ALT-CSE-07-04251,CSE-07,HIGH,2024-10-10T09:29:43,2024-10-10T09:31:14.666114,2024-10-10T09:44:40.521430,CLOSED,,WEB-SERVER-07,False
ALT-CSE-07-04252,CSE-07,LOW,2024-11-08T20:38:49,2024-11-08T20:40:33.749453,2024-11-08T21:07:00.594070,CLOSED,,FIREWALL-07,False
ALT-CSE-07-04253,CSE-07,LOW,2024-11-19T11:32:05,2024-11-19T11:33:18.465166,2024-11-19T11:47:05.484591,CLOSED,,ENDPOINT-07,False
ALT-CSE-07-04254,CSE-07,HIGH,2024-11-09T17:24:55,2024-11-09T17:26:30.694976,2024-11-09T17:43:36.604748,CLOSED,,ENDPOINT-07,False
ALT-CSE-07-04255,CSE-07,LOW,2024-12-09T03:04:14,2024-12-09T03:06:10.025200,2024-12-09T03:25:27.160030,CLOSED,,DB-SERVER-07,False
ALT-CSE-07-04256,CSE-07,HIGH,2024-12-13T18:54:08,2024-12-13T18:55:58.743664,2024-12-13T19:23:50.847472,CLOSED,,WEB-SERVER-07,False
ALT-CSE-07-04257,CSE-07,LOW,2024-12-16T16:51:27,2024-12-16T16:53:16.156593,2024-12-16T17:06:57.695464,CLOSED,,FIREWALL-07,False
ALT-CSE-07-04258,CSE-07,LOW,2024-12-24T00:38:46,2024-12-24T00:39:48.300741,2024-12-24T00:53:19.618794,CLOSED,,WEB-SERVER-07,False
ALT-CSE-07-04259,CSE-07,LOW,2024-10-03T06:00:29,2024-10-03T06:01:05.274204,2024-10-03T06:15:14.671214,CLOSED,,WEB-SERVER-07,False
ALT-CSE-07-04260,CSE-07,LOW,2024-10-22T18:54:02,2024-10-22T18:55:06.495233,2024-10-22T19:06:43.108004,CLOSED,CAS-CSE-07-0954,FIREWALL-07,False
ALT-CSE-07-04261,CSE-07,MEDIUM,2024-10-31T19:52:31,2024-10-31T19:54:06.010507,2024-10-31T20:05:11.437741,CLOSED,,ENDPOINT-07,False
ALT-CSE-07-04262,CSE-07,LOW,2024-10-01T15:07:30,2024-10-01T15:08:39.754516,2024-10-01T15:27:58.907978,CLOSED,,WEB-SERVER-07,False
ALT-CSE-07-04263,CSE-07,HIGH,2024-12-02T12:36:20,2024-12-02T12:38:13.484864,2024-12-02T12:55:08.597043,CLOSED,,ENDPOINT-07,False
ALT-CSE-07-04264,CSE-07,MEDIUM,2024-11-02T11:16:16,2024-11-02T11:18:06.765190,2024-11-02T11:31:19.808409,CLOSED,,FIREWALL-07,False
ALT-CSE-07-04265,CSE-07,LOW,2024-12-14T00:56:34,2024-12-14T00:58:29.367318,2024-12-14T01:03:58.971251,CLOSED,,ENDPOINT-07,False
ALT-CSE-07-04266,CSE-07,MEDIUM,2024-11-10T04:31:33,2024-11-10T04:32:15.803775,2024-11-10T05:03:39.521780,CLOSED,,DB-SERVER-07,False
ALT-CSE-07-04267,CSE-07,LOW,2024-12-06T17:49:28,2024-12-06T17:50:12.400918,2024-12-06T18:07:02.940515,CLOSED,,WEB-SERVER-07,False
ALT-CSE-07-04268,CSE-07,MEDIUM,2024-12-07T12:02:27,2024-12-07T12:03:21.817374,2024-12-07T12:31:09.730427,CLOSED,,ENDPOINT-07,False
ALT-CSE-07-04269,CSE-07,HIGH,2024-12-12T21:49:35,2024-12-12T21:51:23.174628,2024-12-12T22:14:38.710500,CLOSED,,ENDPOINT-07,False
ALT-CSE-07-04270,CSE-07,MEDIUM,2024-10-26T09:36:53,2024-10-26T09:38:12.472005,2024-10-26T09:53:06.996407,CLOSED,,ENDPOINT-07,False
ALT-CSE-07-04271,CSE-07,LOW,2024-12-19T11:43:04,2024-12-19T11:44:37.243543,2024-12-19T12:12:17.830342,CLOSED,,ENDPOINT-07,False
ALT-CSE-07-04272,CSE-07,MEDIUM,2024-11-12T23:42:57,2024-11-12T23:43:47.755171,2024-11-13T00:00:26.776541,CLOSED,,DB-SERVER-07,False
ALT-CSE-07-04273,CSE-07,MEDIUM,2024-12-13T06:03:33,2024-12-13T06:05:08.516463,2024-12-13T06:18:11.017872,CLOSED,,DB-SERVER-07,False
ALT-CSE-07-04274,CSE-07,LOW,2024-11-01T07:41:20,2024-11-01T07:42:45.814046,2024-11-01T08:00:35.887231,CLOSED,,ENDPOINT-07,False
ALT-CSE-07-04275,CSE-07,LOW,2024-12-25T08:37:13,2024-12-25T08:37:45.045633,2024-12-25T08:51:37.120070,CLOSED,,FIREWALL-07,False
ALT-CSE-07-04276,CSE-07,LOW,2024-12-05T20:49:48,2024-12-05T20:50:45.244519,2024-12-05T21:08:12.834613,CLOSED,,ENDPOINT-07,False
ALT-CSE-07-04277,CSE-07,MEDIUM,2024-11-30T22:48:45,2024-11-30T22:49:27.297374,2024-11-30T22:59:29.703480,CLOSED,,FIREWALL-07,False
ALT-CSE-07-04278,CSE-07,HIGH,2024-10-12T07:24:51,2024-10-12T07:25:34.250271,2024-10-12T07:36:25.100838,CLOSED,,DB-SERVER-07,False
ALT-CSE-07-04279,CSE-07,HIGH,2024-12-17T21:48:20,2024-12-17T21:50:02.166696,2024-12-17T22:09:07.888036,CLOSED,,WEB-SERVER-07,False
ALT-CSE-07-04280,CSE-07,LOW,2024-10-26T14:00:37,2024-10-26T14:02:14.082987,2024-10-26T14:10:45.034448,CLOSED,,FIREWALL-07,False
ALT-CSE-07-04281,CSE-07,LOW,2024-10-19T18:24:42,2024-10-19T18:26:31.743850,2024-10-19T18:44:01.007819,CLOSED,,FIREWALL-07,False
ALT-CSE-07-04282,CSE-07,MEDIUM,2024-12-28T05:26:21,2024-12-28T05:26:56.005907,2024-12-28T05:47:55.290708,CLOSED,,DB-SERVER-07,False
ALT-CSE-07-04283,CSE-07,MEDIUM,2024-10-06T06:57:39,2024-10-06T06:58:55.661117,2024-10-06T07:22:09.281754,CLOSED,,WEB-SERVER-07,False
ALT-CSE-07-04284,CSE-07,LOW,2024-12-02T13:08:57,2024-12-02T13:09:34.336675,2024-12-02T13:25:51.081376,CLOSED,,ENDPOINT-07,False
ALT-CSE-07-04285,CSE-07,MEDIUM,2024-10-01T20:06:36,2024-10-01T20:07:15.472702,2024-10-01T20:30:09.626273,CLOSED,,FIREWALL-07,False
ALT-CSE-07-04286,CSE-07,LOW,2024-12-25T12:31:49,2024-12-25T12:33:08.856797,2024-12-25T12:48:28.063585,CLOSED,,ENDPOINT-07,False
ALT-CSE-07-04287,CSE-07,LOW,2024-10-10T17:43:55,2024-10-10T17:45:27.411090,2024-10-10T18:07:30.330415,CLOSED,,ENDPOINT-07,False
ALT-CSE-07-04288,CSE-07,HIGH,2024-10-11T08:54:06,2024-10-11T08:55:31.648030,2024-10-11T09:12:45.115547,CLOSED,,FIREWALL-07,False
ALT-CSE-07-04289,CSE-07,LOW,2024-12-09T06:28:17,2024-12-09T06:29:06.208217,2024-12-09T06:45:48.847256,CLOSED,,ENDPOINT-07,False
ALT-CSE-07-04290,CSE-07,MEDIUM,2024-11-12T20:48:19,2024-11-12T20:49:53.656885,2024-11-12T21:03:12.869145,CLOSED,,FIREWALL-07,False
ALT-CSE-07-04291,CSE-07,HIGH,2024-11-08T06:34:04,2024-11-08T06:34:38.757593,2024-11-08T06:58:24.329870,CLOSED,CAS-CSE-07-0955,FIREWALL-07,False
ALT-CSE-07-04292,CSE-07,LOW,2024-12-08T20:36:52,2024-12-08T20:37:38.503681,2024-12-08T21:01:55.225469,CLOSED,,WEB-SERVER-07,False
ALT-CSE-07-04293,CSE-07,MEDIUM,2024-10-05T04:07:57,2024-10-05T04:09:41.496464,2024-10-05T04:27:56.159421,CLOSED,,DB-SERVER-07,False
ALT-CSE-07-04294,CSE-07,MEDIUM,2024-10-04T11:30:19,2024-10-04T11:31:28.163508,2024-10-04T11:50:10.796670,CLOSED,,WEB-SERVER-07,False
ALT-CSE-07-04295,CSE-07,LOW,2024-11-06T17:43:10,2024-11-06T17:44:42.851670,2024-11-06T18:02:10.318858,CLOSED,,ENDPOINT-07,False
ALT-CSE-07-04296,CSE-07,MEDIUM,2024-12-26T23:56:51,2024-12-26T23:57:57.728772,2024-12-27T00:13:40.503928,CLOSED,,WEB-SERVER-07,False
ALT-CSE-07-04297,CSE-07,LOW,2024-12-03T22:30:36,2024-12-03T22:31:49.889309,2024-12-03T22:49:35.656857,CLOSED,,DB-SERVER-07,False
ALT-CSE-07-04298,CSE-07,MEDIUM,2024-10-24T20:37:01,2024-10-24T20:38:52.230054,2024-10-24T21:01:44.172461,CLOSED,,WEB-SERVER-07,False
ALT-CSE-07-04299,CSE-07,MEDIUM,2024-12-16T01:35:31,2024-12-16T01:36:46.565720,2024-12-16T01:46:59.883573,CLOSED,,WEB-SERVER-07,False
ALT-CSE-07-04300,CSE-07,MEDIUM,2024-12-10T16:06:45,2024-12-10T16:07:54.906752,2024-12-10T16:32:05.882843,CLOSED,,ENDPOINT-07,False
ALT-CSE-07-04301,CSE-07,MEDIUM,2024-10-29T04:05:42,2024-10-29T04:07:00.586174,2024-10-29T04:18:21.409781,CLOSED,,DB-SERVER-07,False
ALT-CSE-07-04302,CSE-07,MEDIUM,2024-12-21T19:03:14,2024-12-21T19:04:49.133620,2024-12-21T19:19:01.199471,CLOSED,,FIREWALL-07,False
ALT-CSE-07-04303,CSE-07,HIGH,2024-11-13T16:26:58,2024-11-13T16:28:29.739379,2024-11-13T16:50:42.938026,CLOSED,CAS-CSE-07-0956,DB-SERVER-07,False
ALT-CSE-07-04304,CSE-07,LOW,2024-12-20T00:28:05,2024-12-20T00:29:46.624620,2024-12-20T00:46:57.055077,CLOSED,,FIREWALL-07,False
ALT-CSE-07-04305,CSE-07,LOW,2024-10-05T06:15:27,2024-10-05T06:16:50.411512,2024-10-05T06:32:05.061279,CLOSED,,WEB-SERVER-07,False
ALT-CSE-07-04306,CSE-07,HIGH,2024-10-21T11:10:18,2024-10-21T11:12:06.560041,2024-10-21T11:26:34.544573,CLOSED,,FIREWALL-07,False
ALT-CSE-07-04307,CSE-07,HIGH,2024-10-16T16:34:53,2024-10-16T16:35:35.313501,2024-10-16T16:45:24.102689,CLOSED,,WEB-SERVER-07,False
ALT-CSE-07-04308,CSE-07,HIGH,2024-11-26T07:19:47,2024-11-26T07:21:12.773432,2024-11-26T07:41:37.743158,CLOSED,,DB-SERVER-07,False
ALT-CSE-07-04309,CSE-07,LOW,2024-11-25T22:48:48,2024-11-25T22:50:45.485726,2024-11-25T23:00:10.242857,CLOSED,,DB-SERVER-07,False
ALT-CSE-07-04310,CSE-07,HIGH,2024-10-12T14:25:05,2024-10-12T14:26:23.727335,2024-10-12T14:49:07.034615,CLOSED,,WEB-SERVER-07,False
ALT-CSE-07-04311,CSE-07,LOW,2024-10-05T14:35:45,2024-10-05T14:37:30.659146,2024-10-05T14:49:30.932205,CLOSED,,WEB-SERVER-07,False
ALT-CSE-07-04312,CSE-07,LOW,2024-12-10T11:13:45,2024-12-10T11:14:58.024299,2024-12-10T11:38:30.362905,CLOSED,,WEB-SERVER-07,False
ALT-CSE-07-04313,CSE-07,HIGH,2024-11-15T00:37:01,2024-11-15T00:38:17.061687,2024-11-15T00:53:10.938323,CLOSED,,ENDPOINT-07,False
ALT-CSE-07-04314,CSE-07,LOW,2024-10-15T16:37:56,2024-10-15T16:38:36.684167,2024-10-15T17:00:28.523155,CLOSED,,DB-SERVER-07,False
ALT-CSE-07-04315,CSE-07,HIGH,2024-11-02T12:17:00,2024-11-02T12:18:47.548683,2024-11-02T12:38:15.370259,CLOSED,,WEB-SERVER-07,False
ALT-CSE-07-04316,CSE-07,HIGH,2024-10-26T11:59:46,2024-10-26T12:00:31.613458,2024-10-26T12:17:21.494122,CLOSED,CAS-CSE-07-0957,DB-SERVER-07,False
ALT-CSE-07-04317,CSE-07,MEDIUM,2024-11-05T15:00:24,2024-11-05T15:01:54.155047,2024-11-05T15:21:46.937762,CLOSED,,ENDPOINT-07,False
ALT-CSE-07-04318,CSE-07,MEDIUM,2024-12-10T18:18:23,2024-12-10T18:19:18.440368,2024-12-10T18:34:39.815434,CLOSED,,WEB-SERVER-07,False
ALT-CSE-07-04319,CSE-07,LOW,2024-10-18T11:21:42,2024-10-18T11:22:56.278199,2024-10-18T11:38:26.762956,CLOSED,,ENDPOINT-07,False
ALT-CSE-07-04320,CSE-07,HIGH,2024-11-04T07:42:07,2024-11-04T07:42:50.797997,2024-11-04T07:58:36.526189,CLOSED,,ENDPOINT-07,False
ALT-CSE-07-04321,CSE-07,HIGH,2024-11-08T08:39:38,2024-11-08T08:41:31.922423,2024-11-08T08:55:03.853917,CLOSED,,ENDPOINT-07,False
ALT-CSE-07-04322,CSE-07,HIGH,2024-10-21T20:26:33,2024-10-21T20:27:44.435007,2024-10-21T20:46:52.329475,CLOSED,,WEB-SERVER-07,False
ALT-CSE-07-04323,CSE-07,LOW,2024-11-06T23:31:50,2024-11-06T23:32:42.780461,2024-11-06T23:47:30.364482,CLOSED,,WEB-SERVER-07,False
ALT-CSE-07-04324,CSE-07,MEDIUM,2024-12-27T15:56:52,2024-12-27T15:58:15.141781,2024-12-27T16:18:39.027594,CLOSED,,FIREWALL-07,False
ALT-CSE-07-04325,CSE-07,LOW,2024-10-14T20:26:26,2024-10-14T20:27:55.717203,2024-10-14T20:47:45.205600,CLOSED,,ENDPOINT-07,False
ALT-CSE-07-04326,CSE-07,MEDIUM,2024-10-25T01:53:08,2024-10-25T01:53:54.950706,2024-10-25T02:07:10.912329,CLOSED,,WEB-SERVER-07,False
ALT-CSE-07-04327,CSE-07,HIGH,2024-12-15T04:45:15,2024-12-15T04:45:58.691310,2024-12-15T05:09:54.175992,CLOSED,,ENDPOINT-07,False
ALT-CSE-07-04328,CSE-07,HIGH,2024-11-17T16:33:11,2024-11-17T16:34:50.179063,2024-11-17T16:57:29.560537,CLOSED,,WEB-SERVER-07,False
ALT-CSE-07-04329,CSE-07,HIGH,2024-11-29T02:36:17,2024-11-29T02:37:12.410551,2024-11-29T02:56:38.405964,CLOSED,,FIREWALL-07,False
ALT-CSE-07-04330,CSE-07,MEDIUM,2024-11-30T17:39:29,2024-11-30T17:40:25.471090,2024-11-30T18:04:38.791372,CLOSED,CAS-CSE-07-0958,WEB-SERVER-07,False
ALT-CSE-07-04331,CSE-07,MEDIUM,2024-11-03T12:50:44,2024-11-03T12:51:57.042737,2024-11-03T13:16:41.460323,CLOSED,,WEB-SERVER-07,False
ALT-CSE-07-04332,CSE-07,LOW,2024-11-24T02:37:27,2024-11-24T02:38:57.379816,2024-11-24T03:00:54.696297,CLOSED,,ENDPOINT-07,False
ALT-CSE-07-04333,CSE-07,LOW,2024-10-07T18:46:17,2024-10-07T18:47:33.433680,2024-10-07T19:12:17.186497,CLOSED,,FIREWALL-07,False
ALT-CSE-07-04334,CSE-07,HIGH,2024-10-02T06:58:49,2024-10-02T06:59:41.391776,2024-10-02T07:28:51.803995,CLOSED,,ENDPOINT-07,False
ALT-CSE-07-04335,CSE-07,HIGH,2024-10-27T07:25:33,2024-10-27T07:26:40.063243,2024-10-27T07:54:04.486492,CLOSED,,WEB-SERVER-07,False
ALT-CSE-07-04336,CSE-07,LOW,2024-11-16T09:58:21,2024-11-16T09:59:02.553866,2024-11-16T10:21:49.477806,CLOSED,,FIREWALL-07,False
ALT-CSE-07-04337,CSE-07,LOW,2024-10-18T09:21:36,2024-10-18T09:23:12.039572,2024-10-18T09:39:26.505598,CLOSED,,FIREWALL-07,False
ALT-CSE-07-04338,CSE-07,LOW,2024-11-19T19:12:42,2024-11-19T19:14:39.670621,2024-11-19T19:18:21.113195,CLOSED,,FIREWALL-07,False
ALT-CSE-07-04339,CSE-07,HIGH,2024-10-07T17:35:57,2024-10-07T17:37:21.164387,2024-10-07T17:49:14.806070,CLOSED,,ENDPOINT-07,False
ALT-CSE-07-04340,CSE-07,HIGH,2024-12-11T11:58:19,2024-12-11T11:58:57.052312,2024-12-11T12:20:11.363760,CLOSED,,FIREWALL-07,False
ALT-CSE-07-04341,CSE-07,LOW,2024-10-24T22:27:12,2024-10-24T22:28:36.194573,2024-10-24T22:43:11.539601,CLOSED,,FIREWALL-07,False
ALT-CSE-07-04342,CSE-07,HIGH,2024-10-20T04:27:22,2024-10-20T04:28:06.498473,2024-10-20T04:44:17.310412,CLOSED,,FIREWALL-07,False
ALT-CSE-07-04343,CSE-07,LOW,2024-11-23T19:07:32,2024-11-23T19:08:56.299181,2024-11-23T19:24:08.619441,CLOSED,,FIREWALL-07,False
ALT-CSE-07-04344,CSE-07,LOW,2024-11-05T07:39:49,2024-11-05T07:41:45.645722,2024-11-05T08:02:24.269353,CLOSED,,FIREWALL-07,False
ALT-CSE-07-04345,CSE-07,HIGH,2024-11-11T05:19:40,2024-11-11T05:20:36.100807,2024-11-11T05:42:54.698719,CLOSED,,ENDPOINT-07,False
ALT-CSE-07-04346,CSE-07,MEDIUM,2024-10-09T12:34:59,2024-10-09T12:36:01.046367,2024-10-09T13:04:05.632987,CLOSED,,FIREWALL-07,False
ALT-CSE-07-04347,CSE-07,MEDIUM,2024-12-21T19:13:30,2024-12-21T19:14:00.291081,2024-12-21T19:21:13.326923,CLOSED,,DB-SERVER-07,False
ALT-CSE-07-04348,CSE-07,MEDIUM,2024-11-11T01:11:00,2024-11-11T01:12:27.564790,2024-11-11T01:27:45.541186,CLOSED,,FIREWALL-07,False
ALT-CSE-07-04349,CSE-07,LOW,2024-10-20T22:33:00,2024-10-20T22:34:17.694963,2024-10-20T22:51:58.131054,CLOSED,,DB-SERVER-07,False
ALT-CSE-07-04350,CSE-07,LOW,2024-11-27T11:51:06,2024-11-27T11:52:46.576881,2024-11-27T12:04:34.027059,CLOSED,,DB-SERVER-07,False
ALT-CSE-07-04351,CSE-07,HIGH,2024-12-21T18:41:02,2024-12-21T18:41:45.863577,2024-12-21T18:57:41.128589,CLOSED,,DB-SERVER-07,False
ALT-CSE-07-04352,CSE-07,HIGH,2024-10-21T17:02:52,2024-10-21T17:03:24.448412,2024-10-21T17:26:10.174557,CLOSED,,WEB-SERVER-07,False
ALT-CSE-07-04353,CSE-07,HIGH,2024-11-26T06:33:28,2024-11-26T06:34:34.721327,2024-11-26T06:57:17.844236,CLOSED,,ENDPOINT-07,False
ALT-CSE-07-04354,CSE-07,HIGH,2024-10-07T20:25:13,2024-10-07T20:26:22.323585,2024-10-07T20:49:47.993024,CLOSED,CAS-CSE-07-0959,WEB-SERVER-07,False
ALT-CSE-07-04355,CSE-07,HIGH,2024-12-17T06:39:59,2024-12-17T06:40:59.714950,2024-12-17T06:56:23.821977,CLOSED,,ENDPOINT-07,False
ALT-CSE-07-04356,CSE-07,LOW,2024-10-09T18:58:58,2024-10-09T19:00:00.924316,2024-10-09T19:20:46.790796,CLOSED,,DB-SERVER-07,False
ALT-CSE-07-04357,CSE-07,HIGH,2024-11-14T08:50:17,2024-11-14T08:51:40.299385,2024-11-14T09:15:42.828047,CLOSED,,DB-SERVER-07,False
ALT-CSE-07-04358,CSE-07,MEDIUM,2024-10-12T02:33:03,2024-10-12T02:34:57.901500,2024-10-12T02:54:01.180856,CLOSED,,DB-SERVER-07,False
ALT-CSE-07-04359,CSE-07,MEDIUM,2024-12-12T03:21:26,2024-12-12T03:21:56.599719,2024-12-12T03:37:19.321656,CLOSED,,WEB-SERVER-07,False
ALT-CSE-07-04360,CSE-07,HIGH,2024-12-24T02:42:14,2024-12-24T02:43:04.798752,2024-12-24T03:03:56.067447,CLOSED,,ENDPOINT-07,False
ALT-CSE-07-04361,CSE-07,HIGH,2024-10-16T22:44:36,2024-10-16T22:46:32.361969,2024-10-16T22:59:28.875763,CLOSED,,WEB-SERVER-07,False
ALT-CSE-07-04362,CSE-07,MEDIUM,2024-12-23T01:47:28,2024-12-23T01:49:00.241478,2024-12-23T02:04:12.184783,CLOSED,,WEB-SERVER-07,False
ALT-CSE-07-04363,CSE-07,LOW,2024-10-03T09:33:12,2024-10-03T09:35:02.157754,2024-10-03T10:01:00.616234,CLOSED,,ENDPOINT-07,False
ALT-CSE-07-04364,CSE-07,MEDIUM,2024-11-13T22:32:10,2024-11-13T22:33:24.434331,2024-11-13T22:49:47.890818,CLOSED,,ENDPOINT-07,False
ALT-CSE-07-04365,CSE-07,LOW,2024-12-15T07:40:42,2024-12-15T07:41:21.365349,2024-12-15T08:00:27.388192,CLOSED,,WEB-SERVER-07,False
ALT-CSE-07-04366,CSE-07,LOW,2024-10-15T04:06:15,2024-10-15T04:06:57.299659,2024-10-15T04:17:02.620965,CLOSED,,ENDPOINT-07,False
ALT-CSE-07-04367,CSE-07,MEDIUM,2024-10-18T08:34:03,2024-10-18T08:35:19.531707,2024-10-18T08:45:29.973368,CLOSED,,DB-SERVER-07,False
ALT-CSE-07-04368,CSE-07,HIGH,2024-11-30T11:46:21,2024-11-30T11:48:14.763155,2024-11-30T12:03:42.110283,CLOSED,,WEB-SERVER-07,False
ALT-CSE-07-04369,CSE-07,MEDIUM,2024-10-30T23:57:59,2024-10-30T23:58:56.175604,2024-10-31T00:16:31.638534,CLOSED,,FIREWALL-07,False
ALT-CSE-07-04370,CSE-07,HIGH,2024-10-04T02:04:45,2024-10-04T02:05:53.992564,2024-10-04T02:26:42.950772,CLOSED,,FIREWALL-07,False
ALT-CSE-07-04371,CSE-07,MEDIUM,2024-12-25T12:44:33,2024-12-25T12:46:25.418841,2024-12-25T13:04:30.818441,CLOSED,,WEB-SERVER-07,False
ALT-CSE-07-04372,CSE-07,MEDIUM,2024-11-19T12:41:51,2024-11-19T12:43:43.492548,2024-11-19T12:58:26.322908,CLOSED,,DB-SERVER-07,False
ALT-CSE-07-04373,CSE-07,HIGH,2024-10-05T10:25:08,2024-10-05T10:26:27.783091,2024-10-05T10:47:48.982556,CLOSED,,DB-SERVER-07,False
ALT-CSE-07-04374,CSE-07,MEDIUM,2024-10-02T13:59:56,2024-10-02T14:00:37.950320,2024-10-02T14:28:16.227915,CLOSED,,FIREWALL-07,False
ALT-CSE-07-04375,CSE-07,LOW,2024-10-12T17:41:41,2024-10-12T17:43:31.191550,2024-10-12T18:03:40.086268,CLOSED,,FIREWALL-07,False
ALT-CSE-07-04376,CSE-07,HIGH,2024-11-26T23:55:02,2024-11-26T23:56:53.703768,2024-11-27T00:18:15.520958,CLOSED,,DB-SERVER-07,False
ALT-CSE-07-04377,CSE-07,MEDIUM,2024-10-01T11:24:53,2024-10-01T11:25:30.087082,2024-10-01T11:44:59.207576,CLOSED,,DB-SERVER-07,False
ALT-CSE-07-04378,CSE-07,LOW,2024-12-16T16:50:46,2024-12-16T16:51:21.072633,2024-12-16T17:12:38.087933,CLOSED,,WEB-SERVER-07,False
ALT-CSE-07-04379,CSE-07,HIGH,2024-11-08T03:09:53,2024-11-08T03:11:23.522639,2024-11-08T03:30:18.383667,CLOSED,,FIREWALL-07,False
ALT-CSE-07-04380,CSE-07,LOW,2024-10-26T08:26:33,2024-10-26T08:27:53.355494,2024-10-26T08:49:20.025911,CLOSED,,WEB-SERVER-07,False
ALT-CSE-07-04381,CSE-07,HIGH,2024-11-19T19:53:57,2024-11-19T19:55:49.767052,2024-11-19T20:11:22.759864,CLOSED,,ENDPOINT-07,False
ALT-CSE-07-04382,CSE-07,HIGH,2024-10-14T21:37:33,2024-10-14T21:39:23.193759,2024-10-14T21:57:01.439319,CLOSED,,FIREWALL-07,False
ALT-CSE-07-04383,CSE-07,MEDIUM,2024-11-10T05:53:14,2024-11-10T05:54:45.666335,2024-11-10T06:20:32.640054,CLOSED,,ENDPOINT-07,False
ALT-CSE-07-04384,CSE-07,LOW,2024-12-27T09:40:51,2024-12-27T09:42:11.891682,2024-12-27T09:56:40.401321,CLOSED,,DB-SERVER-07,False
ALT-CSE-07-04385,CSE-07,HIGH,2024-10-20T04:59:19,2024-10-20T05:00:45.030242,2024-10-20T05:19:42.887555,CLOSED,,ENDPOINT-07,False
ALT-CSE-07-04386,CSE-07,HIGH,2024-12-20T13:12:23,2024-12-20T13:14:03.476467,2024-12-20T13:33:47.580746,CLOSED,,ENDPOINT-07,False
ALT-CSE-07-04387,CSE-07,MEDIUM,2024-12-15T07:04:02,2024-12-15T07:05:20.075296,2024-12-15T07:26:52.768379,CLOSED,,FIREWALL-07,False
ALT-CSE-07-04388,CSE-07,MEDIUM,2024-10-28T00:30:42,2024-10-28T00:32:34.383815,2024-10-28T00:50:14.713144,CLOSED,,ENDPOINT-07,False
ALT-CSE-07-04389,CSE-07,HIGH,2024-11-07T16:31:31,2024-11-07T16:32:22.749316,2024-11-07T16:51:30.433148,CLOSED,,WEB-SERVER-07,False
ALT-CSE-07-04390,CSE-07,HIGH,2024-11-20T16:47:35,2024-11-20T16:49:27.444381,2024-11-20T17:08:25.479502,CLOSED,,ENDPOINT-07,False
ALT-CSE-07-04391,CSE-07,HIGH,2024-12-21T14:49:11,2024-12-21T14:49:58.202327,2024-12-21T15:07:12.392059,CLOSED,,ENDPOINT-07,False
ALT-CSE-07-04392,CSE-07,MEDIUM,2024-11-19T14:27:58,2024-11-19T14:28:29.321712,2024-11-19T14:53:03.688917,CLOSED,,WEB-SERVER-07,False
ALT-CSE-07-04393,CSE-07,HIGH,2024-10-16T05:39:15,2024-10-16T05:39:50.943354,2024-10-16T06:06:28.299107,CLOSED,,ENDPOINT-07,False
ALT-CSE-07-04394,CSE-07,MEDIUM,2024-10-16T05:15:45,2024-10-16T05:17:30.357404,2024-10-16T05:40:33.037143,CLOSED,,WEB-SERVER-07,False
ALT-CSE-07-04395,CSE-07,LOW,2024-12-05T13:43:47,2024-12-05T13:44:44.457144,2024-12-05T14:04:52.946504,CLOSED,,ENDPOINT-07,False
ALT-CSE-07-04396,CSE-07,MEDIUM,2024-10-01T18:03:17,2024-10-01T18:03:55.260115,2024-10-01T18:28:42.873907,CLOSED,CAS-CSE-07-0960,FIREWALL-07,False
ALT-CSE-07-04397,CSE-07,HIGH,2024-11-08T23:18:56,2024-11-08T23:20:47.715632,2024-11-08T23:32:15.230638,CLOSED,,DB-SERVER-07,False
ALT-CSE-07-04398,CSE-07,MEDIUM,2024-11-27T07:30:33,2024-11-27T07:32:29.061032,2024-11-27T07:41:33.275138,CLOSED,,DB-SERVER-07,False
ALT-CSE-07-04399,CSE-07,LOW,2024-10-29T20:38:28,2024-10-29T20:40:26.272663,2024-10-29T20:52:02.646635,CLOSED,,ENDPOINT-07,False
ALT-CSE-07-04400,CSE-07,MEDIUM,2024-12-27T16:14:17,2024-12-27T16:15:22.687272,2024-12-27T16:36:24.250177,CLOSED,,DB-SERVER-07,False
ALT-CSE-07-04401,CSE-07,LOW,2024-10-02T15:42:20,2024-10-02T15:42:58.309947,2024-10-02T15:57:13.732800,CLOSED,,DB-SERVER-07,False
ALT-CSE-07-04402,CSE-07,MEDIUM,2024-10-07T00:52:49,2024-10-07T00:54:22.774658,2024-10-07T01:07:58.169964,CLOSED,,DB-SERVER-07,False
ALT-CSE-07-04403,CSE-07,HIGH,2024-10-14T02:01:11,2024-10-14T02:02:51.216953,2024-10-14T02:19:59.057390,CLOSED,,DB-SERVER-07,False
ALT-CSE-07-04404,CSE-07,MEDIUM,2024-11-20T23:16:52,2024-11-20T23:17:55.308272,2024-11-20T23:30:05.587083,CLOSED,CAS-CSE-07-0961,FIREWALL-07,False
ALT-CSE-07-04405,CSE-07,MEDIUM,2024-12-23T13:41:32,2024-12-23T13:42:23.333871,2024-12-23T14:04:02.028186,CLOSED,,WEB-SERVER-07,False
ALT-CSE-07-04406,CSE-07,MEDIUM,2024-12-16T02:09:30,2024-12-16T02:10:33.663180,2024-12-16T02:26:00.049038,CLOSED,,ENDPOINT-07,False
ALT-CSE-07-04407,CSE-07,LOW,2024-12-13T20:32:14,2024-12-13T20:33:51.840626,2024-12-13T20:52:04.553580,CLOSED,,ENDPOINT-07,False
ALT-CSE-07-04408,CSE-07,MEDIUM,2024-12-01T10:23:37,2024-12-01T10:24:36.882386,2024-12-01T10:53:36.389856,CLOSED,,ENDPOINT-07,False
ALT-CSE-07-04409,CSE-07,MEDIUM,2024-10-09T02:47:25,2024-10-09T02:48:34.440352,2024-10-09T03:13:40.234402,CLOSED,,FIREWALL-07,False
ALT-CSE-07-04410,CSE-07,HIGH,2024-11-21T01:08:45,2024-11-21T01:10:27.047060,2024-11-21T01:29:49.752662,CLOSED,,FIREWALL-07,False
ALT-CSE-07-04411,CSE-07,MEDIUM,2024-11-20T05:17:36,2024-11-20T05:19:02.380243,2024-11-20T05:35:56.185761,CLOSED,,ENDPOINT-07,False
ALT-CSE-07-04412,CSE-07,HIGH,2024-10-29T18:19:48,2024-10-29T18:20:47.286260,2024-10-29T18:42:54.926748,CLOSED,,DB-SERVER-07,False
ALT-CSE-07-04413,CSE-07,HIGH,2024-10-02T22:37:44,2024-10-02T22:39:04.499047,2024-10-02T22:51:22.511685,CLOSED,,FIREWALL-07,False
ALT-CSE-07-04414,CSE-07,LOW,2024-10-21T21:01:09,2024-10-21T21:03:04.799640,2024-10-21T21:30:46.635805,CLOSED,,FIREWALL-07,False
ALT-CSE-07-04415,CSE-07,HIGH,2024-11-14T14:10:33,2024-11-14T14:11:50.068080,2024-11-14T14:27:54.979245,CLOSED,,WEB-SERVER-07,False
ALT-CSE-07-04416,CSE-07,HIGH,2024-11-30T10:05:56,2024-11-30T10:06:34.349201,2024-11-30T10:28:45.439953,CLOSED,,DB-SERVER-07,False
ALT-CSE-07-04417,CSE-07,HIGH,2024-11-18T04:30:45,2024-11-18T04:32:26.977302,2024-11-18T04:50:11.760386,CLOSED,,ENDPOINT-07,False
ALT-CSE-07-04418,CSE-07,HIGH,2024-12-08T13:01:57,2024-12-08T13:02:52.589508,2024-12-08T13:25:14.025428,CLOSED,,ENDPOINT-07,False
ALT-CSE-07-04419,CSE-07,HIGH,2024-11-19T02:04:10,2024-11-19T02:06:07.449492,2024-11-19T02:25:46.218964,CLOSED,,DB-SERVER-07,False
ALT-CSE-07-04420,CSE-07,HIGH,2024-12-10T10:25:43,2024-12-10T10:27:10.410100,2024-12-10T10:45:36.533370,CLOSED,,FIREWALL-07,False
ALT-CSE-07-04421,CSE-07,LOW,2024-10-13T21:35:32,2024-10-13T21:36:09.162646,2024-10-13T21:49:40.991573,CLOSED,,DB-SERVER-07,False
ALT-CSE-07-04422,CSE-07,MEDIUM,2024-12-28T16:08:44,2024-12-28T16:09:43.786783,2024-12-28T16:22:13.382420,CLOSED,,DB-SERVER-07,False
ALT-CSE-07-04423,CSE-07,MEDIUM,2024-12-11T09:52:52,2024-12-11T09:54:26.136813,2024-12-11T10:12:34.128394,CLOSED,,WEB-SERVER-07,False
ALT-CSE-07-04424,CSE-07,MEDIUM,2024-11-05T12:37:24,2024-11-05T12:38:47.180690,2024-11-05T12:57:39.891573,CLOSED,,DB-SERVER-07,False
ALT-CSE-07-04425,CSE-07,HIGH,2024-12-19T00:34:10,2024-12-19T00:34:55.395995,2024-12-19T01:01:51.186370,CLOSED,,WEB-SERVER-07,False
ALT-CSE-07-04426,CSE-07,HIGH,2024-11-18T15:21:37,2024-11-18T15:22:49.156647,2024-11-18T15:38:59.736460,CLOSED,,ENDPOINT-07,False
ALT-CSE-07-04427,CSE-07,HIGH,2024-10-17T09:01:03,2024-10-17T09:02:38.369512,2024-10-17T09:23:04.083063,CLOSED,,WEB-SERVER-07,False
ALT-CSE-07-04428,CSE-07,HIGH,2024-12-02T06:30:33,2024-12-02T06:31:31.581325,2024-12-02T06:49:26.877156,CLOSED,,WEB-SERVER-07,False
ALT-CSE-07-04429,CSE-07,HIGH,2024-11-09T11:45:59,2024-11-09T11:47:47.928417,2024-11-09T12:11:17.999800,CLOSED,,DB-SERVER-07,False
ALT-CSE-07-04430,CSE-07,MEDIUM,2024-10-21T16:12:21,2024-10-21T16:13:08.366019,2024-10-21T16:23:55.944418,CLOSED,,FIREWALL-07,False
ALT-CSE-07-04431,CSE-07,MEDIUM,2024-12-18T18:49:58,2024-12-18T18:51:39.858265,2024-12-18T19:16:31.841753,CLOSED,,WEB-SERVER-07,False
ALT-CSE-07-04432,CSE-07,MEDIUM,2024-11-17T03:23:36,2024-11-17T03:25:00.097870,2024-11-17T03:47:43.779712,CLOSED,,FIREWALL-07,False
ALT-CSE-07-04433,CSE-07,MEDIUM,2024-10-21T06:27:17,2024-10-21T06:27:51.755483,2024-10-21T06:42:04.031112,CLOSED,,DB-SERVER-07,False
ALT-CSE-07-04434,CSE-07,HIGH,2024-10-15T19:59:24,2024-10-15T20:00:32.718456,2024-10-15T20:24:28.476143,CLOSED,,ENDPOINT-07,False
ALT-CSE-07-04435,CSE-07,HIGH,2024-10-25T08:48:15,2024-10-25T08:49:50.224457,2024-10-25T09:08:08.574076,CLOSED,,DB-SERVER-07,False
ALT-CSE-07-04436,CSE-07,LOW,2024-10-05T01:16:21,2024-10-05T01:17:27.878311,2024-10-05T01:29:19.011355,CLOSED,,WEB-SERVER-07,False
ALT-CSE-07-04437,CSE-07,LOW,2024-12-24T03:23:03,2024-12-24T03:24:35.612785,2024-12-24T03:32:18.398587,CLOSED,,WEB-SERVER-07,False
ALT-CSE-07-04438,CSE-07,LOW,2024-11-11T21:54:36,2024-11-11T21:55:27.069772,2024-11-11T22:22:24.405562,CLOSED,,DB-SERVER-07,False
ALT-CSE-07-04439,CSE-07,MEDIUM,2024-10-08T20:50:51,2024-10-08T20:51:42.949883,2024-10-08T21:02:10.616617,CLOSED,,FIREWALL-07,False
ALT-CSE-07-04440,CSE-07,LOW,2024-10-29T03:25:30,2024-10-29T03:26:51.244600,2024-10-29T03:41:38.093934,CLOSED,,WEB-SERVER-07,False
ALT-CSE-07-04441,CSE-07,LOW,2024-11-08T12:58:10,2024-11-08T12:59:29.838420,2024-11-08T13:23:55.144774,CLOSED,,WEB-SERVER-07,False
ALT-CSE-07-04442,CSE-07,HIGH,2024-12-14T04:58:20,2024-12-14T04:59:31.946972,2024-12-14T05:16:46.815710,CLOSED,,DB-SERVER-07,False
ALT-CSE-07-04443,CSE-07,MEDIUM,2024-10-18T18:33:04,2024-10-18T18:34:08.891407,2024-10-18T19:00:49.859853,CLOSED,,ENDPOINT-07,False
ALT-CSE-07-04444,CSE-07,HIGH,2024-12-28T01:18:12,2024-12-28T01:19:07.025488,2024-12-28T01:33:48.710321,CLOSED,,WEB-SERVER-07,False
ALT-CSE-07-04445,CSE-07,HIGH,2024-11-03T17:53:43,2024-11-03T17:54:29.404219,2024-11-03T18:07:14.010445,CLOSED,,DB-SERVER-07,False
ALT-CSE-07-04446,CSE-07,MEDIUM,2024-12-03T10:53:04,2024-12-03T10:53:52.712868,2024-12-03T11:04:20.817123,CLOSED,,ENDPOINT-07,False
ALT-CSE-07-04447,CSE-07,MEDIUM,2024-12-03T19:24:17,2024-12-03T19:24:54.462930,2024-12-03T19:50:11.955753,CLOSED,,WEB-SERVER-07,False
ALT-CSE-07-04448,CSE-07,MEDIUM,2024-12-01T15:51:16,2024-12-01T15:53:11.145771,2024-12-01T16:17:13.341148,CLOSED,,DB-SERVER-07,False
ALT-CSE-07-04449,CSE-07,LOW,2024-11-23T08:55:40,2024-11-23T08:56:57.664115,2024-11-23T09:12:52.639039,CLOSED,,WEB-SERVER-07,False
ALT-CSE-07-04450,CSE-07,MEDIUM,2024-11-06T23:30:21,2024-11-06T23:32:18.639120,2024-11-06T23:52:33.877255,CLOSED,,WEB-SERVER-07,False
ALT-CSE-07-04451,CSE-07,HIGH,2024-10-02T10:13:06,2024-10-02T10:15:02.495098,2024-10-02T10:29:38.639790,CLOSED,,DB-SERVER-07,False
ALT-CSE-07-04452,CSE-07,LOW,2024-11-18T11:28:32,2024-11-18T11:29:49.651236,2024-11-18T11:53:37.147781,CLOSED,,FIREWALL-07,False
ALT-CSE-07-04453,CSE-07,LOW,2024-10-14T01:08:51,2024-10-14T01:09:21.950718,2024-10-14T01:23:45.236835,CLOSED,,ENDPOINT-07,False
ALT-CSE-07-04454,CSE-07,MEDIUM,2024-11-17T21:54:45,2024-11-17T21:56:23.842487,2024-11-17T22:21:35.162637,CLOSED,,WEB-SERVER-07,False
ALT-CSE-07-04455,CSE-07,HIGH,2024-12-21T20:22:07,2024-12-21T20:23:37.932378,2024-12-21T20:41:56.422668,CLOSED,,DB-SERVER-07,False
ALT-CSE-07-04456,CSE-07,LOW,2024-12-05T14:39:36,2024-12-05T14:41:00.768044,2024-12-05T14:58:03.485433,CLOSED,,WEB-SERVER-07,False
ALT-CSE-07-04457,CSE-07,HIGH,2024-10-22T11:44:04,2024-10-22T11:45:26.246911,2024-10-22T12:03:43.468274,CLOSED,CAS-CSE-07-0962,DB-SERVER-07,False
ALT-CSE-07-04458,CSE-07,MEDIUM,2024-12-19T05:10:29,2024-12-19T05:11:31.379236,2024-12-19T05:25:16.326999,CLOSED,,FIREWALL-07,False
ALT-CSE-07-04459,CSE-07,LOW,2024-10-31T17:28:27,2024-10-31T17:28:58.237192,2024-10-31T17:44:08.649656,CLOSED,,WEB-SERVER-07,False
ALT-CSE-07-04460,CSE-07,MEDIUM,2024-11-28T22:15:10,2024-11-28T22:16:01.118358,2024-11-28T22:24:26.811138,CLOSED,,ENDPOINT-07,False
ALT-CSE-07-04461,CSE-07,MEDIUM,2024-10-26T02:20:12,2024-10-26T02:21:32.277100,2024-10-26T02:45:26.128676,CLOSED,,DB-SERVER-07,False
ALT-CSE-07-04462,CSE-07,MEDIUM,2024-12-25T12:15:37,2024-12-25T12:17:23.914830,2024-12-25T12:36:53.859396,CLOSED,,FIREWALL-07,False
ALT-CSE-07-04463,CSE-07,MEDIUM,2024-11-21T03:42:56,2024-11-21T03:44:26.999020,2024-11-21T04:03:13.775495,CLOSED,,WEB-SERVER-07,False
ALT-CSE-07-04464,CSE-07,LOW,2024-10-01T11:28:41,2024-10-01T11:30:24.065148,2024-10-01T11:52:24.754465,CLOSED,,DB-SERVER-07,False
ALT-CSE-07-04465,CSE-07,LOW,2024-11-25T09:30:22,2024-11-25T09:31:44.519395,2024-11-25T09:47:24.942539,CLOSED,,WEB-SERVER-07,False
ALT-CSE-07-04466,CSE-07,HIGH,2024-12-17T04:41:30,2024-12-17T04:43:11.413944,2024-12-17T05:00:23.796454,CLOSED,,FIREWALL-07,False
ALT-CSE-07-04467,CSE-07,HIGH,2024-10-08T20:42:13,2024-10-08T20:42:58.318957,2024-10-08T21:01:45.475623,CLOSED,,FIREWALL-07,False
ALT-CSE-07-04468,CSE-07,MEDIUM,2024-10-25T08:52:01,2024-10-25T08:53:51.132863,2024-10-25T09:04:21.385189,CLOSED,,DB-SERVER-07,False
ALT-CSE-07-04469,CSE-07,HIGH,2024-12-05T15:07:56,2024-12-05T15:08:38.749847,2024-12-05T15:23:54.999415,CLOSED,,WEB-SERVER-07,False
ALT-CSE-07-04470,CSE-07,HIGH,2024-12-28T15:16:24,2024-12-28T15:17:43.314263,2024-12-28T15:33:50.465696,CLOSED,,FIREWALL-07,False
ALT-CSE-07-04471,CSE-07,HIGH,2024-11-08T13:50:36,2024-11-08T13:52:22.041889,2024-11-08T14:12:53.301401,CLOSED,,FIREWALL-07,False
ALT-CSE-07-04472,CSE-07,HIGH,2024-12-12T04:25:20,2024-12-12T04:26:15.871625,2024-12-12T04:46:45.286185,CLOSED,,ENDPOINT-07,False
ALT-CSE-07-04473,CSE-07,HIGH,2024-11-10T17:31:17,2024-11-10T17:32:35.759873,2024-11-10T17:55:58.812921,CLOSED,,ENDPOINT-07,False
ALT-CSE-07-04474,CSE-07,LOW,2024-12-14T17:29:26,2024-12-14T17:30:07.741739,2024-12-14T17:49:35.928343,CLOSED,,FIREWALL-07,False
ALT-CSE-07-04475,CSE-07,HIGH,2024-10-29T17:27:55,2024-10-29T17:29:42.373132,2024-10-29T17:46:11.981872,CLOSED,,ENDPOINT-07,False
ALT-CSE-07-04476,CSE-07,HIGH,2024-10-16T06:44:41,2024-10-16T06:45:51.113993,2024-10-16T06:58:22.187179,CLOSED,,FIREWALL-07,False
ALT-CSE-07-04477,CSE-07,LOW,2024-11-29T21:45:35,2024-11-29T21:47:22.838621,2024-11-29T22:06:39.209501,CLOSED,,WEB-SERVER-07,False
ALT-CSE-07-04478,CSE-07,LOW,2024-11-30T14:45:46,2024-11-30T14:47:35.214982,2024-11-30T14:57:58.854002,CLOSED,,ENDPOINT-07,False
ALT-CSE-07-04479,CSE-07,LOW,2024-12-11T22:36:40,2024-12-11T22:37:43.826306,2024-12-11T22:59:06.552504,CLOSED,,ENDPOINT-07,False
ALT-CSE-07-04480,CSE-07,LOW,2024-10-12T09:54:32,2024-10-12T09:55:45.406356,2024-10-12T10:14:28.750602,CLOSED,,FIREWALL-07,False
ALT-CSE-07-04481,CSE-07,MEDIUM,2024-11-01T15:26:50,2024-11-01T15:28:34.124476,2024-11-01T15:50:28.111959,CLOSED,,FIREWALL-07,False
ALT-CSE-07-04482,CSE-07,LOW,2024-12-20T19:23:59,2024-12-20T19:24:54.561373,2024-12-20T19:40:04.856484,CLOSED,CAS-CSE-07-0963,WEB-SERVER-07,False
ALT-CSE-07-04483,CSE-07,LOW,2024-12-05T20:22:37,2024-12-05T20:24:19.844581,2024-12-05T20:53:16.486083,CLOSED,,FIREWALL-07,False
ALT-CSE-07-04484,CSE-07,LOW,2024-11-10T07:02:09,2024-11-10T07:03:12.903424,2024-11-10T07:22:10.105877,CLOSED,,WEB-SERVER-07,False
ALT-CSE-07-04485,CSE-07,MEDIUM,2024-12-05T18:16:37,2024-12-05T18:17:56.047176,2024-12-05T18:38:08.241445,CLOSED,,FIREWALL-07,False
ALT-CSE-07-04486,CSE-07,MEDIUM,2024-12-21T14:23:44,2024-12-21T14:24:48.846778,2024-12-21T14:41:20.920939,CLOSED,,DB-SERVER-07,False
ALT-CSE-07-04487,CSE-07,MEDIUM,2024-12-05T01:15:58,2024-12-05T01:16:34.457987,2024-12-05T01:35:15.882832,CLOSED,,DB-SERVER-07,False
ALT-CSE-07-04488,CSE-07,MEDIUM,2024-10-09T04:30:31,2024-10-09T04:31:42.177358,2024-10-09T04:51:13.056320,CLOSED,,DB-SERVER-07,False
ALT-CSE-07-04489,CSE-07,HIGH,2024-10-02T10:48:50,2024-10-02T10:49:50.481895,2024-10-02T11:06:15.452277,CLOSED,,DB-SERVER-07,False
ALT-CSE-07-04490,CSE-07,MEDIUM,2024-12-22T02:01:52,2024-12-22T02:02:22.077476,2024-12-22T02:24:46.831961,CLOSED,,WEB-SERVER-07,False
ALT-CSE-07-04491,CSE-07,LOW,2024-11-19T21:18:58,2024-11-19T21:20:51.302189,2024-11-19T21:43:18.066778,CLOSED,,FIREWALL-07,False
ALT-CSE-07-04492,CSE-07,LOW,2024-10-27T19:22:57,2024-10-27T19:24:13.731335,2024-10-27T19:43:57.465828,CLOSED,,DB-SERVER-07,False
ALT-CSE-07-04493,CSE-07,MEDIUM,2024-12-15T18:02:01,2024-12-15T18:03:15.802899,2024-12-15T18:20:36.726450,CLOSED,,FIREWALL-07,False
ALT-CSE-07-04494,CSE-07,LOW,2024-12-25T07:28:30,2024-12-25T07:29:27.312232,2024-12-25T07:46:26.065506,CLOSED,,DB-SERVER-07,False
ALT-CSE-07-04495,CSE-07,MEDIUM,2024-10-22T16:57:03,2024-10-22T16:58:34.430551,2024-10-22T17:17:11.542691,CLOSED,,WEB-SERVER-07,False
ALT-CSE-07-04496,CSE-07,LOW,2024-11-10T22:09:42,2024-11-10T22:10:37.973385,2024-11-10T22:34:10.460956,CLOSED,,DB-SERVER-07,False
ALT-CSE-07-04497,CSE-07,HIGH,2024-11-02T15:51:50,2024-11-02T15:53:19.991718,2024-11-02T16:08:58.536750,CLOSED,,DB-SERVER-07,False
ALT-CSE-07-04498,CSE-07,LOW,2024-12-02T04:15:44,2024-12-02T04:16:43.501881,2024-12-02T04:39:10.440616,CLOSED,,ENDPOINT-07,False
ALT-CSE-07-04499,CSE-07,HIGH,2024-10-14T03:36:12,2024-10-14T03:37:18.076792,2024-10-14T03:55:51.181396,CLOSED,,WEB-SERVER-07,False
ALT-CSE-07-04500,CSE-07,LOW,2024-10-01T15:21:19,2024-10-01T15:23:02.704153,2024-10-01T15:47:56.084086,CLOSED,,ENDPOINT-07,False
ALT-CSE-07-04501,CSE-07,MEDIUM,2024-12-14T10:22:44,2024-12-14T10:24:09.358792,2024-12-14T10:42:44.269463,CLOSED,,WEB-SERVER-07,False
ALT-CSE-07-04502,CSE-07,MEDIUM,2024-12-27T21:13:51,2024-12-27T21:14:50.345531,2024-12-27T21:32:10.375267,CLOSED,,FIREWALL-07,False
ALT-CSE-07-04503,CSE-07,HIGH,2024-10-04T03:05:36,2024-10-04T03:07:04.773634,2024-10-04T03:23:25.143291,CLOSED,,WEB-SERVER-07,False
ALT-CSE-07-04504,CSE-07,MEDIUM,2024-10-01T12:03:59,2024-10-01T12:05:29.411356,2024-10-01T12:17:45.180265,CLOSED,,WEB-SERVER-07,False
ALT-CSE-07-04505,CSE-07,LOW,2024-10-28T10:54:13,2024-10-28T10:55:01.967327,2024-10-28T11:13:11.124963,CLOSED,,WEB-SERVER-07,False
ALT-CSE-07-04506,CSE-07,MEDIUM,2024-11-15T04:54:52,2024-11-15T04:56:18.099180,2024-11-15T05:21:50.452268,CLOSED,,ENDPOINT-07,False
ALT-CSE-07-04507,CSE-07,MEDIUM,2024-12-26T19:50:28,2024-12-26T19:51:49.126715,2024-12-26T20:12:50.270072,CLOSED,,DB-SERVER-07,False
ALT-CSE-07-04508,CSE-07,LOW,2024-11-29T03:08:25,2024-11-29T03:09:56.743398,2024-11-29T03:18:42.979261,CLOSED,,DB-SERVER-07,False
ALT-CSE-07-04509,CSE-07,HIGH,2024-11-24T07:09:47,2024-11-24T07:11:11.006308,2024-11-24T07:28:57.158568,CLOSED,,ENDPOINT-07,False
ALT-CSE-07-04510,CSE-07,MEDIUM,2024-11-05T16:48:41,2024-11-05T16:50:31.511987,2024-11-05T16:56:30.042666,CLOSED,,DB-SERVER-07,False
ALT-CSE-07-04511,CSE-07,LOW,2024-10-16T08:47:30,2024-10-16T08:48:51.994077,2024-10-16T09:11:55.383748,CLOSED,,ENDPOINT-07,False
ALT-CSE-07-04512,CSE-07,MEDIUM,2024-12-17T09:58:20,2024-12-17T09:59:11.262320,2024-12-17T10:15:09.850881,CLOSED,,ENDPOINT-07,False
ALT-CSE-07-04513,CSE-07,MEDIUM,2024-12-10T09:39:59,2024-12-10T09:41:26.140295,2024-12-10T10:05:06.801561,CLOSED,,FIREWALL-07,False
ALT-CSE-07-04514,CSE-07,HIGH,2024-10-18T02:51:49,2024-10-18T02:53:28.916358,2024-10-18T03:08:33.425733,CLOSED,,ENDPOINT-07,False
ALT-CSE-07-04515,CSE-07,LOW,2024-11-17T05:39:37,2024-11-17T05:40:16.611774,2024-11-17T05:58:46.261189,CLOSED,,WEB-SERVER-07,False
ALT-CSE-07-04516,CSE-07,MEDIUM,2024-12-21T20:33:37,2024-12-21T20:35:31.412625,2024-12-21T20:57:40.411939,CLOSED,CAS-CSE-07-0964,ENDPOINT-07,False
ALT-CSE-07-04517,CSE-07,HIGH,2024-10-11T11:25:46,2024-10-11T11:27:06.534286,2024-10-11T11:49:10.541309,CLOSED,,ENDPOINT-07,False
ALT-CSE-07-04518,CSE-07,HIGH,2024-12-26T05:50:59,2024-12-26T05:52:28.860047,2024-12-26T06:08:33.330629,CLOSED,,DB-SERVER-07,False
ALT-CSE-07-04519,CSE-07,LOW,2024-12-07T20:37:08,2024-12-07T20:38:54.179855,2024-12-07T20:58:53.979768,CLOSED,,DB-SERVER-07,False
ALT-CSE-07-04520,CSE-07,HIGH,2024-10-30T18:28:53,2024-10-30T18:30:46.930219,2024-10-30T18:54:58.082657,CLOSED,,FIREWALL-07,False
ALT-CSE-07-04521,CSE-07,MEDIUM,2024-12-06T07:03:12,2024-12-06T07:04:52.151681,2024-12-06T07:17:55.011037,CLOSED,,FIREWALL-07,False
ALT-CSE-07-04522,CSE-07,LOW,2024-11-20T15:37:53,2024-11-20T15:39:37.741179,2024-11-20T15:58:02.450052,CLOSED,,DB-SERVER-07,False
ALT-CSE-07-04523,CSE-07,HIGH,2024-12-09T20:17:46,2024-12-09T20:19:13.171687,2024-12-09T20:40:19.475485,CLOSED,,ENDPOINT-07,False
ALT-CSE-07-04524,CSE-07,LOW,2024-11-28T15:59:48,2024-11-28T16:00:52.121391,2024-11-28T16:18:39.095017,CLOSED,,DB-SERVER-07,False
ALT-CSE-07-04525,CSE-07,LOW,2024-12-05T00:19:37,2024-12-05T00:21:31.177845,2024-12-05T00:40:52.931986,CLOSED,,ENDPOINT-07,False
ALT-CSE-07-04526,CSE-07,HIGH,2024-11-05T01:10:22,2024-11-05T01:12:20.641741,2024-11-05T01:25:10.545150,CLOSED,,DB-SERVER-07,False
ALT-CSE-07-04527,CSE-07,MEDIUM,2024-10-24T07:28:45,2024-10-24T07:30:31.174128,2024-10-24T07:41:50.662531,CLOSED,,FIREWALL-07,False
ALT-CSE-07-04528,CSE-07,LOW,2024-12-06T11:58:45,2024-12-06T11:59:43.738434,2024-12-06T12:20:28.324171,CLOSED,,WEB-SERVER-07,False
ALT-CSE-07-04529,CSE-07,MEDIUM,2024-11-03T08:37:15,2024-11-03T08:38:42.149181,2024-11-03T08:51:04.689634,CLOSED,,WEB-SERVER-07,False
ALT-CSE-07-04530,CSE-07,HIGH,2024-10-08T19:59:38,2024-10-08T20:00:18.219277,2024-10-08T20:20:02.439512,CLOSED,,DB-SERVER-07,False
ALT-CSE-07-04531,CSE-07,LOW,2024-12-18T18:45:42,2024-12-18T18:46:18.472497,2024-12-18T19:05:31.117706,CLOSED,,FIREWALL-07,False
ALT-CSE-07-04532,CSE-07,LOW,2024-10-12T13:24:50,2024-10-12T13:26:16.124825,2024-10-12T13:48:40.366025,CLOSED,,DB-SERVER-07,False
ALT-CSE-07-04533,CSE-07,MEDIUM,2024-10-14T05:55:53,2024-10-14T05:56:49.790743,2024-10-14T06:05:19.291989,CLOSED,,DB-SERVER-07,False
ALT-CSE-07-04534,CSE-07,MEDIUM,2024-11-08T21:22:06,2024-11-08T21:22:36.462890,2024-11-08T21:48:19.918208,CLOSED,,ENDPOINT-07,False
ALT-CSE-07-04535,CSE-07,HIGH,2024-10-02T16:00:08,2024-10-02T16:01:38.638198,2024-10-02T16:12:45.155977,CLOSED,,ENDPOINT-07,False
ALT-CSE-07-04536,CSE-07,HIGH,2024-11-04T11:44:15,2024-11-04T11:45:06.807980,2024-11-04T12:11:07.188740,CLOSED,,WEB-SERVER-07,False
ALT-CSE-07-04537,CSE-07,MEDIUM,2024-11-07T18:54:09,2024-11-07T18:54:45.402836,2024-11-07T19:15:11.976576,CLOSED,,DB-SERVER-07,False
ALT-CSE-07-04538,CSE-07,MEDIUM,2024-10-02T06:10:10,2024-10-02T06:11:54.744365,2024-10-02T06:29:08.349026,CLOSED,,WEB-SERVER-07,False
ALT-CSE-07-04539,CSE-07,MEDIUM,2024-10-20T20:21:15,2024-10-20T20:22:52.572431,2024-10-20T20:39:45.278871,CLOSED,,ENDPOINT-07,False
ALT-CSE-07-04540,CSE-07,MEDIUM,2024-10-26T19:16:39,2024-10-26T19:17:11.494453,2024-10-26T19:29:22.793650,CLOSED,,WEB-SERVER-07,False
ALT-CSE-07-04541,CSE-07,LOW,2024-10-26T20:12:24,2024-10-26T20:13:36.863128,2024-10-26T20:31:11.844470,CLOSED,,WEB-SERVER-07,False
ALT-CSE-07-04542,CSE-07,LOW,2024-12-03T11:43:05,2024-12-03T11:44:07.927824,2024-12-03T11:58:20.772183,CLOSED,,DB-SERVER-07,False
ALT-CSE-07-04543,CSE-07,LOW,2024-12-28T13:01:07,2024-12-28T13:02:35.638438,2024-12-28T13:15:07.994197,CLOSED,,WEB-SERVER-07,False
ALT-CSE-07-04544,CSE-07,HIGH,2024-10-31T10:13:03,2024-10-31T10:14:52.801773,2024-10-31T10:35:15.101193,CLOSED,,ENDPOINT-07,False
ALT-CSE-07-04545,CSE-07,MEDIUM,2024-10-11T08:29:13,2024-10-11T08:30:30.546140,2024-10-11T08:48:45.196714,CLOSED,,FIREWALL-07,False
ALT-CSE-07-04546,CSE-07,LOW,2024-11-10T19:22:26,2024-11-10T19:23:56.507524,2024-11-10T19:52:24.183108,CLOSED,,ENDPOINT-07,False
ALT-CSE-07-04547,CSE-07,LOW,2024-12-04T21:18:46,2024-12-04T21:19:47.253745,2024-12-04T21:42:32.373164,CLOSED,,FIREWALL-07,False
ALT-CSE-07-04548,CSE-07,HIGH,2024-10-13T11:54:29,2024-10-13T11:55:20.697288,2024-10-13T12:09:44.022384,CLOSED,,ENDPOINT-07,False
ALT-CSE-07-04549,CSE-07,LOW,2024-11-05T06:34:32,2024-11-05T06:35:58.737668,2024-11-05T06:56:01.848679,CLOSED,,WEB-SERVER-07,False
ALT-CSE-07-04550,CSE-07,LOW,2024-12-08T11:26:08,2024-12-08T11:27:44.380439,2024-12-08T11:43:20.374408,CLOSED,CAS-CSE-07-0965,DB-SERVER-07,False
ALT-CSE-07-04551,CSE-07,HIGH,2024-11-25T08:26:58,2024-11-25T08:28:02.693171,2024-11-25T08:38:08.939323,CLOSED,,ENDPOINT-07,False
ALT-CSE-07-04552,CSE-07,LOW,2024-10-25T15:53:01,2024-10-25T15:53:56.070688,2024-10-25T16:06:25.687067,CLOSED,,WEB-SERVER-07,False
ALT-CSE-07-04553,CSE-07,HIGH,2024-12-05T06:06:53,2024-12-05T06:07:33.412545,2024-12-05T06:32:10.697526,CLOSED,,ENDPOINT-07,False
ALT-CSE-07-04554,CSE-07,HIGH,2024-11-25T10:22:03,2024-11-25T10:23:05.562810,2024-11-25T10:38:42.191939,CLOSED,,ENDPOINT-07,False
ALT-CSE-07-04555,CSE-07,MEDIUM,2024-12-14T18:35:36,2024-12-14T18:37:07.689772,2024-12-14T18:54:38.013653,CLOSED,,DB-SERVER-07,False
ALT-CSE-07-04556,CSE-07,HIGH,2024-10-19T04:51:41,2024-10-19T04:52:38.262198,2024-10-19T05:09:03.517339,CLOSED,,DB-SERVER-07,False
ALT-CSE-07-04557,CSE-07,HIGH,2024-11-17T20:30:25,2024-11-17T20:32:14.110568,2024-11-17T20:46:25.993292,CLOSED,,FIREWALL-07,False
ALT-CSE-07-04558,CSE-07,LOW,2024-10-08T00:18:28,2024-10-08T00:20:01.971923,2024-10-08T00:42:02.947747,CLOSED,,DB-SERVER-07,False
ALT-CSE-07-04559,CSE-07,MEDIUM,2024-12-18T23:43:37,2024-12-18T23:45:21.834336,2024-12-19T00:04:03.807223,CLOSED,,FIREWALL-07,False
ALT-CSE-07-04560,CSE-07,HIGH,2024-12-12T03:03:54,2024-12-12T03:04:36.956673,2024-12-12T03:20:46.613716,CLOSED,,WEB-SERVER-07,False
ALT-CSE-07-04561,CSE-07,MEDIUM,2024-12-22T14:02:54,2024-12-22T14:03:52.440807,2024-12-22T14:24:59.886125,CLOSED,,DB-SERVER-07,False
ALT-CSE-07-04562,CSE-07,LOW,2024-12-13T07:31:02,2024-12-13T07:32:20.383275,2024-12-13T07:50:39.793884,CLOSED,,FIREWALL-07,False
ALT-CSE-07-04563,CSE-07,LOW,2024-12-07T01:23:21,2024-12-07T01:24:41.284614,2024-12-07T01:44:38.519581,CLOSED,,ENDPOINT-07,False
ALT-CSE-07-04564,CSE-07,LOW,2024-10-14T23:23:12,2024-10-14T23:24:00.027932,2024-10-14T23:42:06.471170,CLOSED,,ENDPOINT-07,False
ALT-CSE-07-04565,CSE-07,MEDIUM,2024-10-25T02:41:12,2024-10-25T02:42:33.289454,2024-10-25T02:58:24.796846,CLOSED,,WEB-SERVER-07,False
ALT-CSE-07-04566,CSE-07,HIGH,2024-10-25T06:57:30,2024-10-25T06:59:03.401030,2024-10-25T07:16:50.815729,CLOSED,,ENDPOINT-07,False
ALT-CSE-07-04567,CSE-07,MEDIUM,2024-12-05T23:30:35,2024-12-05T23:31:39.674311,2024-12-05T23:58:06.844835,CLOSED,,FIREWALL-07,False
ALT-CSE-07-04568,CSE-07,HIGH,2024-10-11T11:48:12,2024-10-11T11:48:52.600716,2024-10-11T12:14:07.402073,CLOSED,,FIREWALL-07,False
ALT-CSE-07-04569,CSE-07,LOW,2024-11-23T08:54:23,2024-11-23T08:55:40.422837,2024-11-23T09:11:30.137416,CLOSED,,ENDPOINT-07,False
ALT-CSE-07-04570,CSE-07,HIGH,2024-10-07T17:50:13,2024-10-07T17:51:07.642955,2024-10-07T18:08:19.086275,CLOSED,,ENDPOINT-07,False
ALT-CSE-07-04571,CSE-07,HIGH,2024-12-02T05:10:19,2024-12-02T05:11:51.241130,2024-12-02T05:32:14.329424,CLOSED,,FIREWALL-07,False
ALT-CSE-07-04572,CSE-07,LOW,2024-10-12T18:22:19,2024-10-12T18:23:28.169532,2024-10-12T18:34:11.519276,CLOSED,,ENDPOINT-07,False
ALT-CSE-07-04573,CSE-07,LOW,2024-11-02T08:08:29,2024-11-02T08:09:52.543031,2024-11-02T08:20:32.655218,CLOSED,,ENDPOINT-07,False
ALT-CSE-07-04574,CSE-07,LOW,2024-11-23T15:48:06,2024-11-23T15:49:58.734133,2024-11-23T16:14:43.193303,CLOSED,,ENDPOINT-07,False
ALT-CSE-07-04575,CSE-07,MEDIUM,2024-12-14T03:43:00,2024-12-14T03:44:23.060544,2024-12-14T03:53:14.653067,CLOSED,,ENDPOINT-07,False
ALT-CSE-07-04576,CSE-07,MEDIUM,2024-12-04T17:29:39,2024-12-04T17:31:21.059516,2024-12-04T17:58:49.335744,CLOSED,,WEB-SERVER-07,False
ALT-CSE-07-04577,CSE-07,MEDIUM,2024-10-12T13:03:37,2024-10-12T13:04:23.678697,2024-10-12T13:28:25.473864,CLOSED,,FIREWALL-07,False
ALT-CSE-07-04578,CSE-07,LOW,2024-11-16T12:45:50,2024-11-16T12:47:14.966472,2024-11-16T13:11:16.143585,CLOSED,,FIREWALL-07,False
ALT-CSE-07-04579,CSE-07,MEDIUM,2024-11-12T03:20:53,2024-11-12T03:22:08.198357,2024-11-12T03:39:46.763921,CLOSED,,ENDPOINT-07,False
ALT-CSE-07-04580,CSE-07,HIGH,2024-10-21T12:48:58,2024-10-21T12:50:05.089817,2024-10-21T13:01:03.573500,CLOSED,,WEB-SERVER-07,False
ALT-CSE-07-04581,CSE-07,LOW,2024-11-06T11:46:18,2024-11-06T11:47:59.044935,2024-11-06T12:11:24.682129,CLOSED,,FIREWALL-07,False
ALT-CSE-07-04582,CSE-07,LOW,2024-10-07T06:07:22,2024-10-07T06:08:00.065673,2024-10-07T06:21:49.453642,CLOSED,,DB-SERVER-07,False
ALT-CSE-07-04583,CSE-07,MEDIUM,2024-10-26T18:25:57,2024-10-26T18:26:43.067255,2024-10-26T18:44:42.563440,CLOSED,,FIREWALL-07,False
ALT-CSE-07-04584,CSE-07,MEDIUM,2024-10-16T15:09:18,2024-10-16T15:10:34.595134,2024-10-16T15:40:26.124560,CLOSED,,WEB-SERVER-07,False
ALT-CSE-07-04585,CSE-07,LOW,2024-12-21T18:35:10,2024-12-21T18:36:20.495930,2024-12-21T19:00:39.759956,CLOSED,,FIREWALL-07,False
ALT-CSE-07-04586,CSE-07,HIGH,2024-11-21T01:18:27,2024-11-21T01:19:51.311951,2024-11-21T01:41:10.095529,CLOSED,,DB-SERVER-07,False
ALT-CSE-07-04587,CSE-07,MEDIUM,2024-11-26T03:48:55,2024-11-26T03:50:22.641887,2024-11-26T04:07:32.200561,CLOSED,CAS-CSE-07-0966,FIREWALL-07,False
ALT-CSE-07-04588,CSE-07,HIGH,2024-11-06T18:00:45,2024-11-06T18:02:23.008440,2024-11-06T18:10:56.102233,CLOSED,,FIREWALL-07,False
ALT-CSE-07-04589,CSE-07,LOW,2024-12-08T09:21:54,2024-12-08T09:23:18.702601,2024-12-08T09:51:53.603808,CLOSED,,FIREWALL-07,False
ALT-CSE-07-04590,CSE-07,MEDIUM,2024-10-07T12:05:01,2024-10-07T12:05:56.557552,2024-10-07T12:20:37.437603,CLOSED,,DB-SERVER-07,False
ALT-CSE-07-04591,CSE-07,MEDIUM,2024-10-10T01:39:42,2024-10-10T01:41:33.551926,2024-10-10T02:01:32.561111,CLOSED,,WEB-SERVER-07,False
ALT-CSE-07-04592,CSE-07,LOW,2024-11-19T06:51:32,2024-11-19T06:52:05.449715,2024-11-19T07:08:52.265718,CLOSED,,ENDPOINT-07,False
ALT-CSE-07-04593,CSE-07,HIGH,2024-11-12T19:58:57,2024-11-12T20:00:33.762171,2024-11-12T20:23:03.899241,CLOSED,,WEB-SERVER-07,False
ALT-CSE-07-04594,CSE-07,HIGH,2024-11-04T08:21:02,2024-11-04T08:21:47.343976,2024-11-04T08:40:33.997371,CLOSED,,ENDPOINT-07,False
ALT-CSE-07-04595,CSE-07,LOW,2024-12-19T09:31:12,2024-12-19T09:32:11.118342,2024-12-19T09:48:45.263494,CLOSED,,ENDPOINT-07,False
ALT-CSE-07-04596,CSE-07,MEDIUM,2024-10-30T17:24:53,2024-10-30T17:26:22.170529,2024-10-30T17:48:44.056775,CLOSED,,DB-SERVER-07,False
ALT-CSE-07-04597,CSE-07,LOW,2024-11-11T02:50:13,2024-11-11T02:50:55.246577,2024-11-11T03:11:30.735009,CLOSED,,DB-SERVER-07,False
ALT-CSE-07-04598,CSE-07,LOW,2024-12-18T16:07:58,2024-12-18T16:09:04.785569,2024-12-18T16:26:25.769577,CLOSED,,FIREWALL-07,False
ALT-CSE-07-04599,CSE-07,HIGH,2024-11-29T04:15:22,2024-11-29T04:15:55.669105,2024-11-29T04:32:28.519615,CLOSED,,FIREWALL-07,False
ALT-CSE-07-04600,CSE-07,HIGH,2024-11-20T13:51:28,2024-11-20T13:52:30.940286,2024-11-20T14:05:28.847516,CLOSED,,DB-SERVER-07,False
ALT-CSE-07-04601,CSE-07,MEDIUM,2024-12-05T02:27:31,2024-12-05T02:28:47.616610,2024-12-05T02:57:32.353155,CLOSED,,WEB-SERVER-07,False
ALT-CSE-07-04602,CSE-07,HIGH,2024-11-09T10:57:48,2024-11-09T10:58:23.943341,2024-11-09T11:13:32.298232,CLOSED,,WEB-SERVER-07,False
ALT-CSE-07-04603,CSE-07,HIGH,2024-10-12T23:15:57,2024-10-12T23:17:28.929025,2024-10-12T23:35:33.396234,CLOSED,,DB-SERVER-07,False
ALT-CSE-07-04604,CSE-07,HIGH,2024-12-04T09:39:25,2024-12-04T09:40:27.895925,2024-12-04T10:00:25.039319,CLOSED,,ENDPOINT-07,False
ALT-CSE-07-04605,CSE-07,HIGH,2024-10-12T01:44:31,2024-10-12T01:45:47.220606,2024-10-12T02:04:33.288396,CLOSED,,WEB-SERVER-07,False
ALT-CSE-07-04606,CSE-07,MEDIUM,2024-11-26T18:00:46,2024-11-26T18:01:18.773726,2024-11-26T18:29:50.907080,CLOSED,,FIREWALL-07,False
ALT-CSE-07-04607,CSE-07,LOW,2024-11-22T14:45:21,2024-11-22T14:46:05.169419,2024-11-22T15:07:43.326894,CLOSED,,DB-SERVER-07,False
ALT-CSE-07-04608,CSE-07,HIGH,2024-10-17T01:30:31,2024-10-17T01:32:17.105446,2024-10-17T01:41:08.244549,CLOSED,,ENDPOINT-07,False
ALT-CSE-07-04609,CSE-07,MEDIUM,2024-11-18T19:12:25,2024-11-18T19:13:58.349757,2024-11-18T19:24:05.232388,CLOSED,CAS-CSE-07-0967,FIREWALL-07,False
ALT-CSE-07-04610,CSE-07,MEDIUM,2024-12-21T07:21:44,2024-12-21T07:23:08.986176,2024-12-21T07:31:22.417744,CLOSED,,DB-SERVER-07,False
ALT-CSE-07-04611,CSE-07,HIGH,2024-11-16T22:16:12,2024-11-16T22:17:21.180470,2024-11-16T22:33:32.335336,CLOSED,,WEB-SERVER-07,False
ALT-CSE-07-04612,CSE-07,LOW,2024-10-13T09:30:20,2024-10-13T09:31:53.606104,2024-10-13T10:04:56.329553,CLOSED,,DB-SERVER-07,False
ALT-CSE-07-04613,CSE-07,HIGH,2024-11-22T01:14:01,2024-11-22T01:15:22.144038,2024-11-22T01:27:56.840007,CLOSED,,ENDPOINT-07,False
ALT-CSE-07-04614,CSE-07,HIGH,2024-12-04T18:17:29,2024-12-04T18:18:06.833012,2024-12-04T18:36:02.186459,CLOSED,,ENDPOINT-07,False
ALT-CSE-07-04615,CSE-07,LOW,2024-10-03T07:51:47,2024-10-03T07:53:13.480661,2024-10-03T08:12:26.780426,CLOSED,,FIREWALL-07,False
ALT-CSE-07-04616,CSE-07,LOW,2024-11-12T23:31:14,2024-11-12T23:33:05.412052,2024-11-12T23:46:58.167524,CLOSED,,FIREWALL-07,False
ALT-CSE-07-04617,CSE-07,MEDIUM,2024-11-16T12:54:34,2024-11-16T12:55:05.695301,2024-11-16T13:13:10.611726,CLOSED,,FIREWALL-07,False
ALT-CSE-07-04618,CSE-07,HIGH,2024-10-19T15:51:02,2024-10-19T15:52:16.021865,2024-10-19T16:08:24.868911,CLOSED,,FIREWALL-07,False
ALT-CSE-07-04619,CSE-07,HIGH,2024-11-08T15:48:03,2024-11-08T15:49:10.838351,2024-11-08T16:05:01.453869,CLOSED,,WEB-SERVER-07,False
ALT-CSE-07-04620,CSE-07,LOW,2024-10-08T23:24:01,2024-10-08T23:25:16.172617,2024-10-08T23:38:33.271087,CLOSED,,ENDPOINT-07,False
ALT-CSE-07-04621,CSE-07,LOW,2024-11-30T03:48:27,2024-11-30T03:50:08.400719,2024-11-30T04:04:39.796231,CLOSED,,FIREWALL-07,False
ALT-CSE-07-04622,CSE-07,LOW,2024-12-13T18:48:45,2024-12-13T18:49:37.463121,2024-12-13T19:07:45.140677,CLOSED,,DB-SERVER-07,False
ALT-CSE-07-04623,CSE-07,HIGH,2024-12-06T01:25:04,2024-12-06T01:26:51.965090,2024-12-06T01:38:36.230235,CLOSED,,DB-SERVER-07,False
ALT-CSE-07-04624,CSE-07,LOW,2024-12-29T08:20:03,2024-12-29T08:20:52.995958,2024-12-29T08:50:55.804670,CLOSED,,WEB-SERVER-07,False
ALT-CSE-07-04625,CSE-07,LOW,2024-10-11T20:57:43,2024-10-11T20:59:34.614254,2024-10-11T21:11:47.111020,CLOSED,,WEB-SERVER-07,False
ALT-CSE-07-04626,CSE-07,MEDIUM,2024-11-04T22:02:52,2024-11-04T22:03:45.857236,2024-11-04T22:20:47.849510,CLOSED,,DB-SERVER-07,False
ALT-CSE-07-04627,CSE-07,HIGH,2024-12-23T23:43:46,2024-12-23T23:44:25.789090,2024-12-23T23:52:21.012075,CLOSED,,ENDPOINT-07,False
ALT-CSE-07-04628,CSE-07,LOW,2024-11-12T16:46:35,2024-11-12T16:47:41.508121,2024-11-12T17:13:12.539861,CLOSED,,ENDPOINT-07,False
ALT-CSE-07-04629,CSE-07,LOW,2024-10-13T01:30:10,2024-10-13T01:30:43.862948,2024-10-13T01:56:08.033561,CLOSED,,FIREWALL-07,False
ALT-CSE-07-04630,CSE-07,MEDIUM,2024-12-09T02:23:17,2024-12-09T02:23:52.233931,2024-12-09T02:44:38.052894,CLOSED,,WEB-SERVER-07,False
ALT-CSE-07-04631,CSE-07,LOW,2024-11-06T19:21:48,2024-11-06T19:23:42.567809,2024-11-06T19:42:29.021080,CLOSED,,WEB-SERVER-07,False
ALT-CSE-07-04632,CSE-07,LOW,2024-10-06T02:30:25,2024-10-06T02:32:02.677117,2024-10-06T02:48:42.495251,CLOSED,,DB-SERVER-07,False
ALT-CSE-07-04633,CSE-07,MEDIUM,2024-10-11T20:09:20,2024-10-11T20:10:06.287431,2024-10-11T20:33:23.543976,CLOSED,,WEB-SERVER-07,False
ALT-CSE-07-04634,CSE-07,LOW,2024-10-03T09:12:29,2024-10-03T09:13:34.988801,2024-10-03T09:27:37.178115,CLOSED,,DB-SERVER-07,False
ALT-CSE-07-04635,CSE-07,HIGH,2024-11-18T10:43:16,2024-11-18T10:44:25.117224,2024-11-18T11:00:24.374876,CLOSED,,DB-SERVER-07,False
ALT-CSE-07-04636,CSE-07,MEDIUM,2024-12-09T17:34:37,2024-12-09T17:36:32.338467,2024-12-09T17:56:45.416306,CLOSED,,FIREWALL-07,False
ALT-CSE-07-04637,CSE-07,HIGH,2024-10-24T17:55:55,2024-10-24T17:56:49.197583,2024-10-24T18:27:38.074234,CLOSED,,WEB-SERVER-07,False
ALT-CSE-07-04638,CSE-07,HIGH,2024-11-19T06:04:27,2024-11-19T06:05:07.346953,2024-11-19T06:26:44.340300,CLOSED,,ENDPOINT-07,False
ALT-CSE-07-04639,CSE-07,HIGH,2024-12-24T21:49:13,2024-12-24T21:49:48.610532,2024-12-24T22:12:13.289782,CLOSED,,WEB-SERVER-07,False
ALT-CSE-07-04640,CSE-07,MEDIUM,2024-10-21T18:37:50,2024-10-21T18:39:06.414024,2024-10-21T18:55:53.626610,CLOSED,,FIREWALL-07,False
ALT-CSE-07-04641,CSE-07,LOW,2024-12-07T20:21:31,2024-12-07T20:22:32.424613,2024-12-07T20:49:22.322163,CLOSED,,DB-SERVER-07,False
ALT-CSE-07-04642,CSE-07,MEDIUM,2024-11-20T11:49:42,2024-11-20T11:50:40.666212,2024-11-20T12:16:30.108249,CLOSED,,WEB-SERVER-07,False
ALT-CSE-07-04643,CSE-07,MEDIUM,2024-10-25T10:43:07,2024-10-25T10:43:54.690094,2024-10-25T10:59:32.136703,CLOSED,,DB-SERVER-07,False
ALT-CSE-07-04644,CSE-07,LOW,2024-10-05T11:31:42,2024-10-05T11:32:34.344929,2024-10-05T11:48:56.827023,CLOSED,,ENDPOINT-07,False
ALT-CSE-07-04645,CSE-07,HIGH,2024-11-06T14:16:36,2024-11-06T14:17:57.773929,2024-11-06T14:36:23.313126,CLOSED,CAS-CSE-07-0968,DB-SERVER-07,False
ALT-CSE-07-04646,CSE-07,HIGH,2024-11-26T00:14:42,2024-11-26T00:16:27.696549,2024-11-26T00:37:08.097204,CLOSED,,WEB-SERVER-07,False
ALT-CSE-07-04647,CSE-07,LOW,2024-10-27T06:50:56,2024-10-27T06:52:21.845333,2024-10-27T07:13:03.723631,CLOSED,,FIREWALL-07,False
ALT-CSE-07-04648,CSE-07,LOW,2024-11-01T02:34:25,2024-11-01T02:35:49.823318,2024-11-01T02:49:14.381676,CLOSED,,FIREWALL-07,False
ALT-CSE-07-04649,CSE-07,LOW,2024-10-09T06:58:17,2024-10-09T06:59:25.335503,2024-10-09T07:14:04.948763,CLOSED,,FIREWALL-07,False
ALT-CSE-07-04650,CSE-07,HIGH,2024-12-06T02:45:29,2024-12-06T02:46:48.075585,2024-12-06T03:14:39.775374,CLOSED,,FIREWALL-07,False
ALT-CSE-07-04651,CSE-07,HIGH,2024-10-18T19:11:29,2024-10-18T19:12:44.138119,2024-10-18T19:35:14.567857,CLOSED,,DB-SERVER-07,False
ALT-CSE-07-04652,CSE-07,MEDIUM,2024-10-26T00:54:04,2024-10-26T00:55:22.352267,2024-10-26T01:21:21.296895,CLOSED,,FIREWALL-07,False
ALT-CSE-07-04653,CSE-07,HIGH,2024-12-25T23:39:30,2024-12-25T23:40:01.522175,2024-12-26T00:06:30.881829,CLOSED,,ENDPOINT-07,False
ALT-CSE-07-04654,CSE-07,LOW,2024-11-11T09:21:23,2024-11-11T09:22:02.296928,2024-11-11T09:43:35.833382,CLOSED,,ENDPOINT-07,False
ALT-CSE-07-04655,CSE-07,LOW,2024-12-21T09:16:51,2024-12-21T09:18:40.361481,2024-12-21T09:38:29.298580,CLOSED,,FIREWALL-07,False
ALT-CSE-07-04656,CSE-07,MEDIUM,2024-11-02T13:47:46,2024-11-02T13:49:41.704645,2024-11-02T14:14:20.756901,CLOSED,,DB-SERVER-07,False
ALT-CSE-07-04657,CSE-07,HIGH,2024-12-09T03:49:05,2024-12-09T03:50:25.353923,2024-12-09T04:09:36.803298,CLOSED,,FIREWALL-07,False
ALT-CSE-07-04658,CSE-07,HIGH,2024-11-13T17:37:46,2024-11-13T17:39:28.835205,2024-11-13T17:58:14.918182,CLOSED,,WEB-SERVER-07,False
ALT-CSE-07-04659,CSE-07,LOW,2024-11-16T10:06:48,2024-11-16T10:08:18.445994,2024-11-16T10:26:01.127153,CLOSED,,WEB-SERVER-07,False
ALT-CSE-07-04660,CSE-07,MEDIUM,2024-12-18T04:35:27,2024-12-18T04:36:25.471896,2024-12-18T04:45:05.221259,CLOSED,,WEB-SERVER-07,False
ALT-CSE-07-04661,CSE-07,HIGH,2024-11-01T15:53:24,2024-11-01T15:55:15.183454,2024-11-01T16:17:33.374952,CLOSED,,FIREWALL-07,False
ALT-CSE-07-04662,CSE-07,MEDIUM,2024-11-11T18:19:56,2024-11-11T18:21:05.631334,2024-11-11T18:37:44.923349,CLOSED,,ENDPOINT-07,False
ALT-CSE-07-04663,CSE-07,LOW,2024-11-03T18:19:29,2024-11-03T18:21:20.535948,2024-11-03T18:35:50.887210,CLOSED,,FIREWALL-07,False
ALT-CSE-07-04664,CSE-07,LOW,2024-11-30T09:48:16,2024-11-30T09:49:52.554433,2024-11-30T10:01:20.260879,CLOSED,,WEB-SERVER-07,False
ALT-CSE-07-04665,CSE-07,HIGH,2024-10-06T20:56:32,2024-10-06T20:57:25.831382,2024-10-06T21:10:43.717346,CLOSED,,DB-SERVER-07,False
ALT-CSE-07-04666,CSE-07,MEDIUM,2024-10-07T14:41:15,2024-10-07T14:42:33.218592,2024-10-07T15:03:45.342113,CLOSED,,DB-SERVER-07,False
ALT-CSE-07-04667,CSE-07,MEDIUM,2024-10-22T00:01:33,2024-10-22T00:02:33.746004,2024-10-22T00:29:24.198400,CLOSED,,DB-SERVER-07,False
ALT-CSE-07-04668,CSE-07,LOW,2024-12-07T07:45:58,2024-12-07T07:47:50.359312,2024-12-07T07:57:35.342610,CLOSED,,WEB-SERVER-07,False
ALT-CSE-07-04669,CSE-07,HIGH,2024-10-15T15:58:12,2024-10-15T16:00:10.662091,2024-10-15T16:16:11.016294,CLOSED,,WEB-SERVER-07,False
ALT-CSE-07-04670,CSE-07,MEDIUM,2024-12-22T14:21:49,2024-12-22T14:22:38.406961,2024-12-22T14:41:53.489714,CLOSED,,ENDPOINT-07,False
ALT-CSE-07-04671,CSE-07,HIGH,2024-10-23T20:56:58,2024-10-23T20:58:23.682332,2024-10-23T21:20:19.063202,CLOSED,,FIREWALL-07,False
ALT-CSE-07-04672,CSE-07,MEDIUM,2024-11-16T16:20:16,2024-11-16T16:21:47.338817,2024-11-16T16:49:23.777815,CLOSED,,ENDPOINT-07,False
ALT-CSE-07-04673,CSE-07,MEDIUM,2024-12-05T13:43:10,2024-12-05T13:44:50.011617,2024-12-05T14:06:07.322100,CLOSED,,ENDPOINT-07,False
ALT-CSE-07-04674,CSE-07,MEDIUM,2024-12-19T02:34:35,2024-12-19T02:35:14.560501,2024-12-19T02:44:17.086113,CLOSED,,DB-SERVER-07,False
ALT-CSE-07-04675,CSE-07,LOW,2024-10-07T02:12:44,2024-10-07T02:14:11.181055,2024-10-07T02:24:38.014332,CLOSED,,FIREWALL-07,False
ALT-CSE-07-04676,CSE-07,HIGH,2024-12-08T03:12:58,2024-12-08T03:14:27.271197,2024-12-08T03:36:08.237615,CLOSED,,ENDPOINT-07,False
ALT-CSE-07-04677,CSE-07,LOW,2024-12-10T03:57:04,2024-12-10T03:58:47.834957,2024-12-10T04:12:48.605639,CLOSED,,ENDPOINT-07,False
ALT-CSE-07-04678,CSE-07,LOW,2024-12-16T02:01:19,2024-12-16T02:01:51.995281,2024-12-16T02:15:24.283262,CLOSED,,WEB-SERVER-07,False
ALT-CSE-07-04679,CSE-07,HIGH,2024-12-29T16:02:03,2024-12-29T16:02:51.752131,2024-12-29T16:24:04.341114,CLOSED,,ENDPOINT-07,False
ALT-CSE-07-04680,CSE-07,LOW,2024-11-26T11:04:42,2024-11-26T11:05:29.526284,2024-11-26T11:21:22.442492,CLOSED,,ENDPOINT-07,False
ALT-CSE-07-04681,CSE-07,MEDIUM,2024-12-16T14:51:08,2024-12-16T14:53:07.543709,2024-12-16T15:15:41.752099,CLOSED,,DB-SERVER-07,False
ALT-CSE-07-04682,CSE-07,LOW,2024-10-17T22:57:50,2024-10-17T22:59:04.065867,2024-10-17T23:08:41.623825,CLOSED,,FIREWALL-07,False
ALT-CSE-07-04683,CSE-07,HIGH,2024-12-11T11:01:50,2024-12-11T11:03:36.225386,2024-12-11T11:24:18.950349,CLOSED,,ENDPOINT-07,False
ALT-CSE-07-04684,CSE-07,LOW,2024-12-23T16:15:34,2024-12-23T16:16:06.420840,2024-12-23T16:30:13.196605,CLOSED,,WEB-SERVER-07,False
ALT-CSE-07-04685,CSE-07,MEDIUM,2024-11-11T04:04:22,2024-11-11T04:05:53.865352,2024-11-11T04:27:35.772395,CLOSED,,ENDPOINT-07,False
ALT-CSE-07-04686,CSE-07,LOW,2024-11-02T16:12:33,2024-11-02T16:13:28.612206,2024-11-02T16:35:49.675013,CLOSED,,DB-SERVER-07,False
ALT-CSE-07-04687,CSE-07,LOW,2024-11-11T19:49:40,2024-11-11T19:51:18.992767,2024-11-11T20:13:28.540697,CLOSED,,WEB-SERVER-07,False
ALT-CSE-07-04688,CSE-07,HIGH,2024-11-12T05:35:35,2024-11-12T05:37:03.773842,2024-11-12T05:57:50.737984,CLOSED,,DB-SERVER-07,False
ALT-CSE-07-04689,CSE-07,LOW,2024-12-06T21:58:47,2024-12-06T22:00:41.051933,2024-12-06T22:24:37.591692,CLOSED,,DB-SERVER-07,False
ALT-CSE-07-04690,CSE-07,HIGH,2024-11-02T04:11:09,2024-11-02T04:11:51.976330,2024-11-02T04:32:27.054413,CLOSED,,WEB-SERVER-07,False
ALT-CSE-07-04691,CSE-07,MEDIUM,2024-12-02T20:12:59,2024-12-02T20:13:36.098061,2024-12-02T20:29:05.329060,CLOSED,,FIREWALL-07,False
ALT-CSE-07-04692,CSE-07,HIGH,2024-10-28T05:56:17,2024-10-28T05:57:18.225049,2024-10-28T06:17:53.686589,CLOSED,,ENDPOINT-07,False
ALT-CSE-07-04693,CSE-07,LOW,2024-11-24T07:13:53,2024-11-24T07:15:16.539306,2024-11-24T07:38:24.108152,CLOSED,,ENDPOINT-07,False
ALT-CSE-07-04694,CSE-07,MEDIUM,2024-10-08T06:21:15,2024-10-08T06:22:17.798832,2024-10-08T06:38:46.734668,CLOSED,,FIREWALL-07,False
ALT-CSE-07-04695,CSE-07,LOW,2024-12-19T08:51:25,2024-12-19T08:52:07.116846,2024-12-19T09:09:34.334620,CLOSED,,FIREWALL-07,False
ALT-CSE-07-04696,CSE-07,MEDIUM,2024-10-22T13:26:00,2024-10-22T13:27:34.475413,2024-10-22T13:42:56.190541,CLOSED,,WEB-SERVER-07,False
ALT-CSE-07-04697,CSE-07,MEDIUM,2024-11-16T12:26:33,2024-11-16T12:27:22.144000,2024-11-16T12:51:33.449639,CLOSED,,FIREWALL-07,False
ALT-CSE-07-04698,CSE-07,HIGH,2024-10-15T22:18:53,2024-10-15T22:20:51.614343,2024-10-15T22:43:33.064022,CLOSED,,ENDPOINT-07,False
ALT-CSE-07-04699,CSE-07,LOW,2024-11-18T01:01:06,2024-11-18T01:02:38.551390,2024-11-18T01:20:46.865205,CLOSED,,ENDPOINT-07,False
ALT-CSE-07-04700,CSE-07,LOW,2024-12-20T19:49:15,2024-12-20T19:50:46.255060,2024-12-20T20:02:54.197307,CLOSED,,ENDPOINT-07,False
ALT-CSE-07-04701,CSE-07,LOW,2024-10-26T04:00:15,2024-10-26T04:01:31.529348,2024-10-26T04:18:51.474622,CLOSED,,ENDPOINT-07,False
ALT-CSE-07-04702,CSE-07,HIGH,2024-12-03T17:53:46,2024-12-03T17:55:30.466409,2024-12-03T18:07:54.178641,CLOSED,,ENDPOINT-07,False
ALT-CSE-07-04703,CSE-07,MEDIUM,2024-12-02T02:08:52,2024-12-02T02:10:31.006417,2024-12-02T02:27:08.381852,CLOSED,CAS-CSE-07-0969,WEB-SERVER-07,False
ALT-CSE-07-04704,CSE-07,LOW,2024-12-19T21:18:13,2024-12-19T21:20:12.831032,2024-12-19T21:36:35.299273,CLOSED,,FIREWALL-07,False
ALT-CSE-07-04705,CSE-07,LOW,2024-12-19T08:23:23,2024-12-19T08:25:13.010061,2024-12-19T08:42:00.815856,CLOSED,,WEB-SERVER-07,False
ALT-CSE-07-04706,CSE-07,LOW,2024-11-28T04:30:42,2024-11-28T04:32:38.440604,2024-11-28T04:48:57.259404,CLOSED,,FIREWALL-07,False
ALT-CSE-07-04707,CSE-07,MEDIUM,2024-11-15T09:03:51,2024-11-15T09:05:23.316405,2024-11-15T09:24:23.862179,CLOSED,,FIREWALL-07,False
ALT-CSE-07-04708,CSE-07,MEDIUM,2024-12-06T17:54:01,2024-12-06T17:54:40.148449,2024-12-06T18:11:41.009469,CLOSED,,WEB-SERVER-07,False
ALT-CSE-07-04709,CSE-07,MEDIUM,2024-10-03T16:23:32,2024-10-03T16:25:00.235946,2024-10-03T16:39:09.375216,CLOSED,,WEB-SERVER-07,False
ALT-CSE-07-04710,CSE-07,MEDIUM,2024-12-11T14:19:58,2024-12-11T14:21:04.105941,2024-12-11T14:38:09.301953,CLOSED,,WEB-SERVER-07,False
ALT-CSE-07-04711,CSE-07,HIGH,2024-10-27T14:00:53,2024-10-27T14:02:34.639842,2024-10-27T14:18:59.738910,CLOSED,,ENDPOINT-07,False
ALT-CSE-07-04712,CSE-07,HIGH,2024-10-11T08:33:05,2024-10-11T08:35:03.195914,2024-10-11T08:46:47.900152,CLOSED,,FIREWALL-07,False
ALT-CSE-07-04713,CSE-07,LOW,2024-12-18T11:46:23,2024-12-18T11:48:08.371379,2024-12-18T12:15:04.303031,CLOSED,,WEB-SERVER-07,False
ALT-CSE-07-04714,CSE-07,MEDIUM,2024-12-11T11:02:11,2024-12-11T11:02:41.395913,2024-12-11T11:23:45.963789,CLOSED,,ENDPOINT-07,False
ALT-CSE-07-04715,CSE-07,LOW,2024-10-15T00:55:23,2024-10-15T00:57:01.094536,2024-10-15T01:09:37.177644,CLOSED,,FIREWALL-07,False
ALT-CSE-07-04716,CSE-07,MEDIUM,2024-12-11T22:34:22,2024-12-11T22:35:38.629858,2024-12-11T22:55:41.959275,CLOSED,,WEB-SERVER-07,False
ALT-CSE-07-04717,CSE-07,LOW,2024-12-15T08:41:41,2024-12-15T08:42:12.468834,2024-12-15T09:05:27.978929,CLOSED,,WEB-SERVER-07,False
ALT-CSE-07-04718,CSE-07,MEDIUM,2024-11-02T19:57:45,2024-11-02T19:58:22.133243,2024-11-02T20:13:01.062734,CLOSED,,ENDPOINT-07,False
ALT-CSE-07-04719,CSE-07,LOW,2024-10-30T03:27:26,2024-10-30T03:29:12.618483,2024-10-30T03:49:07.258482,CLOSED,,WEB-SERVER-07,False
ALT-CSE-07-04720,CSE-07,LOW,2024-12-20T05:38:24,2024-12-20T05:38:54.186304,2024-12-20T05:52:52.408958,CLOSED,,DB-SERVER-07,False
ALT-CSE-07-04721,CSE-07,HIGH,2024-11-12T11:31:50,2024-11-12T11:32:43.843547,2024-11-12T11:54:33.024126,CLOSED,,DB-SERVER-07,False
ALT-CSE-07-04722,CSE-07,MEDIUM,2024-11-12T00:18:32,2024-11-12T00:19:15.875605,2024-11-12T00:40:02.284191,CLOSED,,ENDPOINT-07,False
ALT-CSE-07-04723,CSE-07,HIGH,2024-10-30T09:12:23,2024-10-30T09:12:53.781745,2024-10-30T09:26:37.067760,CLOSED,,ENDPOINT-07,False
ALT-CSE-07-04724,CSE-07,LOW,2024-11-06T00:15:50,2024-11-06T00:17:49.735256,2024-11-06T00:37:27.683174,CLOSED,CAS-CSE-07-0970,FIREWALL-07,False
ALT-CSE-07-04725,CSE-07,HIGH,2024-10-16T01:29:15,2024-10-16T01:30:42.002352,2024-10-16T01:50:06.414910,CLOSED,,WEB-SERVER-07,False
ALT-CSE-07-04726,CSE-07,LOW,2024-10-01T18:45:21,2024-10-01T18:45:58.725030,2024-10-01T19:06:36.708072,CLOSED,,DB-SERVER-07,False
ALT-CSE-07-04727,CSE-07,MEDIUM,2024-12-06T10:56:46,2024-12-06T10:57:19.874367,2024-12-06T11:11:23.354840,CLOSED,,WEB-SERVER-07,False
ALT-CSE-07-04728,CSE-07,HIGH,2024-11-11T10:29:29,2024-11-11T10:30:14.600743,2024-11-11T10:48:21.603612,CLOSED,,FIREWALL-07,False
ALT-CSE-07-04729,CSE-07,LOW,2024-11-22T21:17:15,2024-11-22T21:18:09.733075,2024-11-22T21:40:53.718706,CLOSED,,ENDPOINT-07,False
ALT-CSE-07-04730,CSE-07,HIGH,2024-10-24T20:24:45,2024-10-24T20:25:33.392613,2024-10-24T20:50:44.247164,CLOSED,,DB-SERVER-07,False
ALT-CSE-07-04731,CSE-07,MEDIUM,2024-11-19T21:01:27,2024-11-19T21:01:57.239696,2024-11-19T21:21:39.317281,CLOSED,,ENDPOINT-07,False
ALT-CSE-07-04732,CSE-07,HIGH,2024-12-01T18:49:41,2024-12-01T18:50:35.821788,2024-12-01T19:11:40.361450,CLOSED,,FIREWALL-07,False
ALT-CSE-07-04733,CSE-07,LOW,2024-12-23T01:50:56,2024-12-23T01:52:41.645618,2024-12-23T02:06:38.133658,CLOSED,,DB-SERVER-07,False
ALT-CSE-07-04734,CSE-07,MEDIUM,2024-10-12T16:07:57,2024-10-12T16:09:47.243318,2024-10-12T16:15:31.148201,CLOSED,,WEB-SERVER-07,False
ALT-CSE-07-04735,CSE-07,HIGH,2024-12-04T06:26:53,2024-12-04T06:28:05.129399,2024-12-04T06:50:25.485987,CLOSED,CAS-CSE-07-0971,DB-SERVER-07,False
ALT-CSE-07-04736,CSE-07,LOW,2024-10-01T19:35:21,2024-10-01T19:35:51.272475,2024-10-01T19:56:04.116875,CLOSED,,ENDPOINT-07,False
ALT-CSE-07-04737,CSE-07,MEDIUM,2024-12-24T05:12:48,2024-12-24T05:14:36.896554,2024-12-24T05:23:51.966217,CLOSED,,DB-SERVER-07,False
ALT-CSE-07-04738,CSE-07,MEDIUM,2024-11-14T22:40:44,2024-11-14T22:41:56.326712,2024-11-14T23:03:54.604825,CLOSED,,WEB-SERVER-07,False
ALT-CSE-07-04739,CSE-07,HIGH,2024-12-02T16:37:43,2024-12-02T16:38:17.939963,2024-12-02T16:59:36.580955,CLOSED,,DB-SERVER-07,False
ALT-CSE-07-04740,CSE-07,HIGH,2024-11-28T17:47:43,2024-11-28T17:49:33.030102,2024-11-28T18:04:24.571934,CLOSED,,ENDPOINT-07,False
ALT-CSE-07-04741,CSE-07,MEDIUM,2024-11-21T14:45:52,2024-11-21T14:46:47.671010,2024-11-21T15:03:13.816440,CLOSED,,DB-SERVER-07,False
ALT-CSE-07-04742,CSE-07,LOW,2024-10-01T19:41:18,2024-10-01T19:43:14.008085,2024-10-01T20:01:45.502840,CLOSED,,WEB-SERVER-07,False
ALT-CSE-07-04743,CSE-07,MEDIUM,2024-11-26T18:01:57,2024-11-26T18:03:11.477490,2024-11-26T18:17:35.952222,CLOSED,CAS-CSE-07-0972,WEB-SERVER-07,False
ALT-CSE-07-04744,CSE-07,LOW,2024-11-17T02:22:50,2024-11-17T02:24:27.302194,2024-11-17T02:47:53.611438,CLOSED,,ENDPOINT-07,False
ALT-CSE-07-04745,CSE-07,HIGH,2024-11-24T19:28:34,2024-11-24T19:29:56.126977,2024-11-24T19:52:07.768926,CLOSED,,DB-SERVER-07,False
ALT-CSE-07-04746,CSE-07,LOW,2024-12-11T02:12:37,2024-12-11T02:13:52.205503,2024-12-11T02:33:15.859133,CLOSED,,WEB-SERVER-07,False
ALT-CSE-07-04747,CSE-07,LOW,2024-10-08T22:34:22,2024-10-08T22:34:55.517055,2024-10-08T22:48:30.326797,CLOSED,,DB-SERVER-07,False
ALT-CSE-07-04748,CSE-07,HIGH,2024-12-09T05:13:23,2024-12-09T05:14:58.473884,2024-12-09T05:38:08.945651,CLOSED,,FIREWALL-07,False
ALT-CSE-07-04749,CSE-07,LOW,2024-10-25T21:50:19,2024-10-25T21:51:27.691934,2024-10-25T22:14:17.806952,CLOSED,,WEB-SERVER-07,False
ALT-CSE-07-04750,CSE-07,LOW,2024-10-03T20:53:19,2024-10-03T20:55:01.910221,2024-10-03T21:13:48.379220,CLOSED,,FIREWALL-07,False
ALT-CSE-07-04751,CSE-07,HIGH,2024-10-28T13:09:28,2024-10-28T13:10:57.990515,2024-10-28T13:41:54.426221,CLOSED,,FIREWALL-07,False
ALT-CSE-07-04752,CSE-07,HIGH,2024-11-08T00:50:02,2024-11-08T00:51:27.164035,2024-11-08T01:14:28.765785,CLOSED,,ENDPOINT-07,False
ALT-CSE-07-04753,CSE-07,MEDIUM,2024-10-10T14:00:57,2024-10-10T14:02:50.313809,2024-10-10T14:21:23.587575,CLOSED,CAS-CSE-07-0973,DB-SERVER-07,False
ALT-CSE-07-04754,CSE-07,LOW,2024-12-21T13:42:50,2024-12-21T13:44:01.357976,2024-12-21T14:08:28.159694,CLOSED,,ENDPOINT-07,False
ALT-CSE-07-04755,CSE-07,LOW,2024-12-03T07:13:20,2024-12-03T07:15:06.272161,2024-12-03T07:24:07.209968,CLOSED,,DB-SERVER-07,False
ALT-CSE-07-04756,CSE-07,LOW,2024-11-28T17:29:49,2024-11-28T17:31:41.718783,2024-11-28T17:47:56.312976,CLOSED,,FIREWALL-07,False
ALT-CSE-07-04757,CSE-07,LOW,2024-10-28T13:05:54,2024-10-28T13:07:51.070111,2024-10-28T13:26:51.840741,CLOSED,,DB-SERVER-07,False
ALT-CSE-07-04758,CSE-07,LOW,2024-12-24T17:18:56,2024-12-24T17:20:36.658536,2024-12-24T17:38:35.991228,CLOSED,,FIREWALL-07,False
ALT-CSE-07-04759,CSE-07,HIGH,2024-11-11T15:53:16,2024-11-11T15:54:54.610525,2024-11-11T16:14:42.556382,CLOSED,,ENDPOINT-07,False
ALT-CSE-07-04760,CSE-07,MEDIUM,2024-10-03T12:22:17,2024-10-03T12:22:54.062627,2024-10-03T12:41:09.896937,CLOSED,CAS-CSE-07-0974,WEB-SERVER-07,False
ALT-CSE-07-04761,CSE-07,MEDIUM,2024-10-30T02:21:59,2024-10-30T02:23:22.921020,2024-10-30T02:50:47.887005,CLOSED,,WEB-SERVER-07,False
ALT-CSE-07-04762,CSE-07,LOW,2024-11-15T07:40:53,2024-11-15T07:41:42.489299,2024-11-15T08:00:28.822454,CLOSED,,DB-SERVER-07,False
ALT-CSE-07-04763,CSE-07,MEDIUM,2024-11-23T06:28:53,2024-11-23T06:29:31.797524,2024-11-23T07:00:32.474997,CLOSED,,DB-SERVER-07,False
ALT-CSE-07-04764,CSE-07,LOW,2024-10-22T06:39:30,2024-10-22T06:41:20.409236,2024-10-22T07:00:43.675242,CLOSED,,WEB-SERVER-07,False
ALT-CSE-07-04765,CSE-07,MEDIUM,2024-10-05T02:14:08,2024-10-05T02:14:49.841751,2024-10-05T02:32:02.961988,CLOSED,,DB-SERVER-07,False
ALT-CSE-07-04766,CSE-07,HIGH,2024-11-08T08:04:34,2024-11-08T08:06:30.682681,2024-11-08T08:26:32.489514,CLOSED,,ENDPOINT-07,False
ALT-CSE-07-04767,CSE-07,MEDIUM,2024-10-27T05:39:07,2024-10-27T05:39:54.608731,2024-10-27T06:06:53.231104,CLOSED,,WEB-SERVER-07,False
ALT-CSE-07-04768,CSE-07,LOW,2024-10-13T02:28:44,2024-10-13T02:30:11.410666,2024-10-13T02:47:31.902580,CLOSED,,DB-SERVER-07,False
ALT-CSE-07-04769,CSE-07,MEDIUM,2024-10-31T12:22:22,2024-10-31T12:24:04.947653,2024-10-31T12:36:22.446655,CLOSED,,DB-SERVER-07,False
ALT-CSE-07-04770,CSE-07,LOW,2024-10-08T14:38:31,2024-10-08T14:40:24.307967,2024-10-08T14:53:52.174262,CLOSED,,DB-SERVER-07,False
ALT-CSE-07-04771,CSE-07,LOW,2024-12-22T15:01:41,2024-12-22T15:03:04.551553,2024-12-22T15:23:47.953978,CLOSED,,DB-SERVER-07,False
ALT-CSE-07-04772,CSE-07,HIGH,2024-11-29T04:26:12,2024-11-29T04:27:15.781925,2024-11-29T04:55:44.203379,CLOSED,,FIREWALL-07,False
ALT-CSE-07-04773,CSE-07,LOW,2024-12-13T11:20:32,2024-12-13T11:21:51.244882,2024-12-13T11:42:39.026282,CLOSED,,ENDPOINT-07,False
ALT-CSE-07-04774,CSE-07,LOW,2024-12-11T03:46:02,2024-12-11T03:47:24.598555,2024-12-11T04:04:00.825367,CLOSED,,FIREWALL-07,False
ALT-CSE-07-04775,CSE-07,HIGH,2024-11-28T11:06:48,2024-11-28T11:07:27.724282,2024-11-28T11:21:58.772805,CLOSED,CAS-CSE-07-0975,WEB-SERVER-07,False
ALT-CSE-07-04776,CSE-07,LOW,2024-11-25T15:13:32,2024-11-25T15:15:02.736044,2024-11-25T15:28:42.439243,CLOSED,,DB-SERVER-07,False
ALT-CSE-07-04777,CSE-07,MEDIUM,2024-10-28T14:58:31,2024-10-28T15:00:25.616722,2024-10-28T15:20:44.840684,CLOSED,,ENDPOINT-07,False
ALT-CSE-07-04778,CSE-07,MEDIUM,2024-12-27T05:19:08,2024-12-27T05:20:42.943141,2024-12-27T05:30:01.594569,CLOSED,,DB-SERVER-07,False
ALT-CSE-07-04779,CSE-07,MEDIUM,2024-12-05T21:15:26,2024-12-05T21:16:50.357115,2024-12-05T21:25:42.711165,CLOSED,,ENDPOINT-07,False
ALT-CSE-07-04780,CSE-07,MEDIUM,2024-10-26T16:44:44,2024-10-26T16:46:04.614902,2024-10-26T17:06:15.759628,CLOSED,,FIREWALL-07,False
ALT-CSE-07-04781,CSE-07,MEDIUM,2024-12-26T17:35:50,2024-12-26T17:36:35.768865,2024-12-26T17:59:33.635720,CLOSED,,FIREWALL-07,False
ALT-CSE-07-04782,CSE-07,MEDIUM,2024-12-11T16:20:08,2024-12-11T16:21:20.271521,2024-12-11T16:44:33.389404,CLOSED,,DB-SERVER-07,False
ALT-CSE-07-04783,CSE-07,HIGH,2024-11-27T11:26:44,2024-11-27T11:27:29.686966,2024-11-27T11:40:23.334869,CLOSED,,FIREWALL-07,False
ALT-CSE-07-04784,CSE-07,LOW,2024-12-21T10:01:03,2024-12-21T10:02:52.931720,2024-12-21T10:23:40.902738,CLOSED,,FIREWALL-07,False
ALT-CSE-07-04785,CSE-07,HIGH,2024-11-07T18:08:56,2024-11-07T18:10:22.872389,2024-11-07T18:26:38.113413,CLOSED,,ENDPOINT-07,False
ALT-CSE-07-04786,CSE-07,HIGH,2024-12-21T01:14:04,2024-12-21T01:15:03.986809,2024-12-21T01:37:53.877008,CLOSED,CAS-CSE-07-0976,ENDPOINT-07,False
ALT-CSE-07-04787,CSE-07,MEDIUM,2024-10-18T19:21:09,2024-10-18T19:22:21.865136,2024-10-18T19:47:50.971479,CLOSED,CAS-CSE-07-0977,FIREWALL-07,False
ALT-CSE-07-04788,CSE-07,MEDIUM,2024-12-02T20:50:20,2024-12-02T20:52:16.629345,2024-12-02T21:04:47.438442,CLOSED,,DB-SERVER-07,False
ALT-CSE-07-04789,CSE-07,HIGH,2024-11-17T11:38:10,2024-11-17T11:39:50.167141,2024-11-17T11:57:57.824210,CLOSED,,DB-SERVER-07,False
ALT-CSE-07-04790,CSE-07,LOW,2024-10-04T01:58:25,2024-10-04T01:59:06.356742,2024-10-04T02:11:56.468722,CLOSED,,WEB-SERVER-07,False
ALT-CSE-07-04791,CSE-07,LOW,2024-11-05T04:56:30,2024-11-05T04:58:10.029229,2024-11-05T05:12:33.425234,CLOSED,,WEB-SERVER-07,False
ALT-CSE-07-04792,CSE-07,LOW,2024-10-30T05:09:00,2024-10-30T05:10:46.447173,2024-10-30T05:22:55.418397,CLOSED,CAS-CSE-07-0978,WEB-SERVER-07,False
ALT-CSE-07-04793,CSE-07,HIGH,2024-11-16T14:21:28,2024-11-16T14:22:26.253529,2024-11-16T14:38:30.442893,CLOSED,CAS-CSE-07-0979,ENDPOINT-07,False
ALT-CSE-07-04794,CSE-07,LOW,2024-10-26T14:22:26,2024-10-26T14:24:10.549587,2024-10-26T14:33:32.848228,CLOSED,,DB-SERVER-07,False
ALT-CSE-07-04795,CSE-07,MEDIUM,2024-11-29T13:55:27,2024-11-29T13:57:01.887690,2024-11-29T14:06:15.044894,CLOSED,,DB-SERVER-07,False
ALT-CSE-07-04796,CSE-07,HIGH,2024-12-27T22:25:35,2024-12-27T22:26:37.138991,2024-12-27T22:43:37.646199,CLOSED,,WEB-SERVER-07,False
ALT-CSE-07-04797,CSE-07,HIGH,2024-10-03T05:26:47,2024-10-03T05:27:35.104753,2024-10-03T05:48:23.917708,CLOSED,,ENDPOINT-07,False
ALT-CSE-07-04798,CSE-07,LOW,2024-10-29T09:24:10,2024-10-29T09:25:22.782397,2024-10-29T09:51:10.384360,CLOSED,,ENDPOINT-07,False
ALT-CSE-07-04799,CSE-07,LOW,2024-10-10T15:59:23,2024-10-10T16:00:11.267406,2024-10-10T16:16:13.388862,CLOSED,,WEB-SERVER-07,False
