alert_id,cse_id,severity,created_at,acknowledged_at,closed_at,status,case_id,asset_id,escalated
ALT-CSE-11-00000,CSE-11,CRITICAL,2024-12-04T06:30:10,2024-12-04T06:57:05.315120,2024-12-04T07:44:01.032658,CLOSED,,ENDPOINT-11A,False
ALT-CSE-11-00001,CSE-11,MEDIUM,2024-12-21T03:56:08,2024-12-21T04:12:09.932723,2024-12-21T05:16:26.016607,CLOSED,,CTRL-SRV-11,False
ALT-CSE-11-00002,CSE-11,LOW,2024-10-19T08:05:19,2024-10-19T08:10:55.072104,2024-10-19T09:19:02.574189,CLOSED,,ENDPOINT-11A,False
ALT-CSE-11-00003,CSE-11,CRITICAL,2024-11-10T01:46:33,2024-11-10T02:08:28.513299,2024-11-10T03:03:07.981791,CLOSED,CAS-CSE-11-0001,ENDPOINT-11A,False
ALT-CSE-11-00004,CSE-11,MEDIUM,2024-10-17T20:45:37,2024-10-17T20:55:34.659223,2024-10-17T21:51:59.121026,CLOSED,,ENDPOINT-11A,False
ALT-CSE-11-00005,CSE-11,CRITICAL,2024-10-09T18:49:36,2024-10-09T19:16:24.568550,2024-10-09T19:50:02.056289,CLOSED,CAS-CSE-11-0002,CTRL-SRV-11,False
ALT-CSE-11-00006,CSE-11,LOW,2024-11-15T17:12:58,2024-11-15T17:28:41.578137,2024-11-15T18:36:06.525506,CLOSED,,ENDPOINT-11A,False
ALT-CSE-11-00007,CSE-11,MEDIUM,2024-12-17T22:37:30,2024-12-17T22:55:48.315293,2024-12-17T23:29:16.324663,CLOSED,,ENDPOINT-11A,False
ALT-CSE-11-00008,CSE-11,LOW,2024-10-09T08:06:47,2024-10-09T08:15:54.503925,2024-10-09T09:11:09.134758,CLOSED,,CTRL-SRV-11,False
ALT-CSE-11-00009,CSE-11,MEDIUM,2024-11-29T07:20:52,2024-11-29T07:44:27.230563,2024-11-29T08:31:14.797935,CLOSED,CAS-CSE-11-0003,ENDPOINT-11A,False
ALT-CSE-11-00010,CSE-11,MEDIUM,2024-12-26T12:05:21,2024-12-26T12:22:28.400749,2024-12-26T12:49:34.764929,CLOSED,,CTRL-SRV-11,False
ALT-CSE-11-00011,CSE-11,MEDIUM,2024-10-07T05:46:34,2024-10-07T06:12:29.422175,2024-10-07T06:55:49.208597,CLOSED,,ENDPOINT-11A,False
ALT-CSE-11-00012,CSE-11,LOW,2024-12-17T17:16:32,2024-12-17T17:32:02.640223,2024-12-17T18:05:42.377756,CLOSED,,ENDPOINT-11A,False
ALT-CSE-11-00013,CSE-11,MEDIUM,2024-11-06T19:03:07,2024-11-06T19:31:04.631157,2024-11-06T19:49:24.314079,CLOSED,,CTRL-SRV-11,False
ALT-CSE-11-00014,CSE-11,MEDIUM,2024-12-11T12:28:17,2024-12-11T12:57:38.181038,2024-12-11T13:51:32.038511,CLOSED,,ENDPOINT-11A,False
ALT-CSE-11-00015,CSE-11,LOW,2024-11-02T09:37:18,2024-11-02T10:01:34.872899,2024-11-02T10:30:20.464122,CLOSED,,CTRL-SRV-11,False
ALT-CSE-11-00016,CSE-11,LOW,2024-12-04T21:33:00,2024-12-04T21:48:10.961526,2024-12-04T22:50:49.048216,CLOSED,,ENDPOINT-11A,False
ALT-CSE-11-00017,CSE-11,CRITICAL,2024-10-21T01:02:39,2024-10-21T01:13:18.221436,2024-10-21T02:28:28.097991,CLOSED,,CTRL-SRV-11,False
ALT-CSE-11-00018,CSE-11,CRITICAL,2024-11-04T00:41:03,2024-11-04T00:49:42.913517,2024-11-04T02:17:35.644746,CLOSED,CAS-CSE-11-0004,CTRL-SRV-11,False
ALT-CSE-11-00019,CSE-11,MEDIUM,2024-11-28T03:15:10,2024-11-28T03:42:19.517758,2024-11-28T04:12:14.266553,CLOSED,,CTRL-SRV-11,False
ALT-CSE-11-00020,CSE-11,CRITICAL,2024-11-12T16:57:17,2024-11-12T17:06:26.829067,2024-11-12T18:04:25.071947,CLOSED,CAS-CSE-11-0005,ENDPOINT-11A,False
ALT-CSE-11-00021,CSE-11,MEDIUM,2024-11-02T14:41:19,2024-11-02T14:59:22.445481,2024-11-02T15:32:47.048213,CLOSED,,CTRL-SRV-11,False
ALT-CSE-11-00022,CSE-11,LOW,2024-10-06T16:42:05,2024-10-06T17:08:22.478137,2024-10-06T17:16:53.396849,CLOSED,,ENDPOINT-11A,False
ALT-CSE-11-00023,CSE-11,LOW,2024-11-06T22:35:23,2024-11-06T22:48:39.746788,2024-11-06T23:44:21.966248,CLOSED,,ENDPOINT-11A,False
ALT-CSE-11-00024,CSE-11,MEDIUM,2024-11-07T23:08:41,2024-11-07T23:27:31.105619,2024-11-07T23:26:59.238994,CLOSED,,CTRL-SRV-11,False
ALT-CSE-11-00025,CSE-11,MEDIUM,2024-12-25T19:46:37,2024-12-25T20:06:01.596055,2024-12-25T20:28:21.433060,CLOSED,CAS-CSE-11-0006,ENDPOINT-11A,False
ALT-CSE-11-00026,CSE-11,CRITICAL,2024-11-07T16:44:57,2024-11-07T17:02:25.573634,2024-11-07T17:54:40.849147,CLOSED,CAS-CSE-11-0007,CTRL-SRV-11,False
ALT-CSE-11-00027,CSE-11,CRITICAL,2024-10-13T20:22:55,2024-10-13T20:44:53.477239,2024-10-13T21:17:35.372543,CLOSED,,CTRL-SRV-11,False
ALT-CSE-11-00028,CSE-11,CRITICAL,2024-10-31T22:08:36,2024-10-31T22:32:39.350789,2024-10-31T22:53:45.449698,CLOSED,CAS-CSE-11-0008,CTRL-SRV-11,False
ALT-CSE-11-00029,CSE-11,LOW,2024-12-21T02:15:25,2024-12-21T02:21:42.756858,2024-12-21T03:02:04.214758,CLOSED,,ENDPOINT-11A,False
ALT-CSE-11-00030,CSE-11,MEDIUM,2024-10-26T05:43:36,2024-10-26T05:56:18.435846,2024-10-26T06:37:33.255293,CLOSED,,CTRL-SRV-11,False
ALT-CSE-11-00031,CSE-11,CRITICAL,2024-10-02T01:26:04,2024-10-02T01:50:33.678009,2024-10-02T02:23:15.232748,CLOSED,CAS-CSE-11-0009,ENDPOINT-11A,False
ALT-CSE-11-00032,CSE-11,CRITICAL,2024-11-12T14:16:49,2024-11-12T14:39:24.028386,2024-11-12T16:06:48.952187,CLOSED,CAS-CSE-11-0010,CTRL-SRV-11,False
ALT-CSE-11-00033,CSE-11,MEDIUM,2024-11-06T23:15:29,2024-11-06T23:45:00.203076,2024-11-06T23:53:41.007418,CLOSED,,CTRL-SRV-11,False
ALT-CSE-11-00034,CSE-11,LOW,2024-10-09T19:36:32,2024-10-09T20:02:40.664726,2024-10-09T20:44:41.544189,CLOSED,,ENDPOINT-11A,False
ALT-CSE-11-00035,CSE-11,MEDIUM,2024-11-27T11:42:36,2024-11-27T11:55:26.210790,2024-11-27T13:00:14.800032,CLOSED,CAS-CSE-11-0011,CTRL-SRV-11,False
ALT-CSE-11-00036,CSE-11,LOW,2024-10-10T00:06:08,2024-10-10T00:19:52.496343,2024-10-10T01:29:21.229823,CLOSED,,CTRL-SRV-11,False
ALT-CSE-11-00037,CSE-11,MEDIUM,2024-12-26T09:13:16,2024-12-26T09:41:03.955592,2024-12-26T10:23:42.189154,CLOSED,,CTRL-SRV-11,False
ALT-CSE-11-00038,CSE-11,LOW,2024-12-08T16:22:50,2024-12-08T16:33:46.393887,2024-12-08T17:42:36.041651,CLOSED,,ENDPOINT-11A,False
ALT-CSE-11-00039,CSE-11,CRITICAL,2024-11-05T12:07:35,2024-11-05T12:21:57.713247,2024-11-05T13:36:12.552227,CLOSED,CAS-CSE-11-0012,CTRL-SRV-11,False
ALT-CSE-11-00040,CSE-11,LOW,2024-11-21T20:45:08,2024-11-21T21:10:24.186051,2024-11-21T21:57:41.438390,CLOSED,,CTRL-SRV-11,False
ALT-CSE-11-00041,CSE-11,MEDIUM,2024-10-21T03:05:06,2024-10-21T03:16:38.071106,2024-10-21T04:21:23.544832,CLOSED,,CTRL-SRV-11,False
ALT-CSE-11-00042,CSE-11,LOW,2024-11-25T12:51:10,2024-11-25T13:14:26.694155,2024-11-25T14:00:36.858817,CLOSED,CAS-CSE-11-0013,ENDPOINT-11A,False
ALT-CSE-11-00043,CSE-11,MEDIUM,2024-12-11T23:08:30,2024-12-11T23:27:52.131659,2024-12-12T00:09:56.818801,CLOSED,,ENDPOINT-11A,False
ALT-CSE-11-00044,CSE-11,MEDIUM,2024-11-19T02:07:45,2024-11-19T02:27:42.022190,2024-11-19T03:11:18.617162,CLOSED,,CTRL-SRV-11,False
ALT-CSE-11-00045,CSE-11,LOW,2024-10-22T13:52:55,2024-10-22T14:22:11.229317,2024-10-22T14:44:34.569356,CLOSED,,ENDPOINT-11A,False
ALT-CSE-11-00046,CSE-11,CRITICAL,2024-11-08T21:02:57,2024-11-08T21:09:40.653184,2024-11-08T22:29:42.612999,CLOSED,CAS-CSE-11-0014,ENDPOINT-11A,False
ALT-CSE-11-00047,CSE-11,MEDIUM,2024-12-03T12:59:04,2024-12-03T13:12:59.125104,2024-12-03T13:48:12.757108,CLOSED,,ENDPOINT-11A,False
ALT-CSE-11-00048,CSE-11,LOW,2024-12-25T03:30:38,2024-12-25T03:46:45.557437,2024-12-25T04:42:04.857677,CLOSED,,CTRL-SRV-11,False
ALT-CSE-11-00049,CSE-11,MEDIUM,2024-12-14T12:36:38,2024-12-14T13:00:32.923957,2024-12-14T14:09:52.713274,CLOSED,,ENDPOINT-11A,False
ALT-CSE-11-00050,CSE-11,MEDIUM,2024-11-30T22:47:20,2024-11-30T23:15:00.972323,2024-11-30T23:55:32.004643,CLOSED,,CTRL-SRV-11,False
ALT-CSE-11-00051,CSE-11,MEDIUM,2024-12-06T15:28:55,2024-12-06T15:36:14.279647,2024-12-06T15:58:02.268035,CLOSED,,ENDPOINT-11A,False
ALT-CSE-11-00052,CSE-11,MEDIUM,2024-10-29T13:17:11,2024-10-29T13:25:35.662672,2024-10-29T14:17:13.406289,CLOSED,,CTRL-SRV-11,False
ALT-CSE-11-00053,CSE-11,LOW,2024-11-11T18:53:23,2024-11-11T19:06:35.701145,2024-11-11T19:30:37.889177,CLOSED,,ENDPOINT-11A,False
ALT-CSE-11-00054,CSE-11,MEDIUM,2024-11-04T20:41:10,2024-11-04T21:01:45.061689,2024-11-04T21:56:48.316441,CLOSED,,ENDPOINT-11A,False
ALT-CSE-11-00055,CSE-11,MEDIUM,2024-12-09T12:24:47,2024-12-09T12:42:28.128073,2024-12-09T13:30:15.870962,CLOSED,CAS-CSE-11-0015,CTRL-SRV-11,False
ALT-CSE-11-00056,CSE-11,LOW,2024-12-07T08:06:28,2024-12-07T08:28:16.167264,2024-12-07T08:57:25.952226,CLOSED,,CTRL-SRV-11,False
ALT-CSE-11-00057,CSE-11,CRITICAL,2024-10-07T19:06:12,2024-10-07T19:24:11.478110,2024-10-07T20:01:09.685916,CLOSED,,CTRL-SRV-11,False
ALT-CSE-11-00058,CSE-11,MEDIUM,2024-10-20T05:01:02,2024-10-20T05:18:14.454227,2024-10-20T05:23:43.443525,CLOSED,CAS-CSE-11-0016,ENDPOINT-11A,False
ALT-CSE-11-00059,CSE-11,MEDIUM,2024-11-24T21:59:57,2024-11-24T22:08:01.342145,2024-11-24T22:34:37.371581,CLOSED,,ENDPOINT-11A,False
ALT-CSE-11-00060,CSE-11,CRITICAL,2024-12-18T14:53:52,2024-12-18T15:05:30.972691,2024-12-18T15:11:49.212862,CLOSED,CAS-CSE-11-0017,CTRL-SRV-11,False
ALT-CSE-11-00061,CSE-11,MEDIUM,2024-11-09T13:02:45,2024-11-09T13:29:07.538513,2024-11-09T14:30:02.995563,CLOSED,,ENDPOINT-11A,False
ALT-CSE-11-00062,CSE-11,MEDIUM,2024-12-02T06:47:31,2024-12-02T07:00:46.353544,2024-12-02T08:45:06.002570,CLOSED,,CTRL-SRV-11,False
ALT-CSE-11-00063,CSE-11,CRITICAL,2024-10-22T19:22:07,2024-10-22T19:39:22.672447,2024-10-22T21:02:12.059490,CLOSED,CAS-CSE-11-0018,CTRL-SRV-11,False
ALT-CSE-11-00064,CSE-11,MEDIUM,2024-12-26T02:50:07,2024-12-26T03:16:10.077588,2024-12-26T03:26:09.316289,CLOSED,,ENDPOINT-11A,False
ALT-CSE-11-00065,CSE-11,CRITICAL,2024-11-13T00:33:47,2024-11-13T00:51:00.735809,2024-11-13T01:08:26.510526,CLOSED,CAS-CSE-11-0019,CTRL-SRV-11,False
ALT-CSE-11-00066,CSE-11,LOW,2024-12-05T14:02:28,2024-12-05T14:09:57.597605,2024-12-05T14:57:58.993830,CLOSED,CAS-CSE-11-0020,CTRL-SRV-11,False
ALT-CSE-11-00067,CSE-11,CRITICAL,2024-12-29T16:45:59,2024-12-29T16:56:20.082050,2024-12-29T17:25:14.937774,CLOSED,,ENDPOINT-11A,False
ALT-CSE-11-00068,CSE-11,MEDIUM,2024-11-06T22:40:58,2024-11-06T22:46:10.479341,2024-11-06T23:31:24.643500,CLOSED,,CTRL-SRV-11,False
ALT-CSE-11-00069,CSE-11,CRITICAL,2024-12-11T21:50:16,2024-12-11T21:59:22.942325,2024-12-11T23:12:57.897490,CLOSED,CAS-CSE-11-0021,CTRL-SRV-11,False
ALT-CSE-11-00070,CSE-11,MEDIUM,2024-11-11T09:12:22,2024-11-11T09:41:08.313028,2024-11-11T10:08:57.227343,CLOSED,,CTRL-SRV-11,False
ALT-CSE-11-00071,CSE-11,LOW,2024-10-22T18:07:37,2024-10-22T18:33:52.514352,2024-10-22T19:17:18.017683,CLOSED,,ENDPOINT-11A,False
ALT-CSE-11-00072,CSE-11,LOW,2024-10-02T20:10:11,2024-10-02T20:36:04.345777,2024-10-02T21:01:12.929736,CLOSED,,CTRL-SRV-11,False
ALT-CSE-11-00073,CSE-11,CRITICAL,2024-11-27T17:04:08,2024-11-27T17:27:56.391586,2024-11-27T17:54:48.062378,CLOSED,,ENDPOINT-11A,False
ALT-CSE-11-00074,CSE-11,MEDIUM,2024-11-25T05:31:33,2024-11-25T05:53:13.074716,2024-11-25T06:48:24.749288,CLOSED,,CTRL-SRV-11,False
ALT-CSE-11-00075,CSE-11,MEDIUM,2024-12-08T08:54:17,2024-12-08T09:18:16.936690,2024-12-08T09:33:59.841666,CLOSED,,CTRL-SRV-11,False
ALT-CSE-11-00076,CSE-11,LOW,2024-10-29T06:53:12,2024-10-29T07:04:32.214325,2024-10-29T07:31:46.287376,CLOSED,,CTRL-SRV-11,False
ALT-CSE-11-00077,CSE-11,CRITICAL,2024-10-20T01:29:00,2024-10-20T01:52:11.191919,2024-10-20T02:25:09.909443,CLOSED,CAS-CSE-11-0022,CTRL-SRV-11,False
ALT-CSE-11-00078,CSE-11,MEDIUM,2024-10-07T06:41:41,2024-10-07T06:58:51.612285,2024-10-07T08:23:53.853623,CLOSED,,CTRL-SRV-11,False
ALT-CSE-11-00079,CSE-11,MEDIUM,2024-11-05T09:57:11,2024-11-05T10:19:04.787853,2024-11-05T10:59:49.526517,CLOSED,,CTRL-SRV-11,False
ALT-CSE-11-00080,CSE-11,CRITICAL,2024-10-05T12:29:35,2024-10-05T12:38:39.176187,2024-10-05T12:34:35,CLOSED,CAS-CSE-11-0023,CTRL-SRV-11,False
ALT-CSE-11-00081,CSE-11,MEDIUM,2024-10-07T06:10:07,2024-10-07T06:21:12.808484,2024-10-07T06:53:21.906023,CLOSED,,CTRL-SRV-11,False
ALT-CSE-11-00082,CSE-11,MEDIUM,2024-11-25T01:48:43,2024-11-25T01:58:35.161691,2024-11-25T02:38:53.434725,CLOSED,,ENDPOINT-11A,False
ALT-CSE-11-00083,CSE-11,CRITICAL,2024-11-21T13:21:18,2024-11-21T13:34:01.432944,2024-11-21T14:39:42.329588,CLOSED,CAS-CSE-11-0024,ENDPOINT-11A,False
ALT-CSE-11-00084,CSE-11,MEDIUM,2024-12-08T17:51:45,2024-12-08T18:04:44.548928,2024-12-08T19:12:17.425747,CLOSED,,ENDPOINT-11A,False
ALT-CSE-11-00085,CSE-11,CRITICAL,2024-10-23T04:53:38,2024-10-23T05:22:29.921377,2024-10-23T06:40:48.624991,CLOSED,CAS-CSE-11-0025,ENDPOINT-11A,False
ALT-CSE-11-00086,CSE-11,CRITICAL,2024-12-04T07:27:41,2024-12-04T07:43:58.771887,2024-12-04T08:10:47.193709,CLOSED,CAS-CSE-11-0026,CTRL-SRV-11,False
ALT-CSE-11-00087,CSE-11,CRITICAL,2024-11-14T04:05:44,2024-11-14T04:27:09.292504,2024-11-14T04:39:03.692407,CLOSED,CAS-CSE-11-0027,ENDPOINT-11A,False
ALT-CSE-11-00088,CSE-11,MEDIUM,2024-10-07T23:29:00,2024-10-07T23:56:48.224741,2024-10-08T00:24:59.904839,CLOSED,,CTRL-SRV-11,False
ALT-CSE-11-00089,CSE-11,MEDIUM,2024-12-12T04:10:06,2024-12-12T04:37:50.545435,2024-12-12T05:07:57.004613,CLOSED,,CTRL-SRV-11,False
ALT-CSE-11-00090,CSE-11,CRITICAL,2024-10-04T04:02:08,2024-10-04T04:30:55.764903,2024-10-04T05:13:06.235965,CLOSED,CAS-CSE-11-0028,ENDPOINT-11A,False
ALT-CSE-11-00091,CSE-11,CRITICAL,2024-10-20T17:13:02,2024-10-20T17:24:34.474598,2024-10-20T18:28:36.250344,CLOSED,,CTRL-SRV-11,False
ALT-CSE-11-00092,CSE-11,LOW,2024-10-05T19:10:34,2024-10-05T19:22:32.999136,2024-10-05T20:06:00.147874,CLOSED,,CTRL-SRV-11,False
ALT-CSE-11-00093,CSE-11,MEDIUM,2024-12-05T14:06:32,2024-12-05T14:14:44.839998,2024-12-05T14:51:34.613102,CLOSED,,ENDPOINT-11A,False
ALT-CSE-11-00094,CSE-11,CRITICAL,2024-10-25T21:28:23,2024-10-25T21:36:10.315897,2024-10-25T22:42:41.300225,CLOSED,,ENDPOINT-11A,False
ALT-CSE-11-00095,CSE-11,CRITICAL,2024-12-11T05:44:01,2024-12-11T06:09:53.774711,2024-12-11T06:19:43.051952,CLOSED,CAS-CSE-11-0029,ENDPOINT-11A,False
ALT-CSE-11-00096,CSE-11,MEDIUM,2024-10-09T16:33:18,2024-10-09T16:42:39.919378,2024-10-09T17:23:15.678051,CLOSED,,CTRL-SRV-11,False
ALT-CSE-11-00097,CSE-11,LOW,2024-10-20T05:14:47,2024-10-20T05:26:21.298846,2024-10-20T06:33:35.687373,CLOSED,,CTRL-SRV-11,False
ALT-CSE-11-00098,CSE-11,MEDIUM,2024-10-22T23:15:50,2024-10-22T23:26:55.350076,2024-10-23T00:13:04.639421,CLOSED,,ENDPOINT-11A,False
ALT-CSE-11-00099,CSE-11,LOW,2024-12-02T20:26:47,2024-12-02T20:54:07.259740,2024-12-02T21:58:31.861059,CLOSED,,CTRL-SRV-11,False
ALT-CSE-11-00100,CSE-11,LOW,2024-10-13T11:46:40,2024-10-13T11:56:28.862650,2024-10-13T12:45:41.137689,CLOSED,,ENDPOINT-11A,False
ALT-CSE-11-00101,CSE-11,MEDIUM,2024-11-05T10:00:05,2024-11-05T10:26:09.152260,2024-11-05T11:22:48.382942,CLOSED,,CTRL-SRV-11,False
ALT-CSE-11-00102,CSE-11,LOW,2024-11-26T11:21:04,2024-11-26T11:46:40.097569,2024-11-26T11:48:13.077357,CLOSED,,CTRL-SRV-11,False
ALT-CSE-11-00103,CSE-11,CRITICAL,2024-12-21T10:34:20,2024-12-21T10:41:16.784298,2024-12-21T11:08:55.417301,CLOSED,,ENDPOINT-11A,False
ALT-CSE-11-00104,CSE-11,MEDIUM,2024-12-10T16:51:20,2024-12-10T17:14:42.853949,2024-12-10T17:30:59.171689,CLOSED,,ENDPOINT-11A,False
ALT-CSE-11-00105,CSE-11,MEDIUM,2024-12-28T18:02:40,2024-12-28T18:24:54.474615,2024-12-28T18:59:23.779870,CLOSED,CAS-CSE-11-0030,ENDPOINT-11A,False
ALT-CSE-11-00106,CSE-11,MEDIUM,2024-10-18T04:36:14,2024-10-18T04:47:19.300788,2024-10-18T05:36:05.997895,CLOSED,,ENDPOINT-11A,False
ALT-CSE-11-00107,CSE-11,MEDIUM,2024-12-07T22:59:28,2024-12-07T23:23:46.861544,2024-12-07T23:34:47.539004,CLOSED,,ENDPOINT-11A,False
ALT-CSE-11-00108,CSE-11,CRITICAL,2024-10-06T00:12:59,2024-10-06T00:41:57.648732,2024-10-06T01:11:15.971520,CLOSED,CAS-CSE-11-0031,CTRL-SRV-11,False
ALT-CSE-11-00109,CSE-11,LOW,2024-12-21T23:24:19,2024-12-21T23:40:16.468981,2024-12-22T00:14:14.527504,CLOSED,,ENDPOINT-11A,False
ALT-CSE-11-00110,CSE-11,MEDIUM,2024-12-14T01:55:35,2024-12-14T02:18:01.104872,2024-12-14T03:02:16.740248,CLOSED,,ENDPOINT-11A,False
ALT-CSE-11-00111,CSE-11,CRITICAL,2024-11-05T07:17:30,2024-11-05T07:40:06.165139,2024-11-05T08:30:10.820205,CLOSED,,ENDPOINT-11A,False
ALT-CSE-11-00112,CSE-11,MEDIUM,2024-12-22T19:28:21,2024-12-22T19:44:29.142201,2024-12-22T20:23:32.948554,CLOSED,CAS-CSE-11-0032,ENDPOINT-11A,False
ALT-CSE-11-00113,CSE-11,CRITICAL,2024-10-19T15:23:54,2024-10-19T15:51:11.343989,2024-10-19T16:19:54.185985,CLOSED,CAS-CSE-11-0033,ENDPOINT-11A,False
ALT-CSE-11-00114,CSE-11,CRITICAL,2024-10-15T19:38:25,2024-10-15T19:57:49.812879,2024-10-15T20:14:30.027335,CLOSED,CAS-CSE-11-0034,ENDPOINT-11A,False
ALT-CSE-11-00115,CSE-11,MEDIUM,2024-11-19T22:22:08,2024-11-19T22:38:25.335119,2024-11-19T23:03:51.248862,CLOSED,,ENDPOINT-11A,False
ALT-CSE-11-00116,CSE-11,MEDIUM,2024-12-06T20:44:47,2024-12-06T20:58:37.563966,2024-12-06T21:56:58.539413,CLOSED,,ENDPOINT-11A,False
ALT-CSE-11-00117,CSE-11,MEDIUM,2024-11-23T06:03:23,2024-11-23T06:23:03.769068,2024-11-23T07:05:16.746190,CLOSED,,ENDPOINT-11A,False
ALT-CSE-11-00118,CSE-11,MEDIUM,2024-12-27T00:55:44,2024-12-27T01:02:37.697737,2024-12-27T01:45:17.813558,CLOSED,CAS-CSE-11-0035,ENDPOINT-11A,False
ALT-CSE-11-00119,CSE-11,CRITICAL,2024-12-23T09:09:53,2024-12-23T09:31:27.477677,2024-12-23T09:41:43.550448,CLOSED,,ENDPOINT-11A,False
ALT-CSE-11-00120,CSE-11,MEDIUM,2024-12-17T03:46:42,2024-12-17T04:16:25.024410,2024-12-17T04:39:16.057287,CLOSED,,ENDPOINT-11A,False
ALT-CSE-11-00121,CSE-11,MEDIUM,2024-12-05T09:23:10,2024-12-05T09:29:03.355086,2024-12-05T10:27:35.118758,CLOSED,,ENDPOINT-11A,False
ALT-CSE-11-00122,CSE-11,CRITICAL,2024-11-20T10:01:13,2024-11-20T10:11:29.203740,2024-11-20T11:02:10.493653,CLOSED,CAS-CSE-11-0036,ENDPOINT-11A,False
ALT-CSE-11-00123,CSE-11,LOW,2024-10-03T14:29:40,2024-10-03T14:48:34.061128,2024-10-03T15:12:27.488589,CLOSED,,ENDPOINT-11A,False
ALT-CSE-11-00124,CSE-11,MEDIUM,2024-10-24T15:25:57,2024-10-24T15:41:46.613927,2024-10-24T16:21:46.047276,CLOSED,,CTRL-SRV-11,False
ALT-CSE-11-00125,CSE-11,CRITICAL,2024-11-14T20:05:24,2024-11-14T20:11:21.739063,2024-11-14T21:05:01.389442,CLOSED,CAS-CSE-11-0037,CTRL-SRV-11,False
ALT-CSE-11-00126,CSE-11,CRITICAL,2024-11-14T12:45:43,2024-11-14T13:10:20.400319,2024-11-14T14:10:38.162971,CLOSED,CAS-CSE-11-0038,ENDPOINT-11A,False
ALT-CSE-11-00127,CSE-11,MEDIUM,2024-10-14T11:31:58,2024-10-14T11:44:30.406920,2024-10-14T12:17:27.913305,CLOSED,CAS-CSE-11-0039,ENDPOINT-11A,False
ALT-CSE-11-00128,CSE-11,MEDIUM,2024-11-27T00:33:45,2024-11-27T00:59:12.335752,2024-11-27T01:19:37.292155,CLOSED,,CTRL-SRV-11,False
ALT-CSE-11-00129,CSE-11,CRITICAL,2024-10-16T13:34:22,2024-10-16T13:50:08.676339,2024-10-16T14:55:38.564225,CLOSED,CAS-CSE-11-0040,CTRL-SRV-11,False
ALT-CSE-11-00130,CSE-11,MEDIUM,2024-10-24T20:22:22,2024-10-24T20:33:15.038263,2024-10-24T21:40:06.874283,CLOSED,,ENDPOINT-11A,False
ALT-CSE-11-00131,CSE-11,MEDIUM,2024-12-25T11:40:51,2024-12-25T11:56:54.753470,2024-12-25T12:53:29.380936,CLOSED,,ENDPOINT-11A,False
ALT-CSE-11-00132,CSE-11,LOW,2024-11-10T05:31:50,2024-11-10T05:42:16.384508,2024-11-10T06:12:09.571534,CLOSED,,ENDPOINT-11A,False
ALT-CSE-11-00133,CSE-11,CRITICAL,2024-12-05T13:19:49,2024-12-05T13:28:37.848544,2024-12-05T14:18:38.467433,CLOSED,,CTRL-SRV-11,False
ALT-CSE-11-00134,CSE-11,MEDIUM,2024-12-01T12:09:43,2024-12-01T12:35:20.434140,2024-12-01T12:58:46.723012,CLOSED,,ENDPOINT-11A,False
ALT-CSE-11-00135,CSE-11,LOW,2024-11-24T19:56:48,2024-11-24T20:03:53.170248,2024-11-24T20:46:57.323610,CLOSED,,ENDPOINT-11A,False
ALT-CSE-11-00136,CSE-11,MEDIUM,2024-10-12T05:40:52,2024-10-12T05:54:43.441714,2024-10-12T05:59:13.280777,CLOSED,,ENDPOINT-11A,False
ALT-CSE-11-00137,CSE-11,LOW,2024-10-16T07:48:00,2024-10-16T08:16:31.198641,2024-10-16T08:44:04.517149,CLOSED,,CTRL-SRV-11,False
ALT-CSE-11-00138,CSE-11,CRITICAL,2024-10-30T17:49:11,2024-10-30T18:08:01.897066,2024-10-30T19:12:15.043646,CLOSED,CAS-CSE-11-0041,ENDPOINT-11A,False
ALT-CSE-11-00139,CSE-11,CRITICAL,2024-12-23T20:14:09,2024-12-23T20:41:55.619406,2024-12-23T21:07:49.701644,CLOSED,CAS-CSE-11-0042,CTRL-SRV-11,False
ALT-CSE-11-00140,CSE-11,MEDIUM,2024-10-25T17:22:54,2024-10-25T17:28:46.654922,2024-10-25T18:45:19.708030,CLOSED,,ENDPOINT-11A,False
ALT-CSE-11-00141,CSE-11,LOW,2024-11-21T16:57:00,2024-11-21T17:14:46.990915,2024-11-21T17:46:23.053253,CLOSED,,CTRL-SRV-11,False
ALT-CSE-11-00142,CSE-11,CRITICAL,2024-11-26T15:56:56,2024-11-26T16:14:03.250042,2024-11-26T17:24:33.230800,CLOSED,CAS-CSE-11-0043,CTRL-SRV-11,False
ALT-CSE-11-00143,CSE-11,MEDIUM,2024-10-03T15:40:45,2024-10-03T16:03:23.895026,2024-10-03T16:34:38.682133,CLOSED,,CTRL-SRV-11,False
ALT-CSE-11-00144,CSE-11,CRITICAL,2024-11-29T19:34:11,2024-11-29T19:52:49.708231,2024-11-29T20:24:35.377750,CLOSED,CAS-CSE-11-0044,ENDPOINT-11A,False
ALT-CSE-11-00145,CSE-11,MEDIUM,2024-10-04T21:13:15,2024-10-04T21:29:38.848131,2024-10-04T22:08:40.971611,CLOSED,,CTRL-SRV-11,False
ALT-CSE-11-00146,CSE-11,CRITICAL,2024-11-07T19:57:24,2024-11-07T20:26:04.307968,2024-11-07T21:08:51.154949,CLOSED,,CTRL-SRV-11,False
ALT-CSE-11-00147,CSE-11,LOW,2024-10-25T14:50:22,2024-10-25T15:13:05.988846,2024-10-25T15:58:23.832745,CLOSED,CAS-CSE-11-0045,CTRL-SRV-11,False
ALT-CSE-11-00148,CSE-11,MEDIUM,2024-12-02T00:43:14,2024-12-02T00:59:04.341035,2024-12-02T01:54:18.133499,CLOSED,,CTRL-SRV-11,False
ALT-CSE-11-00149,CSE-11,MEDIUM,2024-10-23T01:36:40,2024-10-23T01:52:12.178685,2024-10-23T01:59:23.670714,CLOSED,,ENDPOINT-11A,False
ALT-CSE-11-00150,CSE-11,LOW,2024-12-17T03:31:33,2024-12-17T03:40:48.820742,2024-12-17T04:43:51.917108,CLOSED,,ENDPOINT-11A,False
ALT-CSE-11-00151,CSE-11,LOW,2024-10-14T21:57:53,2024-10-14T22:03:20.951419,2024-10-14T22:26:00.505006,CLOSED,,CTRL-SRV-11,False
ALT-CSE-11-00152,CSE-11,MEDIUM,2024-10-04T04:05:17,2024-10-04T04:33:24.678615,2024-10-04T05:16:51.566508,CLOSED,,CTRL-SRV-11,False
ALT-CSE-11-00153,CSE-11,MEDIUM,2024-10-19T03:47:57,2024-10-19T04:06:58.405186,2024-10-19T04:15:51.539337,CLOSED,,ENDPOINT-11A,False
ALT-CSE-11-00154,CSE-11,CRITICAL,2024-11-25T01:35:25,2024-11-25T01:47:28.223449,2024-11-25T02:33:14.585158,CLOSED,CAS-CSE-11-0046,CTRL-SRV-11,False
ALT-CSE-11-00155,CSE-11,CRITICAL,2024-10-11T00:29:18,2024-10-11T00:41:01.685187,2024-10-11T01:46:35.840632,CLOSED,CAS-CSE-11-0047,ENDPOINT-11A,False
ALT-CSE-11-00156,CSE-11,MEDIUM,2024-11-17T18:41:16,2024-11-17T18:50:51.319313,2024-11-17T19:19:41.507448,CLOSED,,ENDPOINT-11A,False
ALT-CSE-11-00157,CSE-11,MEDIUM,2024-12-11T05:12:24,2024-12-11T05:21:05.339667,2024-12-11T05:41:39.060396,CLOSED,,CTRL-SRV-11,False
ALT-CSE-11-00158,CSE-11,MEDIUM,2024-12-03T12:07:15,2024-12-03T12:29:19.968807,2024-12-03T13:06:09.891919,CLOSED,,ENDPOINT-11A,False
ALT-CSE-11-00159,CSE-11,MEDIUM,2024-10-27T00:39:19,2024-10-27T01:01:49.660122,2024-10-27T01:41:11.848414,CLOSED,,CTRL-SRV-11,False
ALT-CSE-11-00160,CSE-11,LOW,2024-11-08T02:50:32,2024-11-08T03:15:48.406844,2024-11-08T03:33:47.338821,CLOSED,,ENDPOINT-11A,False
ALT-CSE-11-00161,CSE-11,CRITICAL,2024-10-07T08:50:02,2024-10-07T09:15:58.080211,2024-10-07T10:10:22.845389,CLOSED,CAS-CSE-11-0048,ENDPOINT-11A,False
ALT-CSE-11-00162,CSE-11,MEDIUM,2024-12-28T22:31:26,2024-12-28T22:43:41.203016,2024-12-28T23:01:56.645340,CLOSED,,ENDPOINT-11A,False
ALT-CSE-11-00163,CSE-11,MEDIUM,2024-12-25T02:07:33,2024-12-25T02:33:34.244062,2024-12-25T03:02:16.008001,CLOSED,,CTRL-SRV-11,False
ALT-CSE-11-00164,CSE-11,LOW,2024-12-25T16:11:32,2024-12-25T16:26:47.420558,2024-12-25T16:31:00.028366,CLOSED,,ENDPOINT-11A,False
ALT-CSE-11-00165,CSE-11,LOW,2024-10-01T07:25:08,2024-10-01T07:38:59.755209,2024-10-01T08:19:50.140946,CLOSED,,ENDPOINT-11A,False
ALT-CSE-11-00166,CSE-11,LOW,2024-11-26T19:31:09,2024-11-26T20:00:51.299475,2024-11-26T20:35:36.982079,CLOSED,CAS-CSE-11-0049,CTRL-SRV-11,False
ALT-CSE-11-00167,CSE-11,CRITICAL,2024-11-28T13:03:28,2024-11-28T13:33:18.323973,2024-11-28T14:12:20.624989,CLOSED,CAS-CSE-11-0050,ENDPOINT-11A,False
ALT-CSE-11-00168,CSE-11,LOW,2024-11-07T07:03:43,2024-11-07T07:33:09.998094,2024-11-07T07:55:32.478455,CLOSED,,ENDPOINT-11A,False
ALT-CSE-11-00169,CSE-11,MEDIUM,2024-11-07T12:17:52,2024-11-07T12:40:47.665760,2024-11-07T13:29:15.155875,CLOSED,,ENDPOINT-11A,False
ALT-CSE-11-00170,CSE-11,MEDIUM,2024-11-03T17:24:45,2024-11-03T17:41:46.357211,2024-11-03T18:41:08.913759,CLOSED,,CTRL-SRV-11,False
ALT-CSE-11-00171,CSE-11,MEDIUM,2024-12-09T03:29:33,2024-12-09T03:55:26.621274,2024-12-09T04:37:19.007912,CLOSED,,ENDPOINT-11A,False
ALT-CSE-11-00172,CSE-11,CRITICAL,2024-11-28T18:48:52,2024-11-28T19:05:11.203825,2024-11-28T20:05:45.735071,CLOSED,,CTRL-SRV-11,False
ALT-CSE-11-00173,CSE-11,MEDIUM,2024-12-07T02:50:02,2024-12-07T03:11:16.742303,2024-12-07T04:37:37.091332,CLOSED,,CTRL-SRV-11,False
ALT-CSE-11-00174,CSE-11,LOW,2024-11-11T01:53:35,2024-11-11T02:20:02.077650,2024-11-11T03:23:42.165449,CLOSED,,CTRL-SRV-11,False
ALT-CSE-11-00175,CSE-11,MEDIUM,2024-10-24T08:50:19,2024-10-24T09:11:21.818720,2024-10-24T10:05:38.243462,CLOSED,,CTRL-SRV-11,False
ALT-CSE-11-00176,CSE-11,MEDIUM,2024-10-25T21:00:45,2024-10-25T21:25:23.582243,2024-10-25T21:24:17.666350,CLOSED,,CTRL-SRV-11,False
ALT-CSE-11-00177,CSE-11,LOW,2024-12-20T07:03:20,2024-12-20T07:21:46.907258,2024-12-20T08:11:01.472629,CLOSED,,ENDPOINT-11A,False
ALT-CSE-11-00178,CSE-11,LOW,2024-11-07T01:12:58,2024-11-07T01:42:37.969735,2024-11-07T02:10:37.778124,CLOSED,,CTRL-SRV-11,False
ALT-CSE-11-00179,CSE-11,MEDIUM,2024-10-06T18:25:23,2024-10-06T18:38:53.309376,2024-10-06T19:07:26.864395,CLOSED,CAS-CSE-11-0051,CTRL-SRV-11,False
ALT-CSE-11-00180,CSE-11,LOW,2024-11-11T20:08:08,2024-11-11T20:26:53.824877,2024-11-11T21:16:52.840521,CLOSED,,ENDPOINT-11A,False
ALT-CSE-11-00181,CSE-11,MEDIUM,2024-10-17T02:15:36,2024-10-17T02:43:57.297850,2024-10-17T03:30:34.128565,CLOSED,,CTRL-SRV-11,False
ALT-CSE-11-00182,CSE-11,MEDIUM,2024-10-30T21:14:12,2024-10-30T21:36:21.672775,2024-10-30T22:35:34.407491,CLOSED,,CTRL-SRV-11,False
ALT-CSE-11-00183,CSE-11,LOW,2024-12-26T16:27:43,2024-12-26T16:52:59.553800,2024-12-26T17:07:05.691553,CLOSED,,CTRL-SRV-11,False
ALT-CSE-11-00184,CSE-11,MEDIUM,2024-12-24T13:27:36,2024-12-24T13:53:36.036621,2024-12-24T14:03:50.158512,CLOSED,,CTRL-SRV-11,False
ALT-CSE-11-00185,CSE-11,MEDIUM,2024-10-01T17:09:51,2024-10-01T17:35:07.025109,2024-10-01T17:52:33.907898,CLOSED,,ENDPOINT-11A,False
ALT-CSE-11-00186,CSE-11,CRITICAL,2024-10-16T20:54:04,2024-10-16T21:10:01.417754,2024-10-16T21:52:28.794708,CLOSED,CAS-CSE-11-0052,CTRL-SRV-11,False
ALT-CSE-11-00187,CSE-11,CRITICAL,2024-11-14T00:20:50,2024-11-14T00:39:58.493554,2024-11-14T00:47:47.000743,CLOSED,,ENDPOINT-11A,False
ALT-CSE-11-00188,CSE-11,CRITICAL,2024-12-15T01:39:56,2024-12-15T01:56:01.208574,2024-12-15T03:06:52.814616,CLOSED,CAS-CSE-11-0053,CTRL-SRV-11,False
ALT-CSE-11-00189,CSE-11,LOW,2024-10-06T06:13:57,2024-10-06T06:30:49.621315,2024-10-06T06:54:35.311555,CLOSED,,ENDPOINT-11A,False
ALT-CSE-11-00190,CSE-11,LOW,2024-10-11T20:08:32,2024-10-11T20:23:58.617582,2024-10-11T20:48:26.873165,CLOSED,,ENDPOINT-11A,False
ALT-CSE-11-00191,CSE-11,MEDIUM,2024-10-06T22:48:09,2024-10-06T23:10:37.169196,2024-10-07T00:03:36.930460,CLOSED,,ENDPOINT-11A,False
ALT-CSE-11-00192,CSE-11,MEDIUM,2024-12-21T02:31:29,2024-12-21T02:48:45.958077,2024-12-21T03:49:32.431530,CLOSED,CAS-CSE-11-0054,ENDPOINT-11A,False
ALT-CSE-11-00193,CSE-11,MEDIUM,2024-10-07T14:22:15,2024-10-07T14:37:58.853344,2024-10-07T15:23:40.408299,CLOSED,,ENDPOINT-11A,False
ALT-CSE-11-00194,CSE-11,MEDIUM,2024-10-17T11:08:11,2024-10-17T11:14:47.767438,2024-10-17T12:12:31.883244,CLOSED,,ENDPOINT-11A,False
ALT-CSE-11-00195,CSE-11,MEDIUM,2024-12-01T19:21:13,2024-12-01T19:38:31.349671,2024-12-01T20:53:53.926326,CLOSED,,ENDPOINT-11A,False
ALT-CSE-11-00196,CSE-11,CRITICAL,2024-10-04T04:05:02,2024-10-04T04:29:34.492804,2024-10-04T04:59:09.598362,CLOSED,CAS-CSE-11-0055,ENDPOINT-11A,False
ALT-CSE-11-00197,CSE-11,MEDIUM,2024-11-22T15:48:59,2024-11-22T16:12:59.474317,2024-11-22T17:02:09.777910,CLOSED,,ENDPOINT-11A,False
ALT-CSE-11-00198,CSE-11,MEDIUM,2024-10-13T12:17:37,2024-10-13T12:26:05.603238,2024-10-13T12:53:34.671973,CLOSED,CAS-CSE-11-0056,ENDPOINT-11A,False
ALT-CSE-11-00199,CSE-11,LOW,2024-11-08T11:33:38,2024-11-08T11:54:15.560169,2024-11-08T13:18:02.094914,CLOSED,,CTRL-SRV-11,False
ALT-CSE-11-00200,CSE-11,CRITICAL,2024-12-18T01:00:38,2024-12-18T01:11:38.423582,2024-12-18T01:50:31.731237,CLOSED,CAS-CSE-11-0057,CTRL-SRV-11,False
ALT-CSE-11-00201,CSE-11,MEDIUM,2024-11-20T04:24:46,2024-11-20T04:30:15.233109,2024-11-20T05:18:55.722346,CLOSED,,ENDPOINT-11A,False
ALT-CSE-11-00202,CSE-11,CRITICAL,2024-10-15T16:16:40,2024-10-15T16:29:26.079908,2024-10-15T17:19:12.369704,CLOSED,,CTRL-SRV-11,False
ALT-CSE-11-00203,CSE-11,CRITICAL,2024-11-01T21:58:46,2024-11-01T22:08:42.988434,2024-11-01T23:10:18.888566,CLOSED,CAS-CSE-11-0058,CTRL-SRV-11,False
ALT-CSE-11-00204,CSE-11,MEDIUM,2024-12-01T13:18:20,2024-12-01T13:37:18.665870,2024-12-01T14:16:29.665931,CLOSED,,CTRL-SRV-11,False
ALT-CSE-11-00205,CSE-11,LOW,2024-12-07T16:32:42,2024-12-07T16:44:39.986718,2024-12-07T18:05:07.770048,CLOSED,,CTRL-SRV-11,False
ALT-CSE-11-00206,CSE-11,LOW,2024-11-19T08:31:19,2024-11-19T08:45:27.060850,2024-11-19T09:49:34.256901,CLOSED,,ENDPOINT-11A,False
ALT-CSE-11-00207,CSE-11,MEDIUM,2024-12-24T23:41:54,2024-12-25T00:10:57.620091,2024-12-25T00:50:24.274834,CLOSED,,ENDPOINT-11A,False
ALT-CSE-11-00208,CSE-11,MEDIUM,2024-11-23T10:53:12,2024-11-23T11:19:19.077344,2024-11-23T11:24:37.187121,CLOSED,,CTRL-SRV-11,False
ALT-CSE-11-00209,CSE-11,CRITICAL,2024-12-09T21:10:54,2024-12-09T21:32:31.441746,2024-12-09T22:36:17.843940,CLOSED,CAS-CSE-11-0059,ENDPOINT-11A,False
ALT-CSE-11-00210,CSE-11,MEDIUM,2024-12-01T14:28:48,2024-12-01T14:39:24.584151,2024-12-01T15:15:04.024480,CLOSED,,ENDPOINT-11A,False
ALT-CSE-11-00211,CSE-11,MEDIUM,2024-12-25T12:07:06,2024-12-25T12:33:01.317154,2024-12-25T13:07:34.135135,CLOSED,,CTRL-SRV-11,False
ALT-CSE-11-00212,CSE-11,CRITICAL,2024-11-22T17:35:35,2024-11-22T17:41:30.389811,2024-11-22T18:32:21.001370,CLOSED,CAS-CSE-11-0060,CTRL-SRV-11,False
ALT-CSE-11-00213,CSE-11,LOW,2024-10-09T20:03:17,2024-10-09T20:15:20.776460,2024-10-09T20:53:51.548435,CLOSED,,CTRL-SRV-11,False
ALT-CSE-11-00214,CSE-11,LOW,2024-12-01T11:29:09,2024-12-01T11:53:50.182898,2024-12-01T12:28:25.532981,CLOSED,,ENDPOINT-11A,False
ALT-CSE-11-00215,CSE-11,MEDIUM,2024-12-05T14:34:13,2024-12-05T14:58:59.881425,2024-12-05T15:14:51.868321,CLOSED,,CTRL-SRV-11,False
ALT-CSE-11-00216,CSE-11,LOW,2024-10-05T13:29:20,2024-10-05T13:36:25.660244,2024-10-05T14:36:33.240087,CLOSED,,ENDPOINT-11A,False
ALT-CSE-11-00217,CSE-11,MEDIUM,2024-11-04T05:43:25,2024-11-04T06:08:05.163799,2024-11-04T07:05:49.037455,CLOSED,,ENDPOINT-11A,False
ALT-CSE-11-00218,CSE-11,LOW,2024-12-21T22:55:35,2024-12-21T23:17:27.117307,2024-12-22T00:06:23.954622,CLOSED,,ENDPOINT-11A,False
ALT-CSE-11-00219,CSE-11,MEDIUM,2024-12-26T13:46:46,2024-12-26T14:06:47.810023,2024-12-26T14:36:21.933650,CLOSED,,CTRL-SRV-11,False
ALT-CSE-11-00220,CSE-11,MEDIUM,2024-12-06T02:21:37,2024-12-06T02:51:23.396789,2024-12-06T03:09:30.267721,CLOSED,,ENDPOINT-11A,False
ALT-CSE-11-00221,CSE-11,CRITICAL,2024-11-28T04:21:12,2024-11-28T04:44:24.205185,2024-11-28T05:39:10.170128,CLOSED,CAS-CSE-11-0061,CTRL-SRV-11,False
ALT-CSE-11-00222,CSE-11,MEDIUM,2024-12-21T13:13:52,2024-12-21T13:32:30.195696,2024-12-21T13:26:31.780087,CLOSED,,ENDPOINT-11A,False
ALT-CSE-11-00223,CSE-11,LOW,2024-12-21T17:25:31,2024-12-21T17:46:29.409031,2024-12-21T18:02:25.991697,CLOSED,,CTRL-SRV-11,False
ALT-CSE-11-00224,CSE-11,CRITICAL,2024-11-01T15:50:28,2024-11-01T16:07:25.479154,2024-11-01T17:06:01.685858,CLOSED,CAS-CSE-11-0062,ENDPOINT-11A,False
ALT-CSE-11-00225,CSE-11,MEDIUM,2024-11-11T18:19:48,2024-11-11T18:39:50.589949,2024-11-11T18:55:36.138490,CLOSED,CAS-CSE-11-0063,CTRL-SRV-11,False
ALT-CSE-11-00226,CSE-11,MEDIUM,2024-10-14T14:27:39,2024-10-14T14:38:28.666475,2024-10-14T14:52:55.580251,CLOSED,,CTRL-SRV-11,False
ALT-CSE-11-00227,CSE-11,LOW,2024-11-28T02:43:07,2024-11-28T02:59:10.122209,2024-11-28T03:25:12.615175,CLOSED,,CTRL-SRV-11,False
ALT-CSE-11-00228,CSE-11,MEDIUM,2024-11-27T19:07:12,2024-11-27T19:24:24.026478,2024-11-27T20:50:16.475234,CLOSED,,ENDPOINT-11A,False
ALT-CSE-11-00229,CSE-11,CRITICAL,2024-12-11T19:19:20,2024-12-11T19:43:47.822913,2024-12-11T20:14:08.206536,CLOSED,CAS-CSE-11-0064,ENDPOINT-11A,False
ALT-CSE-11-00230,CSE-11,LOW,2024-11-19T00:35:14,2024-11-19T00:41:34.374717,2024-11-19T01:57:44.076341,CLOSED,,ENDPOINT-11A,False
ALT-CSE-11-00231,CSE-11,MEDIUM,2024-10-08T21:21:09,2024-10-08T21:48:57.147550,2024-10-08T22:16:20.978402,CLOSED,,CTRL-SRV-11,False
ALT-CSE-11-00232,CSE-11,MEDIUM,2024-11-10T10:54:50,2024-11-10T11:20:37.619091,2024-11-10T11:18:30.076788,CLOSED,,CTRL-SRV-11,False
ALT-CSE-11-00233,CSE-11,MEDIUM,2024-10-19T12:26:49,2024-10-19T12:54:01.475357,2024-10-19T13:24:40.825399,CLOSED,,CTRL-SRV-11,False
ALT-CSE-11-00234,CSE-11,MEDIUM,2024-12-20T21:04:42,2024-12-20T21:13:48.097858,2024-12-20T22:17:52.329512,CLOSED,,CTRL-SRV-11,False
ALT-CSE-11-00235,CSE-11,MEDIUM,2024-12-11T22:06:45,2024-12-11T22:30:30.199984,2024-12-11T22:58:20.837646,CLOSED,,ENDPOINT-11A,False
ALT-CSE-11-00236,CSE-11,CRITICAL,2024-11-15T07:00:24,2024-11-15T07:17:05.651448,2024-11-15T08:19:51.775373,CLOSED,CAS-CSE-11-0065,CTRL-SRV-11,False
ALT-CSE-11-00237,CSE-11,LOW,2024-11-24T13:59:56,2024-11-24T14:18:38.425823,2024-11-24T14:48:11.932249,CLOSED,,CTRL-SRV-11,False
ALT-CSE-11-00238,CSE-11,MEDIUM,2024-11-10T01:16:23,2024-11-10T01:45:59.511708,2024-11-10T02:36:36.275572,CLOSED,,CTRL-SRV-11,False
ALT-CSE-11-00239,CSE-11,CRITICAL,2024-11-25T12:23:40,2024-11-25T12:46:22.496036,2024-11-25T13:58:27.286576,CLOSED,CAS-CSE-11-0066,ENDPOINT-11A,False
ALT-CSE-11-00240,CSE-11,LOW,2024-12-11T15:12:20,2024-12-11T15:20:58.786571,2024-12-11T16:20:06.487092,CLOSED,,ENDPOINT-11A,False
ALT-CSE-11-00241,CSE-11,MEDIUM,2024-12-10T22:25:10,2024-12-10T22:44:15.687977,2024-12-10T23:17:03.869921,CLOSED,,ENDPOINT-11A,False
ALT-CSE-11-00242,CSE-11,CRITICAL,2024-12-03T06:52:23,2024-12-03T07:07:45.563119,2024-12-03T08:16:32.041913,CLOSED,,CTRL-SRV-11,False
ALT-CSE-11-00243,CSE-11,MEDIUM,2024-12-04T23:52:06,2024-12-05T00:11:06.475707,2024-12-05T01:06:46.198712,CLOSED,,ENDPOINT-11A,False
ALT-CSE-11-00244,CSE-11,LOW,2024-11-14T17:52:42,2024-11-14T18:09:08.990613,2024-11-14T18:56:16.848511,CLOSED,,CTRL-SRV-11,False
ALT-CSE-11-00245,CSE-11,LOW,2024-10-28T11:54:48,2024-10-28T12:21:43.148229,2024-10-28T13:11:35.482712,CLOSED,,CTRL-SRV-11,False
ALT-CSE-11-00246,CSE-11,MEDIUM,2024-10-06T17:30:48,2024-10-06T17:48:20.497218,2024-10-06T18:07:20.288038,CLOSED,,ENDPOINT-11A,False
ALT-CSE-11-00247,CSE-11,LOW,2024-12-06T17:18:56,2024-12-06T17:33:59.223475,2024-12-06T18:17:32.746684,CLOSED,,CTRL-SRV-11,False
ALT-CSE-11-00248,CSE-11,MEDIUM,2024-11-03T17:06:01,2024-11-03T17:18:53.764888,2024-11-03T18:10:13.228131,CLOSED,CAS-CSE-11-0067,CTRL-SRV-11,False
ALT-CSE-11-00249,CSE-11,LOW,2024-11-12T21:37:56,2024-11-12T22:02:13.929502,2024-11-12T22:30:10.163877,CLOSED,,ENDPOINT-11A,False
ALT-CSE-11-00250,CSE-11,MEDIUM,2024-11-20T14:06:26,2024-11-20T14:26:36.596680,2024-11-20T14:49:28.095179,CLOSED,,ENDPOINT-11A,False
ALT-CSE-11-00251,CSE-11,MEDIUM,2024-10-06T09:11:14,2024-10-06T09:38:48.162935,2024-10-06T10:02:39.902602,CLOSED,,CTRL-SRV-11,False
ALT-CSE-11-00252,CSE-11,MEDIUM,2024-12-19T17:50:12,2024-12-19T18:13:56.674524,2024-12-19T18:04:32.792800,CLOSED,,CTRL-SRV-11,False
ALT-CSE-11-00253,CSE-11,MEDIUM,2024-11-11T14:21:34,2024-11-11T14:38:03.226359,2024-11-11T15:00:50.212191,CLOSED,,ENDPOINT-11A,False
ALT-CSE-11-00254,CSE-11,MEDIUM,2024-11-13T11:18:53,2024-11-13T11:39:17.934293,2024-11-13T12:41:40.292741,CLOSED,,ENDPOINT-11A,False
ALT-CSE-11-00255,CSE-11,LOW,2024-10-01T11:01:42,2024-10-01T11:12:32.925758,2024-10-01T12:01:37.227869,CLOSED,,ENDPOINT-11A,False
ALT-CSE-11-00256,CSE-11,LOW,2024-10-27T13:10:38,2024-10-27T13:35:01.889356,2024-10-27T14:00:23.064048,CLOSED,CAS-CSE-11-0068,ENDPOINT-11A,False
ALT-CSE-11-00257,CSE-11,MEDIUM,2024-10-25T12:05:02,2024-10-25T12:31:55.066295,2024-10-25T12:51:33.271481,CLOSED,,ENDPOINT-11A,False
ALT-CSE-11-00258,CSE-11,MEDIUM,2024-12-29T08:36:28,2024-12-29T09:04:49.166247,2024-12-29T09:38:11.478680,CLOSED,,CTRL-SRV-11,False
ALT-CSE-11-00259,CSE-11,CRITICAL,2024-11-11T22:01:21,2024-11-11T22:06:48.517478,2024-11-11T23:27:27.431033,CLOSED,CAS-CSE-11-0069,ENDPOINT-11A,False
ALT-CSE-11-00260,CSE-11,CRITICAL,2024-11-04T18:49:32,2024-11-04T19:09:57.395885,2024-11-04T20:02:21.992338,CLOSED,CAS-CSE-11-0070,CTRL-SRV-11,False
ALT-CSE-11-00261,CSE-11,MEDIUM,2024-10-28T07:20:24,2024-10-28T07:32:01.879026,2024-10-28T08:42:25.759597,CLOSED,,CTRL-SRV-11,False
ALT-CSE-11-00262,CSE-11,MEDIUM,2024-12-09T22:05:58,2024-12-09T22:32:33.978906,2024-12-09T22:46:48.474789,CLOSED,,CTRL-SRV-11,False
ALT-CSE-11-00263,CSE-11,MEDIUM,2024-10-31T01:36:24,2024-10-31T02:04:22.657494,2024-10-31T02:37:34.202380,CLOSED,CAS-CSE-11-0071,CTRL-SRV-11,False
ALT-CSE-11-00264,CSE-11,LOW,2024-10-10T07:58:09,2024-10-10T08:24:07.255136,2024-10-10T08:36:35.362134,CLOSED,,ENDPOINT-11A,False
ALT-CSE-11-00265,CSE-11,MEDIUM,2024-11-28T17:01:10,2024-11-28T17:07:27.030451,2024-11-28T17:41:44.761474,CLOSED,,ENDPOINT-11A,False
ALT-CSE-11-00266,CSE-11,MEDIUM,2024-12-18T08:02:55,2024-12-18T08:24:58.817107,2024-12-18T08:46:32.533228,CLOSED,,ENDPOINT-11A,False
ALT-CSE-11-00267,CSE-11,MEDIUM,2024-12-14T15:11:16,2024-12-14T15:33:41.394687,2024-12-14T16:31:41.158703,CLOSED,,CTRL-SRV-11,False
ALT-CSE-11-00268,CSE-11,MEDIUM,2024-12-07T04:47:46,2024-12-07T05:00:04.343938,2024-12-07T05:51:44.851847,CLOSED,,ENDPOINT-11A,False
ALT-CSE-11-00269,CSE-11,CRITICAL,2024-10-28T13:37:08,2024-10-28T13:58:37.462338,2024-10-28T14:37:14.856694,CLOSED,CAS-CSE-11-0072,CTRL-SRV-11,False
ALT-CSE-11-00270,CSE-11,LOW,2024-12-14T17:35:00,2024-12-14T17:40:20.282216,2024-12-14T18:46:28.286112,CLOSED,,ENDPOINT-11A,False
ALT-CSE-11-00271,CSE-11,MEDIUM,2024-12-17T21:06:46,2024-12-17T21:26:18.257584,2024-12-17T21:56:54.987091,CLOSED,,ENDPOINT-11A,False
ALT-CSE-11-00272,CSE-11,MEDIUM,2024-10-21T11:45:29,2024-10-21T11:55:11.453442,2024-10-21T12:27:30.968764,CLOSED,,ENDPOINT-11A,False
ALT-CSE-11-00273,CSE-11,MEDIUM,2024-10-12T08:44:54,2024-10-12T09:11:21.018920,2024-10-12T09:59:50.070912,CLOSED,,CTRL-SRV-11,False
ALT-CSE-11-00274,CSE-11,MEDIUM,2024-10-30T00:11:32,2024-10-30T00:37:28.812652,2024-10-30T01:19:44.968426,CLOSED,,ENDPOINT-11A,False
ALT-CSE-11-00275,CSE-11,LOW,2024-12-24T22:16:49,2024-12-24T22:34:57.903659,2024-12-24T23:30:15.848034,CLOSED,,CTRL-SRV-11,False
ALT-CSE-11-00276,CSE-11,MEDIUM,2024-11-30T04:37:57,2024-11-30T05:01:11.036368,2024-11-30T05:57:43.543730,CLOSED,,CTRL-SRV-11,False
ALT-CSE-11-00277,CSE-11,MEDIUM,2024-11-03T02:01:17,2024-11-03T02:12:33.780304,2024-11-03T02:37:43.119236,CLOSED,,ENDPOINT-11A,False
ALT-CSE-11-00278,CSE-11,MEDIUM,2024-11-14T06:53:31,2024-11-14T07:06:54.608238,2024-11-14T07:44:56.792585,CLOSED,,CTRL-SRV-11,False
ALT-CSE-11-00279,CSE-11,MEDIUM,2024-11-10T00:51:25,2024-11-10T01:04:04.268852,2024-11-10T01:53:51.220305,CLOSED,,CTRL-SRV-11,False
ALT-CSE-11-00280,CSE-11,CRITICAL,2024-10-10T16:12:55,2024-10-10T16:20:08.612531,2024-10-10T17:14:29.840416,CLOSED,CAS-CSE-11-0073,CTRL-SRV-11,False
ALT-CSE-11-00281,CSE-11,MEDIUM,2024-10-31T03:39:27,2024-10-31T04:07:04.834212,2024-10-31T04:48:26.526955,CLOSED,CAS-CSE-11-0074,ENDPOINT-11A,False
ALT-CSE-11-00282,CSE-11,CRITICAL,2024-11-25T22:34:06,2024-11-25T23:03:29.978512,2024-11-25T22:59:07.719702,CLOSED,CAS-CSE-11-0075,ENDPOINT-11A,False
ALT-CSE-11-00283,CSE-11,CRITICAL,2024-10-07T14:50:58,2024-10-07T15:00:18.670308,2024-10-07T15:57:49.653258,CLOSED,CAS-CSE-11-0076,CTRL-SRV-11,False
ALT-CSE-11-00284,CSE-11,MEDIUM,2024-11-18T22:21:35,2024-11-18T22:37:26.126181,2024-11-18T23:33:22.075543,CLOSED,,ENDPOINT-11A,False
ALT-CSE-11-00285,CSE-11,LOW,2024-10-27T08:51:25,2024-10-27T09:06:01.902480,2024-10-27T09:40:20.804874,CLOSED,,ENDPOINT-11A,False
ALT-CSE-11-00286,CSE-11,CRITICAL,2024-11-04T12:14:52,2024-11-04T12:35:25.646043,2024-11-04T13:22:52.360304,CLOSED,CAS-CSE-11-0077,ENDPOINT-11A,False
ALT-CSE-11-00287,CSE-11,MEDIUM,2024-12-10T09:38:50,2024-12-10T09:50:31.096380,2024-12-10T10:22:00.972727,CLOSED,,CTRL-SRV-11,False
ALT-CSE-11-00288,CSE-11,MEDIUM,2024-10-12T16:03:42,2024-10-12T16:22:56.927587,2024-10-12T17:24:22.011906,CLOSED,,ENDPOINT-11A,False
ALT-CSE-11-00289,CSE-11,MEDIUM,2024-11-05T13:40:26,2024-11-05T13:47:46.981819,2024-11-05T15:23:44.220258,CLOSED,,CTRL-SRV-11,False
ALT-CSE-11-00290,CSE-11,MEDIUM,2024-11-09T19:38:45,2024-11-09T19:52:52.737711,2024-11-09T20:36:21.754721,CLOSED,,CTRL-SRV-11,False
ALT-CSE-11-00291,CSE-11,MEDIUM,2024-10-21T13:57:30,2024-10-21T14:16:33.018258,2024-10-21T15:27:24.476320,CLOSED,,ENDPOINT-11A,False
ALT-CSE-11-00292,CSE-11,CRITICAL,2024-11-21T00:30:29,2024-11-21T00:43:29.710571,2024-11-21T01:12:46.876539,CLOSED,CAS-CSE-11-0078,ENDPOINT-11A,False
ALT-CSE-11-00293,CSE-11,MEDIUM,2024-10-07T00:56:11,2024-10-07T01:15:51.006396,2024-10-07T02:00:41.415901,CLOSED,,ENDPOINT-11A,False
ALT-CSE-11-00294,CSE-11,MEDIUM,2024-10-22T03:32:48,2024-10-22T03:54:49.087959,2024-10-22T04:02:39.573989,CLOSED,,ENDPOINT-11A,False
ALT-CSE-11-00295,CSE-11,CRITICAL,2024-11-16T10:29:20,2024-11-16T10:56:06.926859,2024-11-16T11:41:36.071030,CLOSED,CAS-CSE-11-0079,ENDPOINT-11A,False
ALT-CSE-11-00296,CSE-11,CRITICAL,2024-11-16T20:05:14,2024-11-16T20:25:56.191028,2024-11-16T21:27:07.726708,CLOSED,CAS-CSE-11-0080,CTRL-SRV-11,False
ALT-CSE-11-00297,CSE-11,MEDIUM,2024-10-11T04:26:24,2024-10-11T04:46:32.440075,2024-10-11T05:28:40.236972,CLOSED,CAS-CSE-11-0081,ENDPOINT-11A,False
ALT-CSE-11-00298,CSE-11,MEDIUM,2024-12-08T20:37:58,2024-12-08T20:54:24.030479,2024-12-08T22:23:59.334172,CLOSED,CAS-CSE-11-0082,CTRL-SRV-11,False
ALT-CSE-11-00299,CSE-11,MEDIUM,2024-10-22T12:03:50,2024-10-22T12:27:52.617018,2024-10-22T12:45:09.444960,CLOSED,,ENDPOINT-11A,False
ALT-CSE-11-00300,CSE-11,MEDIUM,2024-11-10T18:06:09,2024-11-10T18:32:30.532027,2024-11-10T19:02:43.621545,CLOSED,,ENDPOINT-11A,False
ALT-CSE-11-00301,CSE-11,LOW,2024-10-09T18:16:13,2024-10-09T18:36:45.964925,2024-10-09T18:21:13,CLOSED,,CTRL-SRV-11,False
ALT-CSE-11-00302,CSE-11,MEDIUM,2024-12-22T19:08:22,2024-12-22T19:23:36.403176,2024-12-22T20:36:33.593824,CLOSED,,CTRL-SRV-11,False
ALT-CSE-11-00303,CSE-11,LOW,2024-12-01T06:14:39,2024-12-01T06:27:35.718531,2024-12-01T07:04:43.223536,CLOSED,,CTRL-SRV-11,False
ALT-CSE-11-00304,CSE-11,LOW,2024-10-28T17:08:59,2024-10-28T17:30:50.193630,2024-10-28T18:02:42.524203,CLOSED,,CTRL-SRV-11,False
ALT-CSE-11-00305,CSE-11,CRITICAL,2024-11-26T18:37:08,2024-11-26T18:42:56.132836,2024-11-26T19:45:52.584863,CLOSED,CAS-CSE-11-0083,CTRL-SRV-11,False
ALT-CSE-11-00306,CSE-11,CRITICAL,2024-11-23T18:40:01,2024-11-23T19:06:20.480991,2024-11-23T19:37:04.612794,CLOSED,CAS-CSE-11-0084,ENDPOINT-11A,False
ALT-CSE-11-00307,CSE-11,MEDIUM,2024-12-28T11:16:33,2024-12-28T11:35:18.305087,2024-12-28T12:16:46.458883,CLOSED,,CTRL-SRV-11,False
ALT-CSE-11-00308,CSE-11,CRITICAL,2024-11-13T02:20:51,2024-11-13T02:41:19.401169,2024-11-13T03:49:05.483113,CLOSED,CAS-CSE-11-0085,CTRL-SRV-11,False
ALT-CSE-11-00309,CSE-11,MEDIUM,2024-12-26T17:53:24,2024-12-26T18:03:21.179134,2024-12-26T19:22:06.993384,CLOSED,,CTRL-SRV-11,False
ALT-CSE-11-00310,CSE-11,MEDIUM,2024-11-09T10:46:45,2024-11-09T10:54:10.338528,2024-11-09T12:19:30.621255,CLOSED,,ENDPOINT-11A,False
ALT-CSE-11-00311,CSE-11,MEDIUM,2024-11-16T06:56:12,2024-11-16T07:25:57.260918,2024-11-16T07:46:51.057709,CLOSED,,CTRL-SRV-11,False
ALT-CSE-11-00312,CSE-11,LOW,2024-10-21T21:47:14,2024-10-21T22:16:16.938085,2024-10-21T22:31:34.631964,CLOSED,,ENDPOINT-11A,False
ALT-CSE-11-00313,CSE-11,CRITICAL,2024-10-24T20:47:18,2024-10-24T21:08:14.414271,2024-10-24T21:37:01.279794,CLOSED,CAS-CSE-11-0086,ENDPOINT-11A,False
ALT-CSE-11-00314,CSE-11,LOW,2024-12-12T14:07:45,2024-12-12T14:22:34.276130,2024-12-12T15:31:49.954317,CLOSED,,CTRL-SRV-11,False
ALT-CSE-11-00315,CSE-11,MEDIUM,2024-11-29T00:22:00,2024-11-29T00:50:48.417706,2024-11-29T01:19:47.524100,CLOSED,,CTRL-SRV-11,False
ALT-CSE-11-00316,CSE-11,LOW,2024-10-14T06:00:51,2024-10-14T06:09:49.147187,2024-10-14T07:04:12.671895,CLOSED,,ENDPOINT-11A,False
ALT-CSE-11-00317,CSE-11,MEDIUM,2024-10-18T17:51:37,2024-10-18T18:03:39.757530,2024-10-18T18:15:33.137714,CLOSED,,ENDPOINT-11A,False
ALT-CSE-11-00318,CSE-11,MEDIUM,2024-12-08T16:32:06,2024-12-08T16:49:18.951867,2024-12-08T17:48:16.481539,CLOSED,,ENDPOINT-11A,False
ALT-CSE-11-00319,CSE-11,LOW,2024-12-28T16:21:04,2024-12-28T16:50:10.822507,2024-12-28T16:48:11.944693,CLOSED,,CTRL-SRV-11,False
ALT-CSE-11-00320,CSE-11,MEDIUM,2024-12-26T12:55:41,2024-12-26T13:01:22.127608,2024-12-26T14:07:59.489642,CLOSED,,ENDPOINT-11A,False
ALT-CSE-11-00321,CSE-11,MEDIUM,2024-12-18T00:06:05,2024-12-18T00:29:09.186944,2024-12-18T01:27:04.271810,CLOSED,,CTRL-SRV-11,False
ALT-CSE-11-00322,CSE-11,LOW,2024-12-15T03:05:37,2024-12-15T03:13:59.311121,2024-12-15T04:23:16.754865,CLOSED,,CTRL-SRV-11,False
ALT-CSE-11-00323,CSE-11,MEDIUM,2024-11-15T03:07:05,2024-11-15T03:23:47.127953,2024-11-15T04:22:15.977077,CLOSED,CAS-CSE-11-0087,ENDPOINT-11A,False
ALT-CSE-11-00324,CSE-11,CRITICAL,2024-10-12T12:53:36,2024-10-12T13:09:57.426948,2024-10-12T13:36:19.917909,CLOSED,CAS-CSE-11-0088,CTRL-SRV-11,False
ALT-CSE-11-00325,CSE-11,LOW,2024-12-02T13:08:27,2024-12-02T13:30:24.157898,2024-12-02T14:19:26.996851,CLOSED,,CTRL-SRV-11,False
ALT-CSE-11-00326,CSE-11,MEDIUM,2024-10-11T15:25:16,2024-10-11T15:37:50.182564,2024-10-11T16:17:48.641876,CLOSED,,CTRL-SRV-11,False
ALT-CSE-11-00327,CSE-11,MEDIUM,2024-10-26T09:19:04,2024-10-26T09:33:05.921833,2024-10-26T10:14:08.469793,CLOSED,,CTRL-SRV-11,False
ALT-CSE-11-00328,CSE-11,MEDIUM,2024-11-20T18:18:26,2024-11-20T18:23:55.722437,2024-11-20T19:03:43.180950,CLOSED,,ENDPOINT-11A,False
ALT-CSE-11-00329,CSE-11,CRITICAL,2024-10-11T02:10:35,2024-10-11T02:20:35.950198,2024-10-11T03:45:42.847719,CLOSED,,CTRL-SRV-11,False
ALT-CSE-11-00330,CSE-11,LOW,2024-12-25T18:53:50,2024-12-25T19:21:08.482941,2024-12-25T20:05:58.784718,CLOSED,CAS-CSE-11-0089,ENDPOINT-11A,False
ALT-CSE-11-00331,CSE-11,MEDIUM,2024-10-17T16:45:39,2024-10-17T17:09:30.712793,2024-10-17T17:16:07.480449,CLOSED,CAS-CSE-11-0090,CTRL-SRV-11,False
ALT-CSE-11-00332,CSE-11,LOW,2024-12-19T20:38:21,2024-12-19T20:52:16.020706,2024-12-19T21:54:26.607989,CLOSED,,ENDPOINT-11A,False
ALT-CSE-11-00333,CSE-11,MEDIUM,2024-10-14T11:21:08,2024-10-14T11:29:25.857833,2024-10-14T12:12:57.286301,CLOSED,,ENDPOINT-11A,False
ALT-CSE-11-00334,CSE-11,CRITICAL,2024-11-30T19:49:17,2024-11-30T20:15:42.532425,2024-11-30T20:12:56.107385,CLOSED,CAS-CSE-11-0091,ENDPOINT-11A,False
ALT-CSE-11-00335,CSE-11,CRITICAL,2024-10-29T13:32:00,2024-10-29T13:58:34.436361,2024-10-29T14:18:44.488865,CLOSED,CAS-CSE-11-0092,CTRL-SRV-11,False
ALT-CSE-11-00336,CSE-11,MEDIUM,2024-10-26T09:35:07,2024-10-26T09:42:56.393753,2024-10-26T09:59:54.582887,CLOSED,,CTRL-SRV-11,False
ALT-CSE-11-00337,CSE-11,LOW,2024-12-07T17:01:22,2024-12-07T17:10:29.296323,2024-12-07T17:46:22.547922,CLOSED,,CTRL-SRV-11,False
ALT-CSE-11-00338,CSE-11,MEDIUM,2024-12-29T16:34:22,2024-12-29T16:50:18.466128,2024-12-29T17:52:45.339147,CLOSED,,ENDPOINT-11A,False
ALT-CSE-11-00339,CSE-11,MEDIUM,2024-10-22T09:22:52,2024-10-22T09:39:05.815149,2024-10-22T10:25:11.656303,CLOSED,,ENDPOINT-11A,False
ALT-CSE-11-00340,CSE-11,CRITICAL,2024-12-12T10:29:30,2024-12-12T10:54:27.671648,2024-12-12T11:36:27.577959,CLOSED,CAS-CSE-11-0093,ENDPOINT-11A,False
ALT-CSE-11-00341,CSE-11,LOW,2024-11-15T18:25:40,2024-11-15T18:46:26.314230,2024-11-15T19:04:00.425529,CLOSED,,CTRL-SRV-11,False
ALT-CSE-11-00342,CSE-11,CRITICAL,2024-10-23T04:30:01,2024-10-23T04:43:58.743809,2024-10-23T05:53:02.281365,CLOSED,CAS-CSE-11-0094,ENDPOINT-11A,False
ALT-CSE-11-00343,CSE-11,MEDIUM,2024-11-23T03:44:02,2024-11-23T04:03:26.158915,2024-11-23T05:11:50.268985,CLOSED,,ENDPOINT-11A,False
ALT-CSE-11-00344,CSE-11,CRITICAL,2024-11-26T07:51:36,2024-11-26T08:14:33.958426,2024-11-26T09:00:12.903990,CLOSED,CAS-CSE-11-0095,CTRL-SRV-11,False
ALT-CSE-11-00345,CSE-11,MEDIUM,2024-10-22T18:45:25,2024-10-22T19:07:34.058638,2024-10-22T19:32:38.558360,CLOSED,,ENDPOINT-11A,False
ALT-CSE-11-00346,CSE-11,MEDIUM,2024-10-19T05:53:56,2024-10-19T06:14:38.789436,2024-10-19T06:51:16.957818,CLOSED,,CTRL-SRV-11,False
ALT-CSE-11-00347,CSE-11,LOW,2024-10-10T22:12:02,2024-10-10T22:25:53.466572,2024-10-10T23:30:22.303774,CLOSED,,ENDPOINT-11A,False
ALT-CSE-11-00348,CSE-11,MEDIUM,2024-12-13T19:24:02,2024-12-13T19:51:33.165694,2024-12-13T21:01:11.697745,CLOSED,,ENDPOINT-11A,False
ALT-CSE-11-00349,CSE-11,MEDIUM,2024-12-21T14:19:02,2024-12-21T14:26:16.266718,2024-12-21T14:52:21.009954,CLOSED,,CTRL-SRV-11,False
ALT-CSE-11-00350,CSE-11,CRITICAL,2024-12-02T10:03:21,2024-12-02T10:27:31.887835,2024-12-02T11:20:18.161681,CLOSED,CAS-CSE-11-0096,CTRL-SRV-11,False
ALT-CSE-11-00351,CSE-11,MEDIUM,2024-11-07T16:29:04,2024-11-07T16:49:37.117592,2024-11-07T17:17:27.550133,CLOSED,,CTRL-SRV-11,False
ALT-CSE-11-00352,CSE-11,CRITICAL,2024-10-26T22:17:40,2024-10-26T22:39:50.272877,2024-10-26T22:58:07.713821,CLOSED,,ENDPOINT-11A,False
ALT-CSE-11-00353,CSE-11,MEDIUM,2024-10-20T23:38:33,2024-10-21T00:00:17.432683,2024-10-21T01:04:11.053424,CLOSED,,CTRL-SRV-11,False
ALT-CSE-11-00354,CSE-11,MEDIUM,2024-10-31T12:36:47,2024-10-31T12:59:10.577509,2024-10-31T14:02:04.149243,CLOSED,,ENDPOINT-11A,False
ALT-CSE-11-00355,CSE-11,MEDIUM,2024-11-06T09:44:06,2024-11-06T09:50:50.573141,2024-11-06T11:00:31.725306,CLOSED,,CTRL-SRV-11,False
ALT-CSE-11-00356,CSE-11,MEDIUM,2024-11-24T06:36:26,2024-11-24T06:42:06.797044,2024-11-24T07:32:08.331859,CLOSED,,ENDPOINT-11A,False
ALT-CSE-11-00357,CSE-11,CRITICAL,2024-10-11T18:10:57,2024-10-11T18:27:22.841364,2024-10-11T19:10:25.191474,CLOSED,CAS-CSE-11-0097,CTRL-SRV-11,False
ALT-CSE-11-00358,CSE-11,MEDIUM,2024-10-31T19:41:16,2024-10-31T20:09:29.053174,2024-10-31T20:49:35.728488,CLOSED,,ENDPOINT-11A,False
ALT-CSE-11-00359,CSE-11,LOW,2024-12-07T23:37:31,2024-12-08T00:02:45.370723,2024-12-08T00:18:13.857344,CLOSED,,CTRL-SRV-11,False
ALT-CSE-11-00360,CSE-11,LOW,2024-11-01T23:46:52,2024-11-02T00:16:27.511096,2024-11-02T00:20:03.022283,CLOSED,,ENDPOINT-11A,False
ALT-CSE-11-00361,CSE-11,MEDIUM,2024-11-05T03:41:10,2024-11-05T04:02:44.081122,2024-11-05T04:25:52.332402,CLOSED,,CTRL-SRV-11,False
ALT-CSE-11-00362,CSE-11,CRITICAL,2024-11-17T06:44:15,2024-11-17T06:59:25.039394,2024-11-17T07:44:37.497779,CLOSED,CAS-CSE-11-0098,ENDPOINT-11A,False
ALT-CSE-11-00363,CSE-11,CRITICAL,2024-11-06T15:28:18,2024-11-06T15:38:58.009714,2024-11-06T15:37:22.183692,CLOSED,CAS-CSE-11-0099,ENDPOINT-11A,False
ALT-CSE-11-00364,CSE-11,MEDIUM,2024-10-18T12:46:54,2024-10-18T13:08:17.135724,2024-10-18T13:45:10.753139,CLOSED,,CTRL-SRV-11,False
ALT-CSE-11-00365,CSE-11,CRITICAL,2024-10-29T12:42:32,2024-10-29T13:04:09.117084,2024-10-29T14:20:08.050890,CLOSED,CAS-CSE-11-0100,CTRL-SRV-11,False
ALT-CSE-11-00366,CSE-11,MEDIUM,2024-12-20T10:01:10,2024-12-20T10:29:45.604965,2024-12-20T10:58:53.687877,CLOSED,,ENDPOINT-11A,False
ALT-CSE-11-00367,CSE-11,MEDIUM,2024-12-19T16:21:24,2024-12-19T16:31:02.963242,2024-12-19T18:00:59.102001,CLOSED,CAS-CSE-11-0101,CTRL-SRV-11,False
ALT-CSE-11-00368,CSE-11,MEDIUM,2024-12-25T00:17:03,2024-12-25T00:36:42.717748,2024-12-25T01:11:08.572825,CLOSED,,CTRL-SRV-11,False
ALT-CSE-11-00369,CSE-11,MEDIUM,2024-10-18T18:50:00,2024-10-18T19:14:49.365481,2024-10-18T20:07:57.137921,CLOSED,,CTRL-SRV-11,False
ALT-CSE-11-00370,CSE-11,LOW,2024-12-21T12:04:48,2024-12-21T12:26:25.857632,2024-12-21T12:09:48,CLOSED,,ENDPOINT-11A,False
ALT-CSE-11-00371,CSE-11,MEDIUM,2024-11-01T13:51:30,2024-11-01T14:11:46.215372,2024-11-01T15:12:27.901092,CLOSED,CAS-CSE-11-0102,ENDPOINT-11A,False
ALT-CSE-11-00372,CSE-11,CRITICAL,2024-12-22T11:04:04,2024-12-22T11:28:12.946318,2024-12-22T11:56:19.072543,CLOSED,CAS-CSE-11-0103,ENDPOINT-11A,False
ALT-CSE-11-00373,CSE-11,CRITICAL,2024-12-10T09:39:08,2024-12-10T10:04:31.010182,2024-12-10T10:50:14.742222,CLOSED,CAS-CSE-11-0104,ENDPOINT-11A,False
ALT-CSE-11-00374,CSE-11,CRITICAL,2024-10-02T23:55:32,2024-10-03T00:05:58.654522,2024-10-03T00:31:24.922952,CLOSED,CAS-CSE-11-0105,CTRL-SRV-11,False
ALT-CSE-11-00375,CSE-11,MEDIUM,2024-11-28T01:16:12,2024-11-28T01:35:58.507230,2024-11-28T02:00:18.108863,CLOSED,,CTRL-SRV-11,False
ALT-CSE-11-00376,CSE-11,CRITICAL,2024-10-07T21:47:35,2024-10-07T22:05:08.198518,2024-10-07T22:27:44.398813,CLOSED,CAS-CSE-11-0106,CTRL-SRV-11,False
ALT-CSE-11-00377,CSE-11,LOW,2024-11-11T01:44:20,2024-11-11T02:12:09.240748,2024-11-11T02:33:15.311623,CLOSED,,ENDPOINT-11A,False
ALT-CSE-11-00378,CSE-11,CRITICAL,2024-11-24T19:58:31,2024-11-24T20:06:35.742125,2024-11-24T21:32:35.399696,CLOSED,CAS-CSE-11-0107,CTRL-SRV-11,False
ALT-CSE-11-00379,CSE-11,MEDIUM,2024-12-25T03:21:18,2024-12-25T03:28:17.935028,2024-12-25T04:22:49.434491,CLOSED,,ENDPOINT-11A,False
ALT-CSE-11-00380,CSE-11,LOW,2024-10-30T18:14:29,2024-10-30T18:19:36.576279,2024-10-30T19:12:45.527347,CLOSED,,CTRL-SRV-11,False
ALT-CSE-11-00381,CSE-11,MEDIUM,2024-10-25T17:12:04,2024-10-25T17:22:41.856286,2024-10-25T18:01:10.417634,CLOSED,,CTRL-SRV-11,False
ALT-CSE-11-00382,CSE-11,LOW,2024-10-15T00:19:06,2024-10-15T00:32:09.458844,2024-10-15T00:56:48.853338,CLOSED,,CTRL-SRV-11,False
ALT-CSE-11-00383,CSE-11,CRITICAL,2024-10-23T12:29:15,2024-10-23T12:40:57.824422,2024-10-23T13:45:20.644429,CLOSED,CAS-CSE-11-0108,CTRL-SRV-11,False
ALT-CSE-11-00384,CSE-11,LOW,2024-11-19T17:11:28,2024-11-19T17:24:52.701135,2024-11-19T18:07:18.689340,CLOSED,,CTRL-SRV-11,False
ALT-CSE-11-00385,CSE-11,MEDIUM,2024-10-07T05:20:26,2024-10-07T05:25:26.012806,2024-10-07T06:22:21.291236,CLOSED,,ENDPOINT-11A,False
ALT-CSE-11-00386,CSE-11,MEDIUM,2024-11-30T05:27:51,2024-11-30T05:49:48.231417,2024-11-30T06:26:52.373582,CLOSED,,ENDPOINT-11A,False
ALT-CSE-11-00387,CSE-11,MEDIUM,2024-12-25T18:51:02,2024-12-25T19:06:31.415528,2024-12-25T20:03:17.359133,CLOSED,,CTRL-SRV-11,False
ALT-CSE-11-00388,CSE-11,MEDIUM,2024-12-25T05:57:22,2024-12-25T06:26:07.936733,2024-12-25T07:00:35.036427,CLOSED,,CTRL-SRV-11,False
ALT-CSE-11-00389,CSE-11,MEDIUM,2024-11-23T17:34:12,2024-11-23T18:03:04.293315,2024-11-23T18:46:30.070613,CLOSED,,ENDPOINT-11A,False
ALT-CSE-11-00390,CSE-11,CRITICAL,2024-12-24T14:52:00,2024-12-24T14:59:40.331484,2024-12-24T16:14:55.856152,CLOSED,CAS-CSE-11-0109,CTRL-SRV-11,False
ALT-CSE-11-00391,CSE-11,CRITICAL,2024-11-15T00:05:20,2024-11-15T00:32:29.760587,2024-11-15T00:54:26.188960,CLOSED,CAS-CSE-11-0110,CTRL-SRV-11,False
ALT-CSE-11-00392,CSE-11,MEDIUM,2024-10-22T23:31:28,2024-10-22T23:53:48.702245,2024-10-22T23:53:41.422868,CLOSED,,CTRL-SRV-11,False
ALT-CSE-11-00393,CSE-11,CRITICAL,2024-12-29T23:17:10,2024-12-29T23:26:19.696324,2024-12-30T00:36:43.173206,CLOSED,CAS-CSE-11-0111,ENDPOINT-11A,False
ALT-CSE-11-00394,CSE-11,MEDIUM,2024-12-29T00:42:56,2024-12-29T01:05:13.201590,2024-12-29T01:33:41.989926,CLOSED,,ENDPOINT-11A,False
ALT-CSE-11-00395,CSE-11,LOW,2024-11-25T08:34:54,2024-11-25T08:57:40.019063,2024-11-25T09:21:20.551057,CLOSED,,ENDPOINT-11A,False
ALT-CSE-11-00396,CSE-11,MEDIUM,2024-12-04T11:11:48,2024-12-04T11:18:17.765135,2024-12-04T12:00:12.862713,CLOSED,,ENDPOINT-11A,False
ALT-CSE-11-00397,CSE-11,LOW,2024-11-01T17:54:07,2024-11-01T18:03:20.680272,2024-11-01T18:53:12.457142,CLOSED,CAS-CSE-11-0112,ENDPOINT-11A,False
ALT-CSE-11-00398,CSE-11,CRITICAL,2024-11-07T15:12:29,2024-11-07T15:29:12.934569,2024-11-07T16:14:27.824979,CLOSED,CAS-CSE-11-0113,ENDPOINT-11A,False
ALT-CSE-11-00399,CSE-11,MEDIUM,2024-12-10T03:03:04,2024-12-10T03:23:29.282610,2024-12-10T03:39:25.650841,CLOSED,,ENDPOINT-11A,False
ALT-CSE-11-00400,CSE-11,CRITICAL,2024-11-12T23:49:43,2024-11-13T00:02:24.949182,2024-11-13T00:49:06.871766,CLOSED,CAS-CSE-11-0114,CTRL-SRV-11,False
ALT-CSE-11-00401,CSE-11,CRITICAL,2024-11-01T08:47:47,2024-11-01T09:00:18.366937,2024-11-01T09:35:32.597770,CLOSED,CAS-CSE-11-0115,CTRL-SRV-11,False
ALT-CSE-11-00402,CSE-11,CRITICAL,2024-11-12T06:36:47,2024-11-12T06:56:29.789457,2024-11-12T07:01:14.661423,CLOSED,CAS-CSE-11-0116,ENDPOINT-11A,False
ALT-CSE-11-00403,CSE-11,MEDIUM,2024-12-24T04:57:38,2024-12-24T05:14:19.667176,2024-12-24T05:37:56.342352,CLOSED,,ENDPOINT-11A,False
ALT-CSE-11-00404,CSE-11,MEDIUM,2024-12-22T14:05:30,2024-12-22T14:35:18.089416,2024-12-22T15:34:59.076237,CLOSED,,CTRL-SRV-11,False
ALT-CSE-11-00405,CSE-11,MEDIUM,2024-11-03T03:56:03,2024-11-03T04:02:25.040176,2024-11-03T04:44:00.577181,CLOSED,,ENDPOINT-11A,False
ALT-CSE-11-00406,CSE-11,CRITICAL,2024-12-06T08:13:52,2024-12-06T08:35:52.689056,2024-12-06T09:02:14.820280,CLOSED,CAS-CSE-11-0117,ENDPOINT-11A,False
ALT-CSE-11-00407,CSE-11,MEDIUM,2024-10-17T12:10:13,2024-10-17T12:17:08.825400,2024-10-17T13:36:52.517108,CLOSED,,ENDPOINT-11A,False
ALT-CSE-11-00408,CSE-11,MEDIUM,2024-12-18T09:15:17,2024-12-18T09:23:55.074545,2024-12-18T10:12:16.864924,CLOSED,,CTRL-SRV-11,False
ALT-CSE-11-00409,CSE-11,CRITICAL,2024-11-20T21:07:53,2024-11-20T21:21:10.628876,2024-11-20T22:19:11.711928,CLOSED,,ENDPOINT-11A,False
ALT-CSE-11-00410,CSE-11,MEDIUM,2024-11-01T22:42:17,2024-11-01T22:59:11.540913,2024-11-01T23:38:09.046588,CLOSED,,ENDPOINT-11A,False
ALT-CSE-11-00411,CSE-11,LOW,2024-12-16T07:36:57,2024-12-16T07:50:30.749999,2024-12-16T08:32:39.248557,CLOSED,,ENDPOINT-11A,False
ALT-CSE-11-00412,CSE-11,LOW,2024-10-04T03:51:29,2024-10-04T03:58:29.694788,2024-10-04T04:50:27.831353,CLOSED,,ENDPOINT-11A,False
ALT-CSE-11-00413,CSE-11,CRITICAL,2024-11-02T15:14:40,2024-11-02T15:40:15.424898,2024-11-02T16:41:43.496323,CLOSED,,ENDPOINT-11A,False
ALT-CSE-11-00414,CSE-11,MEDIUM,2024-12-15T21:02:23,2024-12-15T21:14:39.200209,2024-12-15T21:52:32.113285,CLOSED,,CTRL-SRV-11,False
ALT-CSE-11-00415,CSE-11,MEDIUM,2024-12-16T23:31:00,2024-12-16T23:48:03.901019,2024-12-17T00:57:11.958886,CLOSED,,ENDPOINT-11A,False
ALT-CSE-11-00416,CSE-11,MEDIUM,2024-11-19T04:33:27,2024-11-19T04:55:49.935068,2024-11-19T05:20:52.789029,CLOSED,,CTRL-SRV-11,False
ALT-CSE-11-00417,CSE-11,MEDIUM,2024-12-29T13:10:17,2024-12-29T13:32:53.888657,2024-12-29T14:32:04.648465,CLOSED,,CTRL-SRV-11,False
ALT-CSE-11-00418,CSE-11,MEDIUM,2024-12-06T15:19:01,2024-12-06T15:40:57.056818,2024-12-06T15:55:37.694795,CLOSED,,CTRL-SRV-11,False
ALT-CSE-11-00419,CSE-11,LOW,2024-12-07T12:45:58,2024-12-07T12:57:44.642814,2024-12-07T13:22:41.057421,CLOSED,,CTRL-SRV-11,False
ALT-CSE-11-00420,CSE-11,LOW,2024-10-06T09:50:13,2024-10-06T09:57:57.029128,2024-10-06T11:02:04.538330,CLOSED,,CTRL-SRV-11,False
ALT-CSE-11-00421,CSE-11,MEDIUM,2024-12-23T17:28:19,2024-12-23T17:40:41.937296,2024-12-23T18:13:09.215944,CLOSED,,ENDPOINT-11A,False
ALT-CSE-11-00422,CSE-11,MEDIUM,2024-11-15T20:16:10,2024-11-15T20:44:57.814774,2024-11-15T21:16:02.457280,CLOSED,,CTRL-SRV-11,False
ALT-CSE-11-00423,CSE-11,CRITICAL,2024-11-10T03:13:45,2024-11-10T03:41:21.959787,2024-11-10T04:11:40.775432,CLOSED,CAS-CSE-11-0118,ENDPOINT-11A,False
ALT-CSE-11-00424,CSE-11,MEDIUM,2024-10-19T18:45:24,2024-10-19T19:05:21.685247,2024-10-19T19:59:21.854855,CLOSED,,ENDPOINT-11A,False
ALT-CSE-11-00425,CSE-11,MEDIUM,2024-11-24T00:43:34,2024-11-24T00:58:51.028517,2024-11-24T01:48:28.407132,CLOSED,,CTRL-SRV-11,False
ALT-CSE-11-00426,CSE-11,MEDIUM,2024-10-02T17:31:29,2024-10-02T17:44:51.038233,2024-10-02T18:21:54.438454,CLOSED,,ENDPOINT-11A,False
ALT-CSE-11-00427,CSE-11,CRITICAL,2024-12-18T15:40:24,2024-12-18T15:47:36.391156,2024-12-18T17:08:14.942373,CLOSED,CAS-CSE-11-0119,ENDPOINT-11A,False
ALT-CSE-11-00428,CSE-11,CRITICAL,2024-10-15T09:25:04,2024-10-15T09:53:28.692026,2024-10-15T10:31:50.615977,CLOSED,CAS-CSE-11-0120,CTRL-SRV-11,False
ALT-CSE-11-00429,CSE-11,MEDIUM,2024-11-24T23:13:24,2024-11-24T23:27:24.778744,2024-11-25T00:10:42.959206,CLOSED,,ENDPOINT-11A,False
ALT-CSE-11-00430,CSE-11,LOW,2024-12-28T20:33:49,2024-12-28T20:39:22.096511,2024-12-28T21:19:38.856751,CLOSED,,CTRL-SRV-11,False
ALT-CSE-11-00431,CSE-11,CRITICAL,2024-10-14T17:04:47,2024-10-14T17:20:53.780627,2024-10-14T17:53:49.849302,CLOSED,CAS-CSE-11-0121,ENDPOINT-11A,False
ALT-CSE-11-00432,CSE-11,MEDIUM,2024-10-31T11:12:58,2024-10-31T11:25:47.196272,2024-10-31T12:14:33.998874,CLOSED,,CTRL-SRV-11,False
ALT-CSE-11-00433,CSE-11,LOW,2024-12-12T17:57:51,2024-12-12T18:04:30.800893,2024-12-12T19:27:19.325602,CLOSED,,CTRL-SRV-11,False
ALT-CSE-11-00434,CSE-11,LOW,2024-10-19T02:56:21,2024-10-19T03:21:56.558932,2024-10-19T04:22:05.269277,CLOSED,,ENDPOINT-11A,False
ALT-CSE-11-00435,CSE-11,LOW,2024-11-13T08:06:28,2024-11-13T08:17:12.779661,2024-11-13T09:00:30.641729,CLOSED,,CTRL-SRV-11,False
ALT-CSE-11-00436,CSE-11,MEDIUM,2024-10-22T00:05:06,2024-10-22T00:19:43.021316,2024-10-22T01:27:40.525895,CLOSED,,ENDPOINT-11A,False
ALT-CSE-11-00437,CSE-11,MEDIUM,2024-10-18T15:26:29,2024-10-18T15:42:55.471959,2024-10-18T16:48:12.229049,CLOSED,,CTRL-SRV-11,False
ALT-CSE-11-00438,CSE-11,CRITICAL,2024-11-12T22:22:34,2024-11-12T22:33:07.694290,2024-11-12T23:19:25.011060,CLOSED,,ENDPOINT-11A,False
ALT-CSE-11-00439,CSE-11,MEDIUM,2024-11-03T13:33:45,2024-11-03T13:55:23.422740,2024-11-03T14:43:03.313503,CLOSED,,CTRL-SRV-11,False
ALT-CSE-11-00440,CSE-11,CRITICAL,2024-10-02T08:48:59,2024-10-02T09:09:06.436927,2024-10-02T10:00:37.947611,CLOSED,CAS-CSE-11-0122,ENDPOINT-11A,False
ALT-CSE-11-00441,CSE-11,LOW,2024-10-16T14:16:07,2024-10-16T14:23:16.777942,2024-10-16T16:01:16.288303,CLOSED,,ENDPOINT-11A,False
ALT-CSE-11-00442,CSE-11,MEDIUM,2024-10-14T23:34:38,2024-10-15T00:04:10.704822,2024-10-15T00:35:12.137418,CLOSED,,ENDPOINT-11A,False
ALT-CSE-11-00443,CSE-11,MEDIUM,2024-12-03T08:35:29,2024-12-03T08:42:03.425272,2024-12-03T09:44:30.385216,CLOSED,,ENDPOINT-11A,False
ALT-CSE-11-00444,CSE-11,MEDIUM,2024-11-02T04:29:36,2024-11-02T04:56:52.556716,2024-11-02T05:19:07.387888,CLOSED,,CTRL-SRV-11,False
ALT-CSE-11-00445,CSE-11,MEDIUM,2024-11-12T08:04:11,2024-11-12T08:30:45.705884,2024-11-12T08:22:42.179940,CLOSED,,ENDPOINT-11A,False
ALT-CSE-11-00446,CSE-11,LOW,2024-11-14T06:19:53,2024-11-14T06:32:26.135148,2024-11-14T06:52:04.369024,CLOSED,CAS-CSE-11-0123,ENDPOINT-11A,False
ALT-CSE-11-00447,CSE-11,CRITICAL,2024-10-30T08:23:54,2024-10-30T08:34:56.353086,2024-10-30T09:41:52.272493,CLOSED,CAS-CSE-11-0124,ENDPOINT-11A,False
ALT-CSE-11-00448,CSE-11,LOW,2024-12-04T20:19:37,2024-12-04T20:42:31.985535,2024-12-04T21:27:04.658091,CLOSED,,ENDPOINT-11A,False
ALT-CSE-11-00449,CSE-11,CRITICAL,2024-12-20T15:27:19,2024-12-20T15:48:54.465719,2024-12-20T16:19:14.329294,CLOSED,CAS-CSE-11-0125,ENDPOINT-11A,False
ALT-CSE-11-00450,CSE-11,CRITICAL,2024-10-02T13:41:18,2024-10-02T14:07:34.086509,2024-10-02T14:01:45.992706,CLOSED,CAS-CSE-11-0126,ENDPOINT-11A,False
ALT-CSE-11-00451,CSE-11,MEDIUM,2024-12-16T08:24:25,2024-12-16T08:47:57.462229,2024-12-16T09:23:58.232203,CLOSED,,ENDPOINT-11A,False
ALT-CSE-11-00452,CSE-11,LOW,2024-11-15T22:17:16,2024-11-15T22:28:54.185019,2024-11-15T23:22:45.162919,CLOSED,CAS-CSE-11-0127,ENDPOINT-11A,False
ALT-CSE-11-00453,CSE-11,MEDIUM,2024-11-10T02:05:38,2024-11-10T02:23:24.202971,2024-11-10T03:26:44.063402,CLOSED,,CTRL-SRV-11,False
ALT-CSE-11-00454,CSE-11,MEDIUM,2024-10-14T07:43:16,2024-10-14T07:54:04.076137,2024-10-14T08:25:21.723025,CLOSED,,ENDPOINT-11A,False
ALT-CSE-11-00455,CSE-11,CRITICAL,2024-11-04T21:30:05,2024-11-04T21:42:06.509835,2024-11-04T22:17:24.830181,CLOSED,CAS-CSE-11-0128,CTRL-SRV-11,False
ALT-CSE-11-00456,CSE-11,LOW,2024-11-24T09:35:24,2024-11-24T10:00:47.268036,2024-11-24T10:54:05.479956,CLOSED,,ENDPOINT-11A,False
ALT-CSE-11-00457,CSE-11,LOW,2024-10-13T07:13:52,2024-10-13T07:36:08.848109,2024-10-13T08:00:22.247371,CLOSED,,CTRL-SRV-11,False
ALT-CSE-11-00458,CSE-11,LOW,2024-12-13T11:35:26,2024-12-13T11:56:40.800634,2024-12-13T12:05:12.877497,CLOSED,,ENDPOINT-11A,False
ALT-CSE-11-00459,CSE-11,LOW,2024-10-08T05:34:03,2024-10-08T05:40:03.558362,2024-10-08T06:31:50.619653,CLOSED,,CTRL-SRV-11,False
ALT-CSE-11-00460,CSE-11,LOW,2024-10-27T15:22:53,2024-10-27T15:31:46.863599,2024-10-27T16:17:25.842051,CLOSED,,ENDPOINT-11A,False
ALT-CSE-11-00461,CSE-11,CRITICAL,2024-12-10T16:06:47,2024-12-10T16:31:24.934180,2024-12-10T17:14:59.771780,CLOSED,CAS-CSE-11-0129,CTRL-SRV-11,False
ALT-CSE-11-00462,CSE-11,LOW,2024-10-08T22:12:35,2024-10-08T22:32:44.598751,2024-10-08T23:18:42.181892,CLOSED,,CTRL-SRV-11,False
ALT-CSE-11-00463,CSE-11,CRITICAL,2024-10-06T21:06:29,2024-10-06T21:12:43.361167,2024-10-06T21:52:32.579537,CLOSED,CAS-CSE-11-0130,CTRL-SRV-11,False
ALT-CSE-11-00464,CSE-11,MEDIUM,2024-10-08T06:30:44,2024-10-08T06:45:04.480174,2024-10-08T07:30:52.550386,CLOSED,,ENDPOINT-11A,False
ALT-CSE-11-00465,CSE-11,CRITICAL,2024-11-17T21:02:22,2024-11-17T21:28:06.851808,2024-11-17T22:23:03.747722,CLOSED,,ENDPOINT-11A,False
ALT-CSE-11-00466,CSE-11,CRITICAL,2024-11-19T10:35:30,2024-11-19T10:52:48.101412,2024-11-19T11:00:01.378249,CLOSED,CAS-CSE-11-0131,CTRL-SRV-11,False
ALT-CSE-11-00467,CSE-11,LOW,2024-10-04T02:49:22,2024-10-04T03:07:56.295361,2024-10-04T04:10:26.231229,CLOSED,,CTRL-SRV-11,False
ALT-CSE-11-00468,CSE-11,CRITICAL,2024-11-08T07:30:15,2024-11-08T07:44:38.097892,2024-11-08T08:21:39.734763,CLOSED,,CTRL-SRV-11,False
ALT-CSE-11-00469,CSE-11,LOW,2024-12-17T06:02:46,2024-12-17T06:29:06.727232,2024-12-17T06:53:16.717549,CLOSED,,CTRL-SRV-11,False
ALT-CSE-11-00470,CSE-11,MEDIUM,2024-10-31T20:45:54,2024-10-31T21:12:51.820632,2024-10-31T21:22:57.608217,CLOSED,,CTRL-SRV-11,False
ALT-CSE-11-00471,CSE-11,LOW,2024-11-09T10:39:39,2024-11-09T11:07:34.976335,2024-11-09T11:44:50.024127,CLOSED,CAS-CSE-11-0132,CTRL-SRV-11,False
ALT-CSE-11-00472,CSE-11,MEDIUM,2024-12-26T00:54:01,2024-12-26T00:59:56.812553,2024-12-26T02:37:36.928910,CLOSED,,ENDPOINT-11A,False
ALT-CSE-11-00473,CSE-11,MEDIUM,2024-10-07T11:08:46,2024-10-07T11:38:39.455899,2024-10-07T12:18:50.252589,CLOSED,,ENDPOINT-11A,False
ALT-CSE-11-00474,CSE-11,CRITICAL,2024-12-06T05:21:30,2024-12-06T05:28:42.292671,2024-12-06T06:29:37.173886,CLOSED,,CTRL-SRV-11,False
ALT-CSE-11-00475,CSE-11,MEDIUM,2024-10-13T19:54:52,2024-10-13T20:09:26.559958,2024-10-13T20:48:47.759372,CLOSED,CAS-CSE-11-0133,ENDPOINT-11A,False
ALT-CSE-11-00476,CSE-11,MEDIUM,2024-12-27T18:16:44,2024-12-27T18:28:19.285399,2024-12-27T19:20:46.222954,CLOSED,,ENDPOINT-11A,False
ALT-CSE-11-00477,CSE-11,LOW,2024-11-15T19:59:13,2024-11-15T20:05:43.746640,2024-11-15T20:33:40.997804,CLOSED,,ENDPOINT-11A,False
ALT-CSE-11-00478,CSE-11,MEDIUM,2024-10-01T15:50:52,2024-10-01T15:57:38.049437,2024-10-01T16:34:43.075653,CLOSED,,CTRL-SRV-11,False
ALT-CSE-11-00479,CSE-11,LOW,2024-10-10T18:46:28,2024-10-10T19:05:29.888356,2024-10-10T19:20:07.622857,CLOSED,,ENDPOINT-11A,False
ALT-CSE-11-00480,CSE-11,LOW,2024-12-04T09:13:40,2024-12-04T09:30:15.232081,2024-12-04T10:24:10.752356,CLOSED,,CTRL-SRV-11,False
ALT-CSE-11-00481,CSE-11,MEDIUM,2024-10-15T19:09:36,2024-10-15T19:31:18.585221,2024-10-15T20:10:37.675681,CLOSED,,CTRL-SRV-11,False
ALT-CSE-11-00482,CSE-11,LOW,2024-11-25T00:46:07,2024-11-25T00:54:40.123491,2024-11-25T02:10:45.847066,CLOSED,,ENDPOINT-11A,False
ALT-CSE-11-00483,CSE-11,LOW,2024-11-08T20:53:34,2024-11-08T21:16:16.913100,2024-11-08T21:57:26.668425,CLOSED,,CTRL-SRV-11,False
ALT-CSE-11-00484,CSE-11,CRITICAL,2024-12-06T19:12:49,2024-12-06T19:27:26.450925,2024-12-06T19:44:04.960233,CLOSED,CAS-CSE-11-0134,ENDPOINT-11A,False
ALT-CSE-11-00485,CSE-11,MEDIUM,2024-12-16T17:23:56,2024-12-16T17:44:41.026013,2024-12-16T18:34:06.917826,CLOSED,,CTRL-SRV-11,False
ALT-CSE-11-00486,CSE-11,LOW,2024-10-08T11:56:01,2024-10-08T12:06:53.803900,2024-10-08T13:06:36.769132,CLOSED,,CTRL-SRV-11,False
ALT-CSE-11-00487,CSE-11,MEDIUM,2024-10-15T10:49:39,2024-10-15T11:16:33.145105,2024-10-15T11:39:13.307845,CLOSED,,CTRL-SRV-11,False
ALT-CSE-11-00488,CSE-11,CRITICAL,2024-11-13T06:03:02,2024-11-13T06:29:18.547693,2024-11-13T07:34:12.303037,CLOSED,CAS-CSE-11-0135,ENDPOINT-11A,False
ALT-CSE-11-00489,CSE-11,MEDIUM,2024-11-02T02:45:01,2024-11-02T03:07:21.403401,2024-11-02T03:42:03.230400,CLOSED,,CTRL-SRV-11,False
ALT-CSE-11-00490,CSE-11,CRITICAL,2024-11-29T08:35:34,2024-11-29T08:45:10.319333,2024-11-29T09:32:41.164372,CLOSED,CAS-CSE-11-0136,ENDPOINT-11A,False
ALT-CSE-11-00491,CSE-11,LOW,2024-11-18T12:31:16,2024-11-18T13:00:56.342134,2024-11-18T13:29:02.638550,CLOSED,,ENDPOINT-11A,False
ALT-CSE-11-00492,CSE-11,CRITICAL,2024-12-07T21:14:20,2024-12-07T21:26:20.753480,2024-12-07T22:21:05.040507,CLOSED,CAS-CSE-11-0137,CTRL-SRV-11,False
ALT-CSE-11-00493,CSE-11,MEDIUM,2024-11-22T22:37:50,2024-11-22T22:47:07.429732,2024-11-22T23:08:59.243705,CLOSED,,CTRL-SRV-11,False
ALT-CSE-11-00494,CSE-11,MEDIUM,2024-10-14T16:23:59,2024-10-14T16:50:12.208159,2024-10-14T17:12:15.595737,CLOSED,CAS-CSE-11-0138,CTRL-SRV-11,False
ALT-CSE-11-00495,CSE-11,MEDIUM,2024-11-16T20:31:13,2024-11-16T20:37:17.058895,2024-11-16T21:49:35.951377,CLOSED,,ENDPOINT-11A,False
ALT-CSE-11-00496,CSE-11,CRITICAL,2024-11-26T07:54:50,2024-11-26T08:13:24.878825,2024-11-26T09:20:03.548642,CLOSED,,ENDPOINT-11A,False
ALT-CSE-11-00497,CSE-11,LOW,2024-12-21T17:30:31,2024-12-21T17:39:13.648306,2024-12-21T17:48:49.436971,CLOSED,,CTRL-SRV-11,False
ALT-CSE-11-00498,CSE-11,LOW,2024-11-29T21:55:24,2024-11-29T22:07:28.380145,2024-11-29T22:19:28.482757,CLOSED,,ENDPOINT-11A,False
ALT-CSE-11-00499,CSE-11,MEDIUM,2024-12-25T11:15:38,2024-12-25T11:42:56.406551,2024-12-25T12:08:53.706127,CLOSED,CAS-CSE-11-0139,CTRL-SRV-11,False
ALT-CSE-11-00500,CSE-11,CRITICAL,2024-11-26T11:26:53,2024-11-26T11:41:16.701565,2024-11-26T12:27:03.490024,CLOSED,CAS-CSE-11-0140,ENDPOINT-11A,False
ALT-CSE-11-00501,CSE-11,MEDIUM,2024-12-07T13:24:44,2024-12-07T13:45:33.580683,2024-12-07T14:58:07.006060,CLOSED,,CTRL-SRV-11,False
ALT-CSE-11-00502,CSE-11,CRITICAL,2024-10-25T06:44:05,2024-10-25T06:53:17.624338,2024-10-25T07:54:35.333726,CLOSED,CAS-CSE-11-0141,CTRL-SRV-11,False
ALT-CSE-11-00503,CSE-11,CRITICAL,2024-11-10T09:11:25,2024-11-10T09:37:17.681395,2024-11-10T10:16:08.843462,CLOSED,CAS-CSE-11-0142,ENDPOINT-11A,False
ALT-CSE-11-00504,CSE-11,LOW,2024-12-23T17:37:59,2024-12-23T17:49:35.169140,2024-12-23T18:07:59.490473,CLOSED,,CTRL-SRV-11,False
ALT-CSE-11-00505,CSE-11,MEDIUM,2024-11-07T14:10:04,2024-11-07T14:16:44.415074,2024-11-07T15:27:46.039839,CLOSED,,CTRL-SRV-11,False
ALT-CSE-11-00506,CSE-11,MEDIUM,2024-11-13T03:01:00,2024-11-13T03:13:47.235588,2024-11-13T04:32:51.361400,CLOSED,,ENDPOINT-11A,False
ALT-CSE-11-00507,CSE-11,CRITICAL,2024-11-29T19:03:03,2024-11-29T19:21:28.939394,2024-11-29T19:38:51.630174,CLOSED,CAS-CSE-11-0143,ENDPOINT-11A,False
ALT-CSE-11-00508,CSE-11,MEDIUM,2024-12-05T06:52:04,2024-12-05T07:00:41.309961,2024-12-05T07:39:23.340120,CLOSED,,CTRL-SRV-11,False
ALT-CSE-11-00509,CSE-11,MEDIUM,2024-11-11T13:29:47,2024-11-11T13:44:31.422008,2024-11-11T14:23:01.110739,CLOSED,,CTRL-SRV-11,False
ALT-CSE-11-00510,CSE-11,MEDIUM,2024-11-21T06:23:53,2024-11-21T06:28:58.120320,2024-11-21T06:37:43.822862,CLOSED,,CTRL-SRV-11,False
ALT-CSE-11-00511,CSE-11,LOW,2024-10-07T13:46:27,2024-10-07T14:12:31.169296,2024-10-07T14:51:43.566123,CLOSED,,ENDPOINT-11A,False
ALT-CSE-11-00512,CSE-11,CRITICAL,2024-12-15T05:43:26,2024-12-15T06:01:23.584350,2024-12-15T06:58:32.278801,CLOSED,,CTRL-SRV-11,False
ALT-CSE-11-00513,CSE-11,MEDIUM,2024-11-24T13:54:02,2024-11-24T14:13:47.547151,2024-11-24T14:58:50.883407,CLOSED,,ENDPOINT-11A,False
ALT-CSE-11-00514,CSE-11,MEDIUM,2024-10-08T14:43:43,2024-10-08T15:04:44.963162,2024-10-08T15:23:26.425863,CLOSED,,CTRL-SRV-11,False
ALT-CSE-11-00515,CSE-11,MEDIUM,2024-10-29T10:36:29,2024-10-29T10:58:22.500322,2024-10-29T11:38:10.186349,CLOSED,CAS-CSE-11-0144,ENDPOINT-11A,False
ALT-CSE-11-00516,CSE-11,MEDIUM,2024-10-02T19:31:47,2024-10-02T19:41:36.112565,2024-10-02T20:48:28.504231,CLOSED,,ENDPOINT-11A,False
ALT-CSE-11-00517,CSE-11,MEDIUM,2024-10-06T04:42:46,2024-10-06T04:53:30.143743,2024-10-06T06:17:55.425462,CLOSED,,ENDPOINT-11A,False
ALT-CSE-11-00518,CSE-11,LOW,2024-11-21T20:44:39,2024-11-21T20:53:52.159867,2024-11-21T21:39:06.833930,CLOSED,,ENDPOINT-11A,False
ALT-CSE-11-00519,CSE-11,MEDIUM,2024-12-06T13:26:46,2024-12-06T13:41:06.886376,2024-12-06T13:59:50.533133,CLOSED,,CTRL-SRV-11,False
ALT-CSE-11-00520,CSE-11,MEDIUM,2024-11-17T00:10:37,2024-11-17T00:30:47.760752,2024-11-17T01:30:53.596096,CLOSED,,ENDPOINT-11A,False
ALT-CSE-11-00521,CSE-11,LOW,2024-11-25T12:35:27,2024-11-25T12:50:05.100741,2024-11-25T13:15:27.571970,CLOSED,,CTRL-SRV-11,False
ALT-CSE-11-00522,CSE-11,LOW,2024-10-16T17:00:12,2024-10-16T17:19:17.132420,2024-10-16T18:07:00.201515,CLOSED,,CTRL-SRV-11,False
ALT-CSE-11-00523,CSE-11,CRITICAL,2024-10-18T04:06:08,2024-10-18T04:27:47.667285,2024-10-18T05:09:46.478159,CLOSED,CAS-CSE-11-0145,CTRL-SRV-11,False
ALT-CSE-11-00524,CSE-11,CRITICAL,2024-10-23T16:51:55,2024-10-23T17:12:34.744446,2024-10-23T17:34:05.896611,CLOSED,CAS-CSE-11-0146,ENDPOINT-11A,False
ALT-CSE-11-00525,CSE-11,MEDIUM,2024-12-29T23:03:43,2024-12-29T23:28:02.443094,2024-12-30T00:16:33.238322,CLOSED,,ENDPOINT-11A,False
ALT-CSE-11-00526,CSE-11,MEDIUM,2024-12-11T23:34:36,2024-12-11T23:54:06.541764,2024-12-12T01:02:38.954873,CLOSED,,CTRL-SRV-11,False
ALT-CSE-11-00527,CSE-11,MEDIUM,2024-12-23T12:11:56,2024-12-23T12:30:00.206242,2024-12-23T13:15:26.029375,CLOSED,,ENDPOINT-11A,False
ALT-CSE-11-00528,CSE-11,LOW,2024-11-19T03:35:35,2024-11-19T04:04:03.288531,2024-11-19T04:55:54.365787,CLOSED,,ENDPOINT-11A,False
ALT-CSE-11-00529,CSE-11,LOW,2024-10-26T00:01:35,2024-10-26T00:10:30.173739,2024-10-26T01:08:43.948695,CLOSED,,CTRL-SRV-11,False
ALT-CSE-11-00530,CSE-11,CRITICAL,2024-11-30T22:22:04,2024-11-30T22:41:19.194078,2024-11-30T22:59:23.027931,CLOSED,CAS-CSE-11-0147,CTRL-SRV-11,False
ALT-CSE-11-00531,CSE-11,LOW,2024-11-05T23:46:46,2024-11-06T00:12:16.141286,2024-11-06T01:16:20.079813,CLOSED,,ENDPOINT-11A,False
ALT-CSE-11-00532,CSE-11,LOW,2024-10-23T23:18:01,2024-10-23T23:35:43.341902,2024-10-24T00:44:08.726292,CLOSED,,ENDPOINT-11A,False
ALT-CSE-11-00533,CSE-11,LOW,2024-10-29T17:59:14,2024-10-29T18:12:49.541473,2024-10-29T18:55:48.304723,CLOSED,,ENDPOINT-11A,False
ALT-CSE-11-00534,CSE-11,LOW,2024-12-18T15:59:24,2024-12-18T16:18:45.787573,2024-12-18T16:50:27.326494,CLOSED,,CTRL-SRV-11,False
ALT-CSE-11-00535,CSE-11,MEDIUM,2024-12-10T17:12:54,2024-12-10T17:20:40.838580,2024-12-10T18:22:09.757577,CLOSED,CAS-CSE-11-0148,CTRL-SRV-11,False
ALT-CSE-11-00536,CSE-11,MEDIUM,2024-11-23T02:35:37,2024-11-23T02:56:56.203558,2024-11-23T03:26:12.393726,CLOSED,,CTRL-SRV-11,False
ALT-CSE-11-00537,CSE-11,CRITICAL,2024-12-11T17:11:06,2024-12-11T17:18:10.958684,2024-12-11T18:11:23.612268,CLOSED,CAS-CSE-11-0149,ENDPOINT-11A,False
ALT-CSE-11-00538,CSE-11,LOW,2024-12-27T02:02:10,2024-12-27T02:22:36.867260,2024-12-27T03:01:56.816392,CLOSED,,CTRL-SRV-11,False
ALT-CSE-11-00539,CSE-11,LOW,2024-11-10T19:27:14,2024-11-10T19:41:41.881933,2024-11-10T20:04:58.356207,CLOSED,,ENDPOINT-11A,False
ALT-CSE-11-00540,CSE-11,MEDIUM,2024-12-22T22:22:36,2024-12-22T22:43:59.067860,2024-12-22T23:18:30.649677,CLOSED,,CTRL-SRV-11,False
ALT-CSE-11-00541,CSE-11,MEDIUM,2024-12-16T15:05:58,2024-12-16T15:33:42.544163,2024-12-16T16:00:10.560501,CLOSED,,CTRL-SRV-11,False
ALT-CSE-11-00542,CSE-11,MEDIUM,2024-11-16T01:13:53,2024-11-16T01:35:24.402703,2024-11-16T02:15:07.406985,CLOSED,,CTRL-SRV-11,False
ALT-CSE-11-00543,CSE-11,CRITICAL,2024-11-07T07:01:11,2024-11-07T07:07:15.227215,2024-11-07T07:54:56.623231,CLOSED,CAS-CSE-11-0150,ENDPOINT-11A,False
ALT-CSE-11-00544,CSE-11,MEDIUM,2024-10-27T17:51:36,2024-10-27T18:14:21.394940,2024-10-27T19:01:43.200507,CLOSED,,CTRL-SRV-11,False
ALT-CSE-11-00545,CSE-11,LOW,2024-11-18T09:03:24,2024-11-18T09:25:36.922572,2024-11-18T10:20:19.450515,CLOSED,,CTRL-SRV-11,False
ALT-CSE-11-00546,CSE-11,CRITICAL,2024-11-05T03:56:42,2024-11-05T04:14:22.417218,2024-11-05T04:34:20.466378,CLOSED,CAS-CSE-11-0151,CTRL-SRV-11,False
ALT-CSE-11-00547,CSE-11,CRITICAL,2024-11-27T06:03:51,2024-11-27T06:29:58.118230,2024-11-27T06:56:44.600302,CLOSED,CAS-CSE-11-0152,CTRL-SRV-11,False
ALT-CSE-11-00548,CSE-11,MEDIUM,2024-12-12T07:56:36,2024-12-12T08:22:14.343610,2024-12-12T08:04:19.089898,CLOSED,,ENDPOINT-11A,False
ALT-CSE-11-00549,CSE-11,MEDIUM,2024-10-08T00:13:39,2024-10-08T00:29:51.700355,2024-10-08T01:19:24.622150,CLOSED,,ENDPOINT-11A,False
ALT-CSE-11-00550,CSE-11,MEDIUM,2024-10-07T18:15:38,2024-10-07T18:44:57.496092,2024-10-07T19:22:18.504685,CLOSED,,CTRL-SRV-11,False
ALT-CSE-11-00551,CSE-11,MEDIUM,2024-11-15T18:24:31,2024-11-15T18:41:17.393348,2024-11-15T19:42:22.236466,CLOSED,,CTRL-SRV-11,False
ALT-CSE-11-00552,CSE-11,LOW,2024-10-08T21:37:34,2024-10-08T21:53:29.853332,2024-10-08T22:18:12.053177,CLOSED,CAS-CSE-11-0153,ENDPOINT-11A,False
ALT-CSE-11-00553,CSE-11,MEDIUM,2024-12-07T12:18:19,2024-12-07T12:30:08.124372,2024-12-07T13:18:14.634884,CLOSED,CAS-CSE-11-0154,ENDPOINT-11A,False
ALT-CSE-11-00554,CSE-11,MEDIUM,2024-12-18T06:43:51,2024-12-18T06:49:35.755772,2024-12-18T07:03:25.326070,CLOSED,,ENDPOINT-11A,False
ALT-CSE-11-00555,CSE-11,CRITICAL,2024-10-26T14:16:47,2024-10-26T14:46:36.124505,2024-10-26T15:22:57.004918,CLOSED,CAS-CSE-11-0155,CTRL-SRV-11,False
ALT-CSE-11-00556,CSE-11,MEDIUM,2024-12-09T23:48:04,2024-12-10T00:14:29.698801,2024-12-10T00:32:06.793768,CLOSED,,CTRL-SRV-11,False
ALT-CSE-11-00557,CSE-11,MEDIUM,2024-11-21T00:15:14,2024-11-21T00:42:21.227190,2024-11-21T01:49:54.696632,CLOSED,,CTRL-SRV-11,False
ALT-CSE-11-00558,CSE-11,MEDIUM,2024-12-19T15:01:09,2024-12-19T15:10:01.812790,2024-12-19T16:05:18.703431,CLOSED,,ENDPOINT-11A,False
ALT-CSE-11-00559,CSE-11,MEDIUM,2024-10-21T21:10:03,2024-10-21T21:26:46.971898,2024-10-21T21:49:50.516376,CLOSED,,ENDPOINT-11A,False
ALT-CSE-11-00560,CSE-11,MEDIUM,2024-11-28T01:54:17,2024-11-28T02:12:34.220491,2024-11-28T03:07:15.818616,CLOSED,,ENDPOINT-11A,False
ALT-CSE-11-00561,CSE-11,CRITICAL,2024-10-19T16:42:32,2024-10-19T16:52:03.889493,2024-10-19T18:00:18.742603,CLOSED,CAS-CSE-11-0156,CTRL-SRV-11,False
ALT-CSE-11-00562,CSE-11,LOW,2024-10-09T12:13:33,2024-10-09T12:20:58.720492,2024-10-09T13:20:14.279385,CLOSED,,ENDPOINT-11A,False
ALT-CSE-11-00563,CSE-11,CRITICAL,2024-12-11T22:48:21,2024-12-11T23:01:57.137631,2024-12-11T23:22:48.649157,CLOSED,CAS-CSE-11-0157,CTRL-SRV-11,False
ALT-CSE-11-00564,CSE-11,LOW,2024-10-21T08:02:33,2024-10-21T08:25:58.590045,2024-10-21T09:38:40.473392,CLOSED,CAS-CSE-11-0158,CTRL-SRV-11,False
ALT-CSE-11-00565,CSE-11,LOW,2024-11-14T02:20:19,2024-11-14T02:40:16.076198,2024-11-14T03:34:46.925030,CLOSED,,ENDPOINT-11A,False
ALT-CSE-11-00566,CSE-11,CRITICAL,2024-11-28T02:26:21,2024-11-28T02:37:10.392591,2024-11-28T03:50:46.499190,CLOSED,CAS-CSE-11-0159,ENDPOINT-11A,False
ALT-CSE-11-00567,CSE-11,MEDIUM,2024-10-09T07:17:53,2024-10-09T07:46:12.277587,2024-10-09T08:22:20.285957,CLOSED,,CTRL-SRV-11,False
ALT-CSE-11-00568,CSE-11,MEDIUM,2024-10-26T01:36:00,2024-10-26T01:52:05.884464,2024-10-26T02:21:30.344048,CLOSED,,ENDPOINT-11A,False
ALT-CSE-11-00569,CSE-11,MEDIUM,2024-10-03T12:57:22,2024-10-03T13:25:06.421348,2024-10-03T13:55:28.981764,CLOSED,,ENDPOINT-11A,False
ALT-CSE-11-00570,CSE-11,CRITICAL,2024-11-14T22:02:58,2024-11-14T22:32:23.689164,2024-11-14T23:08:45.684512,CLOSED,CAS-CSE-11-0160,ENDPOINT-11A,False
ALT-CSE-11-00571,CSE-11,LOW,2024-10-17T02:13:03,2024-10-17T02:22:40.512171,2024-10-17T02:45:39.866285,CLOSED,,ENDPOINT-11A,False
ALT-CSE-11-00572,CSE-11,MEDIUM,2024-11-10T17:12:23,2024-11-10T17:20:42.458597,2024-11-10T18:04:14.455717,CLOSED,,ENDPOINT-11A,False
ALT-CSE-11-00573,CSE-11,MEDIUM,2024-11-07T10:23:42,2024-11-07T10:28:49.498368,2024-11-07T10:58:19.714749,CLOSED,,ENDPOINT-11A,False
ALT-CSE-11-00574,CSE-11,LOW,2024-11-25T13:11:35,2024-11-25T13:24:46.285507,2024-11-25T13:49:05.880446,CLOSED,,CTRL-SRV-11,False
ALT-CSE-11-00575,CSE-11,MEDIUM,2024-12-01T17:23:10,2024-12-01T17:37:59.363083,2024-12-01T18:17:37.624443,CLOSED,,CTRL-SRV-11,False
ALT-CSE-11-00576,CSE-11,LOW,2024-11-07T16:41:38,2024-11-07T16:59:23.593602,2024-11-07T17:23:56.866559,CLOSED,,CTRL-SRV-11,False
ALT-CSE-11-00577,CSE-11,LOW,2024-11-10T21:20:07,2024-11-10T21:34:47.198348,2024-11-10T22:48:28.658255,CLOSED,CAS-CSE-11-0161,CTRL-SRV-11,False
ALT-CSE-11-00578,CSE-11,CRITICAL,2024-12-16T23:35:11,2024-12-17T00:03:54.472751,2024-12-17T00:46:24.723422,CLOSED,,CTRL-SRV-11,False
ALT-CSE-11-00579,CSE-11,LOW,2024-11-16T22:13:07,2024-11-16T22:18:58.252056,2024-11-16T23:23:59.559179,CLOSED,,CTRL-SRV-11,False
ALT-CSE-11-00580,CSE-11,MEDIUM,2024-11-03T12:15:06,2024-11-03T12:30:56.502163,2024-11-03T12:44:36.129586,CLOSED,CAS-CSE-11-0162,CTRL-SRV-11,False
ALT-CSE-11-00581,CSE-11,LOW,2024-11-14T04:28:38,2024-11-14T04:44:39.692692,2024-11-14T05:02:56.588000,CLOSED,,ENDPOINT-11A,False
ALT-CSE-11-00582,CSE-11,LOW,2024-11-26T07:56:28,2024-11-26T08:15:33.286458,2024-11-26T08:56:35.870703,CLOSED,,CTRL-SRV-11,False
ALT-CSE-11-00583,CSE-11,CRITICAL,2024-11-06T13:15:08,2024-11-06T13:23:23.546270,2024-11-06T14:08:27.383320,CLOSED,CAS-CSE-11-0163,CTRL-SRV-11,False
ALT-CSE-11-00584,CSE-11,MEDIUM,2024-11-12T03:39:35,2024-11-12T03:57:16.781390,2024-11-12T04:45:52.802776,CLOSED,,CTRL-SRV-11,False
ALT-CSE-11-00585,CSE-11,LOW,2024-10-20T22:56:44,2024-10-20T23:09:03.495604,2024-10-21T00:14:16.000340,CLOSED,,CTRL-SRV-11,False
ALT-CSE-11-00586,CSE-11,MEDIUM,2024-11-02T22:42:26,2024-11-02T23:05:41.141130,2024-11-03T00:03:38.283626,CLOSED,,ENDPOINT-11A,False
ALT-CSE-11-00587,CSE-11,MEDIUM,2024-11-22T16:47:04,2024-11-22T17:11:57.859785,2024-11-22T18:11:35.007597,CLOSED,,ENDPOINT-11A,False
ALT-CSE-11-00588,CSE-11,MEDIUM,2024-11-20T20:52:52,2024-11-20T21:19:26.243960,2024-11-20T22:28:58.774559,CLOSED,,ENDPOINT-11A,False
ALT-CSE-11-00589,CSE-11,MEDIUM,2024-10-04T08:23:52,2024-10-04T08:29:00.724023,2024-10-04T09:34:29.476481,CLOSED,,ENDPOINT-11A,False
ALT-CSE-11-00590,CSE-11,CRITICAL,2024-11-02T01:28:43,2024-11-02T01:41:46.413583,2024-11-02T02:46:01.050147,CLOSED,CAS-CSE-11-0164,ENDPOINT-11A,False
ALT-CSE-11-00591,CSE-11,LOW,2024-12-15T22:15:59,2024-12-15T22:26:32.282795,2024-12-15T23:02:19.643902,CLOSED,,CTRL-SRV-11,False
ALT-CSE-11-00592,CSE-11,MEDIUM,2024-12-14T06:39:06,2024-12-14T06:50:51.221881,2024-12-14T07:46:46.998810,CLOSED,,ENDPOINT-11A,False
ALT-CSE-11-00593,CSE-11,CRITICAL,2024-10-26T13:20:17,2024-10-26T13:32:52.595306,2024-10-26T14:40:56.057632,CLOSED,CAS-CSE-11-0165,ENDPOINT-11A,False
ALT-CSE-11-00594,CSE-11,CRITICAL,2024-10-31T06:51:53,2024-10-31T07:08:39.037845,2024-10-31T07:31:58.437330,CLOSED,CAS-CSE-11-0166,CTRL-SRV-11,False
ALT-CSE-11-00595,CSE-11,LOW,2024-12-10T10:37:11,2024-12-10T10:46:39.809943,2024-12-10T11:23:41.613931,CLOSED,,ENDPOINT-11A,False
ALT-CSE-11-00596,CSE-11,MEDIUM,2024-11-03T14:16:53,2024-11-03T14:40:06.891168,2024-11-03T15:31:59.219982,CLOSED,,CTRL-SRV-11,False
ALT-CSE-11-00597,CSE-11,MEDIUM,2024-10-15T22:04:44,2024-10-15T22:14:57.990235,2024-10-15T23:20:47.417580,CLOSED,,ENDPOINT-11A,False
ALT-CSE-11-00598,CSE-11,LOW,2024-10-04T05:25:27,2024-10-04T05:50:01.718027,2024-10-04T06:36:41.105136,CLOSED,,CTRL-SRV-11,False
ALT-CSE-11-00599,CSE-11,MEDIUM,2024-10-07T05:33:39,2024-10-07T05:56:06.603743,2024-10-07T07:08:22.701992,CLOSED,,ENDPOINT-11A,False
ALT-CSE-11-00600,CSE-11,LOW,2024-10-25T09:15:46,2024-10-25T09:35:44.993563,2024-10-25T10:09:09.223105,CLOSED,,CTRL-SRV-11,False
ALT-CSE-11-00601,CSE-11,MEDIUM,2024-10-12T14:26:49,2024-10-12T14:54:01.151757,2024-10-12T15:55:50.595246,CLOSED,,CTRL-SRV-11,False
ALT-CSE-11-00602,CSE-11,MEDIUM,2024-10-27T21:51:08,2024-10-27T22:00:46.191556,2024-10-27T22:52:24.547483,CLOSED,,CTRL-SRV-11,False
ALT-CSE-11-00603,CSE-11,LOW,2024-11-28T11:52:18,2024-11-28T11:59:30.134475,2024-11-28T13:17:12.950390,CLOSED,,CTRL-SRV-11,False
ALT-CSE-11-00604,CSE-11,MEDIUM,2024-11-14T18:35:42,2024-11-14T18:56:29.447001,2024-11-14T19:19:23.222397,CLOSED,,ENDPOINT-11A,False
ALT-CSE-11-00605,CSE-11,MEDIUM,2024-11-14T20:10:40,2024-11-14T20:26:36.837294,2024-11-14T21:03:42.589309,CLOSED,,CTRL-SRV-11,False
ALT-CSE-11-00606,CSE-11,MEDIUM,2024-12-04T01:52:34,2024-12-04T02:00:09.918162,2024-12-04T02:25:02.670459,CLOSED,,CTRL-SRV-11,False
ALT-CSE-11-00607,CSE-11,LOW,2024-12-29T04:14:49,2024-12-29T04:29:50.657793,2024-12-29T05:32:32.393276,CLOSED,CAS-CSE-11-0167,ENDPOINT-11A,False
ALT-CSE-11-00608,CSE-11,MEDIUM,2024-10-30T08:20:30,2024-10-30T08:34:11.010869,2024-10-30T09:28:57.229087,CLOSED,,ENDPOINT-11A,False
ALT-CSE-11-00609,CSE-11,MEDIUM,2024-11-21T03:33:38,2024-11-21T03:44:58.983507,2024-11-21T04:42:41.183790,CLOSED,,CTRL-SRV-11,False
ALT-CSE-11-00610,CSE-11,CRITICAL,2024-12-23T10:17:51,2024-12-23T10:27:27.679969,2024-12-23T11:17:04.239760,CLOSED,,ENDPOINT-11A,False
ALT-CSE-11-00611,CSE-11,CRITICAL,2024-10-30T18:30:36,2024-10-30T18:36:30.698449,2024-10-30T19:14:09.292498,CLOSED,CAS-CSE-11-0168,ENDPOINT-11A,False
ALT-CSE-11-00612,CSE-11,MEDIUM,2024-12-04T02:34:06,2024-12-04T02:42:45.328544,2024-12-04T03:04:53.616110,CLOSED,,ENDPOINT-11A,False
ALT-CSE-11-00613,CSE-11,MEDIUM,2024-10-16T20:05:26,2024-10-16T20:30:38.101880,2024-10-16T21:17:46.843051,CLOSED,,ENDPOINT-11A,False
ALT-CSE-11-00614,CSE-11,MEDIUM,2024-10-15T12:24:21,2024-10-15T12:38:26.143157,2024-10-15T13:40:16.236355,CLOSED,,CTRL-SRV-11,False
ALT-CSE-11-00615,CSE-11,CRITICAL,2024-10-26T06:43:26,2024-10-26T07:05:03.368196,2024-10-26T07:23:32.393392,CLOSED,,ENDPOINT-11A,False
ALT-CSE-11-00616,CSE-11,LOW,2024-10-22T17:40:21,2024-10-22T17:47:41.915564,2024-10-22T18:20:14.506299,CLOSED,,ENDPOINT-11A,False
ALT-CSE-11-00617,CSE-11,MEDIUM,2024-10-04T03:56:14,2024-10-04T04:07:57.935084,2024-10-04T05:05:49.349999,CLOSED,,ENDPOINT-11A,False
ALT-CSE-11-00618,CSE-11,MEDIUM,2024-11-27T00:29:37,2024-11-27T00:54:00.354811,2024-11-27T01:37:14.923076,CLOSED,CAS-CSE-11-0169,ENDPOINT-11A,False
ALT-CSE-11-00619,CSE-11,MEDIUM,2024-10-14T18:24:28,2024-10-14T18:43:55.357250,2024-10-14T18:56:03.573234,CLOSED,CAS-CSE-11-0170,ENDPOINT-11A,False
ALT-CSE-11-00620,CSE-11,MEDIUM,2024-10-23T23:59:51,2024-10-24T00:16:48.912012,2024-10-24T00:28:43.290500,CLOSED,,ENDPOINT-11A,False
ALT-CSE-11-00621,CSE-11,MEDIUM,2024-10-24T12:59:19,2024-10-24T13:21:06.718993,2024-10-24T13:57:23.003517,CLOSED,,ENDPOINT-11A,False
ALT-CSE-11-00622,CSE-11,MEDIUM,2024-10-15T10:11:58,2024-10-15T10:19:10.804920,2024-10-15T11:57:32.118972,CLOSED,,ENDPOINT-11A,False
ALT-CSE-11-00623,CSE-11,MEDIUM,2024-10-21T11:36:10,2024-10-21T12:00:29.487831,2024-10-21T12:52:09.836426,CLOSED,,CTRL-SRV-11,False
ALT-CSE-11-00624,CSE-11,MEDIUM,2024-12-05T02:20:11,2024-12-05T02:33:00.477341,2024-12-05T03:36:24.331985,CLOSED,,CTRL-SRV-11,False
ALT-CSE-11-00625,CSE-11,MEDIUM,2024-10-27T04:00:28,2024-10-27T04:09:58.025135,2024-10-27T05:36:21.371170,CLOSED,,ENDPOINT-11A,False
ALT-CSE-11-00626,CSE-11,MEDIUM,2024-10-17T23:16:36,2024-10-17T23:22:12.485930,2024-10-18T00:35:34.592576,CLOSED,,CTRL-SRV-11,False
ALT-CSE-11-00627,CSE-11,CRITICAL,2024-10-14T01:14:47,2024-10-14T01:33:45.915532,2024-10-14T02:35:23.392359,CLOSED,,CTRL-SRV-11,False
ALT-CSE-11-00628,CSE-11,MEDIUM,2024-10-10T07:11:06,2024-10-10T07:34:54.693586,2024-10-10T07:50:04.058892,CLOSED,,ENDPOINT-11A,False
ALT-CSE-11-00629,CSE-11,CRITICAL,2024-12-11T04:38:14,2024-12-11T04:58:54.913724,2024-12-11T06:00:23.776241,CLOSED,,CTRL-SRV-11,False
ALT-CSE-11-00630,CSE-11,CRITICAL,2024-10-26T05:41:30,2024-10-26T05:52:22.792658,2024-10-26T06:37:59.529467,CLOSED,CAS-CSE-11-0171,CTRL-SRV-11,False
ALT-CSE-11-00631,CSE-11,MEDIUM,2024-11-01T19:05:46,2024-11-01T19:13:34.016181,2024-11-01T20:14:58.606621,CLOSED,,ENDPOINT-11A,False
ALT-CSE-11-00632,CSE-11,CRITICAL,2024-11-23T15:20:51,2024-11-23T15:34:33.889766,2024-11-23T16:01:57.241890,CLOSED,,ENDPOINT-11A,False
ALT-CSE-11-00633,CSE-11,CRITICAL,2024-12-08T17:49:06,2024-12-08T18:18:37.112771,2024-12-08T18:46:13.163822,CLOSED,CAS-CSE-11-0172,ENDPOINT-11A,False
ALT-CSE-11-00634,CSE-11,LOW,2024-12-04T22:18:38,2024-12-04T22:39:45.453209,2024-12-04T23:12:34.370968,CLOSED,CAS-CSE-11-0173,ENDPOINT-11A,False
ALT-CSE-11-00635,CSE-11,CRITICAL,2024-10-10T06:22:35,2024-10-10T06:28:41.828052,2024-10-10T07:38:02.806044,CLOSED,,ENDPOINT-11A,False
ALT-CSE-11-00636,CSE-11,MEDIUM,2024-11-19T13:32:50,2024-11-19T13:55:37.167127,2024-11-19T14:17:15.591740,CLOSED,,CTRL-SRV-11,False
ALT-CSE-11-00637,CSE-11,CRITICAL,2024-11-12T18:42:27,2024-11-12T18:58:22.290741,2024-11-12T20:01:26.047759,CLOSED,CAS-CSE-11-0174,ENDPOINT-11A,False
ALT-CSE-11-00638,CSE-11,MEDIUM,2024-12-03T20:17:45,2024-12-03T20:44:24.854728,2024-12-03T21:14:46.469986,CLOSED,,ENDPOINT-11A,False
ALT-CSE-11-00639,CSE-11,LOW,2024-11-30T19:25:13,2024-11-30T19:40:57.553241,2024-11-30T20:21:31.436708,CLOSED,,ENDPOINT-11A,False
ALT-CSE-11-00640,CSE-11,LOW,2024-10-13T16:44:02,2024-10-13T16:55:19.753927,2024-10-13T17:18:21.669425,CLOSED,,CTRL-SRV-11,False
ALT-CSE-11-00641,CSE-11,CRITICAL,2024-10-30T00:05:59,2024-10-30T00:27:21.064337,2024-10-30T00:43:38.292679,CLOSED,CAS-CSE-11-0175,CTRL-SRV-11,False
ALT-CSE-11-00642,CSE-11,MEDIUM,2024-12-19T23:21:41,2024-12-19T23:32:26.826739,2024-12-20T00:41:55.952719,CLOSED,,CTRL-SRV-11,False
ALT-CSE-11-00643,CSE-11,MEDIUM,2024-10-14T16:39:12,2024-10-14T17:06:38.401368,2024-10-14T17:18:20.017440,CLOSED,,CTRL-SRV-11,False
ALT-CSE-11-00644,CSE-11,MEDIUM,2024-12-09T19:32:43,2024-12-09T19:40:13.996644,2024-12-09T20:23:39.431662,CLOSED,,CTRL-SRV-11,False
ALT-CSE-11-00645,CSE-11,LOW,2024-10-22T14:34:13,2024-10-22T14:50:41.414817,2024-10-22T15:31:09.596960,CLOSED,,CTRL-SRV-11,False
ALT-CSE-11-00646,CSE-11,MEDIUM,2024-11-04T07:16:05,2024-11-04T07:26:51.500682,2024-11-04T09:05:27.653402,CLOSED,CAS-CSE-11-0176,ENDPOINT-11A,False
ALT-CSE-11-00647,CSE-11,MEDIUM,2024-12-26T03:08:26,2024-12-26T03:35:59.670009,2024-12-26T04:07:11.813508,CLOSED,,ENDPOINT-11A,False
ALT-CSE-11-00648,CSE-11,CRITICAL,2024-12-20T22:37:14,2024-12-20T22:50:14.545922,2024-12-21T00:14:26.585146,CLOSED,CAS-CSE-11-0177,ENDPOINT-11A,False
ALT-CSE-11-00649,CSE-11,LOW,2024-11-11T15:08:14,2024-11-11T15:27:29.721517,2024-11-11T16:20:20.535249,CLOSED,,CTRL-SRV-11,False
ALT-CSE-11-00650,CSE-11,LOW,2024-10-06T03:07:37,2024-10-06T03:17:35.401053,2024-10-06T04:43:08.580746,CLOSED,,ENDPOINT-11A,False
ALT-CSE-11-00651,CSE-11,MEDIUM,2024-10-02T03:58:58,2024-10-02T04:18:25.922998,2024-10-02T05:13:41.278451,CLOSED,,ENDPOINT-11A,False
ALT-CSE-11-00652,CSE-11,MEDIUM,2024-10-16T11:19:57,2024-10-16T11:49:08.932049,2024-10-16T12:14:52.145093,CLOSED,,ENDPOINT-11A,False
ALT-CSE-11-00653,CSE-11,MEDIUM,2024-11-04T16:22:53,2024-11-04T16:47:02.780745,2024-11-04T17:05:39.412309,CLOSED,CAS-CSE-11-0178,ENDPOINT-11A,False
ALT-CSE-11-00654,CSE-11,MEDIUM,2024-11-02T03:48:09,2024-11-02T04:03:19.791257,2024-11-02T04:50:36.112077,CLOSED,,ENDPOINT-11A,False
ALT-CSE-11-00655,CSE-11,MEDIUM,2024-12-18T05:21:35,2024-12-18T05:50:49.729950,2024-12-18T06:56:04.365720,CLOSED,,ENDPOINT-11A,False
ALT-CSE-11-00656,CSE-11,CRITICAL,2024-12-26T13:20:58,2024-12-26T13:27:39.675174,2024-12-26T14:18:03.256930,CLOSED,,ENDPOINT-11A,False
ALT-CSE-11-00657,CSE-11,LOW,2024-11-27T04:20:55,2024-11-27T04:50:17.603400,2024-11-27T04:31:42.228554,CLOSED,,ENDPOINT-11A,False
ALT-CSE-11-00658,CSE-11,MEDIUM,2024-11-02T20:45:11,2024-11-02T21:05:00.310542,2024-11-02T22:06:59.415316,CLOSED,,ENDPOINT-11A,False
ALT-CSE-11-00659,CSE-11,LOW,2024-12-07T09:05:59,2024-12-07T09:14:19.879755,2024-12-07T09:27:36.137749,CLOSED,,CTRL-SRV-11,False
ALT-CSE-11-00660,CSE-11,MEDIUM,2024-11-11T15:01:26,2024-11-11T15:29:01.078629,2024-11-11T16:27:53.768809,CLOSED,,ENDPOINT-11A,False
ALT-CSE-11-00661,CSE-11,LOW,2024-12-02T17:04:55,2024-12-02T17:23:13.931791,2024-12-02T17:51:50.302556,CLOSED,,ENDPOINT-11A,False
ALT-CSE-11-00662,CSE-11,MEDIUM,2024-10-11T04:46:31,2024-10-11T05:02:14.498072,2024-10-11T05:35:56.059920,CLOSED,,ENDPOINT-11A,False
ALT-CSE-11-00663,CSE-11,MEDIUM,2024-10-05T21:48:23,2024-10-05T22:04:37.729751,2024-10-05T23:11:44.513603,CLOSED,,CTRL-SRV-11,False
ALT-CSE-11-00664,CSE-11,CRITICAL,2024-11-28T00:20:21,2024-11-28T00:28:55.402990,2024-11-28T01:26:37.457944,CLOSED,CAS-CSE-11-0179,ENDPOINT-11A,False
ALT-CSE-11-00665,CSE-11,CRITICAL,2024-12-17T03:31:20,2024-12-17T03:39:03.002617,2024-12-17T04:47:35.239298,CLOSED,CAS-CSE-11-0180,CTRL-SRV-11,False
ALT-CSE-11-00666,CSE-11,CRITICAL,2024-12-12T21:54:29,2024-12-12T22:07:25.386509,2024-12-12T23:24:23.879228,CLOSED,,ENDPOINT-11A,False
ALT-CSE-11-00667,CSE-11,MEDIUM,2024-11-19T18:29:40,2024-11-19T18:49:13.698994,2024-11-19T18:58:49.327061,CLOSED,,ENDPOINT-11A,False
ALT-CSE-11-00668,CSE-11,MEDIUM,2024-11-28T18:38:27,2024-11-28T19:00:01.421824,2024-11-28T20:18:15.797011,CLOSED,,ENDPOINT-11A,False
ALT-CSE-11-00669,CSE-11,MEDIUM,2024-11-28T08:29:26,2024-11-28T08:46:06.382553,2024-11-28T09:20:06.782251,CLOSED,,CTRL-SRV-11,False
ALT-CSE-11-00670,CSE-11,MEDIUM,2024-11-25T01:35:04,2024-11-25T01:49:08.398176,2024-11-25T02:52:43.383875,CLOSED,,CTRL-SRV-11,False
ALT-CSE-11-00671,CSE-11,MEDIUM,2024-10-25T08:33:10,2024-10-25T08:39:21.170409,2024-10-25T09:49:16.439098,CLOSED,,CTRL-SRV-11,False
ALT-CSE-11-00672,CSE-11,CRITICAL,2024-10-25T01:25:12,2024-10-25T01:33:12.585981,2024-10-25T02:37:22.453028,CLOSED,,CTRL-SRV-11,False
ALT-CSE-11-00673,CSE-11,CRITICAL,2024-12-24T20:50:50,2024-12-24T20:58:43.237196,2024-12-24T21:30:22.309742,CLOSED,CAS-CSE-11-0181,ENDPOINT-11A,False
ALT-CSE-11-00674,CSE-11,CRITICAL,2024-12-17T05:46:50,2024-12-17T06:14:31.104513,2024-12-17T06:50:55.613112,CLOSED,CAS-CSE-11-0182,CTRL-SRV-11,False
ALT-CSE-11-00675,CSE-11,MEDIUM,2024-11-04T09:10:15,2024-11-04T09:36:11.989413,2024-11-04T10:39:28.744825,CLOSED,,ENDPOINT-11A,False
ALT-CSE-11-00676,CSE-11,MEDIUM,2024-11-11T03:45:02,2024-11-11T03:58:22.211507,2024-11-11T04:43:47.167600,CLOSED,,ENDPOINT-11A,False
ALT-CSE-11-00677,CSE-11,LOW,2024-12-16T14:29:28,2024-12-16T14:51:03.586523,2024-12-16T15:08:21.763231,CLOSED,,CTRL-SRV-11,False
ALT-CSE-11-00678,CSE-11,LOW,2024-10-28T13:55:03,2024-10-28T14:01:09.668151,2024-10-28T15:10:37.820186,CLOSED,,ENDPOINT-11A,False
ALT-CSE-11-00679,CSE-11,MEDIUM,2024-10-12T13:45:11,2024-10-12T14:02:10.821078,2024-10-12T14:48:58.799014,CLOSED,,CTRL-SRV-11,False
ALT-CSE-11-00680,CSE-11,MEDIUM,2024-10-04T14:05:42,2024-10-04T14:29:30.755887,2024-10-04T15:21:05.987114,CLOSED,,ENDPOINT-11A,False
ALT-CSE-11-00681,CSE-11,CRITICAL,2024-10-06T14:44:37,2024-10-06T14:58:46.672873,2024-10-06T15:24:00.609054,CLOSED,CAS-CSE-11-0183,ENDPOINT-11A,False
ALT-CSE-11-00682,CSE-11,MEDIUM,2024-10-23T16:09:14,2024-10-23T16:30:49.375380,2024-10-23T17:35:41.569252,CLOSED,,CTRL-SRV-11,False
ALT-CSE-11-00683,CSE-11,CRITICAL,2024-11-09T13:54:39,2024-11-09T14:20:45.261567,2024-11-09T14:30:51.431300,CLOSED,CAS-CSE-11-0184,ENDPOINT-11A,False
ALT-CSE-11-00684,CSE-11,LOW,2024-10-14T14:17:24,2024-10-14T14:36:49.874553,2024-10-14T15:33:34.384950,CLOSED,,CTRL-SRV-11,False
ALT-CSE-11-00685,CSE-11,LOW,2024-10-29T01:02:03,2024-10-29T01:18:24.656048,2024-10-29T02:30:50.379902,CLOSED,,ENDPOINT-11A,False
ALT-CSE-11-00686,CSE-11,CRITICAL,2024-11-15T10:28:32,2024-11-15T10:53:02.717424,2024-11-15T11:58:27.617687,CLOSED,,CTRL-SRV-11,False
ALT-CSE-11-00687,CSE-11,MEDIUM,2024-12-24T05:28:56,2024-12-24T05:43:25.085788,2024-12-24T06:01:31.861521,CLOSED,,CTRL-SRV-11,False
ALT-CSE-11-00688,CSE-11,LOW,2024-12-23T19:10:35,2024-12-23T19:32:54.341438,2024-12-23T20:03:00.282779,CLOSED,,ENDPOINT-11A,False
ALT-CSE-11-00689,CSE-11,MEDIUM,2024-10-12T23:47:52,2024-10-12T23:57:29.536087,2024-10-13T00:31:24.632782,CLOSED,,CTRL-SRV-11,False
ALT-CSE-11-00690,CSE-11,MEDIUM,2024-10-16T03:20:46,2024-10-16T03:45:34.827759,2024-10-16T04:26:01.843196,CLOSED,,CTRL-SRV-11,False
ALT-CSE-11-00691,CSE-11,LOW,2024-10-12T04:39:47,2024-10-12T04:47:14.785048,2024-10-12T05:45:51.096296,CLOSED,,CTRL-SRV-11,False
ALT-CSE-11-00692,CSE-11,MEDIUM,2024-11-06T19:00:32,2024-11-06T19:07:24.061104,2024-11-06T20:11:11.959049,CLOSED,,ENDPOINT-11A,False
ALT-CSE-11-00693,CSE-11,MEDIUM,2024-10-02T09:21:06,2024-10-02T09:38:02.008263,2024-10-02T09:51:45.766241,CLOSED,,CTRL-SRV-11,False
ALT-CSE-11-00694,CSE-11,CRITICAL,2024-10-25T19:53:14,2024-10-25T20:19:12.233351,2024-10-25T20:42:05.616794,CLOSED,CAS-CSE-11-0185,CTRL-SRV-11,False
ALT-CSE-11-00695,CSE-11,LOW,2024-12-15T11:02:59,2024-12-15T11:12:21.728193,2024-12-15T12:03:57.660421,CLOSED,,CTRL-SRV-11,False
ALT-CSE-11-00696,CSE-11,MEDIUM,2024-10-28T15:56:25,2024-10-28T16:14:32.344638,2024-10-28T17:36:32.729074,CLOSED,,CTRL-SRV-11,False
ALT-CSE-11-00697,CSE-11,MEDIUM,2024-12-15T21:31:48,2024-12-15T21:48:19.509004,2024-12-15T22:59:02.768646,CLOSED,,CTRL-SRV-11,False
ALT-CSE-11-00698,CSE-11,MEDIUM,2024-12-09T21:46:42,2024-12-09T22:01:30.113182,2024-12-09T23:33:56.283145,CLOSED,CAS-CSE-11-0186,ENDPOINT-11A,False
ALT-CSE-11-00699,CSE-11,MEDIUM,2024-10-21T21:56:31,2024-10-21T22:15:28.715684,2024-10-21T23:48:51.353222,CLOSED,,CTRL-SRV-11,False
ALT-CSE-11-00700,CSE-11,MEDIUM,2024-10-10T07:55:36,2024-10-10T08:21:22.238703,2024-10-10T08:51:50.256064,CLOSED,,CTRL-SRV-11,False
ALT-CSE-11-00701,CSE-11,LOW,2024-11-10T16:31:52,2024-11-10T17:00:47.439567,2024-11-10T17:28:35.766431,CLOSED,,ENDPOINT-11A,False
ALT-CSE-11-00702,CSE-11,MEDIUM,2024-11-04T02:26:24,2024-11-04T02:33:55.334714,2024-11-04T03:26:43.458772,CLOSED,,CTRL-SRV-11,False
ALT-CSE-11-00703,CSE-11,MEDIUM,2024-12-29T10:11:28,2024-12-29T10:21:40.640621,2024-12-29T11:28:06.969410,CLOSED,,CTRL-SRV-11,False
ALT-CSE-11-00704,CSE-11,LOW,2024-11-07T08:01:58,2024-11-07T08:30:43.213202,2024-11-07T09:36:38.374501,CLOSED,,CTRL-SRV-11,False
ALT-CSE-11-00705,CSE-11,MEDIUM,2024-11-15T03:09:58,2024-11-15T03:25:53.212271,2024-11-15T04:07:00.496931,CLOSED,,CTRL-SRV-11,False
ALT-CSE-11-00706,CSE-11,CRITICAL,2024-11-20T03:02:52,2024-11-20T03:30:02.869208,2024-11-20T03:51:42.325795,CLOSED,CAS-CSE-11-0187,CTRL-SRV-11,False
ALT-CSE-11-00707,CSE-11,MEDIUM,2024-12-04T20:03:52,2024-12-04T20:14:54.428631,2024-12-04T20:48:49.480622,CLOSED,,CTRL-SRV-11,False
ALT-CSE-11-00708,CSE-11,MEDIUM,2024-12-04T04:01:29,2024-12-04T04:28:22.752833,2024-12-04T05:28:45.797529,CLOSED,,CTRL-SRV-11,False
ALT-CSE-11-00709,CSE-11,MEDIUM,2024-12-25T07:51:00,2024-12-25T08:17:37.587711,2024-12-25T08:45:17.239946,CLOSED,,CTRL-SRV-11,False
ALT-CSE-11-00710,CSE-11,CRITICAL,2024-11-27T13:56:11,2024-11-27T14:02:06.464530,2024-11-27T15:20:27.627877,CLOSED,CAS-CSE-11-0188,ENDPOINT-11A,False
ALT-CSE-11-00711,CSE-11,LOW,2024-10-25T02:37:59,2024-10-25T02:57:52.517759,2024-10-25T03:20:03.201429,CLOSED,,CTRL-SRV-11,False
ALT-CSE-11-00712,CSE-11,MEDIUM,2024-10-21T13:08:39,2024-10-21T13:16:14.721568,2024-10-21T14:49:55.877112,CLOSED,,CTRL-SRV-11,False
ALT-CSE-11-00713,CSE-11,CRITICAL,2024-10-17T04:17:43,2024-10-17T04:37:31.927534,2024-10-17T05:30:53.060700,CLOSED,CAS-CSE-11-0189,CTRL-SRV-11,False
ALT-CSE-11-00714,CSE-11,MEDIUM,2024-12-22T13:45:56,2024-12-22T13:58:01.715798,2024-12-22T14:41:15.043038,CLOSED,,CTRL-SRV-11,False
ALT-CSE-11-00715,CSE-11,CRITICAL,2024-10-18T11:22:13,2024-10-18T11:50:19.394795,2024-10-18T12:16:27.824352,CLOSED,CAS-CSE-11-0190,ENDPOINT-11A,False
ALT-CSE-11-00716,CSE-11,MEDIUM,2024-11-29T05:26:11,2024-11-29T05:48:40.549277,2024-11-29T06:36:36.474024,CLOSED,,CTRL-SRV-11,False
ALT-CSE-11-00717,CSE-11,MEDIUM,2024-11-19T06:01:01,2024-11-19T06:25:03.679273,2024-11-19T07:27:18.862057,CLOSED,CAS-CSE-11-0191,ENDPOINT-11A,False
ALT-CSE-11-00718,CSE-11,LOW,2024-10-31T13:11:48,2024-10-31T13:30:45.558089,2024-10-31T14:29:03.342775,CLOSED,,CTRL-SRV-11,False
ALT-CSE-11-00719,CSE-11,LOW,2024-10-21T19:56:18,2024-10-21T20:09:12.116246,2024-10-21T21:28:10.595108,CLOSED,,CTRL-SRV-11,False
ALT-CSE-11-00720,CSE-11,CRITICAL,2024-11-16T20:29:41,2024-11-16T20:48:33.200621,2024-11-16T21:08:19.240388,CLOSED,,ENDPOINT-11A,False
ALT-CSE-11-00721,CSE-11,CRITICAL,2024-12-28T06:18:45,2024-12-28T06:33:15.953834,2024-12-28T06:33:48.446933,CLOSED,CAS-CSE-11-0192,ENDPOINT-11A,False
ALT-CSE-11-00722,CSE-11,MEDIUM,2024-12-14T20:32:24,2024-12-14T20:47:26.642761,2024-12-14T21:20:24.582461,CLOSED,,ENDPOINT-11A,False
ALT-CSE-11-00723,CSE-11,LOW,2024-11-28T18:16:07,2024-11-28T18:40:50.583092,2024-11-28T19:26:19.066983,CLOSED,,CTRL-SRV-11,False
ALT-CSE-11-00724,CSE-11,MEDIUM,2024-10-25T18:32:03,2024-10-25T18:45:07.495192,2024-10-25T19:58:36.296332,CLOSED,,CTRL-SRV-11,False
ALT-CSE-11-00725,CSE-11,MEDIUM,2024-11-01T08:40:17,2024-11-01T08:50:00.439155,2024-11-01T09:05:33.040570,CLOSED,,ENDPOINT-11A,False
ALT-CSE-11-00726,CSE-11,CRITICAL,2024-12-09T15:11:43,2024-12-09T15:21:52.391851,2024-12-09T15:43:16.309367,CLOSED,CAS-CSE-11-0193,ENDPOINT-11A,False
ALT-CSE-11-00727,CSE-11,CRITICAL,2024-11-30T02:33:45,2024-11-30T02:42:04.374097,2024-11-30T03:21:37.088095,CLOSED,CAS-CSE-11-0194,CTRL-SRV-11,False
ALT-CSE-11-00728,CSE-11,LOW,2024-12-01T14:26:42,2024-12-01T14:31:56.368697,2024-12-01T15:35:25.873276,CLOSED,,CTRL-SRV-11,False
ALT-CSE-11-00729,CSE-11,MEDIUM,2024-10-03T09:17:03,2024-10-03T09:27:47.330512,2024-10-03T10:04:36.303156,CLOSED,,ENDPOINT-11A,False
ALT-CSE-11-00730,CSE-11,MEDIUM,2024-10-02T22:02:30,2024-10-02T22:25:44.763634,2024-10-02T23:06:56.199104,CLOSED,,ENDPOINT-11A,False
ALT-CSE-11-00731,CSE-11,LOW,2024-12-18T12:38:33,2024-12-18T12:58:44.185923,2024-12-18T13:12:35.969515,CLOSED,,ENDPOINT-11A,False
ALT-CSE-11-00732,CSE-11,MEDIUM,2024-10-27T17:09:56,2024-10-27T17:16:46.904553,2024-10-27T17:48:13.798071,CLOSED,,ENDPOINT-11A,False
ALT-CSE-11-00733,CSE-11,MEDIUM,2024-11-21T14:22:59,2024-11-21T14:36:03.241235,2024-11-21T15:54:27.299548,CLOSED,,ENDPOINT-11A,False
ALT-CSE-11-00734,CSE-11,CRITICAL,2024-12-20T19:19:54,2024-12-20T19:39:43.425668,2024-12-20T19:51:03.942923,CLOSED,CAS-CSE-11-0195,CTRL-SRV-11,False
ALT-CSE-11-00735,CSE-11,MEDIUM,2024-12-16T10:58:06,2024-12-16T11:06:48.121280,2024-12-16T12:14:53.570503,CLOSED,,CTRL-SRV-11,False
ALT-CSE-11-00736,CSE-11,MEDIUM,2024-10-30T09:09:52,2024-10-30T09:32:26.496491,2024-10-30T10:25:48.109399,CLOSED,,ENDPOINT-11A,False
ALT-CSE-11-00737,CSE-11,MEDIUM,2024-10-15T23:03:42,2024-10-15T23:28:13.362851,2024-10-15T23:51:10.819882,CLOSED,,CTRL-SRV-11,False
ALT-CSE-11-00738,CSE-11,MEDIUM,2024-10-24T00:06:56,2024-10-24T00:35:58.270910,2024-10-24T01:54:47.854149,CLOSED,,ENDPOINT-11A,False
ALT-CSE-11-00739,CSE-11,CRITICAL,2024-11-21T07:44:51,2024-11-21T08:06:45.789979,2024-11-21T09:01:28.099776,CLOSED,CAS-CSE-11-0196,CTRL-SRV-11,False
ALT-CSE-11-00740,CSE-11,MEDIUM,2024-11-21T04:37:17,2024-11-21T05:03:35.402520,2024-11-21T05:06:01.181415,CLOSED,,ENDPOINT-11A,False
ALT-CSE-11-00741,CSE-11,MEDIUM,2024-11-12T04:01:11,2024-11-12T04:07:21.512117,2024-11-12T05:07:25.618630,CLOSED,,ENDPOINT-11A,False
ALT-CSE-11-00742,CSE-11,CRITICAL,2024-10-18T14:56:15,2024-10-18T15:16:18.332786,2024-10-18T16:14:05.105450,CLOSED,CAS-CSE-11-0197,ENDPOINT-11A,False
ALT-CSE-11-00743,CSE-11,MEDIUM,2024-12-10T09:36:58,2024-12-10T10:00:48.043231,2024-12-10T10:45:04.505451,CLOSED,,CTRL-SRV-11,False
ALT-CSE-11-00744,CSE-11,LOW,2024-10-01T10:16:13,2024-10-01T10:36:16.399264,2024-10-01T11:33:47.706752,CLOSED,,CTRL-SRV-11,False
ALT-CSE-11-00745,CSE-11,MEDIUM,2024-10-31T19:03:04,2024-10-31T19:18:22.266650,2024-10-31T20:07:42.467102,CLOSED,,CTRL-SRV-11,False
ALT-CSE-11-00746,CSE-11,CRITICAL,2024-11-21T02:46:03,2024-11-21T03:00:57.798652,2024-11-21T03:51:41.768414,CLOSED,CAS-CSE-11-0198,CTRL-SRV-11,False
ALT-CSE-11-00747,CSE-11,CRITICAL,2024-11-10T17:34:14,2024-11-10T17:46:45.439774,2024-11-10T19:03:24.497992,CLOSED,,CTRL-SRV-11,False
ALT-CSE-11-00748,CSE-11,MEDIUM,2024-10-04T02:00:10,2024-10-04T02:22:12.220496,2024-10-04T03:04:29.590596,CLOSED,,ENDPOINT-11A,False
ALT-CSE-11-00749,CSE-11,MEDIUM,2024-10-11T21:24:27,2024-10-11T21:41:08.267029,2024-10-11T22:14:45.132953,CLOSED,,ENDPOINT-11A,False
ALT-CSE-11-00750,CSE-11,MEDIUM,2024-10-09T09:05:04,2024-10-09T09:28:44.105181,2024-10-09T10:00:45.220147,CLOSED,,ENDPOINT-11A,False
ALT-CSE-11-00751,CSE-11,MEDIUM,2024-10-03T09:23:17,2024-10-03T09:30:41.792091,2024-10-03T10:30:39.808159,CLOSED,,CTRL-SRV-11,False
ALT-CSE-11-00752,CSE-11,CRITICAL,2024-10-22T03:30:28,2024-10-22T03:50:54.015637,2024-10-22T04:36:26.723695,CLOSED,CAS-CSE-11-0199,ENDPOINT-11A,False
ALT-CSE-11-00753,CSE-11,MEDIUM,2024-10-17T10:12:02,2024-10-17T10:34:17.201944,2024-10-17T11:11:14.279428,CLOSED,,CTRL-SRV-11,False
ALT-CSE-11-00754,CSE-11,MEDIUM,2024-11-28T02:30:37,2024-11-28T02:39:56.723256,2024-11-28T03:20:44.375982,CLOSED,,CTRL-SRV-11,False
ALT-CSE-11-00755,CSE-11,LOW,2024-11-04T15:11:42,2024-11-04T15:19:02.954353,2024-11-04T15:50:17.534066,CLOSED,,ENDPOINT-11A,False
ALT-CSE-11-00756,CSE-11,MEDIUM,2024-12-15T18:50:07,2024-12-15T19:11:58.514348,2024-12-15T20:03:48.117403,CLOSED,,CTRL-SRV-11,False
ALT-CSE-11-00757,CSE-11,MEDIUM,2024-11-19T13:54:52,2024-11-19T14:15:20.436731,2024-11-19T14:59:01.913656,CLOSED,,CTRL-SRV-11,False
ALT-CSE-11-00758,CSE-11,CRITICAL,2024-10-14T11:07:03,2024-10-14T11:23:41.537023,2024-10-14T12:19:50.883494,CLOSED,CAS-CSE-11-0200,ENDPOINT-11A,False
ALT-CSE-11-00759,CSE-11,MEDIUM,2024-12-02T00:46:01,2024-12-02T01:12:22.837701,2024-12-02T02:19:56.267195,CLOSED,,ENDPOINT-11A,False
ALT-CSE-11-00760,CSE-11,MEDIUM,2024-10-15T18:39:38,2024-10-15T18:53:47.564526,2024-10-15T20:07:33.792181,CLOSED,,CTRL-SRV-11,False
ALT-CSE-11-00761,CSE-11,LOW,2024-10-28T05:38:57,2024-10-28T05:57:23.450683,2024-10-28T06:14:17.186010,CLOSED,,CTRL-SRV-11,False
ALT-CSE-11-00762,CSE-11,LOW,2024-12-14T08:27:40,2024-12-14T08:54:38.377326,2024-12-14T09:26:04.810369,CLOSED,,CTRL-SRV-11,False
ALT-CSE-11-00763,CSE-11,MEDIUM,2024-12-04T06:03:39,2024-12-04T06:25:41.478272,2024-12-04T06:46:25.282975,CLOSED,,CTRL-SRV-11,False
ALT-CSE-11-00764,CSE-11,LOW,2024-12-15T09:57:25,2024-12-15T10:24:38.711128,2024-12-15T11:14:00.860248,CLOSED,,CTRL-SRV-11,False
ALT-CSE-11-00765,CSE-11,MEDIUM,2024-12-08T22:50:32,2024-12-08T22:56:06.930920,2024-12-08T23:56:24.530319,CLOSED,,ENDPOINT-11A,False
ALT-CSE-11-00766,CSE-11,CRITICAL,2024-10-18T06:15:34,2024-10-18T06:21:06.017574,2024-10-18T07:24:12.606264,CLOSED,CAS-CSE-11-0201,CTRL-SRV-11,False
ALT-CSE-11-00767,CSE-11,LOW,2024-11-17T21:46:03,2024-11-17T21:56:59.943579,2024-11-17T22:25:06.389289,CLOSED,,ENDPOINT-11A,False
ALT-CSE-11-00768,CSE-11,MEDIUM,2024-11-13T12:59:26,2024-11-13T13:12:43.308486,2024-11-13T13:38:26.011397,CLOSED,CAS-CSE-11-0202,ENDPOINT-11A,False
ALT-CSE-11-00769,CSE-11,MEDIUM,2024-12-28T06:54:15,2024-12-28T07:17:15.036633,2024-12-28T07:40:00.685859,CLOSED,,ENDPOINT-11A,False
ALT-CSE-11-00770,CSE-11,MEDIUM,2024-11-26T10:26:31,2024-11-26T10:47:29.623136,2024-11-26T11:48:00.416859,CLOSED,CAS-CSE-11-0203,ENDPOINT-11A,False
ALT-CSE-11-00771,CSE-11,MEDIUM,2024-11-17T19:34:35,2024-11-17T19:41:44.650342,2024-11-17T20:54:52.012284,CLOSED,,ENDPOINT-11A,False
ALT-CSE-11-00772,CSE-11,LOW,2024-12-03T07:49:04,2024-12-03T07:59:03.323442,2024-12-03T09:00:21.331390,CLOSED,,ENDPOINT-11A,False
ALT-CSE-11-00773,CSE-11,CRITICAL,2024-12-23T03:31:49,2024-12-23T03:51:03.355317,2024-12-23T04:29:42.532312,CLOSED,,ENDPOINT-11A,False
ALT-CSE-11-00774,CSE-11,MEDIUM,2024-11-02T12:34:33,2024-11-02T13:04:10.460551,2024-11-02T13:12:38.136444,CLOSED,,ENDPOINT-11A,False
ALT-CSE-11-00775,CSE-11,MEDIUM,2024-12-04T16:12:39,2024-12-04T16:28:54.126491,2024-12-04T17:04:57.416142,CLOSED,,CTRL-SRV-11,False
ALT-CSE-11-00776,CSE-11,MEDIUM,2024-10-26T11:52:35,2024-10-26T12:02:13.674581,2024-10-26T12:13:56.303960,CLOSED,,CTRL-SRV-11,False
ALT-CSE-11-00777,CSE-11,MEDIUM,2024-11-09T19:51:24,2024-11-09T20:01:17.577920,2024-11-09T20:40:18.477093,CLOSED,,CTRL-SRV-11,False
ALT-CSE-11-00778,CSE-11,MEDIUM,2024-10-08T11:14:44,2024-10-08T11:40:43.416540,2024-10-08T12:24:49.883217,CLOSED,CAS-CSE-11-0204,CTRL-SRV-11,False
ALT-CSE-11-00779,CSE-11,MEDIUM,2024-12-04T18:59:26,2024-12-04T19:14:26.118732,2024-12-04T20:18:32.806597,CLOSED,,ENDPOINT-11A,False
ALT-CSE-11-00780,CSE-11,LOW,2024-10-01T21:03:50,2024-10-01T21:24:20.918475,2024-10-01T22:08:37.831607,CLOSED,,CTRL-SRV-11,False
ALT-CSE-11-00781,CSE-11,LOW,2024-12-06T04:47:47,2024-12-06T05:01:29.923123,2024-12-06T05:44:28.310155,CLOSED,,ENDPOINT-11A,False
ALT-CSE-11-00782,CSE-11,LOW,2024-12-29T13:06:45,2024-12-29T13:26:06.761248,2024-12-29T14:21:39.991471,CLOSED,,ENDPOINT-11A,False
ALT-CSE-11-00783,CSE-11,CRITICAL,2024-10-31T07:15:13,2024-10-31T07:35:31.872707,2024-10-31T08:29:14.169043,CLOSED,CAS-CSE-11-0205,CTRL-SRV-11,False
ALT-CSE-11-00784,CSE-11,MEDIUM,2024-11-08T20:10:38,2024-11-08T20:20:33.736139,2024-11-08T21:33:38.487104,CLOSED,,ENDPOINT-11A,False
ALT-CSE-11-00785,CSE-11,MEDIUM,2024-12-28T00:27:07,2024-12-28T00:38:03.858721,2024-12-28T01:33:40.877990,CLOSED,,ENDPOINT-11A,False
ALT-CSE-11-00786,CSE-11,LOW,2024-12-10T12:05:37,2024-12-10T12:31:51.358643,2024-12-10T13:08:02.735136,CLOSED,CAS-CSE-11-0206,CTRL-SRV-11,False
ALT-CSE-11-00787,CSE-11,MEDIUM,2024-12-29T02:21:41,2024-12-29T02:34:15.367641,2024-12-29T03:42:43.664914,CLOSED,,CTRL-SRV-11,False
ALT-CSE-11-00788,CSE-11,MEDIUM,2024-11-10T15:13:00,2024-11-10T15:31:28.351146,2024-11-10T15:51:03.096050,CLOSED,,CTRL-SRV-11,False
ALT-CSE-11-00789,CSE-11,LOW,2024-11-17T23:08:07,2024-11-17T23:31:43.231238,2024-11-18T00:09:04.437368,CLOSED,,ENDPOINT-11A,False
ALT-CSE-11-00790,CSE-11,CRITICAL,2024-10-12T22:55:03,2024-10-12T23:16:30.161844,2024-10-12T23:59:23.901536,CLOSED,CAS-CSE-11-0207,ENDPOINT-11A,False
ALT-CSE-11-00791,CSE-11,CRITICAL,2024-10-26T15:08:16,2024-10-26T15:33:30.647331,2024-10-26T16:00:23.916776,CLOSED,CAS-CSE-11-0208,ENDPOINT-11A,False
ALT-CSE-11-00792,CSE-11,MEDIUM,2024-10-07T17:21:59,2024-10-07T17:36:29.691172,2024-10-07T19:21:29.654445,CLOSED,,ENDPOINT-11A,False
ALT-CSE-11-00793,CSE-11,MEDIUM,2024-11-05T04:44:24,2024-11-05T05:06:30.908681,2024-11-05T05:45:57.195018,CLOSED,CAS-CSE-11-0209,ENDPOINT-11A,False
ALT-CSE-11-00794,CSE-11,MEDIUM,2024-10-05T05:36:15,2024-10-05T05:44:55.086825,2024-10-05T06:50:27.639312,CLOSED,,ENDPOINT-11A,False
ALT-CSE-11-00795,CSE-11,LOW,2024-11-10T09:40:38,2024-11-10T09:57:20.851248,2024-11-10T10:19:28.113129,CLOSED,,CTRL-SRV-11,False
ALT-CSE-11-00796,CSE-11,LOW,2024-11-10T00:42:06,2024-11-10T00:52:28.270491,2024-11-10T02:03:56.991506,CLOSED,,CTRL-SRV-11,False
ALT-CSE-11-00797,CSE-11,LOW,2024-12-28T10:51:21,2024-12-28T11:11:03.754714,2024-12-28T11:20:34.582189,CLOSED,,CTRL-SRV-11,False
ALT-CSE-11-00798,CSE-11,CRITICAL,2024-12-12T07:08:15,2024-12-12T07:36:00.189204,2024-12-12T08:05:17.112584,CLOSED,,CTRL-SRV-11,False
ALT-CSE-11-00799,CSE-11,MEDIUM,2024-12-29T11:51:58,2024-12-29T12:10:32.324330,2024-12-29T13:12:53.949087,CLOSED,,ENDPOINT-11A,False
ALT-CSE-11-00800,CSE-11,CRITICAL,2024-10-25T22:32:50,2024-10-25T22:47:11.348920,2024-10-25T23:59:23.710442,CLOSED,CAS-CSE-11-0210,ENDPOINT-11A,False
ALT-CSE-11-00801,CSE-11,LOW,2024-11-21T12:30:24,2024-11-21T12:41:20.141109,2024-11-21T13:55:16.025292,CLOSED,,CTRL-SRV-11,False
ALT-CSE-11-00802,CSE-11,MEDIUM,2024-10-16T17:41:13,2024-10-16T17:53:13.384972,2024-10-16T19:28:22.300871,CLOSED,,ENDPOINT-11A,False
ALT-CSE-11-00803,CSE-11,MEDIUM,2024-11-06T19:20:05,2024-11-06T19:40:22.995800,2024-11-06T20:17:04.319505,CLOSED,,ENDPOINT-11A,False
ALT-CSE-11-00804,CSE-11,LOW,2024-12-23T16:06:44,2024-12-23T16:36:33.259719,2024-12-23T17:02:04.604970,CLOSED,,ENDPOINT-11A,False
ALT-CSE-11-00805,CSE-11,LOW,2024-11-19T03:02:04,2024-11-19T03:08:25.563155,2024-11-19T04:02:11.648383,CLOSED,,ENDPOINT-11A,False
ALT-CSE-11-00806,CSE-11,CRITICAL,2024-10-12T17:25:36,2024-10-12T17:52:04.147924,2024-10-12T18:48:47.613815,CLOSED,CAS-CSE-11-0211,ENDPOINT-11A,False
ALT-CSE-11-00807,CSE-11,MEDIUM,2024-10-20T03:25:25,2024-10-20T03:34:55.991411,2024-10-20T04:48:32.879820,CLOSED,,CTRL-SRV-11,False
ALT-CSE-11-00808,CSE-11,MEDIUM,2024-11-06T03:04:40,2024-11-06T03:12:44.769782,2024-11-06T04:13:07.314965,CLOSED,CAS-CSE-11-0212,CTRL-SRV-11,False
ALT-CSE-11-00809,CSE-11,LOW,2024-10-07T22:44:52,2024-10-07T22:51:20.682548,2024-10-07T23:46:16.947312,CLOSED,,ENDPOINT-11A,False
ALT-CSE-11-00810,CSE-11,CRITICAL,2024-12-01T04:17:34,2024-12-01T04:32:41.040143,2024-12-01T05:38:54.974758,CLOSED,,ENDPOINT-11A,False
ALT-CSE-11-00811,CSE-11,MEDIUM,2024-11-04T16:46:50,2024-11-04T16:57:46.511157,2024-11-04T18:02:49.897892,CLOSED,,ENDPOINT-11A,False
ALT-CSE-11-00812,CSE-11,MEDIUM,2024-12-13T08:33:11,2024-12-13T08:54:51.194978,2024-12-13T08:57:36.896596,CLOSED,,ENDPOINT-11A,False
ALT-CSE-11-00813,CSE-11,CRITICAL,2024-10-27T20:03:38,2024-10-27T20:18:44.888608,2024-10-27T21:11:20.626546,CLOSED,CAS-CSE-11-0213,ENDPOINT-11A,False
ALT-CSE-11-00814,CSE-11,MEDIUM,2024-11-14T01:11:35,2024-11-14T01:21:41.434056,2024-11-14T02:43:36.703342,CLOSED,CAS-CSE-11-0214,ENDPOINT-11A,False
ALT-CSE-11-00815,CSE-11,MEDIUM,2024-11-07T20:26:45,2024-11-07T20:35:47.615669,2024-11-07T22:26:57.693534,CLOSED,,ENDPOINT-11A,False
ALT-CSE-11-00816,CSE-11,MEDIUM,2024-11-05T09:46:51,2024-11-05T09:56:08.272353,2024-11-05T10:40:49.804226,CLOSED,CAS-CSE-11-0215,ENDPOINT-11A,False
ALT-CSE-11-00817,CSE-11,LOW,2024-11-21T16:15:27,2024-11-21T16:25:51.674645,2024-11-21T17:30:22.275773,CLOSED,,CTRL-SRV-11,False
ALT-CSE-11-00818,CSE-11,LOW,2024-11-11T05:51:23,2024-11-11T06:04:06.130176,2024-11-11T06:56:51.505644,CLOSED,CAS-CSE-11-0216,ENDPOINT-11A,False
ALT-CSE-11-00819,CSE-11,MEDIUM,2024-10-04T00:54:20,2024-10-04T01:06:26.719217,2024-10-04T01:56:18.201026,CLOSED,,CTRL-SRV-11,False
ALT-CSE-11-00820,CSE-11,CRITICAL,2024-10-05T14:10:58,2024-10-05T14:29:47.277918,2024-10-05T14:56:01.077390,CLOSED,CAS-CSE-11-0217,CTRL-SRV-11,False
ALT-CSE-11-00821,CSE-11,MEDIUM,2024-10-16T17:40:10,2024-10-16T17:50:35.898574,2024-10-16T18:26:29.533927,CLOSED,,ENDPOINT-11A,False
ALT-CSE-11-00822,CSE-11,CRITICAL,2024-11-14T08:53:30,2024-11-14T09:08:55.295368,2024-11-14T09:27:55.881656,CLOSED,CAS-CSE-11-0218,ENDPOINT-11A,False
ALT-CSE-11-00823,CSE-11,CRITICAL,2024-12-08T02:49:45,2024-12-08T03:17:58.143647,2024-12-08T03:57:31.471237,CLOSED,CAS-CSE-11-0219,ENDPOINT-11A,False
ALT-CSE-11-00824,CSE-11,MEDIUM,2024-10-12T13:19:21,2024-10-12T13:48:34.545001,2024-10-12T15:01:58.684491,CLOSED,,ENDPOINT-11A,False
ALT-CSE-11-00825,CSE-11,MEDIUM,2024-10-17T02:04:03,2024-10-17T02:13:43.094292,2024-10-17T02:42:26.972526,CLOSED,,CTRL-SRV-11,False
ALT-CSE-11-00826,CSE-11,CRITICAL,2024-11-16T09:35:04,2024-11-16T09:56:59.777609,2024-11-16T11:11:03.776245,CLOSED,CAS-CSE-11-0220,CTRL-SRV-11,False
ALT-CSE-11-00827,CSE-11,LOW,2024-10-28T23:07:08,2024-10-28T23:29:06.194694,2024-10-28T23:44:23.007698,CLOSED,,CTRL-SRV-11,False
ALT-CSE-11-00828,CSE-11,LOW,2024-12-08T01:49:45,2024-12-08T02:01:40.587758,2024-12-08T02:06:05.048897,CLOSED,,ENDPOINT-11A,False
ALT-CSE-11-00829,CSE-11,LOW,2024-11-23T01:32:34,2024-11-23T01:53:08.101438,2024-11-23T02:25:05.004236,CLOSED,,CTRL-SRV-11,False
ALT-CSE-11-00830,CSE-11,CRITICAL,2024-12-26T14:01:57,2024-12-26T14:16:43.390074,2024-12-26T14:50:10.418013,CLOSED,CAS-CSE-11-0221,CTRL-SRV-11,False
ALT-CSE-11-00831,CSE-11,MEDIUM,2024-12-24T19:46:34,2024-12-24T19:55:08.035040,2024-12-24T20:05:55.710257,CLOSED,,ENDPOINT-11A,False
ALT-CSE-11-00832,CSE-11,MEDIUM,2024-10-10T08:12:42,2024-10-10T08:41:53.769099,2024-10-10T09:11:52.140171,CLOSED,,CTRL-SRV-11,False
ALT-CSE-11-00833,CSE-11,MEDIUM,2024-10-22T01:50:05,2024-10-22T02:00:41.622406,2024-10-22T02:52:26.403197,CLOSED,,CTRL-SRV-11,False
ALT-CSE-11-00834,CSE-11,MEDIUM,2024-11-24T06:25:14,2024-11-24T06:37:02.922317,2024-11-24T07:29:16.861656,CLOSED,,ENDPOINT-11A,False
ALT-CSE-11-00835,CSE-11,LOW,2024-10-01T09:23:00,2024-10-01T09:50:39.732425,2024-10-01T10:42:40.817465,CLOSED,,ENDPOINT-11A,False
ALT-CSE-11-00836,CSE-11,CRITICAL,2024-11-05T20:04:57,2024-11-05T20:28:36.092782,2024-11-05T21:12:29.133734,CLOSED,CAS-CSE-11-0222,ENDPOINT-11A,False
ALT-CSE-11-00837,CSE-11,MEDIUM,2024-11-04T21:07:44,2024-11-04T21:26:38.798675,2024-11-04T22:22:04.465792,CLOSED,,CTRL-SRV-11,False
ALT-CSE-11-00838,CSE-11,MEDIUM,2024-10-19T22:34:24,2024-10-19T22:40:43.109687,2024-10-19T23:34:46.055618,CLOSED,,ENDPOINT-11A,False
ALT-CSE-11-00839,CSE-11,CRITICAL,2024-12-15T05:35:14,2024-12-15T05:59:28.146868,2024-12-15T06:20:39.649806,CLOSED,,CTRL-SRV-11,False
ALT-CSE-11-00840,CSE-11,CRITICAL,2024-11-24T03:31:44,2024-11-24T03:48:36.725439,2024-11-24T05:07:46.615896,CLOSED,CAS-CSE-11-0223,CTRL-SRV-11,False
ALT-CSE-11-00841,CSE-11,MEDIUM,2024-12-23T17:49:15,2024-12-23T18:10:19.098664,2024-12-23T18:36:57.658601,CLOSED,,ENDPOINT-11A,False
ALT-CSE-11-00842,CSE-11,MEDIUM,2024-10-10T22:18:23,2024-10-10T22:28:19.022401,2024-10-10T23:15:44.063121,CLOSED,,CTRL-SRV-11,False
ALT-CSE-11-00843,CSE-11,CRITICAL,2024-10-17T04:56:38,2024-10-17T05:10:19.516323,2024-10-17T06:23:27.839593,CLOSED,,ENDPOINT-11A,False
ALT-CSE-11-00844,CSE-11,MEDIUM,2024-12-17T13:39:37,2024-12-17T14:01:03.393708,2024-12-17T14:55:25.495293,CLOSED,,ENDPOINT-11A,False
ALT-CSE-11-00845,CSE-11,MEDIUM,2024-12-17T12:33:36,2024-12-17T13:01:46.408732,2024-12-17T13:44:44.634908,CLOSED,,ENDPOINT-11A,False
ALT-CSE-11-00846,CSE-11,MEDIUM,2024-10-10T04:12:59,2024-10-10T04:36:44.257324,2024-10-10T05:18:16.572409,CLOSED,,CTRL-SRV-11,False
ALT-CSE-11-00847,CSE-11,MEDIUM,2024-11-04T18:37:49,2024-11-04T18:49:31.530212,2024-11-04T19:57:24.329122,CLOSED,,CTRL-SRV-11,False
ALT-CSE-11-00848,CSE-11,LOW,2024-12-26T17:46:08,2024-12-26T18:10:30.148004,2024-12-26T19:08:57.503504,CLOSED,,CTRL-SRV-11,False
ALT-CSE-11-00849,CSE-11,LOW,2024-12-03T13:09:09,2024-12-03T13:29:34.221841,2024-12-03T14:34:09.884578,CLOSED,,ENDPOINT-11A,False
ALT-CSE-11-00850,CSE-11,LOW,2024-12-21T01:57:22,2024-12-21T02:14:11.194699,2024-12-21T03:14:12.816739,CLOSED,,CTRL-SRV-11,False
ALT-CSE-11-00851,CSE-11,MEDIUM,2024-10-26T17:32:10,2024-10-26T17:53:14.694880,2024-10-26T18:23:28.505244,CLOSED,CAS-CSE-11-0224,CTRL-SRV-11,False
ALT-CSE-11-00852,CSE-11,MEDIUM,2024-12-18T11:54:59,2024-12-18T12:06:54.059812,2024-12-18T13:14:38.274730,CLOSED,,CTRL-SRV-11,False
ALT-CSE-11-00853,CSE-11,MEDIUM,2024-11-23T17:15:21,2024-11-23T17:35:24.492717,2024-11-23T18:10:24.421258,CLOSED,,ENDPOINT-11A,False
ALT-CSE-11-00854,CSE-11,CRITICAL,2024-10-16T04:59:28,2024-10-16T05:12:48.113325,2024-10-16T06:03:02.179007,CLOSED,CAS-CSE-11-0225,ENDPOINT-11A,False
ALT-CSE-11-00855,CSE-11,CRITICAL,2024-12-03T04:18:55,2024-12-03T04:43:36.929054,2024-12-03T05:12:42.463615,CLOSED,,ENDPOINT-11A,False
ALT-CSE-11-00856,CSE-11,MEDIUM,2024-11-28T09:21:52,2024-11-28T09:33:49.932648,2024-11-28T10:42:10.794159,CLOSED,,CTRL-SRV-11,False
ALT-CSE-11-00857,CSE-11,LOW,2024-10-26T06:03:22,2024-10-26T06:22:18.964134,2024-10-26T07:06:47.145544,CLOSED,,ENDPOINT-11A,False
ALT-CSE-11-00858,CSE-11,MEDIUM,2024-10-17T06:10:13,2024-10-17T06:32:12.950632,2024-10-17T06:44:12.093513,CLOSED,CAS-CSE-11-0226,ENDPOINT-11A,False
ALT-CSE-11-00859,CSE-11,CRITICAL,2024-11-08T17:16:17,2024-11-08T17:30:48.616651,2024-11-08T17:58:01.516930,CLOSED,CAS-CSE-11-0227,CTRL-SRV-11,False
ALT-CSE-11-00860,CSE-11,LOW,2024-10-27T17:32:42,2024-10-27T17:45:09.086409,2024-10-27T19:00:48.546070,CLOSED,CAS-CSE-11-0228,ENDPOINT-11A,False
ALT-CSE-11-00861,CSE-11,CRITICAL,2024-12-16T02:52:55,2024-12-16T03:06:15.954710,2024-12-16T03:18:45.775220,CLOSED,,ENDPOINT-11A,False
ALT-CSE-11-00862,CSE-11,MEDIUM,2024-10-23T15:59:58,2024-10-23T16:20:38.619524,2024-10-23T16:58:11.163342,CLOSED,,ENDPOINT-11A,False
ALT-CSE-11-00863,CSE-11,CRITICAL,2024-12-23T03:36:37,2024-12-23T03:45:51.262907,2024-12-23T04:36:10.541219,CLOSED,CAS-CSE-11-0229,ENDPOINT-11A,False
ALT-CSE-11-00864,CSE-11,CRITICAL,2024-12-17T17:02:49,2024-12-17T17:22:29.342981,2024-12-17T17:46:08.867396,CLOSED,CAS-CSE-11-0230,CTRL-SRV-11,False
ALT-CSE-11-00865,CSE-11,MEDIUM,2024-11-06T15:29:06,2024-11-06T15:55:49.842608,2024-11-06T16:16:54.603899,CLOSED,,ENDPOINT-11A,False
ALT-CSE-11-00866,CSE-11,LOW,2024-12-28T10:31:30,2024-12-28T10:53:16.154941,2024-12-28T11:53:40.693935,CLOSED,,CTRL-SRV-11,False
ALT-CSE-11-00867,CSE-11,CRITICAL,2024-11-20T03:22:57,2024-11-20T03:51:15.495304,2024-11-20T04:53:29.853107,CLOSED,CAS-CSE-11-0231,ENDPOINT-11A,False
ALT-CSE-11-00868,CSE-11,MEDIUM,2024-12-03T06:12:30,2024-12-03T06:32:02.447554,2024-12-03T06:41:35.089654,CLOSED,CAS-CSE-11-0232,CTRL-SRV-11,False
ALT-CSE-11-00869,CSE-11,MEDIUM,2024-11-10T18:41:06,2024-11-10T18:51:22.669924,2024-11-10T20:02:55.042172,CLOSED,CAS-CSE-11-0233,ENDPOINT-11A,False
ALT-CSE-11-00870,CSE-11,MEDIUM,2024-12-29T10:13:32,2024-12-29T10:24:31.908111,2024-12-29T11:26:55.303791,CLOSED,,ENDPOINT-11A,False
ALT-CSE-11-00871,CSE-11,MEDIUM,2024-12-14T04:18:27,2024-12-14T04:36:00.026826,2024-12-14T05:29:24.339750,CLOSED,,CTRL-SRV-11,False
ALT-CSE-11-00872,CSE-11,LOW,2024-11-15T14:46:05,2024-11-15T14:52:01.176046,2024-11-15T15:48:28.013155,CLOSED,,ENDPOINT-11A,False
ALT-CSE-11-00873,CSE-11,CRITICAL,2024-11-29T05:23:54,2024-11-29T05:40:02.569225,2024-11-29T06:10:37.720308,CLOSED,CAS-CSE-11-0234,CTRL-SRV-11,False
ALT-CSE-11-00874,CSE-11,LOW,2024-10-19T08:02:55,2024-10-19T08:28:52.939004,2024-10-19T09:21:14.148934,CLOSED,CAS-CSE-11-0235,ENDPOINT-11A,False
ALT-CSE-11-00875,CSE-11,CRITICAL,2024-10-05T15:50:45,2024-10-05T16:19:55.675950,2024-10-05T16:58:22.951282,CLOSED,,ENDPOINT-11A,False
ALT-CSE-11-00876,CSE-11,MEDIUM,2024-10-05T00:14:35,2024-10-05T00:25:04.953678,2024-10-05T01:11:29.580195,CLOSED,,ENDPOINT-11A,False
ALT-CSE-11-00877,CSE-11,MEDIUM,2024-10-30T15:48:35,2024-10-30T15:59:11.285626,2024-10-30T17:08:58.999929,CLOSED,,ENDPOINT-11A,False
ALT-CSE-11-00878,CSE-11,MEDIUM,2024-10-09T00:30:54,2024-10-09T00:56:05.185373,2024-10-09T01:44:38.335845,CLOSED,,CTRL-SRV-11,False
ALT-CSE-11-00879,CSE-11,CRITICAL,2024-10-22T18:24:42,2024-10-22T18:44:49.845502,2024-10-22T18:54:51.757545,CLOSED,CAS-CSE-11-0236,ENDPOINT-11A,False
ALT-CSE-11-00880,CSE-11,CRITICAL,2024-11-29T11:13:11,2024-11-29T11:33:42.911810,2024-11-29T12:08:34.267596,CLOSED,,CTRL-SRV-11,False
ALT-CSE-11-00881,CSE-11,MEDIUM,2024-12-05T13:54:25,2024-12-05T14:14:35.727665,2024-12-05T13:59:25,CLOSED,,CTRL-SRV-11,False
ALT-CSE-11-00882,CSE-11,MEDIUM,2024-11-30T12:57:15,2024-11-30T13:11:39.151825,2024-11-30T13:47:08.081898,CLOSED,,CTRL-SRV-11,False
ALT-CSE-11-00883,CSE-11,MEDIUM,2024-10-21T23:43:32,2024-10-22T00:12:51.126616,2024-10-22T00:41:54.261016,CLOSED,,ENDPOINT-11A,False
ALT-CSE-11-00884,CSE-11,MEDIUM,2024-10-10T01:39:31,2024-10-10T01:56:14.632124,2024-10-10T02:15:08.575812,CLOSED,,ENDPOINT-11A,False
ALT-CSE-11-00885,CSE-11,LOW,2024-11-26T07:34:53,2024-11-26T07:42:59.145183,2024-11-26T08:30:27.058537,CLOSED,,CTRL-SRV-11,False
ALT-CSE-11-00886,CSE-11,MEDIUM,2024-11-17T18:04:59,2024-11-17T18:29:48.963025,2024-11-17T19:39:29.156908,CLOSED,,ENDPOINT-11A,False
ALT-CSE-11-00887,CSE-11,MEDIUM,2024-12-06T02:45:09,2024-12-06T03:09:32.865473,2024-12-06T03:47:03.959741,CLOSED,,CTRL-SRV-11,False
ALT-CSE-11-00888,CSE-11,LOW,2024-10-19T14:59:17,2024-10-19T15:27:18.705345,2024-10-19T16:07:32.640524,CLOSED,,CTRL-SRV-11,False
ALT-CSE-11-00889,CSE-11,MEDIUM,2024-12-03T01:31:41,2024-12-03T02:00:37.709347,2024-12-03T02:36:16.576989,CLOSED,,CTRL-SRV-11,False
ALT-CSE-11-00890,CSE-11,MEDIUM,2024-10-28T14:56:59,2024-10-28T15:04:16.308010,2024-10-28T15:50:29.697452,CLOSED,,ENDPOINT-11A,False
ALT-CSE-11-00891,CSE-11,MEDIUM,2024-10-03T19:32:00,2024-10-03T19:51:16.703269,2024-10-03T20:24:45.035365,CLOSED,,ENDPOINT-11A,False
ALT-CSE-11-00892,CSE-11,LOW,2024-10-06T04:34:15,2024-10-06T04:59:01.982874,2024-10-06T05:58:14.796906,CLOSED,,CTRL-SRV-11,False
ALT-CSE-11-00893,CSE-11,MEDIUM,2024-12-25T03:56:34,2024-12-25T04:25:47.181956,2024-12-25T04:37:59.699752,CLOSED,,ENDPOINT-11A,False
ALT-CSE-11-00894,CSE-11,CRITICAL,2024-12-07T03:03:12,2024-12-07T03:32:09.828526,2024-12-07T04:00:59.542110,CLOSED,CAS-CSE-11-0237,CTRL-SRV-11,False
ALT-CSE-11-00895,CSE-11,MEDIUM,2024-12-19T06:30:27,2024-12-19T06:42:35.110600,2024-12-19T07:42:14.811228,CLOSED,CAS-CSE-11-0238,CTRL-SRV-11,False
ALT-CSE-11-00896,CSE-11,MEDIUM,2024-11-16T06:12:15,2024-11-16T06:42:02.694666,2024-11-16T07:19:51.038021,CLOSED,,CTRL-SRV-11,False
ALT-CSE-11-00897,CSE-11,CRITICAL,2024-12-10T15:04:57,2024-12-10T15:18:15.916052,2024-12-10T16:27:24.304430,CLOSED,CAS-CSE-11-0239,CTRL-SRV-11,False
ALT-CSE-11-00898,CSE-11,CRITICAL,2024-12-28T11:26:07,2024-12-28T11:47:38.348123,2024-12-28T12:51:52.231460,CLOSED,CAS-CSE-11-0240,ENDPOINT-11A,False
ALT-CSE-11-00899,CSE-11,MEDIUM,2024-11-11T11:53:06,2024-11-11T12:18:13.484413,2024-11-11T12:34:34.301706,CLOSED,,CTRL-SRV-11,False
ALT-CSE-11-00900,CSE-11,CRITICAL,2024-11-26T15:17:56,2024-11-26T15:38:05.829731,2024-11-26T16:42:48.915138,CLOSED,CAS-CSE-11-0241,ENDPOINT-11A,False
ALT-CSE-11-00901,CSE-11,LOW,2024-10-25T18:25:25,2024-10-25T18:36:12.468713,2024-10-25T19:45:18.664525,CLOSED,,CTRL-SRV-11,False
ALT-CSE-11-00902,CSE-11,CRITICAL,2024-10-25T10:03:22,2024-10-25T10:24:40.735150,2024-10-25T10:52:01.987898,CLOSED,CAS-CSE-11-0242,ENDPOINT-11A,False
ALT-CSE-11-00903,CSE-11,CRITICAL,2024-12-11T16:18:42,2024-12-11T16:47:35.996227,2024-12-11T16:37:48.086689,CLOSED,CAS-CSE-11-0243,CTRL-SRV-11,False
ALT-CSE-11-00904,CSE-11,CRITICAL,2024-12-04T04:48:05,2024-12-04T05:03:36.014905,2024-12-04T05:48:54.687988,CLOSED,CAS-CSE-11-0244,CTRL-SRV-11,False
ALT-CSE-11-00905,CSE-11,LOW,2024-11-21T02:11:04,2024-11-21T02:38:44.209216,2024-11-21T03:15:09.239068,CLOSED,,CTRL-SRV-11,False
ALT-CSE-11-00906,CSE-11,MEDIUM,2024-11-19T03:21:06,2024-11-19T03:48:17.671219,2024-11-19T04:41:10.301188,CLOSED,,CTRL-SRV-11,False
ALT-CSE-11-00907,CSE-11,LOW,2024-12-18T05:56:29,2024-12-18T06:05:39.778904,2024-12-18T07:30:57.381770,CLOSED,,ENDPOINT-11A,False
ALT-CSE-11-00908,CSE-11,MEDIUM,2024-10-30T18:10:16,2024-10-30T18:17:23.764988,2024-10-30T19:03:29.666599,CLOSED,,CTRL-SRV-11,False
ALT-CSE-11-00909,CSE-11,CRITICAL,2024-10-14T04:53:13,2024-10-14T05:21:28.231720,2024-10-14T05:33:30.273435,CLOSED,,CTRL-SRV-11,False
ALT-CSE-11-00910,CSE-11,LOW,2024-10-16T12:25:33,2024-10-16T12:45:12.813197,2024-10-16T13:20:38.963280,CLOSED,,ENDPOINT-11A,False
ALT-CSE-11-00911,CSE-11,MEDIUM,2024-12-29T22:21:55,2024-12-29T22:37:20.636773,2024-12-29T23:08:42.879955,CLOSED,,ENDPOINT-11A,False
ALT-CSE-11-00912,CSE-11,MEDIUM,2024-11-12T07:12:44,2024-11-12T07:28:36.635117,2024-11-12T08:23:44.623170,CLOSED,,CTRL-SRV-11,False
ALT-CSE-11-00913,CSE-11,MEDIUM,2024-10-09T00:21:46,2024-10-09T00:39:27.137905,2024-10-09T01:47:41.636943,CLOSED,,ENDPOINT-11A,False
ALT-CSE-11-00914,CSE-11,CRITICAL,2024-11-05T04:56:23,2024-11-05T05:09:14.368306,2024-11-05T05:53:03.263227,CLOSED,CAS-CSE-11-0245,ENDPOINT-11A,False
ALT-CSE-11-00915,CSE-11,MEDIUM,2024-11-14T10:03:45,2024-11-14T10:10:10.206729,2024-11-14T10:39:50.986115,CLOSED,,CTRL-SRV-11,False
ALT-CSE-11-00916,CSE-11,LOW,2024-10-13T00:27:35,2024-10-13T00:53:36.982360,2024-10-13T01:31:46.790110,CLOSED,,CTRL-SRV-11,False
ALT-CSE-11-00917,CSE-11,CRITICAL,2024-12-24T05:13:42,2024-12-24T05:28:37.894562,2024-12-24T06:13:03.602212,CLOSED,CAS-CSE-11-0246,ENDPOINT-11A,False
ALT-CSE-11-00918,CSE-11,CRITICAL,2024-11-17T02:25:41,2024-11-17T02:47:48.627103,2024-11-17T03:27:46.620918,CLOSED,CAS-CSE-11-0247,CTRL-SRV-11,False
ALT-CSE-11-00919,CSE-11,LOW,2024-12-27T11:39:17,2024-12-27T11:57:37.751490,2024-12-27T12:39:57.235521,CLOSED,,ENDPOINT-11A,False
ALT-CSE-11-00920,CSE-11,LOW,2024-12-11T23:51:09,2024-12-12T00:15:23.027096,2024-12-12T00:22:47.835292,CLOSED,,CTRL-SRV-11,False
ALT-CSE-11-00921,CSE-11,MEDIUM,2024-11-19T10:28:25,2024-11-19T10:34:40.320677,2024-11-19T10:38:20.608852,CLOSED,,CTRL-SRV-11,False
ALT-CSE-11-00922,CSE-11,CRITICAL,2024-11-10T10:59:55,2024-11-10T11:08:18.674532,2024-11-10T12:13:24.298513,CLOSED,,CTRL-SRV-11,False
ALT-CSE-11-00923,CSE-11,MEDIUM,2024-12-06T22:10:51,2024-12-06T22:38:24.049851,2024-12-06T23:18:34.297085,CLOSED,CAS-CSE-11-0248,ENDPOINT-11A,False
ALT-CSE-11-00924,CSE-11,CRITICAL,2024-10-09T14:52:58,2024-10-09T15:19:43.033209,2024-10-09T15:32:56.370324,CLOSED,CAS-CSE-11-0249,CTRL-SRV-11,False
ALT-CSE-11-00925,CSE-11,MEDIUM,2024-12-06T00:07:43,2024-12-06T00:25:04.983238,2024-12-06T00:54:35.289959,CLOSED,,CTRL-SRV-11,False
ALT-CSE-11-00926,CSE-11,CRITICAL,2024-10-25T10:14:28,2024-10-25T10:26:43.272022,2024-10-25T11:17:46.969842,CLOSED,CAS-CSE-11-0250,ENDPOINT-11A,False
ALT-CSE-11-00927,CSE-11,LOW,2024-12-10T20:30:53,2024-12-10T20:52:28.467234,2024-12-10T22:05:59.833279,CLOSED,CAS-CSE-11-0251,ENDPOINT-11A,False
ALT-CSE-11-00928,CSE-11,MEDIUM,2024-10-14T19:04:02,2024-10-14T19:31:20.763766,2024-10-14T20:32:14.924656,CLOSED,,CTRL-SRV-11,False
ALT-CSE-11-00929,CSE-11,MEDIUM,2024-11-08T10:32:03,2024-11-08T11:00:51.698287,2024-11-08T11:36:45.780141,CLOSED,,CTRL-SRV-11,False
ALT-CSE-11-00930,CSE-11,MEDIUM,2024-11-30T18:55:58,2024-11-30T19:11:35.496314,2024-11-30T20:19:14.171116,CLOSED,CAS-CSE-11-0252,CTRL-SRV-11,False
ALT-CSE-11-00931,CSE-11,LOW,2024-10-12T23:17:49,2024-10-12T23:39:19.285508,2024-10-13T00:04:49.126006,CLOSED,,CTRL-SRV-11,False
ALT-CSE-11-00932,CSE-11,MEDIUM,2024-10-13T14:39:11,2024-10-13T14:44:44.603431,2024-10-13T15:31:19.279660,CLOSED,,CTRL-SRV-11,False
ALT-CSE-11-00933,CSE-11,MEDIUM,2024-11-13T13:23:38,2024-11-13T13:51:29.053861,2024-11-13T14:29:28.277430,CLOSED,,CTRL-SRV-11,False
ALT-CSE-11-00934,CSE-11,MEDIUM,2024-12-10T00:10:08,2024-12-10T00:34:58.949001,2024-12-10T00:54:33.951747,CLOSED,,ENDPOINT-11A,False
ALT-CSE-11-00935,CSE-11,MEDIUM,2024-12-10T06:48:54,2024-12-10T06:58:48.652814,2024-12-10T07:17:57.083638,CLOSED,,ENDPOINT-11A,False
ALT-CSE-11-00936,CSE-11,MEDIUM,2024-10-14T01:57:11,2024-10-14T02:08:45.524573,2024-10-14T02:15:30.246385,CLOSED,CAS-CSE-11-0253,ENDPOINT-11A,False
ALT-CSE-11-00937,CSE-11,MEDIUM,2024-11-22T17:23:59,2024-11-22T17:41:04.506463,2024-11-22T18:50:24.092374,CLOSED,,CTRL-SRV-11,False
ALT-CSE-11-00938,CSE-11,MEDIUM,2024-11-10T21:10:41,2024-11-10T21:38:13.347792,2024-11-10T22:10:52.023113,CLOSED,,ENDPOINT-11A,False
ALT-CSE-11-00939,CSE-11,LOW,2024-10-24T07:10:30,2024-10-24T07:16:07.663007,2024-10-24T07:47:01.801353,CLOSED,,ENDPOINT-11A,False
ALT-CSE-11-00940,CSE-11,MEDIUM,2024-11-03T02:29:01,2024-11-03T02:52:41.193438,2024-11-03T03:21:52.613625,CLOSED,,ENDPOINT-11A,False
ALT-CSE-11-00941,CSE-11,CRITICAL,2024-11-01T21:19:11,2024-11-01T21:38:19.089090,2024-11-01T22:30:26.852753,CLOSED,,ENDPOINT-11A,False
ALT-CSE-11-00942,CSE-11,CRITICAL,2024-12-05T13:41:28,2024-12-05T13:51:46.153402,2024-12-05T14:27:41.073763,CLOSED,CAS-CSE-11-0254,CTRL-SRV-11,False
ALT-CSE-11-00943,CSE-11,CRITICAL,2024-11-07T15:38:07,2024-11-07T15:45:53.539419,2024-11-07T16:38:22.202856,CLOSED,CAS-CSE-11-0255,ENDPOINT-11A,False
ALT-CSE-11-00944,CSE-11,LOW,2024-11-28T19:56:01,2024-11-28T20:22:17.544020,2024-11-28T21:16:14.122951,CLOSED,CAS-CSE-11-0256,ENDPOINT-11A,False
ALT-CSE-11-00945,CSE-11,CRITICAL,2024-10-27T22:44:02,2024-10-27T23:03:58.758210,2024-10-28T00:15:37.393584,CLOSED,,ENDPOINT-11A,False
ALT-CSE-11-00946,CSE-11,MEDIUM,2024-12-15T08:42:02,2024-12-15T09:11:12.448168,2024-12-15T09:22:21.745855,CLOSED,CAS-CSE-11-0257,ENDPOINT-11A,False
ALT-CSE-11-00947,CSE-11,MEDIUM,2024-10-21T19:28:00,2024-10-21T19:55:00.178766,2024-10-21T20:32:31.240416,CLOSED,,ENDPOINT-11A,False
ALT-CSE-11-00948,CSE-11,MEDIUM,2024-12-18T21:13:33,2024-12-18T21:38:47.453521,2024-12-18T22:29:02.051120,CLOSED,,CTRL-SRV-11,False
ALT-CSE-11-00949,CSE-11,CRITICAL,2024-10-09T15:47:53,2024-10-09T16:14:26.809682,2024-10-09T16:41:55.430568,CLOSED,CAS-CSE-11-0258,ENDPOINT-11A,False
ALT-CSE-11-00950,CSE-11,MEDIUM,2024-10-22T01:20:52,2024-10-22T01:33:27.637910,2024-10-22T02:35:06.066963,CLOSED,,ENDPOINT-11A,False
ALT-CSE-11-00951,CSE-11,MEDIUM,2024-10-09T19:43:49,2024-10-09T20:01:49.871773,2024-10-09T21:19:48.265681,CLOSED,,CTRL-SRV-11,False
ALT-CSE-11-00952,CSE-11,LOW,2024-10-23T20:21:39,2024-10-23T20:46:42.087805,2024-10-23T21:44:28.095055,CLOSED,,CTRL-SRV-11,False
ALT-CSE-11-00953,CSE-11,LOW,2024-11-10T18:09:42,2024-11-10T18:26:51.372180,2024-11-10T19:33:55.404129,CLOSED,,CTRL-SRV-11,False
ALT-CSE-11-00954,CSE-11,LOW,2024-10-12T15:59:14,2024-10-12T16:17:07.588505,2024-10-12T17:17:33.023731,CLOSED,CAS-CSE-11-0259,ENDPOINT-11A,False
ALT-CSE-11-00955,CSE-11,MEDIUM,2024-10-30T23:53:10,2024-10-31T00:04:05.249092,2024-10-31T00:58:34.976349,CLOSED,,ENDPOINT-11A,False
ALT-CSE-11-00956,CSE-11,MEDIUM,2024-10-22T02:25:43,2024-10-22T02:34:39.939957,2024-10-22T03:35:40.751371,CLOSED,,ENDPOINT-11A,False
ALT-CSE-11-00957,CSE-11,CRITICAL,2024-12-10T13:49:20,2024-12-10T14:02:27.830021,2024-12-10T14:51:35.500205,CLOSED,CAS-CSE-11-0260,CTRL-SRV-11,False
ALT-CSE-11-00958,CSE-11,CRITICAL,2024-12-10T08:54:50,2024-12-10T09:13:25.995194,2024-12-10T09:47:15.562314,CLOSED,CAS-CSE-11-0261,CTRL-SRV-11,False
ALT-CSE-11-00959,CSE-11,MEDIUM,2024-10-06T21:51:17,2024-10-06T22:09:45.664843,2024-10-06T22:51:37.087334,CLOSED,,ENDPOINT-11A,False
ALT-CSE-11-00960,CSE-11,MEDIUM,2024-11-19T03:53:40,2024-11-19T04:01:31.550154,2024-11-19T04:41:09.767552,CLOSED,,ENDPOINT-11A,False
ALT-CSE-11-00961,CSE-11,CRITICAL,2024-10-11T05:31:50,2024-10-11T05:45:02.583142,2024-10-11T07:00:14.215287,CLOSED,CAS-CSE-11-0262,ENDPOINT-11A,False
ALT-CSE-11-00962,CSE-11,MEDIUM,2024-12-07T22:43:17,2024-12-07T23:10:34.638133,2024-12-07T23:39:02.110953,CLOSED,,ENDPOINT-11A,False
ALT-CSE-11-00963,CSE-11,MEDIUM,2024-11-09T20:28:20,2024-11-09T20:50:24.706501,2024-11-09T21:31:33.828825,CLOSED,,CTRL-SRV-11,False
ALT-CSE-11-00964,CSE-11,CRITICAL,2024-10-25T03:07:24,2024-10-25T03:13:48.245225,2024-10-25T04:12:33.265523,CLOSED,CAS-CSE-11-0263,ENDPOINT-11A,False
ALT-CSE-11-00965,CSE-11,CRITICAL,2024-11-11T04:56:20,2024-11-11T05:02:14.582914,2024-11-11T05:47:35.990617,CLOSED,CAS-CSE-11-0264,CTRL-SRV-11,False
ALT-CSE-11-00966,CSE-11,MEDIUM,2024-11-16T04:12:25,2024-11-16T04:20:31.322100,2024-11-16T04:51:28.789627,CLOSED,,ENDPOINT-11A,False
ALT-CSE-11-00967,CSE-11,MEDIUM,2024-12-19T23:32:18,2024-12-19T23:44:40.303182,2024-12-20T00:43:51.036322,CLOSED,,CTRL-SRV-11,False
ALT-CSE-11-00968,CSE-11,MEDIUM,2024-12-01T17:28:05,2024-12-01T17:42:53.729788,2024-12-01T18:30:29.332970,CLOSED,,CTRL-SRV-11,False
ALT-CSE-11-00969,CSE-11,MEDIUM,2024-10-27T12:32:49,2024-10-27T12:41:11.166303,2024-10-27T13:30:53.596764,CLOSED,,ENDPOINT-11A,False
ALT-CSE-11-00970,CSE-11,LOW,2024-11-13T02:56:20,2024-11-13T03:15:47.690503,2024-11-13T03:51:58.086784,CLOSED,,ENDPOINT-11A,False
ALT-CSE-11-00971,CSE-11,MEDIUM,2024-11-11T12:34:15,2024-11-11T12:53:34.886630,2024-11-11T13:27:33.869551,CLOSED,,ENDPOINT-11A,False
ALT-CSE-11-00972,CSE-11,LOW,2024-10-14T09:53:30,2024-10-14T09:59:33.845149,2024-10-14T10:31:57.815991,CLOSED,,CTRL-SRV-11,False
ALT-CSE-11-00973,CSE-11,LOW,2024-10-08T21:12:04,2024-10-08T21:35:27.568558,2024-10-08T22:18:30.733506,CLOSED,,CTRL-SRV-11,False
ALT-CSE-11-00974,CSE-11,MEDIUM,2024-10-18T01:25:36,2024-10-18T01:47:35.664168,2024-10-18T02:51:10.700693,CLOSED,,ENDPOINT-11A,False
ALT-CSE-11-00975,CSE-11,LOW,2024-11-12T02:04:35,2024-11-12T02:23:20.684047,2024-11-12T03:02:26.779580,CLOSED,,CTRL-SRV-11,False
ALT-CSE-11-00976,CSE-11,MEDIUM,2024-12-07T21:26:18,2024-12-07T21:49:40.467417,2024-12-07T22:15:10.868100,CLOSED,CAS-CSE-11-0265,ENDPOINT-11A,False
ALT-CSE-11-00977,CSE-11,MEDIUM,2024-11-03T23:44:00,2024-11-03T23:53:14.462018,2024-11-04T00:40:57.540035,CLOSED,,ENDPOINT-11A,False
ALT-CSE-11-00978,CSE-11,CRITICAL,2024-11-01T06:55:26,2024-11-01T07:08:52.043904,2024-11-01T07:41:29.958603,CLOSED,CAS-CSE-11-0266,ENDPOINT-11A,False
ALT-CSE-11-00979,CSE-11,CRITICAL,2024-12-18T08:27:11,2024-12-18T08:45:17.289462,2024-12-18T09:13:36.922394,CLOSED,CAS-CSE-11-0267,CTRL-SRV-11,False
ALT-CSE-11-00980,CSE-11,CRITICAL,2024-10-14T09:56:07,2024-10-14T10:06:58.244344,2024-10-14T10:58:27.466975,CLOSED,CAS-CSE-11-0268,ENDPOINT-11A,False
ALT-CSE-11-00981,CSE-11,MEDIUM,2024-11-03T03:14:47,2024-11-03T03:19:48.891605,2024-11-03T04:01:13.300344,CLOSED,,CTRL-SRV-11,False
ALT-CSE-11-00982,CSE-11,MEDIUM,2024-12-19T18:47:05,2024-12-19T18:57:47.725370,2024-12-19T19:56:22.952425,CLOSED,,ENDPOINT-11A,False
ALT-CSE-11-00983,CSE-11,MEDIUM,2024-10-09T13:13:26,2024-10-09T13:40:46.247793,2024-10-09T13:36:22.550285,CLOSED,,CTRL-SRV-11,False
ALT-CSE-11-00984,CSE-11,CRITICAL,2024-10-30T16:04:26,2024-10-30T16:25:32.223179,2024-10-30T16:55:21.150625,CLOSED,,ENDPOINT-11A,False
ALT-CSE-11-00985,CSE-11,CRITICAL,2024-12-09T04:25:39,2024-12-09T04:39:06.505853,2024-12-09T04:48:10.336591,CLOSED,CAS-CSE-11-0269,CTRL-SRV-11,False
ALT-CSE-11-00986,CSE-11,MEDIUM,2024-10-03T18:36:18,2024-10-03T19:04:06.357042,2024-10-03T19:37:41.805132,CLOSED,,ENDPOINT-11A,False
ALT-CSE-11-00987,CSE-11,MEDIUM,2024-10-06T10:19:01,2024-10-06T10:34:46.124739,2024-10-06T11:41:57.337177,CLOSED,CAS-CSE-11-0270,CTRL-SRV-11,False
ALT-CSE-11-00988,CSE-11,CRITICAL,2024-11-30T09:55:58,2024-11-30T10:17:15.391775,2024-11-30T11:18:09.511595,CLOSED,CAS-CSE-11-0271,CTRL-SRV-11,False
ALT-CSE-11-00989,CSE-11,LOW,2024-10-16T21:13:27,2024-10-16T21:26:22.173871,2024-10-16T22:08:34.135587,CLOSED,,ENDPOINT-11A,False
ALT-CSE-11-00990,CSE-11,LOW,2024-10-24T19:16:27,2024-10-24T19:43:12.673690,2024-10-24T19:44:40.264278,CLOSED,,CTRL-SRV-11,False
ALT-CSE-11-00991,CSE-11,CRITICAL,2024-12-03T03:56:56,2024-12-03T04:09:23.665119,2024-12-03T05:12:09.334253,CLOSED,CAS-CSE-11-0272,CTRL-SRV-11,False
ALT-CSE-11-00992,CSE-11,CRITICAL,2024-10-02T04:56:35,2024-10-02T05:17:28.513150,2024-10-02T05:55:22.441350,CLOSED,CAS-CSE-11-0273,CTRL-SRV-11,False
ALT-CSE-11-00993,CSE-11,MEDIUM,2024-11-14T05:01:34,2024-11-14T05:27:18.343338,2024-11-14T06:07:19.099819,CLOSED,,ENDPOINT-11A,False
ALT-CSE-11-00994,CSE-11,MEDIUM,2024-10-23T20:50:48,2024-10-23T21:08:00.762452,2024-10-23T21:48:33.360244,CLOSED,,CTRL-SRV-11,False
ALT-CSE-11-00995,CSE-11,CRITICAL,2024-11-18T23:00:58,2024-11-18T23:09:58.234949,2024-11-18T23:47:06.905333,CLOSED,CAS-CSE-11-0274,ENDPOINT-11A,False
ALT-CSE-11-00996,CSE-11,LOW,2024-12-09T03:54:40,2024-12-09T04:01:35.620970,2024-12-09T04:52:42.796459,CLOSED,CAS-CSE-11-0275,CTRL-SRV-11,False
ALT-CSE-11-00997,CSE-11,MEDIUM,2024-12-09T16:43:29,2024-12-09T17:01:53.271904,2024-12-09T17:39:17.892796,CLOSED,CAS-CSE-11-0276,ENDPOINT-11A,False
ALT-CSE-11-00998,CSE-11,LOW,2024-11-29T13:00:01,2024-11-29T13:15:01.298962,2024-11-29T13:54:13.531863,CLOSED,CAS-CSE-11-0277,CTRL-SRV-11,False
ALT-CSE-11-00999,CSE-11,MEDIUM,2024-11-02T20:29:21,2024-11-02T20:40:16.169100,2024-11-02T21:29:18.209913,CLOSED,,CTRL-SRV-11,False
ALT-CSE-11-01000,CSE-11,CRITICAL,2024-11-20T16:43:31,2024-11-20T17:12:33.096966,2024-11-20T17:56:52.533054,CLOSED,CAS-CSE-11-0278,ENDPOINT-11A,False
ALT-CSE-11-01001,CSE-11,LOW,2024-12-13T10:25:14,2024-12-13T10:34:00.112534,2024-12-13T11:19:52.193708,CLOSED,,ENDPOINT-11A,False
ALT-CSE-11-01002,CSE-11,LOW,2024-11-26T23:36:44,2024-11-26T23:53:35.958614,2024-11-27T01:31:53.164174,CLOSED,,CTRL-SRV-11,False
ALT-CSE-11-01003,CSE-11,MEDIUM,2024-10-23T07:01:36,2024-10-23T07:29:48.797749,2024-10-23T08:01:08.151041,CLOSED,,CTRL-SRV-11,False
ALT-CSE-11-01004,CSE-11,MEDIUM,2024-10-04T20:46:58,2024-10-04T21:04:20.489911,2024-10-04T21:29:59.901929,CLOSED,,ENDPOINT-11A,False
ALT-CSE-11-01005,CSE-11,CRITICAL,2024-12-19T00:57:01,2024-12-19T01:23:09.794638,2024-12-19T02:18:52.793112,CLOSED,CAS-CSE-11-0279,ENDPOINT-11A,False
ALT-CSE-11-01006,CSE-11,LOW,2024-10-25T00:56:16,2024-10-25T01:16:48.404255,2024-10-25T01:36:57.852263,CLOSED,,CTRL-SRV-11,False
ALT-CSE-11-01007,CSE-11,MEDIUM,2024-12-19T19:35:53,2024-12-19T19:45:59.446809,2024-12-19T20:18:54.068947,CLOSED,,ENDPOINT-11A,False
ALT-CSE-11-01008,CSE-11,MEDIUM,2024-10-30T15:40:58,2024-10-30T16:08:44.715837,2024-10-30T16:56:26.788980,CLOSED,,ENDPOINT-11A,False
ALT-CSE-11-01009,CSE-11,MEDIUM,2024-10-19T16:39:02,2024-10-19T16:50:45.564448,2024-10-19T17:20:02.841191,CLOSED,,ENDPOINT-11A,False
ALT-CSE-11-01010,CSE-11,CRITICAL,2024-11-21T07:41:45,2024-11-21T07:47:08.921716,2024-11-21T08:36:42.398861,CLOSED,CAS-CSE-11-0280,CTRL-SRV-11,False
ALT-CSE-11-01011,CSE-11,MEDIUM,2024-11-12T18:07:13,2024-11-12T18:21:58.425244,2024-11-12T19:47:39.467804,CLOSED,,CTRL-SRV-11,False
ALT-CSE-11-01012,CSE-11,MEDIUM,2024-10-20T19:22:39,2024-10-20T19:29:26.455282,2024-10-20T20:33:18.557939,CLOSED,,CTRL-SRV-11,False
ALT-CSE-11-01013,CSE-11,MEDIUM,2024-10-02T17:27:50,2024-10-02T17:51:36.288180,2024-10-02T18:40:50.902616,CLOSED,,CTRL-SRV-11,False
ALT-CSE-11-01014,CSE-11,MEDIUM,2024-10-24T19:48:40,2024-10-24T19:59:38.073814,2024-10-24T20:54:41.766307,CLOSED,,ENDPOINT-11A,False
ALT-CSE-11-01015,CSE-11,MEDIUM,2024-12-28T15:41:04,2024-12-28T16:01:23.543826,2024-12-28T16:32:05.398392,CLOSED,,CTRL-SRV-11,False
ALT-CSE-11-01016,CSE-11,CRITICAL,2024-11-20T08:26:40,2024-11-20T08:51:15.090910,2024-11-20T09:48:28.774965,CLOSED,,CTRL-SRV-11,False
ALT-CSE-11-01017,CSE-11,CRITICAL,2024-11-23T14:59:03,2024-11-23T15:05:21.695961,2024-11-23T16:09:58.044761,CLOSED,,CTRL-SRV-11,False
ALT-CSE-11-01018,CSE-11,MEDIUM,2024-12-05T12:42:39,2024-12-05T13:11:00.329197,2024-12-05T13:34:27.407945,CLOSED,,ENDPOINT-11A,False
ALT-CSE-11-01019,CSE-11,CRITICAL,2024-10-17T09:08:21,2024-10-17T09:24:24.548789,2024-10-17T10:19:01.985939,CLOSED,,CTRL-SRV-11,False
ALT-CSE-11-01020,CSE-11,MEDIUM,2024-12-03T16:20:04,2024-12-03T16:37:28.582252,2024-12-03T17:17:05.240879,CLOSED,,ENDPOINT-11A,False
ALT-CSE-11-01021,CSE-11,MEDIUM,2024-11-09T07:00:45,2024-11-09T07:18:45.448579,2024-11-09T07:35:32.713387,CLOSED,,CTRL-SRV-11,False
ALT-CSE-11-01022,CSE-11,CRITICAL,2024-12-07T12:21:21,2024-12-07T12:42:26.422385,2024-12-07T13:41:09.648375,CLOSED,CAS-CSE-11-0281,CTRL-SRV-11,False
ALT-CSE-11-01023,CSE-11,MEDIUM,2024-10-03T10:17:59,2024-10-03T10:41:30.256360,2024-10-03T11:50:41.086447,CLOSED,,ENDPOINT-11A,False
ALT-CSE-11-01024,CSE-11,MEDIUM,2024-12-13T18:32:55,2024-12-13T18:46:25.360871,2024-12-13T19:05:19.717199,CLOSED,,ENDPOINT-11A,False
ALT-CSE-11-01025,CSE-11,LOW,2024-10-06T10:47:13,2024-10-06T10:56:15.873932,2024-10-06T11:24:04.371914,CLOSED,CAS-CSE-11-0282,CTRL-SRV-11,False
ALT-CSE-11-01026,CSE-11,CRITICAL,2024-10-29T01:42:20,2024-10-29T01:54:55.976005,2024-10-29T02:27:16.585541,CLOSED,CAS-CSE-11-0283,ENDPOINT-11A,False
ALT-CSE-11-01027,CSE-11,CRITICAL,2024-11-02T20:47:49,2024-11-02T20:54:04.980815,2024-11-02T21:45:07.739952,CLOSED,CAS-CSE-11-0284,ENDPOINT-11A,False
ALT-CSE-11-01028,CSE-11,CRITICAL,2024-12-24T20:21:30,2024-12-24T20:47:29.496882,2024-12-24T21:11:25.429236,CLOSED,CAS-CSE-11-0285,ENDPOINT-11A,False
ALT-CSE-11-01029,CSE-11,CRITICAL,2024-11-16T04:55:51,2024-11-16T05:14:29.972132,2024-11-16T06:02:07.709655,CLOSED,CAS-CSE-11-0286,CTRL-SRV-11,False
ALT-CSE-11-01030,CSE-11,CRITICAL,2024-12-09T10:28:18,2024-12-09T10:47:02.562809,2024-12-09T12:06:11.713396,CLOSED,CAS-CSE-11-0287,ENDPOINT-11A,False
ALT-CSE-11-01031,CSE-11,CRITICAL,2024-10-19T17:54:15,2024-10-19T18:01:51.647584,2024-10-19T18:58:53.093128,CLOSED,CAS-CSE-11-0288,CTRL-SRV-11,False
ALT-CSE-11-01032,CSE-11,LOW,2024-10-18T14:09:06,2024-10-18T14:17:15.280671,2024-10-18T15:03:23.347508,CLOSED,CAS-CSE-11-0289,CTRL-SRV-11,False
ALT-CSE-11-01033,CSE-11,LOW,2024-12-02T01:14:54,2024-12-02T01:25:11.695397,2024-12-02T02:11:38.686280,CLOSED,,ENDPOINT-11A,False
ALT-CSE-11-01034,CSE-11,MEDIUM,2024-12-16T06:34:46,2024-12-16T06:47:03.461860,2024-12-16T08:09:33.838632,CLOSED,,ENDPOINT-11A,False
ALT-CSE-11-01035,CSE-11,MEDIUM,2024-10-18T01:27:38,2024-10-18T01:32:57.637140,2024-10-18T02:05:07.451750,CLOSED,,CTRL-SRV-11,False
ALT-CSE-11-01036,CSE-11,MEDIUM,2024-11-14T05:58:10,2024-11-14T06:27:50.553414,2024-11-14T07:08:13.930670,CLOSED,,ENDPOINT-11A,False
ALT-CSE-11-01037,CSE-11,MEDIUM,2024-11-19T17:19:10,2024-11-19T17:33:02.089665,2024-11-19T18:04:17.954234,CLOSED,CAS-CSE-11-0290,CTRL-SRV-11,False
ALT-CSE-11-01038,CSE-11,CRITICAL,2024-10-16T16:32:06,2024-10-16T16:43:19.509164,2024-10-16T18:01:55.470660,CLOSED,CAS-CSE-11-0291,ENDPOINT-11A,False
ALT-CSE-11-01039,CSE-11,CRITICAL,2024-10-02T10:16:33,2024-10-02T10:34:34.419499,2024-10-02T11:07:48.241654,CLOSED,,CTRL-SRV-11,False
ALT-CSE-11-01040,CSE-11,MEDIUM,2024-11-21T02:02:45,2024-11-21T02:30:23.925018,2024-11-21T02:55:39.917557,CLOSED,,ENDPOINT-11A,False
ALT-CSE-11-01041,CSE-11,MEDIUM,2024-10-17T13:53:30,2024-10-17T14:00:53.742833,2024-10-17T14:54:27.411499,CLOSED,,ENDPOINT-11A,False
ALT-CSE-11-01042,CSE-11,CRITICAL,2024-11-12T23:40:18,2024-11-12T23:47:09.620258,2024-11-13T00:32:10.610296,CLOSED,,CTRL-SRV-11,False
ALT-CSE-11-01043,CSE-11,LOW,2024-11-18T21:27:49,2024-11-18T21:57:29.350087,2024-11-18T22:45:20.465172,CLOSED,,ENDPOINT-11A,False
ALT-CSE-11-01044,CSE-11,CRITICAL,2024-12-17T19:03:38,2024-12-17T19:27:18.884689,2024-12-17T19:51:35.664796,CLOSED,CAS-CSE-11-0292,CTRL-SRV-11,False
ALT-CSE-11-01045,CSE-11,MEDIUM,2024-10-31T15:35:21,2024-10-31T15:52:37.079195,2024-10-31T17:04:29.880017,CLOSED,,ENDPOINT-11A,False
ALT-CSE-11-01046,CSE-11,CRITICAL,2024-10-11T14:16:00,2024-10-11T14:27:16.971807,2024-10-11T15:31:27.807087,CLOSED,CAS-CSE-11-0293,CTRL-SRV-11,False
ALT-CSE-11-01047,CSE-11,LOW,2024-10-22T00:11:30,2024-10-22T00:22:44.500937,2024-10-22T01:18:37.995511,CLOSED,CAS-CSE-11-0294,CTRL-SRV-11,False
ALT-CSE-11-01048,CSE-11,MEDIUM,2024-10-19T20:20:14,2024-10-19T20:41:59.849023,2024-10-19T20:50:17.578020,CLOSED,,ENDPOINT-11A,False
ALT-CSE-11-01049,CSE-11,MEDIUM,2024-12-09T08:41:30,2024-12-09T09:08:03.163995,2024-12-09T09:33:24.653971,CLOSED,,ENDPOINT-11A,False
ALT-CSE-11-01050,CSE-11,MEDIUM,2024-10-06T03:10:30,2024-10-06T03:19:18.452624,2024-10-06T04:13:26.418849,CLOSED,,CTRL-SRV-11,False
ALT-CSE-11-01051,CSE-11,MEDIUM,2024-12-06T14:48:59,2024-12-06T15:00:38.083216,2024-12-06T15:49:47.626273,CLOSED,,CTRL-SRV-11,False
ALT-CSE-11-01052,CSE-11,LOW,2024-11-17T15:15:58,2024-11-17T15:24:47.496646,2024-11-17T16:46:51.111686,CLOSED,,CTRL-SRV-11,False
ALT-CSE-11-01053,CSE-11,MEDIUM,2024-12-28T07:19:33,2024-12-28T07:27:59.811494,2024-12-28T08:32:54.494365,CLOSED,,ENDPOINT-11A,False
ALT-CSE-11-01054,CSE-11,LOW,2024-12-13T18:57:06,2024-12-13T19:11:56.406887,2024-12-13T20:09:29.030209,CLOSED,,ENDPOINT-11A,False
ALT-CSE-11-01055,CSE-11,MEDIUM,2024-10-29T16:59:08,2024-10-29T17:23:27.044577,2024-10-29T18:14:48.162878,CLOSED,,CTRL-SRV-11,False
ALT-CSE-11-01056,CSE-11,MEDIUM,2024-10-03T06:55:38,2024-10-03T07:12:24.848069,2024-10-03T07:41:02.479574,CLOSED,,ENDPOINT-11A,False
ALT-CSE-11-01057,CSE-11,MEDIUM,2024-10-15T06:25:27,2024-10-15T06:43:57.573264,2024-10-15T07:38:07.604286,CLOSED,,CTRL-SRV-11,False
ALT-CSE-11-01058,CSE-11,MEDIUM,2024-12-29T08:25:54,2024-12-29T08:36:17.177479,2024-12-29T09:58:25.583067,CLOSED,CAS-CSE-11-0295,CTRL-SRV-11,False
ALT-CSE-11-01059,CSE-11,MEDIUM,2024-11-13T19:54:19,2024-11-13T20:17:00.420542,2024-11-13T20:50:47.583707,CLOSED,,ENDPOINT-11A,False
ALT-CSE-11-01060,CSE-11,MEDIUM,2024-12-14T16:23:36,2024-12-14T16:52:58.697583,2024-12-14T17:41:48.089624,CLOSED,,CTRL-SRV-11,False
ALT-CSE-11-01061,CSE-11,MEDIUM,2024-12-28T10:37:52,2024-12-28T10:49:23.607865,2024-12-28T11:57:04.932188,CLOSED,,CTRL-SRV-11,False
ALT-CSE-11-01062,CSE-11,MEDIUM,2024-10-14T22:04:14,2024-10-14T22:18:27.636266,2024-10-14T23:11:20.493467,CLOSED,,ENDPOINT-11A,False
ALT-CSE-11-01063,CSE-11,CRITICAL,2024-12-14T00:58:47,2024-12-14T01:27:10.324353,2024-12-14T02:22:51.155320,CLOSED,CAS-CSE-11-0296,CTRL-SRV-11,False
ALT-CSE-11-01064,CSE-11,CRITICAL,2024-11-21T11:19:23,2024-11-21T11:40:35.021971,2024-11-21T12:22:36.736594,CLOSED,,ENDPOINT-11A,False
ALT-CSE-11-01065,CSE-11,CRITICAL,2024-10-11T16:07:51,2024-10-11T16:19:28.430069,2024-10-11T16:54:01.098266,CLOSED,CAS-CSE-11-0297,ENDPOINT-11A,False
ALT-CSE-11-01066,CSE-11,LOW,2024-10-27T08:18:21,2024-10-27T08:41:27.603231,2024-10-27T09:11:01.736532,CLOSED,,ENDPOINT-11A,False
ALT-CSE-11-01067,CSE-11,LOW,2024-11-09T19:46:33,2024-11-09T20:14:45.845015,2024-11-09T20:34:57.308338,CLOSED,,CTRL-SRV-11,False
ALT-CSE-11-01068,CSE-11,MEDIUM,2024-12-25T00:30:09,2024-12-25T00:38:10.508534,2024-12-25T01:17:34.218689,CLOSED,,CTRL-SRV-11,False
ALT-CSE-11-01069,CSE-11,MEDIUM,2024-10-24T18:15:10,2024-10-24T18:30:25.437818,2024-10-24T19:15:05.518650,CLOSED,,ENDPOINT-11A,False
ALT-CSE-11-01070,CSE-11,MEDIUM,2024-10-02T12:22:13,2024-10-02T12:42:08.501777,2024-10-02T13:22:43.941462,CLOSED,,ENDPOINT-11A,False
ALT-CSE-11-01071,CSE-11,MEDIUM,2024-12-24T07:22:54,2024-12-24T07:32:41.460369,2024-12-24T08:01:23.738674,CLOSED,,ENDPOINT-11A,False
ALT-CSE-11-01072,CSE-11,LOW,2024-12-22T19:07:17,2024-12-22T19:28:22.746828,2024-12-22T20:08:13.580376,CLOSED,,CTRL-SRV-11,False
ALT-CSE-11-01073,CSE-11,MEDIUM,2024-10-17T02:04:25,2024-10-17T02:12:59.665325,2024-10-17T02:51:21.788424,CLOSED,,CTRL-SRV-11,False
ALT-CSE-11-01074,CSE-11,CRITICAL,2024-10-04T05:03:55,2024-10-04T05:27:06.756060,2024-10-04T06:09:59.788839,CLOSED,CAS-CSE-11-0298,ENDPOINT-11A,False
ALT-CSE-11-01075,CSE-11,MEDIUM,2024-11-07T22:37:11,2024-11-07T23:00:33.416478,2024-11-07T23:47:37.367151,CLOSED,,ENDPOINT-11A,False
ALT-CSE-11-01076,CSE-11,MEDIUM,2024-11-02T00:08:48,2024-11-02T00:24:02.438968,2024-11-02T01:29:08.488477,CLOSED,,CTRL-SRV-11,False
ALT-CSE-11-01077,CSE-11,CRITICAL,2024-11-17T23:55:55,2024-11-18T00:21:30.738047,2024-11-18T01:10:48.799956,CLOSED,CAS-CSE-11-0299,ENDPOINT-11A,False
ALT-CSE-11-01078,CSE-11,CRITICAL,2024-11-24T10:46:54,2024-11-24T11:00:00.978305,2024-11-24T11:58:40.001655,CLOSED,CAS-CSE-11-0300,CTRL-SRV-11,False
ALT-CSE-11-01079,CSE-11,MEDIUM,2024-11-11T03:02:52,2024-11-11T03:14:48.666942,2024-11-11T04:32:24.952478,CLOSED,,ENDPOINT-11A,False
ALT-CSE-11-01080,CSE-11,CRITICAL,2024-11-29T08:48:36,2024-11-29T09:08:37.371303,2024-11-29T09:35:15.889142,CLOSED,CAS-CSE-11-0301,CTRL-SRV-11,False
ALT-CSE-11-01081,CSE-11,MEDIUM,2024-12-07T15:46:55,2024-12-07T15:56:01.775879,2024-12-07T16:44:41.731966,CLOSED,,CTRL-SRV-11,False
ALT-CSE-11-01082,CSE-11,MEDIUM,2024-11-28T15:55:10,2024-11-28T16:20:00.806559,2024-11-28T17:10:40.156144,CLOSED,,ENDPOINT-11A,False
ALT-CSE-11-01083,CSE-11,LOW,2024-10-18T13:39:36,2024-10-18T13:48:01.640067,2024-10-18T14:21:54.424847,CLOSED,,ENDPOINT-11A,False
ALT-CSE-11-01084,CSE-11,MEDIUM,2024-11-26T00:43:38,2024-11-26T00:52:00.010924,2024-11-26T02:19:08.412869,CLOSED,,CTRL-SRV-11,False
ALT-CSE-11-01085,CSE-11,MEDIUM,2024-11-29T06:23:22,2024-11-29T06:36:43.628113,2024-11-29T06:54:25.694702,CLOSED,,ENDPOINT-11A,False
ALT-CSE-11-01086,CSE-11,CRITICAL,2024-10-05T08:10:12,2024-10-05T08:18:46.936589,2024-10-05T09:15:06.391230,CLOSED,CAS-CSE-11-0302,CTRL-SRV-11,False
ALT-CSE-11-01087,CSE-11,MEDIUM,2024-12-05T17:15:14,2024-12-05T17:38:26.629875,2024-12-05T18:43:34.402906,CLOSED,,ENDPOINT-11A,False
ALT-CSE-11-01088,CSE-11,CRITICAL,2024-11-25T07:36:29,2024-11-25T07:42:51.584903,2024-11-25T07:50:47.761185,CLOSED,,CTRL-SRV-11,False
ALT-CSE-11-01089,CSE-11,MEDIUM,2024-12-06T16:15:03,2024-12-06T16:22:22.195008,2024-12-06T17:13:25.352293,CLOSED,,ENDPOINT-11A,False
ALT-CSE-11-01090,CSE-11,LOW,2024-11-23T12:55:50,2024-11-23T13:14:14.529775,2024-11-23T14:42:18.981702,CLOSED,,ENDPOINT-11A,False
ALT-CSE-11-01091,CSE-11,LOW,2024-10-01T21:33:58,2024-10-01T21:59:30.940048,2024-10-01T22:35:42.064596,CLOSED,,ENDPOINT-11A,False
ALT-CSE-11-01092,CSE-11,MEDIUM,2024-11-26T01:38:40,2024-11-26T01:53:03.672472,2024-11-26T02:12:44.883031,CLOSED,,ENDPOINT-11A,False
ALT-CSE-11-01093,CSE-11,MEDIUM,2024-10-30T13:24:03,2024-10-30T13:33:18.136609,2024-10-30T14:31:51.804506,CLOSED,,ENDPOINT-11A,False
ALT-CSE-11-01094,CSE-11,LOW,2024-10-24T23:23:28,2024-10-24T23:52:50.488937,2024-10-25T00:15:09.217920,CLOSED,,ENDPOINT-11A,False
ALT-CSE-11-01095,CSE-11,CRITICAL,2024-10-28T05:30:17,2024-10-28T05:43:30.593989,2024-10-28T07:20:02.838466,CLOSED,,CTRL-SRV-11,False
ALT-CSE-11-01096,CSE-11,MEDIUM,2024-12-10T16:34:01,2024-12-10T16:56:05.362187,2024-12-10T17:22:00.843561,CLOSED,,ENDPOINT-11A,False
ALT-CSE-11-01097,CSE-11,MEDIUM,2024-11-11T04:46:42,2024-11-11T05:08:53.255953,2024-11-11T05:56:18.802093,CLOSED,,CTRL-SRV-11,False
ALT-CSE-11-01098,CSE-11,MEDIUM,2024-10-31T18:35:05,2024-10-31T18:58:13.272494,2024-10-31T19:49:09.119134,CLOSED,,ENDPOINT-11A,False
ALT-CSE-11-01099,CSE-11,LOW,2024-10-31T01:21:17,2024-10-31T01:41:25.509197,2024-10-31T02:37:01.669584,CLOSED,,ENDPOINT-11A,False
