case_id,cse_id,opened_at,closed_at,investigation_text,investigator_id,escalated,resolution,alert_ids
CAS-CSE-01-0001,CSE-01,2024-11-18 20:18:40.015744,2024-11-18 23:09:25.176463,Investigation completed. Findings documented in internal tracker 37.,ANA-04,False,Resolved,"[""ALT-CSE-01-00001""]"
CAS-CSE-01-0002,CSE-01,2024-12-29 19:17:45.547867,2024-12-29 20:23:58.770801,Investigation completed. Findings documented in internal tracker 3.,ANA-05,True,Resolved,"[""ALT-CSE-01-00004""]"
CAS-CSE-01-0003,CSE-01,2024-12-07 18:13:31.068309,2024-12-07 18:57:07.772695,Investigation completed. Findings documented in internal tracker 29.,ANA-02,False,Resolved,"[""ALT-CSE-01-00006""]"
CAS-CSE-01-0004,CSE-01,2024-11-04 01:38:41.195645,2024-11-04 02:26:10.483247,Investigation completed. Findings documented in internal tracker 1.,ANA-03,False,Resolved,"[""ALT-CSE-01-00008""]"
CAS-CSE-01-0005,CSE-01,2024-12-23 03:50:59.359944,2024-12-23 04:24:21.078730,Investigation completed. Findings documented in internal tracker 26.,ANA-04,False,Resolved,"[""ALT-CSE-01-00009""]"
CAS-CSE-01-0006,CSE-01,2024-12-22 14:24:57.492697,2024-12-22 15:15:00.176860,Investigation completed. Findings documented in internal tracker 30.,ANA-05,False,Resolved,"[""ALT-CSE-01-00019""]"
CAS-CSE-01-0007,CSE-01,2024-11-29 17:59:19.383802,2024-11-29 18:54:31.274164,Investigation completed. Findings documented in internal tracker 15.,ANA-01,True,Resolved,"[""ALT-CSE-01-00029""]"
CAS-CSE-01-0008,CSE-01,2024-12-04 03:33:46.988003,2024-12-04 04:27:00.131278,Investigation completed. Findings documented in internal tracker 34.,ANA-04,False,Resolved,"[""ALT-CSE-01-00031""]"
CAS-CSE-01-0009,CSE-01,2024-11-17 03:06:52.880619,2024-11-17 03:48:32.222628,Investigation completed. Findings documented in internal tracker 36.,ANA-02,False,Resolved,"[""ALT-CSE-01-00034""]"
CAS-CSE-01-0010,CSE-01,2024-10-24 22:54:17.376668,2024-10-24 23:28:36.305058,Investigation completed. Findings documented in internal tracker 3.,ANA-04,True,Resolved,"[""ALT-CSE-01-00044""]"
CAS-CSE-01-0011,CSE-01,2024-11-20 22:29:25.107412,2024-11-20 23:26:19.742092,Investigation completed. Findings documented in internal tracker 23.,ANA-04,False,Resolved,"[""ALT-CSE-01-00047""]"
CAS-CSE-01-0012,CSE-01,2024-10-11 01:48:27.928301,2024-10-11 01:54:31.474043,Investigation completed. Findings documented in internal tracker 39.,ANA-03,True,Resolved,"[""ALT-CSE-01-00048""]"
CAS-CSE-01-0013,CSE-01,2024-10-14 11:57:25.253430,2024-10-14 13:37:04.228505,Investigation completed. Findings documented in internal tracker 23.,ANA-02,False,Resolved,"[""ALT-CSE-01-00054""]"
CAS-CSE-01-0014,CSE-01,2024-12-15 11:35:08.144550,2024-12-15 12:30:07.912675,Investigation completed. Findings documented in internal tracker 22.,ANA-02,False,Resolved,"[""ALT-CSE-01-00059""]"
CAS-CSE-01-0015,CSE-01,2024-10-24 12:59:23.123566,2024-10-24 13:14:48.180257,Investigation completed. Findings documented in internal tracker 7.,ANA-05,False,Resolved,"[""ALT-CSE-01-00060""]"
CAS-CSE-01-0016,CSE-01,2024-11-11 06:20:00.974527,2024-11-11 07:20:33.165471,Investigation completed. Findings documented in internal tracker 32.,ANA-04,False,Resolved,"[""ALT-CSE-01-00061""]"
CAS-CSE-01-0017,CSE-01,2024-10-17 18:46:16.140938,2024-10-17 19:22:31.898879,Investigation completed. Findings documented in internal tracker 29.,ANA-05,True,Resolved,"[""ALT-CSE-01-00062""]"
CAS-CSE-01-0018,CSE-01,2024-12-15 11:56:02.881965,2024-12-15 14:03:16.971325,Investigation completed. Findings documented in internal tracker 20.,ANA-01,True,Resolved,"[""ALT-CSE-01-00065""]"
CAS-CSE-01-0019,CSE-01,2024-10-17 07:45:28.026594,2024-10-17 08:37:36.755138,Investigation completed. Findings documented in internal tracker 35.,ANA-04,True,Resolved,"[""ALT-CSE-01-00068""]"
CAS-CSE-01-0020,CSE-01,2024-12-22 22:55:31.977599,2024-12-23 00:34:10.054456,Investigation completed. Findings documented in internal tracker 21.,ANA-04,False,Resolved,"[""ALT-CSE-01-00071""]"
CAS-CSE-01-0021,CSE-01,2024-12-27 18:07:16.659088,2024-12-27 20:09:52.090840,Investigation completed. Findings documented in internal tracker 11.,ANA-04,False,Resolved,"[""ALT-CSE-01-00077""]"
CAS-CSE-01-0022,CSE-01,2024-12-21 15:06:28.654034,2024-12-21 17:18:22.530995,Investigation completed. Findings documented in internal tracker 34.,ANA-01,False,Resolved,"[""ALT-CSE-01-00079""]"
CAS-CSE-01-0023,CSE-01,2024-11-19 11:26:56.286603,2024-11-19 14:04:00.447300,Investigation completed. Findings documented in internal tracker 9.,ANA-05,True,Resolved,"[""ALT-CSE-01-00082""]"
CAS-CSE-01-0024,CSE-01,2024-12-15 12:35:33.764580,2024-12-15 13:28:29.092033,Investigation completed. Findings documented in internal tracker 12.,ANA-04,False,Resolved,"[""ALT-CSE-01-00087""]"
CAS-CSE-01-0025,CSE-01,2024-12-27 15:30:26.164110,2024-12-27 15:49:56.718471,Investigation completed. Findings documented in internal tracker 13.,ANA-01,False,Resolved,"[""ALT-CSE-01-00092""]"
CAS-CSE-01-0026,CSE-01,2024-11-22 09:44:34.998705,2024-11-22 11:23:19.736101,Investigation completed. Findings documented in internal tracker 36.,ANA-04,False,Resolved,"[""ALT-CSE-01-00094""]"
CAS-CSE-01-0027,CSE-01,2024-10-09 23:50:37.957461,2024-10-10 01:41:46.143105,Investigation completed. Findings documented in internal tracker 10.,ANA-03,False,Resolved,"[""ALT-CSE-01-00096""]"
CAS-CSE-01-0028,CSE-01,2024-11-21 11:22:04.674902,2024-11-21 12:00:24.938932,Investigation completed. Findings documented in internal tracker 16.,ANA-04,False,Resolved,"[""ALT-CSE-01-00098""]"
CAS-CSE-01-0029,CSE-01,2024-10-21 05:55:12.927162,2024-10-21 07:11:03.347723,Investigation completed. Findings documented in internal tracker 2.,ANA-05,False,Resolved,"[""ALT-CSE-01-00101""]"
CAS-CSE-01-0030,CSE-01,2024-12-23 20:34:40.782487,2024-12-23 21:25:38.570173,Investigation completed. Findings documented in internal tracker 33.,ANA-01,True,Resolved,"[""ALT-CSE-01-00105""]"
CAS-CSE-01-0031,CSE-01,2024-11-18 20:22:38.924621,2024-11-18 21:02:29.623910,Investigation completed. Findings documented in internal tracker 7.,ANA-02,False,Resolved,"[""ALT-CSE-01-00106""]"
CAS-CSE-01-0032,CSE-01,2024-11-30 08:29:11.615554,2024-11-30 10:25:33.753915,Investigation completed. Findings documented in internal tracker 5.,ANA-05,True,Resolved,"[""ALT-CSE-01-00108""]"
CAS-CSE-01-0033,CSE-01,2024-10-30 06:47:49.413262,2024-10-30 07:29:53.745612,Investigation completed. Findings documented in internal tracker 25.,ANA-01,False,Resolved,"[""ALT-CSE-01-00109""]"
CAS-CSE-01-0034,CSE-01,2024-10-15 05:22:39.342349,2024-10-15 06:29:58.628234,Investigation completed. Findings documented in internal tracker 15.,ANA-03,True,Resolved,"[""ALT-CSE-01-00124""]"
CAS-CSE-01-0035,CSE-01,2024-11-22 03:32:39.665389,2024-11-22 04:25:38.312211,Investigation completed. Findings documented in internal tracker 22.,ANA-04,False,Resolved,"[""ALT-CSE-01-00129""]"
CAS-CSE-01-0036,CSE-01,2024-12-27 06:17:10.301811,2024-12-27 08:43:48.883476,Investigation completed. Findings documented in internal tracker 21.,ANA-01,False,Resolved,"[""ALT-CSE-01-00130""]"
CAS-CSE-01-0037,CSE-01,2024-11-19 12:12:08.715698,2024-11-19 13:05:07.760335,Investigation completed. Findings documented in internal tracker 5.,ANA-02,False,Resolved,"[""ALT-CSE-01-00131""]"
CAS-CSE-01-0038,CSE-01,2024-10-01 01:49:46.292269,2024-10-01 02:51:13.823024,Investigation completed. Findings documented in internal tracker 5.,ANA-02,False,Resolved,"[""ALT-CSE-01-00133""]"
CAS-CSE-01-0039,CSE-01,2024-12-03 18:54:34.430296,2024-12-03 19:34:40.548154,Investigation completed. Findings documented in internal tracker 33.,ANA-03,True,Resolved,"[""ALT-CSE-01-00134""]"
CAS-CSE-01-0040,CSE-01,2024-11-28 23:42:09.316064,2024-11-29 00:19:11.672233,Investigation completed. Findings documented in internal tracker 32.,ANA-04,True,Resolved,"[""ALT-CSE-01-00140""]"
CAS-CSE-01-0041,CSE-01,2024-11-06 04:43:13.683838,2024-11-06 05:34:26.905716,Investigation completed. Findings documented in internal tracker 25.,ANA-04,False,Resolved,"[""ALT-CSE-01-00141""]"
CAS-CSE-01-0042,CSE-01,2024-10-17 07:10:38.648714,2024-10-17 07:28:26.451807,Investigation completed. Findings documented in internal tracker 0.,ANA-05,False,Resolved,"[""ALT-CSE-01-00143""]"
CAS-CSE-01-0043,CSE-01,2024-11-19 21:48:03.590616,2024-11-19 22:23:37.442281,Investigation completed. Findings documented in internal tracker 3.,ANA-02,True,Resolved,"[""ALT-CSE-01-00146""]"
CAS-CSE-01-0044,CSE-01,2024-10-11 23:55:31.557973,2024-10-12 02:29:45.337604,Investigation completed. Findings documented in internal tracker 30.,ANA-05,False,Resolved,"[""ALT-CSE-01-00147""]"
CAS-CSE-01-0045,CSE-01,2024-12-09 00:00:24.686040,2024-12-09 01:21:19.289685,Investigation completed. Findings documented in internal tracker 12.,ANA-02,False,Resolved,"[""ALT-CSE-01-00148""]"
CAS-CSE-01-0046,CSE-01,2024-12-01 08:29:47.999806,2024-12-01 09:22:26.576175,Investigation completed. Findings documented in internal tracker 34.,ANA-04,True,Resolved,"[""ALT-CSE-01-00157""]"
CAS-CSE-01-0047,CSE-01,2024-10-30 23:43:52.031626,2024-10-31 01:10:57.172748,Investigation completed. Findings documented in internal tracker 23.,ANA-02,False,Resolved,"[""ALT-CSE-01-00158""]"
CAS-CSE-01-0048,CSE-01,2024-10-09 06:13:59.775325,2024-10-09 08:10:06.336913,Investigation completed. Findings documented in internal tracker 35.,ANA-01,False,Resolved,"[""ALT-CSE-01-00160""]"
CAS-CSE-01-0049,CSE-01,2024-11-19 18:25:18.320760,2024-11-19 19:14:19.750823,Investigation completed. Findings documented in internal tracker 4.,ANA-04,True,Resolved,"[""ALT-CSE-01-00169""]"
CAS-CSE-01-0050,CSE-01,2024-10-31 09:18:51.365255,2024-10-31 10:03:04.099280,Investigation completed. Findings documented in internal tracker 13.,ANA-05,False,Resolved,"[""ALT-CSE-01-00176""]"
CAS-CSE-01-0051,CSE-01,2024-12-05 08:52:05.654736,2024-12-05 09:03:09.148146,Investigation completed. Findings documented in internal tracker 32.,ANA-04,False,Resolved,"[""ALT-CSE-01-00178""]"
CAS-CSE-01-0052,CSE-01,2024-11-20 00:46:27.220980,2024-11-20 01:26:05.724353,Investigation completed. Findings documented in internal tracker 6.,ANA-02,False,Resolved,"[""ALT-CSE-01-00186""]"
CAS-CSE-01-0053,CSE-01,2024-11-02 04:27:55.530413,2024-11-02 05:02:28.303103,Investigation completed. Findings documented in internal tracker 23.,ANA-05,False,Resolved,"[""ALT-CSE-01-00190""]"
CAS-CSE-01-0054,CSE-01,2024-11-30 22:10:57.701501,2024-11-30 23:00:56.090570,Investigation completed. Findings documented in internal tracker 16.,ANA-03,False,Resolved,"[""ALT-CSE-01-00194""]"
CAS-CSE-01-0055,CSE-01,2024-10-11 04:27:10.751736,2024-10-11 05:17:50.420330,Investigation completed. Findings documented in internal tracker 14.,ANA-04,False,Resolved,"[""ALT-CSE-01-00205""]"
CAS-CSE-01-0056,CSE-01,2024-12-17 21:44:49.534981,2024-12-17 22:21:18.984090,Investigation completed. Findings documented in internal tracker 36.,ANA-02,False,Resolved,"[""ALT-CSE-01-00207""]"
CAS-CSE-01-0057,CSE-01,2024-11-09 18:01:29.008904,2024-11-09 19:36:51.533108,Investigation completed. Findings documented in internal tracker 39.,ANA-02,True,Resolved,"[""ALT-CSE-01-00209""]"
CAS-CSE-01-0058,CSE-01,2024-12-20 03:43:23.385474,2024-12-20 04:34:03.061871,Investigation completed. Findings documented in internal tracker 24.,ANA-03,False,Resolved,"[""ALT-CSE-01-00210""]"
CAS-CSE-01-0059,CSE-01,2024-12-08 17:19:10.333958,2024-12-08 17:47:49.962087,Investigation completed. Findings documented in internal tracker 34.,ANA-04,False,Resolved,"[""ALT-CSE-01-00220""]"
CAS-CSE-01-0060,CSE-01,2024-11-22 02:33:50.695175,2024-11-22 05:34:52.126219,Investigation completed. Findings documented in internal tracker 0.,ANA-05,False,Resolved,"[""ALT-CSE-01-00222""]"
CAS-CSE-01-0061,CSE-01,2024-10-06 12:57:22.193701,2024-10-06 14:21:33.786337,Investigation completed. Findings documented in internal tracker 19.,ANA-04,False,Resolved,"[""ALT-CSE-01-00223""]"
CAS-CSE-01-0062,CSE-01,2024-10-22 02:58:31.616371,2024-10-22 03:48:40.585956,Investigation completed. Findings documented in internal tracker 12.,ANA-02,False,Resolved,"[""ALT-CSE-01-00226""]"
CAS-CSE-01-0063,CSE-01,2024-12-16 06:52:06.026842,2024-12-16 07:15:27.998971,Investigation completed. Findings documented in internal tracker 19.,ANA-05,False,Resolved,"[""ALT-CSE-01-00230""]"
CAS-CSE-01-0064,CSE-01,2024-10-30 21:03:20.621433,2024-10-30 21:53:53.114727,Investigation completed. Findings documented in internal tracker 27.,ANA-01,True,Resolved,"[""ALT-CSE-01-00234""]"
CAS-CSE-01-0065,CSE-01,2024-11-17 21:52:04.521755,2024-11-17 23:46:32.035372,Investigation completed. Findings documented in internal tracker 36.,ANA-04,False,Resolved,"[""ALT-CSE-01-00247""]"
CAS-CSE-01-0066,CSE-01,2024-10-01 16:32:32.808273,2024-10-01 17:25:04.965198,Investigation completed. Findings documented in internal tracker 17.,ANA-01,False,Resolved,"[""ALT-CSE-01-00250""]"
CAS-CSE-01-0067,CSE-01,2024-11-05 06:08:06.783544,2024-11-05 07:57:28.019329,Investigation completed. Findings documented in internal tracker 17.,ANA-01,False,Resolved,"[""ALT-CSE-01-00251""]"
CAS-CSE-01-0068,CSE-01,2024-11-24 18:30:46.123106,2024-11-24 21:08:57.587121,Investigation completed. Findings documented in internal tracker 36.,ANA-05,False,Resolved,"[""ALT-CSE-01-00252""]"
CAS-CSE-01-0069,CSE-01,2024-10-15 09:16:24.751981,2024-10-15 09:51:56.390962,Investigation completed. Findings documented in internal tracker 38.,ANA-02,False,Resolved,"[""ALT-CSE-01-00255""]"
CAS-CSE-01-0070,CSE-01,2024-10-28 18:41:13.663600,2024-10-28 19:19:58.727006,Investigation completed. Findings documented in internal tracker 9.,ANA-04,True,Resolved,"[""ALT-CSE-01-00258""]"
CAS-CSE-01-0071,CSE-01,2024-11-28 20:13:55.114908,2024-11-28 20:54:28.205804,Investigation completed. Findings documented in internal tracker 22.,ANA-05,False,Resolved,"[""ALT-CSE-01-00261""]"
CAS-CSE-01-0072,CSE-01,2024-10-25 05:13:12.971647,2024-10-25 08:47:25.458651,Investigation completed. Findings documented in internal tracker 6.,ANA-03,False,Resolved,"[""ALT-CSE-01-00277""]"
CAS-CSE-01-0073,CSE-01,2024-12-01 09:53:15.391775,2024-12-01 10:28:29.653863,Investigation completed. Findings documented in internal tracker 18.,ANA-05,False,Resolved,"[""ALT-CSE-01-00290""]"
CAS-CSE-01-0074,CSE-01,2024-12-14 19:32:10.148937,2024-12-14 20:24:30.342570,Investigation completed. Findings documented in internal tracker 32.,ANA-05,False,Resolved,"[""ALT-CSE-01-00291""]"
CAS-CSE-01-0075,CSE-01,2024-12-29 00:10:17.003485,2024-12-29 01:14:17.196042,Investigation completed. Findings documented in internal tracker 33.,ANA-03,False,Resolved,"[""ALT-CSE-01-00300""]"
CAS-CSE-01-0076,CSE-01,2024-12-02 09:30:59.119454,2024-12-02 11:13:35.465174,Investigation completed. Findings documented in internal tracker 14.,ANA-02,True,Resolved,"[""ALT-CSE-01-00302""]"
CAS-CSE-01-0077,CSE-01,2024-11-09 22:04:51.378298,2024-11-09 23:09:30.773651,Investigation completed. Findings documented in internal tracker 25.,ANA-05,False,Resolved,"[""ALT-CSE-01-00314""]"
CAS-CSE-01-0078,CSE-01,2024-10-01 21:47:45.010578,2024-10-01 23:23:20.144685,Investigation completed. Findings documented in internal tracker 12.,ANA-02,True,Resolved,"[""ALT-CSE-01-00325""]"
CAS-CSE-01-0079,CSE-01,2024-12-02 09:14:24.349345,2024-12-02 10:39:51.207572,Investigation completed. Findings documented in internal tracker 31.,ANA-03,False,Resolved,"[""ALT-CSE-01-00326""]"
CAS-CSE-01-0080,CSE-01,2024-10-11 22:21:07.875319,2024-10-11 23:00:26.243817,Investigation completed. Findings documented in internal tracker 9.,ANA-04,True,Resolved,"[""ALT-CSE-01-00334""]"
CAS-CSE-01-0081,CSE-01,2024-10-05 16:35:26.847036,2024-10-05 17:22:18.920450,Investigation completed. Findings documented in internal tracker 38.,ANA-01,False,Resolved,"[""ALT-CSE-01-00339""]"
CAS-CSE-01-0082,CSE-01,2024-11-01 10:04:12.803618,2024-11-01 10:25:28.368351,Investigation completed. Findings documented in internal tracker 20.,ANA-03,False,Resolved,"[""ALT-CSE-01-00348""]"
CAS-CSE-01-0083,CSE-01,2024-11-02 17:54:54.564010,2024-11-02 18:35:35.445068,Investigation completed. Findings documented in internal tracker 21.,ANA-02,False,Resolved,"[""ALT-CSE-01-00352""]"
CAS-CSE-01-0084,CSE-01,2024-12-15 18:05:18.942484,2024-12-15 19:20:51.050507,Investigation completed. Findings documented in internal tracker 10.,ANA-02,True,Resolved,"[""ALT-CSE-01-00356""]"
CAS-CSE-01-0085,CSE-01,2024-10-04 15:56:53.148945,2024-10-04 18:09:37.940960,Investigation completed. Findings documented in internal tracker 10.,ANA-04,False,Resolved,"[""ALT-CSE-01-00359""]"
CAS-CSE-01-0086,CSE-01,2024-10-12 02:35:38.250678,2024-10-12 03:18:21.238507,Investigation completed. Findings documented in internal tracker 29.,ANA-03,False,Resolved,"[""ALT-CSE-01-00365""]"
CAS-CSE-01-0087,CSE-01,2024-11-23 15:14:33.562829,2024-11-23 15:52:48.117169,Investigation completed. Findings documented in internal tracker 22.,ANA-02,False,Resolved,"[""ALT-CSE-01-00369""]"
CAS-CSE-01-0088,CSE-01,2024-11-27 10:32:06.432543,2024-11-27 11:26:03.519802,Investigation completed. Findings documented in internal tracker 35.,ANA-03,False,Resolved,"[""ALT-CSE-01-00372""]"
CAS-CSE-01-0089,CSE-01,2024-11-10 06:33:25.618103,2024-11-10 08:55:04.987534,Investigation completed. Findings documented in internal tracker 11.,ANA-02,False,Resolved,"[""ALT-CSE-01-00383""]"
CAS-CSE-01-0090,CSE-01,2024-11-09 07:47:44.296515,2024-11-09 08:54:25.370744,Investigation completed. Findings documented in internal tracker 31.,ANA-01,True,Resolved,"[""ALT-CSE-01-00385""]"
CAS-CSE-01-0091,CSE-01,2024-11-27 08:00:32.824006,2024-11-27 08:24:54.652469,Investigation completed. Findings documented in internal tracker 35.,ANA-05,True,Resolved,"[""ALT-CSE-01-00387""]"
CAS-CSE-01-0092,CSE-01,2024-10-12 16:29:12.928099,2024-10-12 17:05:23.291511,Investigation completed. Findings documented in internal tracker 25.,ANA-04,False,Resolved,"[""ALT-CSE-01-00393""]"
CAS-CSE-01-0093,CSE-01,2024-12-17 12:49:27.308865,2024-12-17 13:31:50.702257,Investigation completed. Findings documented in internal tracker 21.,ANA-03,True,Resolved,"[""ALT-CSE-01-00394""]"
CAS-CSE-01-0094,CSE-01,2024-10-05 06:16:15.821865,2024-10-05 07:02:44.326360,Investigation completed. Findings documented in internal tracker 16.,ANA-02,False,Resolved,"[""ALT-CSE-01-00396""]"
CAS-CSE-01-0095,CSE-01,2024-10-25 06:45:23.754424,2024-10-25 07:00:39.646236,Investigation completed. Findings documented in internal tracker 23.,ANA-02,False,Resolved,"[""ALT-CSE-01-00401""]"
CAS-CSE-01-0096,CSE-01,2024-10-07 08:17:53.948840,2024-10-07 08:58:57.630188,Investigation completed. Findings documented in internal tracker 22.,ANA-05,False,Resolved,"[""ALT-CSE-01-00412""]"
CAS-CSE-01-0097,CSE-01,2024-11-07 06:24:19.668794,2024-11-07 06:56:23.271159,Investigation completed. Findings documented in internal tracker 4.,ANA-04,True,Resolved,"[""ALT-CSE-01-00414""]"
CAS-CSE-01-0098,CSE-01,2024-12-02 12:04:42.700255,2024-12-02 13:09:45.678512,Investigation completed. Findings documented in internal tracker 35.,ANA-01,False,Resolved,"[""ALT-CSE-01-00421""]"
CAS-CSE-01-0099,CSE-01,2024-11-15 04:21:40.118463,2024-11-15 05:15:37.000954,Investigation completed. Findings documented in internal tracker 35.,ANA-03,True,Resolved,"[""ALT-CSE-01-00423""]"
CAS-CSE-01-0100,CSE-01,2024-10-21 02:41:06.658083,2024-10-21 03:16:49.405927,Investigation completed. Findings documented in internal tracker 38.,ANA-01,True,Resolved,"[""ALT-CSE-01-00424""]"
CAS-CSE-01-0101,CSE-01,2024-11-09 09:46:28.847360,2024-11-09 10:55:20.507305,Investigation completed. Findings documented in internal tracker 7.,ANA-05,False,Resolved,"[""ALT-CSE-01-00433""]"
CAS-CSE-01-0102,CSE-01,2024-11-09 03:26:17.503006,2024-11-09 04:09:03.417977,Investigation completed. Findings documented in internal tracker 21.,ANA-05,False,Resolved,"[""ALT-CSE-01-00437""]"
CAS-CSE-01-0103,CSE-01,2024-10-20 11:44:08.323270,2024-10-20 12:23:41.981738,Investigation completed. Findings documented in internal tracker 27.,ANA-04,False,Resolved,"[""ALT-CSE-01-00438""]"
CAS-CSE-01-0104,CSE-01,2024-10-21 04:43:47.155661,2024-10-21 05:19:04.268729,Investigation completed. Findings documented in internal tracker 18.,ANA-03,True,Resolved,"[""ALT-CSE-01-00441""]"
CAS-CSE-01-0105,CSE-01,2024-12-26 11:19:23.589326,2024-12-26 12:06:03.126078,Investigation completed. Findings documented in internal tracker 4.,ANA-04,False,Resolved,"[""ALT-CSE-01-00451""]"
CAS-CSE-01-0106,CSE-01,2024-11-03 18:02:23.723203,2024-11-03 20:15:56.043422,Investigation completed. Findings documented in internal tracker 15.,ANA-05,False,Resolved,"[""ALT-CSE-01-00457""]"
CAS-CSE-01-0107,CSE-01,2024-12-11 21:38:54.241428,2024-12-11 22:13:45.204735,Investigation completed. Findings documented in internal tracker 0.,ANA-02,False,Resolved,"[""ALT-CSE-01-00461""]"
CAS-CSE-01-0108,CSE-01,2024-12-11 00:43:53.927883,2024-12-11 01:39:58.455127,Investigation completed. Findings documented in internal tracker 39.,ANA-04,False,Resolved,"[""ALT-CSE-01-00470""]"
CAS-CSE-01-0109,CSE-01,2024-10-01 07:28:44.956437,2024-10-01 08:13:33.598598,Investigation completed. Findings documented in internal tracker 9.,ANA-01,False,Resolved,"[""ALT-CSE-01-00475""]"
CAS-CSE-01-0110,CSE-01,2024-10-10 08:26:36.995220,2024-10-10 09:07:10.348576,Investigation completed. Findings documented in internal tracker 18.,ANA-04,False,Resolved,"[""ALT-CSE-01-00485""]"
CAS-CSE-01-0111,CSE-01,2024-12-28 10:01:28.070701,2024-12-28 10:41:21.708498,Investigation completed. Findings documented in internal tracker 8.,ANA-04,True,Resolved,"[""ALT-CSE-01-00486""]"
CAS-CSE-01-0112,CSE-01,2024-11-17 23:41:50.152116,2024-11-17 23:57:37.488103,Investigation completed. Findings documented in internal tracker 20.,ANA-02,False,Resolved,"[""ALT-CSE-01-00493""]"
CAS-CSE-01-0113,CSE-01,2024-10-06 15:09:47.880662,2024-10-06 16:03:48.384707,Investigation completed. Findings documented in internal tracker 15.,ANA-01,False,Resolved,"[""ALT-CSE-01-00494""]"
CAS-CSE-01-0114,CSE-01,2024-12-09 12:56:32.056687,2024-12-09 14:11:53.593484,Investigation completed. Findings documented in internal tracker 35.,ANA-01,True,Resolved,"[""ALT-CSE-01-00505""]"
CAS-CSE-01-0115,CSE-01,2024-12-23 10:19:21.220666,2024-12-23 10:47:48.012667,Investigation completed. Findings documented in internal tracker 32.,ANA-02,False,Resolved,"[""ALT-CSE-01-00508""]"
CAS-CSE-01-0116,CSE-01,2024-12-21 15:46:49.029327,2024-12-21 16:22:04.218738,Investigation completed. Findings documented in internal tracker 11.,ANA-03,False,Resolved,"[""ALT-CSE-01-00510""]"
CAS-CSE-01-0117,CSE-01,2024-12-28 01:23:27.388822,2024-12-28 03:30:25.487199,Investigation completed. Findings documented in internal tracker 25.,ANA-01,True,Resolved,"[""ALT-CSE-01-00516""]"
CAS-CSE-01-0118,CSE-01,2024-11-18 11:03:07.198325,2024-11-18 12:28:42.094845,Investigation completed. Findings documented in internal tracker 32.,ANA-02,False,Resolved,"[""ALT-CSE-01-00522""]"
CAS-CSE-01-0119,CSE-01,2024-12-28 04:05:56.405861,2024-12-28 04:16:40.209475,Investigation completed. Findings documented in internal tracker 38.,ANA-03,True,Resolved,"[""ALT-CSE-01-00527""]"
CAS-CSE-01-0120,CSE-01,2024-10-31 18:55:51.126143,2024-10-31 20:55:46.154636,Investigation completed. Findings documented in internal tracker 23.,ANA-03,False,Resolved,"[""ALT-CSE-01-00528""]"
CAS-CSE-01-0121,CSE-01,2024-11-29 22:45:52.831065,2024-11-30 00:28:56.077932,Investigation completed. Findings documented in internal tracker 21.,ANA-05,True,Resolved,"[""ALT-CSE-01-00530""]"
CAS-CSE-01-0122,CSE-01,2024-10-24 04:29:43.145288,2024-10-24 05:04:36.773758,Investigation completed. Findings documented in internal tracker 27.,ANA-01,False,Resolved,"[""ALT-CSE-01-00533""]"
CAS-CSE-01-0123,CSE-01,2024-12-18 09:25:01.887374,2024-12-18 09:55:20.405219,Investigation completed. Findings documented in internal tracker 27.,ANA-05,False,Resolved,"[""ALT-CSE-01-00534""]"
CAS-CSE-01-0124,CSE-01,2024-12-12 23:06:56.552866,2024-12-12 23:36:55.617587,Investigation completed. Findings documented in internal tracker 10.,ANA-02,False,Resolved,"[""ALT-CSE-01-00537""]"
CAS-CSE-01-0125,CSE-01,2024-10-13 12:23:57.936267,2024-10-13 12:46:02.596814,Investigation completed. Findings documented in internal tracker 29.,ANA-03,False,Resolved,"[""ALT-CSE-01-00541""]"
CAS-CSE-01-0126,CSE-01,2024-11-13 00:18:25.477380,2024-11-13 00:57:47.718793,Investigation completed. Findings documented in internal tracker 2.,ANA-01,False,Resolved,"[""ALT-CSE-01-00543""]"
CAS-CSE-01-0127,CSE-01,2024-12-27 03:26:39.877831,2024-12-27 04:08:10.171411,Investigation completed. Findings documented in internal tracker 5.,ANA-01,False,Resolved,"[""ALT-CSE-01-00546""]"
CAS-CSE-01-0128,CSE-01,2024-12-14 15:36:26.005322,2024-12-14 17:35:23.635893,Investigation completed. Findings documented in internal tracker 34.,ANA-03,False,Resolved,"[""ALT-CSE-01-00554""]"
CAS-CSE-01-0129,CSE-01,2024-11-03 11:31:17.818296,2024-11-03 12:02:52.732628,Investigation completed. Findings documented in internal tracker 26.,ANA-05,False,Resolved,"[""ALT-CSE-01-00556""]"
CAS-CSE-01-0130,CSE-01,2024-10-27 09:24:29.362317,2024-10-27 12:15:50.396163,Investigation completed. Findings documented in internal tracker 39.,ANA-05,True,Resolved,"[""ALT-CSE-01-00563""]"
CAS-CSE-01-0131,CSE-01,2024-11-27 05:19:17.257297,2024-11-27 05:57:09.229551,Investigation completed. Findings documented in internal tracker 11.,ANA-03,False,Resolved,"[""ALT-CSE-01-00569""]"
CAS-CSE-01-0132,CSE-01,2024-12-27 18:56:08.708601,2024-12-27 20:10:49.433010,Investigation completed. Findings documented in internal tracker 30.,ANA-02,False,Resolved,"[""ALT-CSE-01-00571""]"
CAS-CSE-01-0133,CSE-01,2024-10-22 23:45:52.309757,2024-10-23 00:32:10.577358,Investigation completed. Findings documented in internal tracker 26.,ANA-04,False,Resolved,"[""ALT-CSE-01-00572""]"
CAS-CSE-01-0134,CSE-01,2024-12-16 12:52:09.945264,2024-12-16 14:43:13.477800,Investigation completed. Findings documented in internal tracker 28.,ANA-04,False,Resolved,"[""ALT-CSE-01-00573""]"
CAS-CSE-01-0135,CSE-01,2024-11-17 07:34:59.165642,2024-11-17 08:19:03.066369,Investigation completed. Findings documented in internal tracker 2.,ANA-03,False,Resolved,"[""ALT-CSE-01-00575""]"
CAS-CSE-01-0136,CSE-01,2024-11-28 00:31:10.638622,2024-11-28 02:21:00.870743,Investigation completed. Findings documented in internal tracker 9.,ANA-05,False,Resolved,"[""ALT-CSE-01-00584""]"
CAS-CSE-01-0137,CSE-01,2024-10-22 15:04:36.297129,2024-10-22 15:37:54.022315,Investigation completed. Findings documented in internal tracker 11.,ANA-02,False,Resolved,"[""ALT-CSE-01-00591""]"
CAS-CSE-01-0138,CSE-01,2024-12-16 22:16:33.995408,2024-12-16 23:04:46.739150,Investigation completed. Findings documented in internal tracker 36.,ANA-03,False,Resolved,"[""ALT-CSE-01-00596""]"
CAS-CSE-01-0139,CSE-01,2024-12-08 18:35:02.616420,2024-12-08 19:58:24.873166,Investigation completed. Findings documented in internal tracker 7.,ANA-04,False,Resolved,"[""ALT-CSE-01-00598""]"
CAS-CSE-01-0140,CSE-01,2024-12-14 04:22:24.464329,2024-12-14 05:19:11.155583,Investigation completed. Findings documented in internal tracker 8.,ANA-03,True,Resolved,"[""ALT-CSE-01-00603""]"
CAS-CSE-01-0141,CSE-01,2024-10-16 14:44:18.744579,2024-10-16 15:28:32.546561,Investigation completed. Findings documented in internal tracker 3.,ANA-01,False,Resolved,"[""ALT-CSE-01-00604""]"
CAS-CSE-01-0142,CSE-01,2024-12-01 04:12:05.129403,2024-12-01 06:05:39.113082,Investigation completed. Findings documented in internal tracker 10.,ANA-05,False,Resolved,"[""ALT-CSE-01-00607""]"
CAS-CSE-01-0143,CSE-01,2024-10-14 03:52:00.501764,2024-10-14 04:14:48.146573,Investigation completed. Findings documented in internal tracker 20.,ANA-04,False,Resolved,"[""ALT-CSE-01-00611""]"
CAS-CSE-01-0144,CSE-01,2024-10-30 11:26:21.122447,2024-10-30 12:42:37.976121,Investigation completed. Findings documented in internal tracker 8.,ANA-02,False,Resolved,"[""ALT-CSE-01-00616""]"
CAS-CSE-01-0145,CSE-01,2024-11-20 09:46:13.659263,2024-11-20 11:33:03.290728,Investigation completed. Findings documented in internal tracker 12.,ANA-04,False,Resolved,"[""ALT-CSE-01-00622""]"
CAS-CSE-01-0146,CSE-01,2024-10-17 21:17:56.711278,2024-10-17 22:02:13.550578,Investigation completed. Findings documented in internal tracker 7.,ANA-04,True,Resolved,"[""ALT-CSE-01-00626""]"
CAS-CSE-01-0147,CSE-01,2024-12-28 02:11:29.755399,2024-12-28 04:36:54.128209,Investigation completed. Findings documented in internal tracker 17.,ANA-03,False,Resolved,"[""ALT-CSE-01-00628""]"
CAS-CSE-01-0148,CSE-01,2024-11-12 01:41:05.747913,2024-11-12 02:46:29.818071,Investigation completed. Findings documented in internal tracker 27.,ANA-04,True,Resolved,"[""ALT-CSE-01-00632""]"
CAS-CSE-01-0149,CSE-01,2024-10-11 01:14:22.738153,2024-10-11 02:05:34.547128,Investigation completed. Findings documented in internal tracker 31.,ANA-02,False,Resolved,"[""ALT-CSE-01-00634""]"
CAS-CSE-01-0150,CSE-01,2024-11-11 07:17:08.352256,2024-11-11 09:32:13.831563,Investigation completed. Findings documented in internal tracker 13.,ANA-05,True,Resolved,"[""ALT-CSE-01-00642""]"
CAS-CSE-01-0151,CSE-01,2024-12-17 10:21:41.159354,2024-12-17 11:00:42.456366,Investigation completed. Findings documented in internal tracker 22.,ANA-01,True,Resolved,"[""ALT-CSE-01-00651""]"
CAS-CSE-01-0152,CSE-01,2024-10-02 18:01:22.571925,2024-10-02 20:03:18.741239,Investigation completed. Findings documented in internal tracker 28.,ANA-05,False,Resolved,"[""ALT-CSE-01-00654""]"
CAS-CSE-01-0153,CSE-01,2024-11-30 09:36:45.968724,2024-11-30 10:21:43.795323,Investigation completed. Findings documented in internal tracker 9.,ANA-02,False,Resolved,"[""ALT-CSE-01-00656""]"
CAS-CSE-01-0154,CSE-01,2024-11-08 04:57:19.228808,2024-11-08 06:31:05.687954,Investigation completed. Findings documented in internal tracker 18.,ANA-02,False,Resolved,"[""ALT-CSE-01-00657""]"
CAS-CSE-01-0155,CSE-01,2024-11-10 15:11:50.579133,2024-11-10 15:55:17.547514,Investigation completed. Findings documented in internal tracker 35.,ANA-02,False,Resolved,"[""ALT-CSE-01-00658""]"
CAS-CSE-01-0156,CSE-01,2024-10-12 19:44:49.409732,2024-10-12 20:14:08.101464,Investigation completed. Findings documented in internal tracker 25.,ANA-02,True,Resolved,"[""ALT-CSE-01-00660""]"
CAS-CSE-01-0157,CSE-01,2024-12-04 08:52:25.449470,2024-12-04 09:50:31.575619,Investigation completed. Findings documented in internal tracker 4.,ANA-04,True,Resolved,"[""ALT-CSE-01-00664""]"
CAS-CSE-01-0158,CSE-01,2024-12-17 20:27:16.041240,2024-12-17 22:46:16.159823,Investigation completed. Findings documented in internal tracker 31.,ANA-04,False,Resolved,"[""ALT-CSE-01-00667""]"
CAS-CSE-01-0159,CSE-01,2024-10-27 06:05:37.991459,2024-10-27 07:05:55.560006,Investigation completed. Findings documented in internal tracker 20.,ANA-03,True,Resolved,"[""ALT-CSE-01-00670""]"
CAS-CSE-01-0160,CSE-01,2024-10-02 00:14:46.565142,2024-10-02 01:10:02.418215,Investigation completed. Findings documented in internal tracker 11.,ANA-04,False,Resolved,"[""ALT-CSE-01-00677""]"
CAS-CSE-01-0161,CSE-01,2024-12-13 15:17:51.396856,2024-12-13 16:20:43.984056,Investigation completed. Findings documented in internal tracker 1.,ANA-02,True,Resolved,"[""ALT-CSE-01-00678""]"
CAS-CSE-01-0162,CSE-01,2024-12-07 11:45:30.184612,2024-12-07 12:29:33.890792,Investigation completed. Findings documented in internal tracker 29.,ANA-04,False,Resolved,"[""ALT-CSE-01-00691""]"
CAS-CSE-01-0163,CSE-01,2024-12-04 01:41:43.167817,2024-12-04 03:34:32.668438,Investigation completed. Findings documented in internal tracker 29.,ANA-04,True,Resolved,"[""ALT-CSE-01-00693""]"
CAS-CSE-01-0164,CSE-01,2024-12-20 02:23:19.827808,2024-12-20 02:49:49.739842,Investigation completed. Findings documented in internal tracker 5.,ANA-03,False,Resolved,"[""ALT-CSE-01-00704""]"
CAS-CSE-01-0165,CSE-01,2024-10-14 06:50:34.191891,2024-10-14 08:24:30.827442,Investigation completed. Findings documented in internal tracker 26.,ANA-04,False,Resolved,"[""ALT-CSE-01-00706""]"
CAS-CSE-01-0166,CSE-01,2024-11-12 15:56:28.138121,2024-11-12 18:11:04.775625,Investigation completed. Findings documented in internal tracker 20.,ANA-01,False,Resolved,"[""ALT-CSE-01-00715""]"
CAS-CSE-01-0167,CSE-01,2024-12-21 21:04:13.552499,2024-12-21 22:20:28.012375,Investigation completed. Findings documented in internal tracker 7.,ANA-03,False,Resolved,"[""ALT-CSE-01-00722""]"
CAS-CSE-01-0168,CSE-01,2024-10-14 17:33:46.556127,2024-10-14 17:54:07.173687,Investigation completed. Findings documented in internal tracker 20.,ANA-05,False,Resolved,"[""ALT-CSE-01-00727""]"
CAS-CSE-01-0169,CSE-01,2024-11-16 10:26:18.604267,2024-11-16 11:03:52.859208,Investigation completed. Findings documented in internal tracker 33.,ANA-01,False,Resolved,"[""ALT-CSE-01-00730""]"
CAS-CSE-01-0170,CSE-01,2024-12-27 05:20:10.303086,2024-12-27 06:04:36.437697,Investigation completed. Findings documented in internal tracker 3.,ANA-02,False,Resolved,"[""ALT-CSE-01-00748""]"
CAS-CSE-01-0171,CSE-01,2024-12-13 14:11:19.116776,2024-12-13 14:53:35.508122,Investigation completed. Findings documented in internal tracker 0.,ANA-02,False,Resolved,"[""ALT-CSE-01-00758""]"
CAS-CSE-01-0172,CSE-01,2024-12-13 13:28:34.613332,2024-12-13 15:04:54.642721,Investigation completed. Findings documented in internal tracker 4.,ANA-03,False,Resolved,"[""ALT-CSE-01-00759""]"
CAS-CSE-01-0173,CSE-01,2024-12-26 14:06:09.323258,2024-12-26 14:44:06.265034,Investigation completed. Findings documented in internal tracker 14.,ANA-05,False,Resolved,"[""ALT-CSE-01-00763""]"
CAS-CSE-01-0174,CSE-01,2024-12-08 16:56:17.525860,2024-12-08 18:04:02.902572,Investigation completed. Findings documented in internal tracker 35.,ANA-02,False,Resolved,"[""ALT-CSE-01-00778""]"
CAS-CSE-01-0175,CSE-01,2024-10-04 16:54:21.360681,2024-10-04 17:42:51.061392,Investigation completed. Findings documented in internal tracker 16.,ANA-04,False,Resolved,"[""ALT-CSE-01-00795""]"
CAS-CSE-01-0176,CSE-01,2024-11-11 19:45:36.491118,2024-11-11 20:39:39.647266,Investigation completed. Findings documented in internal tracker 29.,ANA-05,False,Resolved,"[""ALT-CSE-01-00796""]"
CAS-CSE-01-0177,CSE-01,2024-11-01 16:39:49.428762,2024-11-01 17:41:18.209092,Investigation completed. Findings documented in internal tracker 9.,ANA-01,False,Resolved,"[""ALT-CSE-01-00797""]"
CAS-CSE-01-0178,CSE-01,2024-10-25 21:24:51.911063,2024-10-25 21:57:50.380445,Investigation completed. Findings documented in internal tracker 11.,ANA-05,False,Resolved,"[""ALT-CSE-01-00807""]"
CAS-CSE-01-0179,CSE-01,2024-11-18 09:01:50.859039,2024-11-18 09:32:56.466691,Investigation completed. Findings documented in internal tracker 22.,ANA-01,True,Resolved,"[""ALT-CSE-01-00814""]"
CAS-CSE-01-0180,CSE-01,2024-11-28 22:18:48.977262,2024-11-28 23:30:26.946023,Investigation completed. Findings documented in internal tracker 14.,ANA-02,True,Resolved,"[""ALT-CSE-01-00822""]"
CAS-CSE-01-0181,CSE-01,2024-10-05 11:37:14.116006,2024-10-05 12:13:38.861963,Investigation completed. Findings documented in internal tracker 4.,ANA-05,False,Resolved,"[""ALT-CSE-01-00823""]"
CAS-CSE-01-0182,CSE-01,2024-10-27 06:57:26.301245,2024-10-27 07:39:50.492899,Investigation completed. Findings documented in internal tracker 28.,ANA-04,True,Resolved,"[""ALT-CSE-01-00824""]"
CAS-CSE-01-0183,CSE-01,2024-11-15 09:46:22.562193,2024-11-15 10:48:50.927899,Investigation completed. Findings documented in internal tracker 13.,ANA-01,False,Resolved,"[""ALT-CSE-01-00826""]"
CAS-CSE-01-0184,CSE-01,2024-10-15 02:32:28.202115,2024-10-15 03:31:04.387151,Investigation completed. Findings documented in internal tracker 27.,ANA-03,False,Resolved,"[""ALT-CSE-01-00827""]"
CAS-CSE-01-0185,CSE-01,2024-12-11 00:27:57.969098,2024-12-11 01:15:37.650608,Investigation completed. Findings documented in internal tracker 27.,ANA-05,True,Resolved,"[""ALT-CSE-01-00844""]"
CAS-CSE-01-0186,CSE-01,2024-11-28 06:08:51.838079,2024-11-28 07:07:21.420934,Investigation completed. Findings documented in internal tracker 28.,ANA-02,False,Resolved,"[""ALT-CSE-01-00847""]"
CAS-CSE-01-0187,CSE-01,2024-12-03 00:05:57.371160,2024-12-03 01:31:18.151666,Investigation completed. Findings documented in internal tracker 33.,ANA-01,False,Resolved,"[""ALT-CSE-01-00854""]"
CAS-CSE-01-0188,CSE-01,2024-10-04 09:09:29.636871,2024-10-04 10:40:48.646634,Investigation completed. Findings documented in internal tracker 19.,ANA-05,False,Resolved,"[""ALT-CSE-01-00856""]"
CAS-CSE-01-0189,CSE-01,2024-11-28 02:24:01.550335,2024-11-28 02:53:53.701445,Investigation completed. Findings documented in internal tracker 29.,ANA-01,False,Resolved,"[""ALT-CSE-01-00858""]"
CAS-CSE-01-0190,CSE-01,2024-10-22 08:45:29.905414,2024-10-22 11:00:20.527664,Investigation completed. Findings documented in internal tracker 1.,ANA-02,False,Resolved,"[""ALT-CSE-01-00867""]"
CAS-CSE-01-0191,CSE-01,2024-11-26 07:20:54.943887,2024-11-26 07:52:01.473586,Investigation completed. Findings documented in internal tracker 9.,ANA-02,True,Resolved,"[""ALT-CSE-01-00869""]"
CAS-CSE-01-0192,CSE-01,2024-11-20 03:02:37.548031,2024-11-20 03:45:07.264680,Investigation completed. Findings documented in internal tracker 20.,ANA-04,False,Resolved,"[""ALT-CSE-01-00876""]"
CAS-CSE-01-0193,CSE-01,2024-10-01 12:48:09.294467,2024-10-01 13:11:49.126222,Investigation completed. Findings documented in internal tracker 37.,ANA-04,False,Resolved,"[""ALT-CSE-01-00884""]"
CAS-CSE-01-0194,CSE-01,2024-10-13 01:37:00.923150,2024-10-13 03:39:49.203656,Investigation completed. Findings documented in internal tracker 1.,ANA-03,False,Resolved,"[""ALT-CSE-01-00886""]"
CAS-CSE-01-0195,CSE-01,2024-12-01 04:47:26.203587,2024-12-01 06:07:39.804324,Investigation completed. Findings documented in internal tracker 21.,ANA-04,False,Resolved,"[""ALT-CSE-01-00895""]"
CAS-CSE-01-0196,CSE-01,2024-11-10 06:31:11.746652,2024-11-10 07:18:40.818512,Investigation completed. Findings documented in internal tracker 26.,ANA-04,False,Resolved,"[""ALT-CSE-01-00898""]"
CAS-CSE-01-0197,CSE-01,2024-11-13 04:01:17.352053,2024-11-13 06:08:09.187760,Investigation completed. Findings documented in internal tracker 0.,ANA-03,False,Resolved,"[""ALT-CSE-01-00914""]"
CAS-CSE-01-0198,CSE-01,2024-10-16 06:49:32.332739,2024-10-16 08:46:56.799238,Investigation completed. Findings documented in internal tracker 31.,ANA-05,False,Resolved,"[""ALT-CSE-01-00918""]"
CAS-CSE-01-0199,CSE-01,2024-11-09 15:10:12.751758,2024-11-09 16:11:30.688795,Investigation completed. Findings documented in internal tracker 23.,ANA-03,False,Resolved,"[""ALT-CSE-01-00920""]"
CAS-CSE-01-0200,CSE-01,2024-11-07 20:48:25.862070,2024-11-07 21:30:43.181120,Investigation completed. Findings documented in internal tracker 12.,ANA-02,False,Resolved,"[""ALT-CSE-01-00939""]"
CAS-CSE-01-0201,CSE-01,2024-12-27 08:24:29.228216,2024-12-27 10:50:02.273286,Investigation completed. Findings documented in internal tracker 27.,ANA-05,False,Resolved,"[""ALT-CSE-01-00946""]"
CAS-CSE-01-0202,CSE-01,2024-11-23 17:56:51.874891,2024-11-23 20:25:12.037749,Investigation completed. Findings documented in internal tracker 1.,ANA-04,False,Resolved,"[""ALT-CSE-01-00949""]"
CAS-CSE-01-0203,CSE-01,2024-11-08 15:37:42.006928,2024-11-08 16:22:09.491294,Investigation completed. Findings documented in internal tracker 30.,ANA-05,False,Resolved,"[""ALT-CSE-01-00953""]"
CAS-CSE-01-0204,CSE-01,2024-11-07 15:15:23.514038,2024-11-07 15:52:59.059281,Investigation completed. Findings documented in internal tracker 21.,ANA-03,False,Resolved,"[""ALT-CSE-01-00962""]"
CAS-CSE-01-0205,CSE-01,2024-11-04 18:28:48.197348,2024-11-04 19:01:19.051588,Investigation completed. Findings documented in internal tracker 31.,ANA-03,True,Resolved,"[""ALT-CSE-01-00967""]"
CAS-CSE-01-0206,CSE-01,2024-12-24 07:08:21.934134,2024-12-24 08:10:05.065944,Investigation completed. Findings documented in internal tracker 16.,ANA-05,False,Resolved,"[""ALT-CSE-01-00972""]"
CAS-CSE-01-0207,CSE-01,2024-12-28 08:18:38.937361,2024-12-28 10:17:07.721469,Investigation completed. Findings documented in internal tracker 38.,ANA-05,False,Resolved,"[""ALT-CSE-01-00977""]"
CAS-CSE-01-0208,CSE-01,2024-10-26 22:51:27.788773,2024-10-26 23:32:35.025977,Investigation completed. Findings documented in internal tracker 22.,ANA-05,False,Resolved,"[""ALT-CSE-01-00979""]"
CAS-CSE-01-0209,CSE-01,2024-10-04 11:49:27.582070,2024-10-04 13:29:20.662691,Investigation completed. Findings documented in internal tracker 6.,ANA-04,False,Resolved,"[""ALT-CSE-01-00980""]"
CAS-CSE-01-0210,CSE-01,2024-10-23 02:13:43.905948,2024-10-23 02:40:52.281962,Investigation completed. Findings documented in internal tracker 30.,ANA-03,False,Resolved,"[""ALT-CSE-01-00984""]"
CAS-CSE-01-0211,CSE-01,2024-11-30 05:01:17.738769,2024-11-30 07:02:03.877748,Investigation completed. Findings documented in internal tracker 29.,ANA-04,False,Resolved,"[""ALT-CSE-01-00987""]"
CAS-CSE-01-0212,CSE-01,2024-12-11 09:21:30.785129,2024-12-11 10:01:12.337176,Investigation completed. Findings documented in internal tracker 37.,ANA-05,False,Resolved,"[""ALT-CSE-01-00989""]"
CAS-CSE-01-0213,CSE-01,2024-12-16 17:54:46.767235,2024-12-16 18:40:48.382406,Investigation completed. Findings documented in internal tracker 19.,ANA-04,False,Resolved,"[""ALT-CSE-01-00995""]"
CAS-CSE-01-0214,CSE-01,2024-11-03 09:37:58.499777,2024-11-03 10:29:01.169357,Investigation completed. Findings documented in internal tracker 26.,ANA-02,False,Resolved,"[""ALT-CSE-01-00997""]"
CAS-CSE-01-0215,CSE-01,2024-12-29 08:21:58.506846,2024-12-29 08:35:27.429394,Investigation completed. Findings documented in internal tracker 32.,ANA-02,False,Resolved,"[""ALT-CSE-01-00998""]"
CAS-CSE-01-0216,CSE-01,2024-12-18 10:28:42.849252,2024-12-18 10:58:45.007237,Investigation completed. Findings documented in internal tracker 27.,ANA-02,True,Resolved,"[""ALT-CSE-01-01012""]"
CAS-CSE-01-0217,CSE-01,2024-10-23 18:40:28.291743,2024-10-23 19:01:11.495822,Investigation completed. Findings documented in internal tracker 3.,ANA-03,False,Resolved,"[""ALT-CSE-01-01015""]"
CAS-CSE-01-0218,CSE-01,2024-12-24 15:22:29.199285,2024-12-24 16:18:34.465032,Investigation completed. Findings documented in internal tracker 37.,ANA-03,False,Resolved,"[""ALT-CSE-01-01017""]"
CAS-CSE-01-0219,CSE-01,2024-11-11 06:21:41.064210,2024-11-11 08:27:09.096079,Investigation completed. Findings documented in internal tracker 21.,ANA-01,False,Resolved,"[""ALT-CSE-01-01022""]"
CAS-CSE-01-0220,CSE-01,2024-11-09 03:06:20.902261,2024-11-09 03:28:28.864310,Investigation completed. Findings documented in internal tracker 19.,ANA-01,False,Resolved,"[""ALT-CSE-01-01024""]"
CAS-CSE-01-0221,CSE-01,2024-12-12 19:26:54.386958,2024-12-12 20:04:13.590660,Investigation completed. Findings documented in internal tracker 38.,ANA-04,False,Resolved,"[""ALT-CSE-01-01029""]"
CAS-CSE-01-0222,CSE-01,2024-11-17 04:58:47.638500,2024-11-17 05:45:07.620617,Investigation completed. Findings documented in internal tracker 22.,ANA-05,False,Resolved,"[""ALT-CSE-01-01031""]"
CAS-CSE-01-0223,CSE-01,2024-11-30 06:43:11.221702,2024-11-30 07:34:42.028328,Investigation completed. Findings documented in internal tracker 34.,ANA-04,False,Resolved,"[""ALT-CSE-01-01032""]"
CAS-CSE-01-0224,CSE-01,2024-11-02 01:45:17.306524,2024-11-02 02:38:44.695889,Investigation completed. Findings documented in internal tracker 6.,ANA-05,False,Resolved,"[""ALT-CSE-01-01042""]"
CAS-CSE-01-0225,CSE-01,2024-10-20 14:33:22.769488,2024-10-20 16:41:22.897334,Investigation completed. Findings documented in internal tracker 11.,ANA-01,False,Resolved,"[""ALT-CSE-01-01044""]"
CAS-CSE-01-0226,CSE-01,2024-11-21 04:09:57.087405,2024-11-21 04:45:40.510820,Investigation completed. Findings documented in internal tracker 36.,ANA-02,True,Resolved,"[""ALT-CSE-01-01048""]"
CAS-CSE-01-0227,CSE-01,2024-10-26 06:44:02.761610,2024-10-26 07:47:41.865951,Investigation completed. Findings documented in internal tracker 9.,ANA-01,False,Resolved,"[""ALT-CSE-01-01053""]"
CAS-CSE-01-0228,CSE-01,2024-10-15 04:24:13.801156,2024-10-15 05:27:22.028379,Investigation completed. Findings documented in internal tracker 23.,ANA-01,False,Resolved,"[""ALT-CSE-01-01059""]"
CAS-CSE-01-0229,CSE-01,2024-10-25 17:25:16.350222,2024-10-25 18:18:14.898385,Investigation completed. Findings documented in internal tracker 30.,ANA-03,False,Resolved,"[""ALT-CSE-01-01068""]"
CAS-CSE-01-0230,CSE-01,2024-10-10 13:11:35.399020,2024-10-10 13:46:45.315023,Investigation completed. Findings documented in internal tracker 31.,ANA-02,False,Resolved,"[""ALT-CSE-01-01071""]"
CAS-CSE-01-0231,CSE-01,2024-11-25 21:17:48.260658,2024-11-25 21:59:03.688789,Investigation completed. Findings documented in internal tracker 16.,ANA-02,False,Resolved,"[""ALT-CSE-01-01074""]"
CAS-CSE-01-0232,CSE-01,2024-11-20 17:14:42.665119,2024-11-20 18:01:11.129826,Investigation completed. Findings documented in internal tracker 3.,ANA-04,False,Resolved,"[""ALT-CSE-01-01075""]"
CAS-CSE-01-0233,CSE-01,2024-11-25 13:10:11.378729,2024-11-25 13:34:51.162743,Investigation completed. Findings documented in internal tracker 0.,ANA-05,False,Resolved,"[""ALT-CSE-01-01077""]"
CAS-CSE-01-0234,CSE-01,2024-10-09 23:49:14.829059,2024-10-10 01:14:23.669813,Investigation completed. Findings documented in internal tracker 27.,ANA-01,False,Resolved,"[""ALT-CSE-01-01080""]"
CAS-CSE-01-0235,CSE-01,2024-10-21 18:34:35.998861,2024-10-21 18:58:55.654076,Investigation completed. Findings documented in internal tracker 21.,ANA-02,True,Resolved,"[""ALT-CSE-01-01083""]"
CAS-CSE-01-0236,CSE-01,2024-10-29 06:26:43.575778,2024-10-29 07:16:12.520417,Investigation completed. Findings documented in internal tracker 39.,ANA-01,True,Resolved,"[""ALT-CSE-01-01087""]"
CAS-CSE-01-0237,CSE-01,2024-12-04 19:08:32.791028,2024-12-04 19:58:18.640322,Investigation completed. Findings documented in internal tracker 29.,ANA-04,False,Resolved,"[""ALT-CSE-01-01088""]"
CAS-CSE-01-0238,CSE-01,2024-12-28 22:24:01.602335,2024-12-28 23:13:40.618027,Investigation completed. Findings documented in internal tracker 6.,ANA-04,False,Resolved,"[""ALT-CSE-01-01092""]"
CAS-CSE-01-0239,CSE-01,2024-12-09 18:30:19.984323,2024-12-09 20:23:39.654352,Investigation completed. Findings documented in internal tracker 36.,ANA-05,False,Resolved,"[""ALT-CSE-01-01094""]"
CAS-CSE-01-0240,CSE-01,2024-11-12 16:15:08.913474,2024-11-12 17:06:54.804049,Investigation completed. Findings documented in internal tracker 13.,ANA-04,True,Resolved,"[""ALT-CSE-01-01104""]"
CAS-CSE-01-0241,CSE-01,2024-11-09 09:08:05.044788,2024-11-09 09:56:41.057142,Investigation completed. Findings documented in internal tracker 39.,ANA-04,False,Resolved,"[""ALT-CSE-01-01108""]"
CAS-CSE-01-0242,CSE-01,2024-12-24 21:17:02.066118,2024-12-24 22:12:11.763974,Investigation completed. Findings documented in internal tracker 22.,ANA-03,False,Resolved,"[""ALT-CSE-01-01111""]"
CAS-CSE-01-0243,CSE-01,2024-12-18 19:30:32.519712,2024-12-18 21:20:26.735420,Investigation completed. Findings documented in internal tracker 35.,ANA-03,False,Resolved,"[""ALT-CSE-01-01112""]"
CAS-CSE-01-0244,CSE-01,2024-12-25 03:30:29.282668,2024-12-25 04:07:47.609138,Investigation completed. Findings documented in internal tracker 25.,ANA-02,True,Resolved,"[""ALT-CSE-01-01117""]"
CAS-CSE-01-0245,CSE-01,2024-12-07 20:25:57.952139,2024-12-07 21:22:56.793065,Investigation completed. Findings documented in internal tracker 5.,ANA-03,False,Resolved,"[""ALT-CSE-01-01122""]"
CAS-CSE-01-0246,CSE-01,2024-12-29 03:58:57.819117,2024-12-29 06:44:52.559663,Investigation completed. Findings documented in internal tracker 0.,ANA-02,False,Resolved,"[""ALT-CSE-01-01125""]"
CAS-CSE-01-0247,CSE-01,2024-10-12 09:43:26.657522,2024-10-12 10:19:15.438168,Investigation completed. Findings documented in internal tracker 4.,ANA-01,True,Resolved,"[""ALT-CSE-01-01127""]"
CAS-CSE-01-0248,CSE-01,2024-12-14 23:43:16.595908,2024-12-15 00:44:54.998231,Investigation completed. Findings documented in internal tracker 35.,ANA-04,True,Resolved,"[""ALT-CSE-01-01128""]"
CAS-CSE-01-0249,CSE-01,2024-10-16 20:06:10.949147,2024-10-16 20:47:16.526634,Investigation completed. Findings documented in internal tracker 19.,ANA-04,False,Resolved,"[""ALT-CSE-01-01138""]"
CAS-CSE-01-0250,CSE-01,2024-11-29 21:30:15.867903,2024-11-29 22:57:06.455091,Investigation completed. Findings documented in internal tracker 23.,ANA-05,False,Resolved,"[""ALT-CSE-01-01142""]"
CAS-CSE-01-0251,CSE-01,2024-12-18 14:51:06.059765,2024-12-18 15:31:28.076977,Investigation completed. Findings documented in internal tracker 16.,ANA-03,False,Resolved,"[""ALT-CSE-01-01144""]"
CAS-CSE-01-0252,CSE-01,2024-10-12 09:40:38.331607,2024-10-12 10:10:06.055937,Investigation completed. Findings documented in internal tracker 20.,ANA-01,False,Resolved,"[""ALT-CSE-01-01146""]"
CAS-CSE-01-0253,CSE-01,2024-10-24 21:24:28.245440,2024-10-24 22:06:47.999845,Investigation completed. Findings documented in internal tracker 5.,ANA-05,False,Resolved,"[""ALT-CSE-01-01147""]"
CAS-CSE-01-0254,CSE-01,2024-12-21 16:12:33.213310,2024-12-21 16:55:31.764446,Investigation completed. Findings documented in internal tracker 24.,ANA-02,False,Resolved,"[""ALT-CSE-01-01156""]"
CAS-CSE-01-0255,CSE-01,2024-10-20 01:33:21.304803,2024-10-20 02:19:28.651449,Investigation completed. Findings documented in internal tracker 8.,ANA-04,True,Resolved,"[""ALT-CSE-01-01157""]"
CAS-CSE-01-0256,CSE-01,2024-10-30 13:42:21.026869,2024-10-30 15:59:01.186550,Investigation completed. Findings documented in internal tracker 37.,ANA-04,False,Resolved,"[""ALT-CSE-01-01159""]"
CAS-CSE-01-0257,CSE-01,2024-10-24 19:45:30.775142,2024-10-24 20:35:34.135813,Investigation completed. Findings documented in internal tracker 27.,ANA-05,False,Resolved,"[""ALT-CSE-01-01167""]"
CAS-CSE-01-0258,CSE-01,2024-11-20 13:46:17.594061,2024-11-20 14:24:05.200128,Investigation completed. Findings documented in internal tracker 5.,ANA-02,False,Resolved,"[""ALT-CSE-01-01171""]"
CAS-CSE-01-0259,CSE-01,2024-11-08 16:25:01.544888,2024-11-08 17:15:11.987613,Investigation completed. Findings documented in internal tracker 3.,ANA-01,False,Resolved,"[""ALT-CSE-01-01176""]"
CAS-CSE-01-0260,CSE-01,2024-11-29 17:46:33.388206,2024-11-29 18:51:34.688581,Investigation completed. Findings documented in internal tracker 29.,ANA-01,True,Resolved,"[""ALT-CSE-01-01183""]"
CAS-CSE-01-0261,CSE-01,2024-11-27 17:57:52.846956,2024-11-27 18:35:15.282898,Investigation completed. Findings documented in internal tracker 8.,ANA-01,True,Resolved,"[""ALT-CSE-01-01185""]"
CAS-CSE-01-0262,CSE-01,2024-10-31 05:45:58.585051,2024-10-31 06:18:29.332714,Investigation completed. Findings documented in internal tracker 30.,ANA-03,False,Resolved,"[""ALT-CSE-01-01190""]"
CAS-CSE-01-0263,CSE-01,2024-12-25 19:24:18.494231,2024-12-25 21:56:13.617394,Investigation completed. Findings documented in internal tracker 18.,ANA-03,True,Resolved,"[""ALT-CSE-01-01192""]"
CAS-CSE-01-0264,CSE-01,2024-11-09 20:48:02.961860,2024-11-09 21:56:08.801442,Investigation completed. Findings documented in internal tracker 14.,ANA-01,True,Resolved,"[""ALT-CSE-01-01197""]"
CAS-CSE-01-0265,CSE-01,2024-12-18 14:22:14.319186,2024-12-18 16:13:59.393723,Investigation completed. Findings documented in internal tracker 29.,ANA-01,False,Resolved,"[""ALT-CSE-01-01200""]"
CAS-CSE-01-0266,CSE-01,2024-12-06 10:25:40.409154,2024-12-06 11:21:49.637938,Investigation completed. Findings documented in internal tracker 17.,ANA-04,True,Resolved,"[""ALT-CSE-01-01211""]"
CAS-CSE-01-0267,CSE-01,2024-10-25 12:44:03.203432,2024-10-25 14:42:08.798969,Investigation completed. Findings documented in internal tracker 11.,ANA-02,True,Resolved,"[""ALT-CSE-01-01215""]"
CAS-CSE-01-0268,CSE-01,2024-12-25 19:18:38.041828,2024-12-25 19:38:16.984486,Investigation completed. Findings documented in internal tracker 23.,ANA-05,False,Resolved,"[""ALT-CSE-01-01220""]"
CAS-CSE-01-0269,CSE-01,2024-11-11 15:44:41.491684,2024-11-11 18:25:29.027765,Investigation completed. Findings documented in internal tracker 37.,ANA-03,False,Resolved,"[""ALT-CSE-01-01223""]"
CAS-CSE-01-0270,CSE-01,2024-12-16 09:14:25.905947,2024-12-16 09:52:31.833381,Investigation completed. Findings documented in internal tracker 9.,ANA-01,False,Resolved,"[""ALT-CSE-01-01234""]"
CAS-CSE-01-0271,CSE-01,2024-12-11 06:30:36.224865,2024-12-11 07:40:26.948460,Investigation completed. Findings documented in internal tracker 0.,ANA-05,False,Resolved,"[""ALT-CSE-01-01240""]"
CAS-CSE-01-0272,CSE-01,2024-12-25 01:41:07.509287,2024-12-25 01:55:48.493100,Investigation completed. Findings documented in internal tracker 22.,ANA-05,True,Resolved,"[""ALT-CSE-01-01245""]"
CAS-CSE-01-0273,CSE-01,2024-11-30 19:54:24.468446,2024-11-30 20:09:57.688829,Investigation completed. Findings documented in internal tracker 25.,ANA-02,False,Resolved,"[""ALT-CSE-01-01250""]"
CAS-CSE-01-0274,CSE-01,2024-11-21 12:06:07.471969,2024-11-21 12:30:19.479922,Investigation completed. Findings documented in internal tracker 24.,ANA-02,False,Resolved,"[""ALT-CSE-01-01266""]"
CAS-CSE-01-0275,CSE-01,2024-11-11 03:21:02.831287,2024-11-11 04:16:37.543176,Investigation completed. Findings documented in internal tracker 28.,ANA-03,False,Resolved,"[""ALT-CSE-01-01271""]"
CAS-CSE-01-0276,CSE-01,2024-12-26 21:38:42.786891,2024-12-26 23:42:10.970764,Investigation completed. Findings documented in internal tracker 6.,ANA-02,False,Resolved,"[""ALT-CSE-01-01272""]"
CAS-CSE-01-0277,CSE-01,2024-10-21 11:07:51.751010,2024-10-21 13:22:06.351520,Investigation completed. Findings documented in internal tracker 36.,ANA-03,False,Resolved,"[""ALT-CSE-01-01273""]"
CAS-CSE-01-0278,CSE-01,2024-12-15 18:35:28.522697,2024-12-15 19:36:26.749738,Investigation completed. Findings documented in internal tracker 11.,ANA-04,False,Resolved,"[""ALT-CSE-01-01277""]"
CAS-CSE-01-0279,CSE-01,2024-10-22 10:26:09.691178,2024-10-22 13:03:54.497380,Investigation completed. Findings documented in internal tracker 6.,ANA-02,False,Resolved,"[""ALT-CSE-01-01288""]"
CAS-CSE-01-0280,CSE-01,2024-12-27 22:29:44.526656,2024-12-27 23:27:37.273618,Investigation completed. Findings documented in internal tracker 37.,ANA-02,False,Resolved,"[""ALT-CSE-01-01302""]"
CAS-CSE-01-0281,CSE-01,2024-12-09 02:29:14.382019,2024-12-09 05:34:39.566813,Investigation completed. Findings documented in internal tracker 1.,ANA-02,False,Resolved,"[""ALT-CSE-01-01304""]"
CAS-CSE-01-0282,CSE-01,2024-11-08 13:42:18.280306,2024-11-08 15:16:11.774875,Investigation completed. Findings documented in internal tracker 20.,ANA-01,True,Resolved,"[""ALT-CSE-01-01307""]"
CAS-CSE-01-0283,CSE-01,2024-12-20 09:40:11.148057,2024-12-20 10:13:43.683499,Investigation completed. Findings documented in internal tracker 3.,ANA-01,True,Resolved,"[""ALT-CSE-01-01316""]"
CAS-CSE-01-0284,CSE-01,2024-10-24 07:33:03.335483,2024-10-24 08:25:35.783263,Investigation completed. Findings documented in internal tracker 19.,ANA-01,False,Resolved,"[""ALT-CSE-01-01332""]"
CAS-CSE-01-0285,CSE-01,2024-10-02 22:50:28.802799,2024-10-03 00:14:33.732391,Investigation completed. Findings documented in internal tracker 22.,ANA-02,False,Resolved,"[""ALT-CSE-01-01351""]"
CAS-CSE-01-0286,CSE-01,2024-10-02 21:16:27.566658,2024-10-02 23:40:03.767854,Investigation completed. Findings documented in internal tracker 25.,ANA-04,False,Resolved,"[""ALT-CSE-01-01355""]"
CAS-CSE-01-0287,CSE-01,2024-10-07 13:59:49.997596,2024-10-07 14:28:02.388208,Investigation completed. Findings documented in internal tracker 36.,ANA-03,False,Resolved,"[""ALT-CSE-01-01357""]"
CAS-CSE-01-0288,CSE-01,2024-10-02 12:55:03.033027,2024-10-02 14:52:22.083523,Investigation completed. Findings documented in internal tracker 12.,ANA-01,True,Resolved,"[""ALT-CSE-01-01358""]"
CAS-CSE-01-0289,CSE-01,2024-10-24 09:10:53.363773,2024-10-24 09:56:04.245948,Investigation completed. Findings documented in internal tracker 17.,ANA-01,False,Resolved,"[""ALT-CSE-01-01361""]"
CAS-CSE-01-0290,CSE-01,2024-10-05 06:21:54.255652,2024-10-05 07:00:58.595985,Investigation completed. Findings documented in internal tracker 23.,ANA-05,False,Resolved,"[""ALT-CSE-01-01364""]"
CAS-CSE-01-0291,CSE-01,2024-11-02 17:12:51.007712,2024-11-02 17:19:11.991313,Investigation completed. Findings documented in internal tracker 37.,ANA-02,False,Resolved,"[""ALT-CSE-01-01365""]"
CAS-CSE-01-0292,CSE-01,2024-10-04 16:57:57.243712,2024-10-04 19:09:09.295933,Investigation completed. Findings documented in internal tracker 2.,ANA-02,False,Resolved,"[""ALT-CSE-01-01368""]"
CAS-CSE-01-0293,CSE-01,2024-11-09 04:29:45.587943,2024-11-09 06:40:32.248323,Investigation completed. Findings documented in internal tracker 38.,ANA-03,False,Resolved,"[""ALT-CSE-01-01371""]"
CAS-CSE-01-0294,CSE-01,2024-10-18 07:49:09.359476,2024-10-18 08:45:00.239627,Investigation completed. Findings documented in internal tracker 26.,ANA-03,True,Resolved,"[""ALT-CSE-01-01374""]"
CAS-CSE-01-0295,CSE-01,2024-10-14 03:53:48.043239,2024-10-14 04:20:12.960268,Investigation completed. Findings documented in internal tracker 8.,ANA-03,True,Resolved,"[""ALT-CSE-01-01376""]"
CAS-CSE-01-0296,CSE-01,2024-11-26 23:41:10.402249,2024-11-27 01:28:00.536143,Investigation completed. Findings documented in internal tracker 15.,ANA-01,True,Resolved,"[""ALT-CSE-01-01379""]"
CAS-CSE-01-0297,CSE-01,2024-12-03 04:50:21.949319,2024-12-03 05:42:46.496650,Investigation completed. Findings documented in internal tracker 2.,ANA-02,False,Resolved,"[""ALT-CSE-01-01380""]"
CAS-CSE-01-0298,CSE-01,2024-11-19 10:07:54.127370,2024-11-19 10:54:33.289476,Investigation completed. Findings documented in internal tracker 4.,ANA-05,False,Resolved,"[""ALT-CSE-01-01383""]"
CAS-CSE-01-0299,CSE-01,2024-12-28 04:30:04.027342,2024-12-28 04:45:31.152523,Investigation completed. Findings documented in internal tracker 32.,ANA-05,False,Resolved,"[""ALT-CSE-01-01388""]"
CAS-CSE-01-0300,CSE-01,2024-11-07 00:04:44.327861,2024-11-07 00:40:50.713257,Investigation completed. Findings documented in internal tracker 17.,ANA-04,True,Resolved,"[""ALT-CSE-01-01392""]"
CAS-CSE-01-0301,CSE-01,2024-12-04 09:18:28.080007,2024-12-04 11:45:03.877288,Investigation completed. Findings documented in internal tracker 9.,ANA-02,False,Resolved,"[""ALT-CSE-01-01396""]"
CAS-CSE-01-0302,CSE-01,2024-11-18 17:11:26.181100,2024-11-18 18:34:06.806253,Investigation completed. Findings documented in internal tracker 3.,ANA-05,True,Resolved,"[""ALT-CSE-01-01408""]"
CAS-CSE-01-0303,CSE-01,2024-10-26 11:24:41.387326,2024-10-26 11:46:25.390190,Investigation completed. Findings documented in internal tracker 28.,ANA-01,False,Resolved,"[""ALT-CSE-01-01420""]"
CAS-CSE-01-0304,CSE-01,2024-12-04 03:39:33.246069,2024-12-04 04:13:45.539628,Investigation completed. Findings documented in internal tracker 7.,ANA-03,False,Resolved,"[""ALT-CSE-01-01427""]"
CAS-CSE-01-0305,CSE-01,2024-10-28 08:08:53.961803,2024-10-28 08:58:21.624618,Investigation completed. Findings documented in internal tracker 35.,ANA-01,False,Resolved,"[""ALT-CSE-01-01437""]"
CAS-CSE-01-0306,CSE-01,2024-10-23 10:28:37.698073,2024-10-23 10:55:31.277761,Investigation completed. Findings documented in internal tracker 8.,ANA-02,True,Resolved,"[""ALT-CSE-01-01438""]"
CAS-CSE-01-0307,CSE-01,2024-11-19 06:33:38.271940,2024-11-19 07:12:54.885322,Investigation completed. Findings documented in internal tracker 26.,ANA-05,True,Resolved,"[""ALT-CSE-01-01439""]"
CAS-CSE-01-0308,CSE-01,2024-11-14 20:32:40.269860,2024-11-14 21:50:15.767394,Investigation completed. Findings documented in internal tracker 23.,ANA-03,True,Resolved,"[""ALT-CSE-01-01442""]"
CAS-CSE-01-0309,CSE-01,2024-10-11 12:40:41.646071,2024-10-11 12:52:43.886196,Investigation completed. Findings documented in internal tracker 9.,ANA-01,False,Resolved,"[""ALT-CSE-01-01451""]"
CAS-CSE-01-0310,CSE-01,2024-12-15 00:37:13.841838,2024-12-15 01:28:45.250200,Investigation completed. Findings documented in internal tracker 30.,ANA-05,False,Resolved,"[""ALT-CSE-01-01461""]"
CAS-CSE-01-0311,CSE-01,2024-10-23 09:10:02.186886,2024-10-23 11:05:39.191105,Investigation completed. Findings documented in internal tracker 15.,ANA-03,False,Resolved,"[""ALT-CSE-01-01483""]"
CAS-CSE-01-0312,CSE-01,2024-10-12 06:20:58.943636,2024-10-12 07:19:00.755438,Investigation completed. Findings documented in internal tracker 31.,ANA-02,False,Resolved,"[""ALT-CSE-01-01489""]"
CAS-CSE-01-0313,CSE-01,2024-10-13 05:21:55.721865,2024-10-13 05:51:30.408219,Investigation completed. Findings documented in internal tracker 24.,ANA-03,False,Resolved,"[""ALT-CSE-01-01494""]"
CAS-CSE-01-0314,CSE-01,2024-10-31 05:28:33.075147,2024-10-31 07:09:47.752930,Investigation completed. Findings documented in internal tracker 21.,ANA-05,False,Resolved,"[""ALT-CSE-01-01499""]"
CAS-CSE-01-0315,CSE-01,2024-12-28 11:53:04.698211,2024-12-28 12:19:45.155866,Investigation completed. Findings documented in internal tracker 10.,ANA-04,False,Resolved,"[""ALT-CSE-01-01503""]"
CAS-CSE-01-0316,CSE-01,2024-11-02 16:58:39.566233,2024-11-02 17:30:25.709807,Investigation completed. Findings documented in internal tracker 8.,ANA-04,False,Resolved,"[""ALT-CSE-01-01516""]"
CAS-CSE-01-0317,CSE-01,2024-12-22 23:05:59.104862,2024-12-23 00:27:47.147019,Investigation completed. Findings documented in internal tracker 19.,ANA-01,True,Resolved,"[""ALT-CSE-01-01518""]"
CAS-CSE-01-0318,CSE-01,2024-10-02 19:01:37.860602,2024-10-02 19:46:54.121756,Investigation completed. Findings documented in internal tracker 12.,ANA-04,False,Resolved,"[""ALT-CSE-01-01523""]"
CAS-CSE-01-0319,CSE-01,2024-10-10 23:35:41.783162,2024-10-11 01:41:21.208322,Investigation completed. Findings documented in internal tracker 18.,ANA-01,True,Resolved,"[""ALT-CSE-01-01527""]"
CAS-CSE-01-0320,CSE-01,2024-10-01 09:56:35.544207,2024-10-01 11:02:29.312777,Investigation completed. Findings documented in internal tracker 31.,ANA-02,False,Resolved,"[""ALT-CSE-01-01538""]"
CAS-CSE-01-0321,CSE-01,2024-11-25 16:26:56.519238,2024-11-25 19:24:23.978955,Investigation completed. Findings documented in internal tracker 15.,ANA-02,False,Resolved,"[""ALT-CSE-01-01542""]"
CAS-CSE-01-0322,CSE-01,2024-12-08 23:57:50.591785,2024-12-09 01:01:57.812171,Investigation completed. Findings documented in internal tracker 39.,ANA-05,False,Resolved,"[""ALT-CSE-01-01548""]"
CAS-CSE-01-0323,CSE-01,2024-12-25 11:29:57.527016,2024-12-25 12:21:26.676611,Investigation completed. Findings documented in internal tracker 3.,ANA-01,True,Resolved,"[""ALT-CSE-01-01550""]"
CAS-CSE-01-0324,CSE-01,2024-11-14 04:22:45.133892,2024-11-14 05:50:10.596115,Investigation completed. Findings documented in internal tracker 27.,ANA-04,False,Resolved,"[""ALT-CSE-01-01552""]"
CAS-CSE-01-0325,CSE-01,2024-10-11 01:26:49.704852,2024-10-11 01:49:09.150483,Investigation completed. Findings documented in internal tracker 22.,ANA-02,False,Resolved,"[""ALT-CSE-01-01553""]"
CAS-CSE-01-0326,CSE-01,2024-12-17 12:55:49.705629,2024-12-17 13:35:12.586895,Investigation completed. Findings documented in internal tracker 24.,ANA-05,False,Resolved,"[""ALT-CSE-01-01555""]"
CAS-CSE-01-0327,CSE-01,2024-10-25 16:39:59.472981,2024-10-25 17:11:56.408353,Investigation completed. Findings documented in internal tracker 15.,ANA-05,False,Resolved,"[""ALT-CSE-01-01556""]"
CAS-CSE-01-0328,CSE-01,2024-10-01 02:05:33.134130,2024-10-01 03:41:11.558680,Investigation completed. Findings documented in internal tracker 28.,ANA-02,True,Resolved,"[""ALT-CSE-01-01562""]"
CAS-CSE-01-0329,CSE-01,2024-11-22 00:25:39.842824,2024-11-22 01:47:29.693603,Investigation completed. Findings documented in internal tracker 8.,ANA-05,False,Resolved,"[""ALT-CSE-01-01565""]"
CAS-CSE-01-0330,CSE-01,2024-12-16 09:39:14.214512,2024-12-16 11:09:46.135837,Investigation completed. Findings documented in internal tracker 30.,ANA-04,False,Resolved,"[""ALT-CSE-01-01577""]"
CAS-CSE-01-0331,CSE-01,2024-12-22 08:49:03.488680,2024-12-22 09:30:57.445899,Investigation completed. Findings documented in internal tracker 17.,ANA-02,False,Resolved,"[""ALT-CSE-01-01583""]"
CAS-CSE-01-0332,CSE-01,2024-11-06 23:58:19.791118,2024-11-07 00:37:36.133797,Investigation completed. Findings documented in internal tracker 2.,ANA-05,False,Resolved,"[""ALT-CSE-01-01586""]"
CAS-CSE-01-0333,CSE-01,2024-10-17 04:40:22.479114,2024-10-17 06:46:23.431587,Investigation completed. Findings documented in internal tracker 35.,ANA-01,False,Resolved,"[""ALT-CSE-01-01592""]"
CAS-CSE-01-0334,CSE-01,2024-10-20 19:18:02.558415,2024-10-20 19:55:09.004155,Investigation completed. Findings documented in internal tracker 17.,ANA-04,False,Resolved,"[""ALT-CSE-01-01599""]"
CAS-CSE-01-0335,CSE-01,2024-11-07 20:18:01.445987,2024-11-07 20:48:17.527737,Investigation completed. Findings documented in internal tracker 15.,ANA-04,False,Resolved,"[""ALT-CSE-01-01603""]"
CAS-CSE-01-0336,CSE-01,2024-12-10 19:10:56.640427,2024-12-10 19:44:14.500955,Investigation completed. Findings documented in internal tracker 26.,ANA-01,False,Resolved,"[""ALT-CSE-01-01604""]"
CAS-CSE-01-0337,CSE-01,2024-12-13 23:32:23.341999,2024-12-14 00:33:59.913612,Investigation completed. Findings documented in internal tracker 14.,ANA-03,True,Resolved,"[""ALT-CSE-01-01610""]"
CAS-CSE-01-0338,CSE-01,2024-12-08 08:09:44.429547,2024-12-08 09:01:34.153945,Investigation completed. Findings documented in internal tracker 28.,ANA-04,False,Resolved,"[""ALT-CSE-01-01615""]"
CAS-CSE-01-0339,CSE-01,2024-10-08 10:57:29.190614,2024-10-08 11:25:57.323798,Investigation completed. Findings documented in internal tracker 26.,ANA-01,False,Resolved,"[""ALT-CSE-01-01619""]"
CAS-CSE-01-0340,CSE-01,2024-10-12 15:26:03.067217,2024-10-12 17:06:29.498629,Investigation completed. Findings documented in internal tracker 7.,ANA-02,False,Resolved,"[""ALT-CSE-01-01622""]"
CAS-CSE-01-0341,CSE-01,2024-11-17 02:49:06.275959,2024-11-17 06:05:49.979354,Investigation completed. Findings documented in internal tracker 19.,ANA-05,True,Resolved,"[""ALT-CSE-01-01623""]"
CAS-CSE-01-0342,CSE-01,2024-12-05 13:54:04.033567,2024-12-05 16:49:46.826065,Investigation completed. Findings documented in internal tracker 14.,ANA-04,False,Resolved,"[""ALT-CSE-01-01630""]"
CAS-CSE-01-0343,CSE-01,2024-10-27 02:29:32.074167,2024-10-27 03:50:41.840335,Investigation completed. Findings documented in internal tracker 2.,ANA-01,True,Resolved,"[""ALT-CSE-01-01633""]"
CAS-CSE-01-0344,CSE-01,2024-11-16 06:42:29.072415,2024-11-16 07:28:21.677310,Investigation completed. Findings documented in internal tracker 27.,ANA-05,False,Resolved,"[""ALT-CSE-01-01636""]"
CAS-CSE-01-0345,CSE-01,2024-11-21 15:30:19.109594,2024-11-21 16:12:53.813253,Investigation completed. Findings documented in internal tracker 14.,ANA-01,False,Resolved,"[""ALT-CSE-01-01641""]"
CAS-CSE-01-0346,CSE-01,2024-11-07 12:50:14.428597,2024-11-07 13:11:14.619047,Investigation completed. Findings documented in internal tracker 1.,ANA-05,True,Resolved,"[""ALT-CSE-01-01643""]"
CAS-CSE-01-0347,CSE-01,2024-10-03 10:18:33.080060,2024-10-03 12:07:02.584405,Investigation completed. Findings documented in internal tracker 10.,ANA-05,False,Resolved,"[""ALT-CSE-01-01644""]"
CAS-CSE-01-0348,CSE-01,2024-11-11 11:23:32.909126,2024-11-11 12:06:31.921022,Investigation completed. Findings documented in internal tracker 32.,ANA-01,False,Resolved,"[""ALT-CSE-01-01646""]"
CAS-CSE-01-0349,CSE-01,2024-11-17 14:08:12.415251,2024-11-17 14:41:20.081140,Investigation completed. Findings documented in internal tracker 3.,ANA-03,False,Resolved,"[""ALT-CSE-01-01648""]"
CAS-CSE-01-0350,CSE-01,2024-12-19 09:08:21.374386,2024-12-19 09:43:43.037255,Investigation completed. Findings documented in internal tracker 22.,ANA-04,False,Resolved,"[""ALT-CSE-01-01654""]"
CAS-CSE-01-0351,CSE-01,2024-10-17 08:24:27.328364,2024-10-17 09:19:24.481015,Investigation completed. Findings documented in internal tracker 18.,ANA-03,False,Resolved,"[""ALT-CSE-01-01657""]"
CAS-CSE-01-0352,CSE-01,2024-12-03 23:03:01.696235,2024-12-04 01:09:37.611426,Investigation completed. Findings documented in internal tracker 20.,ANA-03,False,Resolved,"[""ALT-CSE-01-01660""]"
CAS-CSE-01-0353,CSE-01,2024-11-25 12:42:44.980123,2024-11-25 13:18:36.281883,Investigation completed. Findings documented in internal tracker 38.,ANA-02,True,Resolved,"[""ALT-CSE-01-01661""]"
CAS-CSE-01-0354,CSE-01,2024-11-30 16:39:12.840602,2024-11-30 17:02:23.331107,Investigation completed. Findings documented in internal tracker 12.,ANA-03,False,Resolved,"[""ALT-CSE-01-01671""]"
CAS-CSE-01-0355,CSE-01,2024-12-15 16:16:45.174354,2024-12-15 18:42:53.084183,Investigation completed. Findings documented in internal tracker 24.,ANA-02,False,Resolved,"[""ALT-CSE-01-01675""]"
CAS-CSE-01-0356,CSE-01,2024-12-03 07:25:02.895820,2024-12-03 08:01:28.887539,Investigation completed. Findings documented in internal tracker 3.,ANA-01,False,Resolved,"[""ALT-CSE-01-01676""]"
CAS-CSE-01-0357,CSE-01,2024-10-01 03:37:12.021913,2024-10-01 04:16:43.050397,Investigation completed. Findings documented in internal tracker 28.,ANA-01,False,Resolved,"[""ALT-CSE-01-01679""]"
CAS-CSE-01-0358,CSE-01,2024-10-14 21:11:19.134888,2024-10-14 21:52:54.646883,Investigation completed. Findings documented in internal tracker 6.,ANA-05,False,Resolved,"[""ALT-CSE-01-01680""]"
CAS-CSE-01-0359,CSE-01,2024-10-05 16:49:38.572975,2024-10-05 17:05:45.907847,Investigation completed. Findings documented in internal tracker 7.,ANA-01,False,Resolved,"[""ALT-CSE-01-01682""]"
CAS-CSE-01-0360,CSE-01,2024-12-17 19:29:38.872845,2024-12-17 20:59:43.798933,Investigation completed. Findings documented in internal tracker 4.,ANA-01,False,Resolved,"[""ALT-CSE-01-01685""]"
CAS-CSE-01-0361,CSE-01,2024-12-13 04:32:48.678962,2024-12-13 07:04:48.546387,Investigation completed. Findings documented in internal tracker 8.,ANA-04,False,Resolved,"[""ALT-CSE-01-01688""]"
CAS-CSE-01-0362,CSE-01,2024-11-14 03:46:43.625329,2024-11-14 06:59:34.685164,Investigation completed. Findings documented in internal tracker 20.,ANA-04,False,Resolved,"[""ALT-CSE-01-01693""]"
CAS-CSE-01-0363,CSE-01,2024-12-13 21:19:04.943143,2024-12-13 22:27:53.449786,Investigation completed. Findings documented in internal tracker 26.,ANA-01,False,Resolved,"[""ALT-CSE-01-01694""]"
CAS-CSE-01-0364,CSE-01,2024-10-01 16:33:59.459942,2024-10-01 18:23:40.129807,Investigation completed. Findings documented in internal tracker 8.,ANA-03,False,Resolved,"[""ALT-CSE-01-01699""]"
CAS-CSE-01-0365,CSE-01,2024-11-20 23:29:02.458495,2024-11-21 00:20:24.079698,Investigation completed. Findings documented in internal tracker 36.,ANA-03,False,Resolved,"[""ALT-CSE-01-01702""]"
CAS-CSE-01-0366,CSE-01,2024-11-07 03:57:42.110166,2024-11-07 06:26:56.445922,Investigation completed. Findings documented in internal tracker 3.,ANA-03,True,Resolved,"[""ALT-CSE-01-01707""]"
CAS-CSE-01-0367,CSE-01,2024-12-17 18:53:17.370979,2024-12-17 19:20:26.038157,Investigation completed. Findings documented in internal tracker 19.,ANA-03,True,Resolved,"[""ALT-CSE-01-01719""]"
CAS-CSE-01-0368,CSE-01,2024-12-08 12:02:46.723325,2024-12-08 12:29:08.762738,Investigation completed. Findings documented in internal tracker 10.,ANA-02,False,Resolved,"[""ALT-CSE-01-01722""]"
CAS-CSE-01-0369,CSE-01,2024-11-04 01:39:15.404942,2024-11-04 02:22:02.060327,Investigation completed. Findings documented in internal tracker 36.,ANA-03,True,Resolved,"[""ALT-CSE-01-01729""]"
CAS-CSE-01-0370,CSE-01,2024-11-12 18:44:58.251349,2024-11-12 19:59:48.407960,Investigation completed. Findings documented in internal tracker 24.,ANA-02,False,Resolved,"[""ALT-CSE-01-01731""]"
CAS-CSE-01-0371,CSE-01,2024-10-17 04:59:51.267942,2024-10-17 05:40:03.942034,Investigation completed. Findings documented in internal tracker 24.,ANA-05,False,Resolved,"[""ALT-CSE-01-01732""]"
CAS-CSE-01-0372,CSE-01,2024-10-23 03:39:47.215435,2024-10-23 04:35:26.809403,Investigation completed. Findings documented in internal tracker 19.,ANA-03,False,Resolved,"[""ALT-CSE-01-01734""]"
CAS-CSE-01-0373,CSE-01,2024-10-17 20:10:46.910199,2024-10-17 22:28:44.491773,Investigation completed. Findings documented in internal tracker 22.,ANA-01,False,Resolved,"[""ALT-CSE-01-01745""]"
CAS-CSE-01-0374,CSE-01,2024-12-08 13:45:03.697900,2024-12-08 14:49:27.348896,Investigation completed. Findings documented in internal tracker 23.,ANA-02,False,Resolved,"[""ALT-CSE-01-01752""]"
CAS-CSE-01-0375,CSE-01,2024-11-26 13:42:37.440178,2024-11-26 14:28:14.792010,Investigation completed. Findings documented in internal tracker 17.,ANA-02,False,Resolved,"[""ALT-CSE-01-01754""]"
CAS-CSE-01-0376,CSE-01,2024-12-01 11:39:29.163219,2024-12-01 14:42:31.345113,Investigation completed. Findings documented in internal tracker 30.,ANA-04,True,Resolved,"[""ALT-CSE-01-01758""]"
CAS-CSE-01-0377,CSE-01,2024-11-08 11:42:47.817829,2024-11-08 12:25:23.702585,Investigation completed. Findings documented in internal tracker 39.,ANA-02,False,Resolved,"[""ALT-CSE-01-01759""]"
CAS-CSE-01-0378,CSE-01,2024-11-11 01:32:03.413438,2024-11-11 03:04:56.804954,Investigation completed. Findings documented in internal tracker 18.,ANA-01,False,Resolved,"[""ALT-CSE-01-01772""]"
CAS-CSE-01-0379,CSE-01,2024-11-24 04:31:00.255232,2024-11-24 04:29:34.033862,Investigation completed. Findings documented in internal tracker 37.,ANA-05,False,Resolved,"[""ALT-CSE-01-01777""]"
CAS-CSE-01-0380,CSE-01,2024-11-14 11:03:04.272315,2024-11-14 13:04:33.964679,Investigation completed. Findings documented in internal tracker 23.,ANA-01,False,Resolved,"[""ALT-CSE-01-01781""]"
CAS-CSE-01-0381,CSE-01,2024-12-19 13:49:15.877916,2024-12-19 14:27:32.752627,Investigation completed. Findings documented in internal tracker 9.,ANA-05,True,Resolved,"[""ALT-CSE-01-01784""]"
CAS-CSE-01-0382,CSE-01,2024-12-29 12:58:29.952014,2024-12-29 13:37:25.982149,Investigation completed. Findings documented in internal tracker 6.,ANA-05,False,Resolved,"[""ALT-CSE-01-01785""]"
CAS-CSE-01-0383,CSE-01,2024-12-22 05:50:40.249002,2024-12-22 06:28:19.014481,Investigation completed. Findings documented in internal tracker 11.,ANA-05,False,Resolved,"[""ALT-CSE-01-01786""]"
CAS-CSE-01-0384,CSE-01,2024-10-25 02:15:22.283380,2024-10-25 02:54:04.226862,Investigation completed. Findings documented in internal tracker 6.,ANA-01,False,Resolved,"[""ALT-CSE-01-01787""]"
CAS-CSE-01-0385,CSE-01,2024-11-27 21:48:33.606032,2024-11-27 23:37:58.474331,Investigation completed. Findings documented in internal tracker 13.,ANA-05,True,Resolved,"[""ALT-CSE-01-01790""]"
CAS-CSE-01-0386,CSE-01,2024-10-12 01:34:39.450076,2024-10-12 02:04:41.322242,Investigation completed. Findings documented in internal tracker 27.,ANA-05,False,Resolved,"[""ALT-CSE-01-01793""]"
CAS-CSE-01-0387,CSE-01,2024-10-05 20:58:31.481915,2024-10-06 00:01:43.897346,Investigation completed. Findings documented in internal tracker 22.,ANA-03,False,Resolved,"[""ALT-CSE-01-01797""]"
CAS-CSE-01-0388,CSE-01,2024-12-22 16:58:35.336286,2024-12-22 17:21:19.657394,Investigation completed. Findings documented in internal tracker 21.,ANA-04,False,Resolved,"[""ALT-CSE-01-01806""]"
CAS-CSE-01-0389,CSE-01,2024-12-26 02:28:58.424058,2024-12-26 04:29:33.217836,Investigation completed. Findings documented in internal tracker 2.,ANA-03,False,Resolved,"[""ALT-CSE-01-01810""]"
CAS-CSE-01-0390,CSE-01,2024-11-07 00:31:02.103131,2024-11-07 02:23:03.816173,Investigation completed. Findings documented in internal tracker 17.,ANA-04,False,Resolved,"[""ALT-CSE-01-01813""]"
CAS-CSE-01-0391,CSE-01,2024-11-22 03:04:20.008322,2024-11-22 05:00:41.468395,Investigation completed. Findings documented in internal tracker 4.,ANA-01,False,Resolved,"[""ALT-CSE-01-01815""]"
CAS-CSE-01-0392,CSE-01,2024-10-09 06:53:48.367344,2024-10-09 08:01:17.019482,Investigation completed. Findings documented in internal tracker 25.,ANA-04,False,Resolved,"[""ALT-CSE-01-01827""]"
CAS-CSE-01-0393,CSE-01,2024-10-27 13:04:04.305594,2024-10-27 13:25:23.109214,Investigation completed. Findings documented in internal tracker 21.,ANA-01,False,Resolved,"[""ALT-CSE-01-01833""]"
CAS-CSE-01-0394,CSE-01,2024-10-18 11:24:46.336200,2024-10-18 12:12:13.331495,Investigation completed. Findings documented in internal tracker 30.,ANA-05,True,Resolved,"[""ALT-CSE-01-01834""]"
CAS-CSE-01-0395,CSE-01,2024-11-09 07:14:00.484285,2024-11-09 08:03:42.816871,Investigation completed. Findings documented in internal tracker 24.,ANA-03,False,Resolved,"[""ALT-CSE-01-01841""]"
CAS-CSE-01-0396,CSE-01,2024-11-20 14:34:49.451687,2024-11-20 14:46:19.352224,Investigation completed. Findings documented in internal tracker 8.,ANA-05,False,Resolved,"[""ALT-CSE-01-01843""]"
CAS-CSE-01-0397,CSE-01,2024-10-26 17:26:10.397629,2024-10-26 17:59:19.549702,Investigation completed. Findings documented in internal tracker 35.,ANA-05,False,Resolved,"[""ALT-CSE-01-01845""]"
CAS-CSE-01-0398,CSE-01,2024-12-25 14:34:39.759998,2024-12-25 15:34:54.246321,Investigation completed. Findings documented in internal tracker 39.,ANA-04,False,Resolved,"[""ALT-CSE-01-01846""]"
CAS-CSE-01-0399,CSE-01,2024-12-05 18:52:33.924190,2024-12-05 20:29:40.027795,Investigation completed. Findings documented in internal tracker 3.,ANA-04,False,Resolved,"[""ALT-CSE-01-01848""]"
CAS-CSE-01-0400,CSE-01,2024-10-24 08:29:45.136444,2024-10-24 09:18:41.867350,Investigation completed. Findings documented in internal tracker 31.,ANA-01,False,Resolved,"[""ALT-CSE-01-01850""]"
CAS-CSE-01-0401,CSE-01,2024-10-06 08:45:38.997282,2024-10-06 09:58:24.130260,Investigation completed. Findings documented in internal tracker 0.,ANA-01,True,Resolved,"[""ALT-CSE-01-01854""]"
CAS-CSE-01-0402,CSE-01,2024-10-13 14:05:50.781190,2024-10-13 14:40:00.887514,Investigation completed. Findings documented in internal tracker 39.,ANA-02,False,Resolved,"[""ALT-CSE-01-01856""]"
CAS-CSE-01-0403,CSE-01,2024-11-27 13:33:08.151179,2024-11-27 13:57:05.066185,Investigation completed. Findings documented in internal tracker 0.,ANA-03,True,Resolved,"[""ALT-CSE-01-01857""]"
CAS-CSE-01-0404,CSE-01,2024-11-13 04:07:32.538356,2024-11-13 04:33:48.080543,Investigation completed. Findings documented in internal tracker 31.,ANA-05,False,Resolved,"[""ALT-CSE-01-01867""]"
CAS-CSE-01-0405,CSE-01,2024-10-04 20:19:04.086318,2024-10-04 20:59:24.643520,Investigation completed. Findings documented in internal tracker 16.,ANA-02,False,Resolved,"[""ALT-CSE-01-01874""]"
CAS-CSE-01-0406,CSE-01,2024-11-08 13:29:06.409049,2024-11-08 13:36:06.692102,Investigation completed. Findings documented in internal tracker 17.,ANA-04,True,Resolved,"[""ALT-CSE-01-01881""]"
CAS-CSE-01-0407,CSE-01,2024-12-25 05:09:44.084141,2024-12-25 07:04:03.958227,Investigation completed. Findings documented in internal tracker 20.,ANA-01,False,Resolved,"[""ALT-CSE-01-01891""]"
CAS-CSE-01-0408,CSE-01,2024-12-16 19:42:16.390737,2024-12-16 19:57:28.451262,Investigation completed. Findings documented in internal tracker 26.,ANA-05,True,Resolved,"[""ALT-CSE-01-01894""]"
CAS-CSE-01-0409,CSE-01,2024-12-09 21:21:12.405914,2024-12-09 22:49:02.072006,Investigation completed. Findings documented in internal tracker 7.,ANA-03,False,Resolved,"[""ALT-CSE-01-01901""]"
CAS-CSE-01-0410,CSE-01,2024-12-24 06:10:40.351474,2024-12-24 07:52:56.265340,Investigation completed. Findings documented in internal tracker 5.,ANA-04,False,Resolved,"[""ALT-CSE-01-01902""]"
CAS-CSE-01-0411,CSE-01,2024-10-15 03:36:32.622731,2024-10-15 04:06:44.641913,Investigation completed. Findings documented in internal tracker 30.,ANA-03,False,Resolved,"[""ALT-CSE-01-01909""]"
CAS-CSE-01-0412,CSE-01,2024-12-23 16:13:17.961691,2024-12-23 17:01:23.077333,Investigation completed. Findings documented in internal tracker 18.,ANA-03,False,Resolved,"[""ALT-CSE-01-01912""]"
CAS-CSE-01-0413,CSE-01,2024-11-30 20:32:48.290171,2024-11-30 23:05:26.318511,Investigation completed. Findings documented in internal tracker 36.,ANA-05,False,Resolved,"[""ALT-CSE-01-01913""]"
CAS-CSE-01-0414,CSE-01,2024-10-14 19:26:35.939148,2024-10-14 20:08:56.443237,Investigation completed. Findings documented in internal tracker 18.,ANA-05,False,Resolved,"[""ALT-CSE-01-01917""]"
CAS-CSE-01-0415,CSE-01,2024-10-06 19:03:02.037951,2024-10-06 19:11:42.999554,Investigation completed. Findings documented in internal tracker 28.,ANA-04,False,Resolved,"[""ALT-CSE-01-01922""]"
CAS-CSE-01-0416,CSE-01,2024-10-07 20:25:21.448648,2024-10-07 21:18:55.136612,Investigation completed. Findings documented in internal tracker 13.,ANA-03,True,Resolved,"[""ALT-CSE-01-01923""]"
CAS-CSE-01-0417,CSE-01,2024-12-04 06:28:10.728762,2024-12-04 07:25:19.562451,Investigation completed. Findings documented in internal tracker 24.,ANA-02,False,Resolved,"[""ALT-CSE-01-01924""]"
CAS-CSE-01-0418,CSE-01,2024-12-16 17:18:57.224726,2024-12-16 18:02:52.113642,Investigation completed. Findings documented in internal tracker 23.,ANA-05,False,Resolved,"[""ALT-CSE-01-01926""]"
CAS-CSE-01-0419,CSE-01,2024-12-29 12:59:55.048272,2024-12-29 13:27:15.020696,Investigation completed. Findings documented in internal tracker 16.,ANA-05,True,Resolved,"[""ALT-CSE-01-01938""]"
CAS-CSE-01-0420,CSE-01,2024-11-28 15:58:39.287748,2024-11-28 17:13:10.414056,Investigation completed. Findings documented in internal tracker 27.,ANA-05,False,Resolved,"[""ALT-CSE-01-01940""]"
CAS-CSE-01-0421,CSE-01,2024-12-23 05:12:42.320529,2024-12-23 05:35:18.848271,Investigation completed. Findings documented in internal tracker 37.,ANA-03,False,Resolved,"[""ALT-CSE-01-01954""]"
CAS-CSE-01-0422,CSE-01,2024-10-04 14:17:47.002488,2024-10-04 15:24:33.481200,Investigation completed. Findings documented in internal tracker 35.,ANA-01,False,Resolved,"[""ALT-CSE-01-01958""]"
CAS-CSE-01-0423,CSE-01,2024-11-25 14:19:00.598640,2024-11-25 14:52:38.912763,Investigation completed. Findings documented in internal tracker 5.,ANA-01,False,Resolved,"[""ALT-CSE-01-01962""]"
CAS-CSE-01-0424,CSE-01,2024-10-01 19:14:52.264172,2024-10-01 20:10:49.405902,Investigation completed. Findings documented in internal tracker 16.,ANA-03,True,Resolved,"[""ALT-CSE-01-01967""]"
CAS-CSE-01-0425,CSE-01,2024-12-16 21:16:00.773312,2024-12-16 21:45:03.742080,Investigation completed. Findings documented in internal tracker 31.,ANA-03,False,Resolved,"[""ALT-CSE-01-01973""]"
CAS-CSE-01-0426,CSE-01,2024-10-02 17:42:59.930736,2024-10-02 20:36:26.994505,Investigation completed. Findings documented in internal tracker 36.,ANA-04,False,Resolved,"[""ALT-CSE-01-01975""]"
CAS-CSE-01-0427,CSE-01,2024-11-23 05:49:54.238786,2024-11-23 06:12:23.789095,Investigation completed. Findings documented in internal tracker 21.,ANA-01,False,Resolved,"[""ALT-CSE-01-01980""]"
CAS-CSE-01-0428,CSE-01,2024-10-23 13:50:25.529505,2024-10-23 15:18:18.821365,Investigation completed. Findings documented in internal tracker 22.,ANA-02,False,Resolved,"[""ALT-CSE-01-01981""]"
CAS-CSE-01-0429,CSE-01,2024-12-24 22:51:20.322254,2024-12-24 23:27:13.142832,Investigation completed. Findings documented in internal tracker 10.,ANA-01,False,Resolved,"[""ALT-CSE-01-01987""]"
CAS-CSE-01-0430,CSE-01,2024-12-16 15:19:11.714358,2024-12-16 16:09:54.150946,Investigation completed. Findings documented in internal tracker 0.,ANA-03,True,Resolved,"[""ALT-CSE-01-01993""]"
CAS-CSE-01-0431,CSE-01,2024-12-27 15:33:03.687714,2024-12-27 16:21:53.846684,Investigation completed. Findings documented in internal tracker 20.,ANA-03,False,Resolved,"[""ALT-CSE-01-01997""]"
CAS-CSE-01-0432,CSE-01,2024-12-21 11:20:52.532418,2024-12-21 12:18:16.405580,Investigation completed. Findings documented in internal tracker 34.,ANA-02,False,Resolved,"[""ALT-CSE-01-02001""]"
CAS-CSE-01-0433,CSE-01,2024-12-29 14:25:51.335830,2024-12-29 15:29:21.196901,Investigation completed. Findings documented in internal tracker 15.,ANA-01,True,Resolved,"[""ALT-CSE-01-02004""]"
CAS-CSE-01-0434,CSE-01,2024-12-01 12:22:38.460048,2024-12-01 12:48:04.108017,Investigation completed. Findings documented in internal tracker 32.,ANA-01,False,Resolved,"[""ALT-CSE-01-02006""]"
CAS-CSE-01-0435,CSE-01,2024-11-03 11:52:23.454546,2024-11-03 13:45:10.758879,Investigation completed. Findings documented in internal tracker 19.,ANA-01,False,Resolved,"[""ALT-CSE-01-02012""]"
CAS-CSE-01-0436,CSE-01,2024-10-19 03:25:42.456517,2024-10-19 04:57:44.578194,Investigation completed. Findings documented in internal tracker 16.,ANA-03,False,Resolved,"[""ALT-CSE-01-02015""]"
CAS-CSE-01-0437,CSE-01,2024-10-17 20:50:37.544579,2024-10-17 21:19:50.922873,Investigation completed. Findings documented in internal tracker 6.,ANA-04,False,Resolved,"[""ALT-CSE-01-02020""]"
CAS-CSE-01-0438,CSE-01,2024-11-15 21:48:17.296538,2024-11-15 22:30:23.847821,Investigation completed. Findings documented in internal tracker 21.,ANA-01,False,Resolved,"[""ALT-CSE-01-02022""]"
CAS-CSE-01-0439,CSE-01,2024-12-03 01:06:27.149567,2024-12-03 03:11:31.458578,Investigation completed. Findings documented in internal tracker 29.,ANA-05,False,Resolved,"[""ALT-CSE-01-02026""]"
CAS-CSE-01-0440,CSE-01,2024-10-28 12:35:36.438706,2024-10-28 13:04:58.748565,Investigation completed. Findings documented in internal tracker 31.,ANA-05,False,Resolved,"[""ALT-CSE-01-02031""]"
CAS-CSE-01-0441,CSE-01,2024-10-02 01:09:11.279537,2024-10-02 02:58:42.994086,Investigation completed. Findings documented in internal tracker 38.,ANA-05,False,Resolved,"[""ALT-CSE-01-02046""]"
CAS-CSE-01-0442,CSE-01,2024-10-24 10:39:30.901736,2024-10-24 11:27:10.861103,Investigation completed. Findings documented in internal tracker 6.,ANA-05,False,Resolved,"[""ALT-CSE-01-02050""]"
CAS-CSE-01-0443,CSE-01,2024-10-09 20:05:04.897369,2024-10-09 20:48:49.303788,Investigation completed. Findings documented in internal tracker 1.,ANA-03,True,Resolved,"[""ALT-CSE-01-02055""]"
CAS-CSE-01-0444,CSE-01,2024-12-25 17:56:06.818499,2024-12-25 18:34:01.220983,Investigation completed. Findings documented in internal tracker 6.,ANA-03,True,Resolved,"[""ALT-CSE-01-02057""]"
CAS-CSE-01-0445,CSE-01,2024-10-27 14:32:54.366544,2024-10-27 16:03:33.981395,Investigation completed. Findings documented in internal tracker 28.,ANA-03,False,Resolved,"[""ALT-CSE-01-02058""]"
CAS-CSE-01-0446,CSE-01,2024-11-08 00:36:41.430345,2024-11-08 02:51:18.384534,Investigation completed. Findings documented in internal tracker 24.,ANA-04,True,Resolved,"[""ALT-CSE-01-02061""]"
CAS-CSE-01-0447,CSE-01,2024-12-27 21:32:58.735109,2024-12-27 22:25:08.807770,Investigation completed. Findings documented in internal tracker 19.,ANA-05,True,Resolved,"[""ALT-CSE-01-02064""]"
CAS-CSE-01-0448,CSE-01,2024-11-14 07:15:01.477419,2024-11-14 08:25:05.033512,Investigation completed. Findings documented in internal tracker 6.,ANA-02,False,Resolved,"[""ALT-CSE-01-02065""]"
CAS-CSE-01-0449,CSE-01,2024-12-26 12:40:10.794103,2024-12-26 13:05:53.267277,Investigation completed. Findings documented in internal tracker 8.,ANA-04,False,Resolved,"[""ALT-CSE-01-02073""]"
CAS-CSE-01-0450,CSE-01,2024-12-29 08:15:48.701564,2024-12-29 10:30:29.041429,Investigation completed. Findings documented in internal tracker 12.,ANA-01,False,Resolved,"[""ALT-CSE-01-02075""]"
CAS-CSE-01-0451,CSE-01,2024-12-02 10:05:12.049303,2024-12-02 10:25:24.136146,Investigation completed. Findings documented in internal tracker 27.,ANA-05,True,Resolved,"[""ALT-CSE-01-02077""]"
CAS-CSE-01-0452,CSE-01,2024-12-04 15:44:44.886111,2024-12-04 17:48:53.906740,Investigation completed. Findings documented in internal tracker 37.,ANA-01,False,Resolved,"[""ALT-CSE-01-02082""]"
CAS-CSE-01-0453,CSE-01,2024-11-17 03:11:20.189723,2024-11-17 03:39:59.713115,Investigation completed. Findings documented in internal tracker 6.,ANA-01,True,Resolved,"[""ALT-CSE-01-02083""]"
CAS-CSE-01-0454,CSE-01,2024-10-24 16:10:05.772717,2024-10-24 17:00:07.618250,Investigation completed. Findings documented in internal tracker 18.,ANA-02,False,Resolved,"[""ALT-CSE-01-02092""]"
CAS-CSE-01-0455,CSE-01,2024-12-23 15:24:25.100801,2024-12-23 16:25:29.978785,Investigation completed. Findings documented in internal tracker 6.,ANA-02,True,Resolved,"[""ALT-CSE-01-02096""]"
CAS-CSE-01-0456,CSE-01,2024-12-14 01:45:30.500215,2024-12-14 02:23:55.164019,Investigation completed. Findings documented in internal tracker 2.,ANA-03,True,Resolved,"[""ALT-CSE-01-02097""]"
CAS-CSE-01-0457,CSE-01,2024-10-07 14:16:49.626241,2024-10-07 15:02:50.852834,Investigation completed. Findings documented in internal tracker 6.,ANA-01,True,Resolved,"[""ALT-CSE-01-02104""]"
CAS-CSE-01-0458,CSE-01,2024-11-22 18:41:32.076192,2024-11-22 19:11:59.717586,Investigation completed. Findings documented in internal tracker 2.,ANA-05,True,Resolved,"[""ALT-CSE-01-02106""]"
CAS-CSE-01-0459,CSE-01,2024-10-24 18:07:48.208681,2024-10-24 18:46:23.834709,Investigation completed. Findings documented in internal tracker 26.,ANA-04,False,Resolved,"[""ALT-CSE-01-02120""]"
CAS-CSE-01-0460,CSE-01,2024-10-15 06:02:43.284543,2024-10-15 06:37:31.646730,Investigation completed. Findings documented in internal tracker 30.,ANA-01,True,Resolved,"[""ALT-CSE-01-02121""]"
CAS-CSE-01-0461,CSE-01,2024-11-09 20:45:00.004980,2024-11-09 21:47:09.764252,Investigation completed. Findings documented in internal tracker 4.,ANA-04,True,Resolved,"[""ALT-CSE-01-02125""]"
CAS-CSE-01-0462,CSE-01,2024-12-07 00:20:11.418927,2024-12-07 01:02:09.893929,Investigation completed. Findings documented in internal tracker 21.,ANA-02,False,Resolved,"[""ALT-CSE-01-02126""]"
CAS-CSE-01-0463,CSE-01,2024-10-01 05:58:24.844355,2024-10-01 06:28:02.528462,Investigation completed. Findings documented in internal tracker 8.,ANA-02,False,Resolved,"[""ALT-CSE-01-02127""]"
CAS-CSE-01-0464,CSE-01,2024-10-28 16:07:13.740017,2024-10-28 16:54:42.302202,Investigation completed. Findings documented in internal tracker 36.,ANA-01,False,Resolved,"[""ALT-CSE-01-02128""]"
CAS-CSE-01-0465,CSE-01,2024-12-08 08:51:39.799279,2024-12-08 10:04:14.908774,Investigation completed. Findings documented in internal tracker 24.,ANA-03,False,Resolved,"[""ALT-CSE-01-02136""]"
CAS-CSE-01-0466,CSE-01,2024-10-08 00:18:12.406066,2024-10-08 00:47:38.528264,Investigation completed. Findings documented in internal tracker 31.,ANA-05,False,Resolved,"[""ALT-CSE-01-02138""]"
CAS-CSE-01-0467,CSE-01,2024-10-15 12:36:27.833221,2024-10-15 13:19:53.748036,Investigation completed. Findings documented in internal tracker 0.,ANA-04,True,Resolved,"[""ALT-CSE-01-02142""]"
CAS-CSE-01-0468,CSE-01,2024-11-03 04:02:19.558375,2024-11-03 06:13:08.333680,Investigation completed. Findings documented in internal tracker 11.,ANA-01,False,Resolved,"[""ALT-CSE-01-02152""]"
CAS-CSE-01-0469,CSE-01,2024-11-09 04:27:47.620216,2024-11-09 05:50:13.604044,Investigation completed. Findings documented in internal tracker 12.,ANA-01,False,Resolved,"[""ALT-CSE-01-02159""]"
CAS-CSE-01-0470,CSE-01,2024-12-06 19:25:05.662541,2024-12-06 19:57:13.985715,Investigation completed. Findings documented in internal tracker 20.,ANA-02,True,Resolved,"[""ALT-CSE-01-02160""]"
CAS-CSE-01-0471,CSE-01,2024-10-11 02:50:14.824090,2024-10-11 04:14:20.196162,Investigation completed. Findings documented in internal tracker 26.,ANA-02,True,Resolved,"[""ALT-CSE-01-02167""]"
CAS-CSE-01-0472,CSE-01,2024-10-13 15:40:16.653180,2024-10-13 16:21:50.084987,Investigation completed. Findings documented in internal tracker 34.,ANA-02,False,Resolved,"[""ALT-CSE-01-02180""]"
CAS-CSE-01-0473,CSE-01,2024-12-13 21:38:37.798755,2024-12-14 00:48:46.395150,Investigation completed. Findings documented in internal tracker 21.,ANA-03,False,Resolved,"[""ALT-CSE-01-02182""]"
CAS-CSE-01-0474,CSE-01,2024-11-18 11:12:27.547146,2024-11-18 11:54:05.479527,Investigation completed. Findings documented in internal tracker 27.,ANA-01,False,Resolved,"[""ALT-CSE-01-02184""]"
CAS-CSE-01-0475,CSE-01,2024-12-12 06:22:42.135464,2024-12-12 07:47:05.724676,Investigation completed. Findings documented in internal tracker 8.,ANA-02,False,Resolved,"[""ALT-CSE-01-02186""]"
CAS-CSE-01-0476,CSE-01,2024-11-20 11:21:10.102739,2024-11-20 13:50:07.492710,Investigation completed. Findings documented in internal tracker 0.,ANA-05,True,Resolved,"[""ALT-CSE-01-02187""]"
CAS-CSE-01-0477,CSE-01,2024-11-03 17:02:52.081560,2024-11-03 17:41:46.516210,Investigation completed. Findings documented in internal tracker 25.,ANA-02,False,Resolved,"[""ALT-CSE-01-02191""]"
CAS-CSE-01-0478,CSE-01,2024-10-05 04:28:02.262569,2024-10-05 07:07:24.760346,Investigation completed. Findings documented in internal tracker 32.,ANA-01,True,Resolved,"[""ALT-CSE-01-02192""]"
CAS-CSE-01-0479,CSE-01,2024-10-01 00:11:39.214301,2024-10-01 00:58:00.773592,Investigation completed. Findings documented in internal tracker 3.,ANA-03,False,Resolved,"[""ALT-CSE-01-02212""]"
CAS-CSE-01-0480,CSE-01,2024-12-03 21:24:24.041767,2024-12-03 22:11:19.363700,Investigation completed. Findings documented in internal tracker 13.,ANA-03,False,Resolved,"[""ALT-CSE-01-02217""]"
CAS-CSE-01-0481,CSE-01,2024-11-16 16:23:23.486334,2024-11-16 17:09:11.075401,Investigation completed. Findings documented in internal tracker 10.,ANA-05,False,Resolved,"[""ALT-CSE-01-02218""]"
CAS-CSE-01-0482,CSE-01,2024-12-16 06:36:59.442687,2024-12-16 07:23:23.592564,Investigation completed. Findings documented in internal tracker 2.,ANA-02,True,Resolved,"[""ALT-CSE-01-02223""]"
CAS-CSE-01-0483,CSE-01,2024-12-04 19:13:43.327799,2024-12-04 21:37:19.886926,Investigation completed. Findings documented in internal tracker 38.,ANA-01,True,Resolved,"[""ALT-CSE-01-02225""]"
CAS-CSE-01-0484,CSE-01,2024-11-12 06:35:57.461534,2024-11-12 09:15:32.705798,Investigation completed. Findings documented in internal tracker 4.,ANA-04,True,Resolved,"[""ALT-CSE-01-02227""]"
CAS-CSE-01-0485,CSE-01,2024-11-25 14:51:52.716182,2024-11-25 15:26:15.046326,Investigation completed. Findings documented in internal tracker 21.,ANA-04,False,Resolved,"[""ALT-CSE-01-02231""]"
CAS-CSE-01-0486,CSE-01,2024-12-03 15:17:58.914086,2024-12-03 15:49:01.913197,Investigation completed. Findings documented in internal tracker 28.,ANA-05,True,Resolved,"[""ALT-CSE-01-02232""]"
CAS-CSE-01-0487,CSE-01,2024-12-07 11:03:10.934322,2024-12-07 11:30:12.616114,Investigation completed. Findings documented in internal tracker 8.,ANA-04,False,Resolved,"[""ALT-CSE-01-02233""]"
CAS-CSE-01-0488,CSE-01,2024-12-09 06:26:55.715304,2024-12-09 06:44:24.723272,Investigation completed. Findings documented in internal tracker 9.,ANA-01,True,Resolved,"[""ALT-CSE-01-02234""]"
CAS-CSE-01-0489,CSE-01,2024-10-11 13:49:37.484062,2024-10-11 14:06:10.420967,Investigation completed. Findings documented in internal tracker 13.,ANA-03,True,Resolved,"[""ALT-CSE-01-02238""]"
CAS-CSE-01-0490,CSE-01,2024-10-30 09:32:50.762218,2024-10-30 10:18:52.128449,Investigation completed. Findings documented in internal tracker 20.,ANA-05,False,Resolved,"[""ALT-CSE-01-02240""]"
CAS-CSE-01-0491,CSE-01,2024-11-21 21:14:43.382180,2024-11-21 21:52:32.303836,Investigation completed. Findings documented in internal tracker 29.,ANA-01,False,Resolved,"[""ALT-CSE-01-02243""]"
CAS-CSE-01-0492,CSE-01,2024-10-21 04:57:56.515171,2024-10-21 05:17:32.202409,Investigation completed. Findings documented in internal tracker 26.,ANA-01,True,Resolved,"[""ALT-CSE-01-02248""]"
CAS-CSE-01-0493,CSE-01,2024-11-05 09:55:44.108578,2024-11-05 11:30:38.442007,Investigation completed. Findings documented in internal tracker 35.,ANA-04,False,Resolved,"[""ALT-CSE-01-02250""]"
CAS-CSE-01-0494,CSE-01,2024-10-27 23:03:43.162178,2024-10-28 01:07:49.993978,Investigation completed. Findings documented in internal tracker 35.,ANA-04,False,Resolved,"[""ALT-CSE-01-02256""]"
CAS-CSE-01-0495,CSE-01,2024-10-08 15:46:03.852234,2024-10-08 16:17:05.829704,Investigation completed. Findings documented in internal tracker 4.,ANA-01,True,Resolved,"[""ALT-CSE-01-02262""]"
CAS-CSE-01-0496,CSE-01,2024-10-11 00:54:43.109854,2024-10-11 03:23:25.489723,Investigation completed. Findings documented in internal tracker 37.,ANA-04,True,Resolved,"[""ALT-CSE-01-02263""]"
CAS-CSE-01-0497,CSE-01,2024-12-09 15:40:18.344771,2024-12-09 16:30:56.252241,Investigation completed. Findings documented in internal tracker 15.,ANA-05,False,Resolved,"[""ALT-CSE-01-02265""]"
CAS-CSE-01-0498,CSE-01,2024-12-12 21:22:47.066596,2024-12-12 22:20:20.094696,Investigation completed. Findings documented in internal tracker 33.,ANA-01,False,Resolved,"[""ALT-CSE-01-02274""]"
CAS-CSE-01-0499,CSE-01,2024-12-06 12:49:47.163698,2024-12-06 13:52:28.481829,Investigation completed. Findings documented in internal tracker 25.,ANA-04,False,Resolved,"[""ALT-CSE-01-02287""]"
CAS-CSE-01-0500,CSE-01,2024-12-13 02:18:25.744107,2024-12-13 04:04:48.935256,Investigation completed. Findings documented in internal tracker 4.,ANA-04,True,Resolved,"[""ALT-CSE-01-02291""]"
CAS-CSE-01-0501,CSE-01,2024-11-29 20:21:32.005679,2024-11-29 20:55:34.972132,Investigation completed. Findings documented in internal tracker 6.,ANA-05,False,Resolved,"[""ALT-CSE-01-02293""]"
CAS-CSE-01-0502,CSE-01,2024-10-24 08:17:03.032748,2024-10-24 10:49:18.767715,Investigation completed. Findings documented in internal tracker 38.,ANA-05,True,Resolved,"[""ALT-CSE-01-02296""]"
CAS-CSE-01-0503,CSE-01,2024-11-24 16:28:46.395846,2024-11-24 17:40:17.411666,Investigation completed. Findings documented in internal tracker 37.,ANA-02,False,Resolved,"[""ALT-CSE-01-02303""]"
CAS-CSE-01-0504,CSE-01,2024-12-18 18:29:25.385534,2024-12-18 19:09:26.938993,Investigation completed. Findings documented in internal tracker 18.,ANA-03,False,Resolved,"[""ALT-CSE-01-02306""]"
CAS-CSE-01-0505,CSE-01,2024-12-28 02:02:21.341331,2024-12-28 02:40:03.183979,Investigation completed. Findings documented in internal tracker 14.,ANA-02,False,Resolved,"[""ALT-CSE-01-02321""]"
CAS-CSE-01-0506,CSE-01,2024-11-17 04:07:08.746128,2024-11-17 04:49:44.593407,Investigation completed. Findings documented in internal tracker 9.,ANA-03,False,Resolved,"[""ALT-CSE-01-02322""]"
CAS-CSE-01-0507,CSE-01,2024-12-20 13:31:08.930402,2024-12-20 13:48:56.013159,Investigation completed. Findings documented in internal tracker 14.,ANA-04,False,Resolved,"[""ALT-CSE-01-02325""]"
CAS-CSE-01-0508,CSE-01,2024-12-25 12:31:11.435496,2024-12-25 13:04:10.024722,Investigation completed. Findings documented in internal tracker 0.,ANA-04,False,Resolved,"[""ALT-CSE-01-02330""]"
CAS-CSE-01-0509,CSE-01,2024-12-18 11:32:11.620321,2024-12-18 13:06:54.766582,Investigation completed. Findings documented in internal tracker 24.,ANA-01,False,Resolved,"[""ALT-CSE-01-02338""]"
CAS-CSE-01-0510,CSE-01,2024-10-23 17:41:19.274393,2024-10-23 18:11:55.091038,Investigation completed. Findings documented in internal tracker 10.,ANA-04,False,Resolved,"[""ALT-CSE-01-02340""]"
CAS-CSE-01-0511,CSE-01,2024-10-22 06:12:28.441207,2024-10-22 09:36:39.709651,Investigation completed. Findings documented in internal tracker 7.,ANA-02,False,Resolved,"[""ALT-CSE-01-02342""]"
CAS-CSE-01-0512,CSE-01,2024-12-28 13:02:55.057204,2024-12-28 14:37:33.521015,Investigation completed. Findings documented in internal tracker 10.,ANA-02,True,Resolved,"[""ALT-CSE-01-02343""]"
CAS-CSE-01-0513,CSE-01,2024-12-09 11:01:57.359999,2024-12-09 13:06:16.060711,Investigation completed. Findings documented in internal tracker 26.,ANA-02,False,Resolved,"[""ALT-CSE-01-02345""]"
CAS-CSE-01-0514,CSE-01,2024-10-31 07:02:49.440596,2024-10-31 07:29:00.984374,Investigation completed. Findings documented in internal tracker 23.,ANA-04,True,Resolved,"[""ALT-CSE-01-02360""]"
CAS-CSE-01-0515,CSE-01,2024-11-14 03:37:32.595946,2024-11-14 04:02:17.690882,Investigation completed. Findings documented in internal tracker 12.,ANA-01,False,Resolved,"[""ALT-CSE-01-02363""]"
CAS-CSE-01-0516,CSE-01,2024-12-25 11:21:55.072857,2024-12-25 12:23:03.561771,Investigation completed. Findings documented in internal tracker 23.,ANA-05,False,Resolved,"[""ALT-CSE-01-02364""]"
CAS-CSE-01-0517,CSE-01,2024-11-25 10:23:33.983343,2024-11-25 11:09:54.207383,Investigation completed. Findings documented in internal tracker 1.,ANA-03,False,Resolved,"[""ALT-CSE-01-02370""]"
CAS-CSE-01-0518,CSE-01,2024-10-16 18:11:44.029934,2024-10-16 20:07:48.214290,Investigation completed. Findings documented in internal tracker 32.,ANA-01,False,Resolved,"[""ALT-CSE-01-02371""]"
CAS-CSE-01-0519,CSE-01,2024-12-09 14:06:43.383378,2024-12-09 14:33:16.307964,Investigation completed. Findings documented in internal tracker 9.,ANA-03,False,Resolved,"[""ALT-CSE-01-02373""]"
CAS-CSE-01-0520,CSE-01,2024-11-13 08:32:25.821304,2024-11-13 09:08:23.258195,Investigation completed. Findings documented in internal tracker 32.,ANA-03,False,Resolved,"[""ALT-CSE-01-02375""]"
CAS-CSE-01-0521,CSE-01,2024-12-21 21:24:40.694205,2024-12-21 23:13:25.650877,Investigation completed. Findings documented in internal tracker 13.,ANA-03,False,Resolved,"[""ALT-CSE-01-02379""]"
CAS-CSE-01-0522,CSE-01,2024-12-28 18:05:28.989709,2024-12-28 19:30:35.185857,Investigation completed. Findings documented in internal tracker 36.,ANA-04,False,Resolved,"[""ALT-CSE-01-02384""]"
CAS-CSE-01-0523,CSE-01,2024-10-14 08:45:43.491435,2024-10-14 10:48:23.844453,Investigation completed. Findings documented in internal tracker 2.,ANA-04,False,Resolved,"[""ALT-CSE-01-02386""]"
CAS-CSE-01-0524,CSE-01,2024-12-12 08:07:30.140672,2024-12-12 11:01:06.584758,Investigation completed. Findings documented in internal tracker 21.,ANA-05,False,Resolved,"[""ALT-CSE-01-02406""]"
CAS-CSE-01-0525,CSE-01,2024-10-07 21:58:13.214859,2024-10-07 23:21:43.561797,Investigation completed. Findings documented in internal tracker 36.,ANA-03,False,Resolved,"[""ALT-CSE-01-02409""]"
CAS-CSE-01-0526,CSE-01,2024-12-01 19:22:06.544588,2024-12-01 19:46:56.199062,Investigation completed. Findings documented in internal tracker 2.,ANA-03,False,Resolved,"[""ALT-CSE-01-02410""]"
CAS-CSE-01-0527,CSE-01,2024-10-13 07:36:48.238973,2024-10-13 08:22:31.419475,Investigation completed. Findings documented in internal tracker 27.,ANA-02,False,Resolved,"[""ALT-CSE-01-02411""]"
CAS-CSE-01-0528,CSE-01,2024-12-08 22:50:15.123767,2024-12-08 23:33:36.752950,Investigation completed. Findings documented in internal tracker 26.,ANA-05,False,Resolved,"[""ALT-CSE-01-02421""]"
CAS-CSE-01-0529,CSE-01,2024-10-23 18:53:39.177842,2024-10-23 19:33:15.442111,Investigation completed. Findings documented in internal tracker 16.,ANA-04,False,Resolved,"[""ALT-CSE-01-02425""]"
CAS-CSE-01-0530,CSE-01,2024-11-16 01:53:58.443187,2024-11-16 02:39:04.478384,Investigation completed. Findings documented in internal tracker 30.,ANA-03,False,Resolved,"[""ALT-CSE-01-02426""]"
CAS-CSE-01-0531,CSE-01,2024-12-08 09:30:54.244490,2024-12-08 10:04:25.902690,Investigation completed. Findings documented in internal tracker 17.,ANA-01,False,Resolved,"[""ALT-CSE-01-02429""]"
CAS-CSE-01-0532,CSE-01,2024-11-30 06:25:18.763000,2024-11-30 07:37:21.534913,Investigation completed. Findings documented in internal tracker 16.,ANA-03,False,Resolved,"[""ALT-CSE-01-02434""]"
CAS-CSE-01-0533,CSE-01,2024-11-24 21:21:22.467312,2024-11-25 00:05:23.874732,Investigation completed. Findings documented in internal tracker 18.,ANA-04,False,Resolved,"[""ALT-CSE-01-02438""]"
CAS-CSE-01-0534,CSE-01,2024-10-25 09:44:44.357591,2024-10-25 11:08:58.327185,Investigation completed. Findings documented in internal tracker 1.,ANA-03,False,Resolved,"[""ALT-CSE-01-02440""]"
CAS-CSE-01-0535,CSE-01,2024-12-17 21:32:19.529855,2024-12-17 22:31:02.644928,Investigation completed. Findings documented in internal tracker 25.,ANA-01,False,Resolved,"[""ALT-CSE-01-02453""]"
CAS-CSE-01-0536,CSE-01,2024-12-05 03:15:56.434697,2024-12-05 04:58:38.591990,Investigation completed. Findings documented in internal tracker 20.,ANA-01,False,Resolved,"[""ALT-CSE-01-02461""]"
CAS-CSE-01-0537,CSE-01,2024-12-11 11:54:17.080608,2024-12-11 13:45:08.943710,Investigation completed. Findings documented in internal tracker 20.,ANA-04,True,Resolved,"[""ALT-CSE-01-02471""]"
CAS-CSE-01-0538,CSE-01,2024-10-20 20:17:05.747206,2024-10-20 21:12:29.257609,Investigation completed. Findings documented in internal tracker 20.,ANA-02,False,Resolved,"[""ALT-CSE-01-02490""]"
CAS-CSE-01-0539,CSE-01,2024-10-30 07:10:48.914828,2024-10-30 09:19:06.760120,Investigation completed. Findings documented in internal tracker 20.,ANA-02,False,Resolved,"[""ALT-CSE-01-02495""]"
CAS-CSE-01-0540,CSE-01,2024-11-15 18:50:15.711648,2024-11-15 19:35:25.050417,Investigation completed. Findings documented in internal tracker 36.,ANA-03,False,Resolved,"[""ALT-CSE-01-02498""]"
CAS-CSE-01-0541,CSE-01,2024-12-10 22:16:06.226455,2024-12-11 00:38:47.002105,Investigation completed. Findings documented in internal tracker 29.,ANA-03,True,Resolved,"[""ALT-CSE-01-02499""]"
CAS-CSE-01-0542,CSE-01,2024-11-06 04:18:31.028086,2024-11-06 06:41:17.955616,Investigation completed. Findings documented in internal tracker 25.,ANA-03,False,Resolved,"[""ALT-CSE-01-02509""]"
CAS-CSE-01-0543,CSE-01,2024-11-14 10:54:32.420093,2024-11-14 12:48:06.976459,Investigation completed. Findings documented in internal tracker 24.,ANA-03,True,Resolved,"[""ALT-CSE-01-02510""]"
CAS-CSE-01-0544,CSE-01,2024-11-30 07:45:48.036724,2024-11-30 08:26:58.771194,Investigation completed. Findings documented in internal tracker 10.,ANA-04,True,Resolved,"[""ALT-CSE-01-02511""]"
CAS-CSE-01-0545,CSE-01,2024-12-18 23:19:35.309348,2024-12-19 00:41:41.824262,Investigation completed. Findings documented in internal tracker 19.,ANA-04,False,Resolved,"[""ALT-CSE-01-02512""]"
CAS-CSE-01-0546,CSE-01,2024-12-14 00:32:41.556454,2024-12-14 03:04:15.364022,Investigation completed. Findings documented in internal tracker 15.,ANA-04,False,Resolved,"[""ALT-CSE-01-02515""]"
CAS-CSE-01-0547,CSE-01,2024-10-08 08:42:00.280270,2024-10-08 09:13:55.379003,Investigation completed. Findings documented in internal tracker 11.,ANA-02,False,Resolved,"[""ALT-CSE-01-02517""]"
CAS-CSE-01-0548,CSE-01,2024-11-28 09:58:57.145941,2024-11-28 10:39:26.969930,Investigation completed. Findings documented in internal tracker 38.,ANA-05,True,Resolved,"[""ALT-CSE-01-02522""]"
CAS-CSE-01-0549,CSE-01,2024-11-10 04:59:32.543058,2024-11-10 05:37:54.907393,Investigation completed. Findings documented in internal tracker 29.,ANA-02,False,Resolved,"[""ALT-CSE-01-02526""]"
CAS-CSE-01-0550,CSE-01,2024-10-10 17:55:17.213090,2024-10-10 18:41:38.259126,Investigation completed. Findings documented in internal tracker 11.,ANA-03,False,Resolved,"[""ALT-CSE-01-02528""]"
CAS-CSE-01-0551,CSE-01,2024-11-17 20:59:46.513725,2024-11-17 21:47:25.278510,Investigation completed. Findings documented in internal tracker 30.,ANA-03,False,Resolved,"[""ALT-CSE-01-02532""]"
CAS-CSE-01-0552,CSE-01,2024-10-09 22:54:37.894033,2024-10-09 23:27:13.713081,Investigation completed. Findings documented in internal tracker 31.,ANA-05,True,Resolved,"[""ALT-CSE-01-02536""]"
CAS-CSE-01-0553,CSE-01,2024-10-13 04:58:49.227288,2024-10-13 06:20:21.585729,Investigation completed. Findings documented in internal tracker 3.,ANA-01,False,Resolved,"[""ALT-CSE-01-02544""]"
CAS-CSE-01-0554,CSE-01,2024-12-20 09:25:27.227000,2024-12-20 09:48:56.945048,Investigation completed. Findings documented in internal tracker 24.,ANA-01,True,Resolved,"[""ALT-CSE-01-02554""]"
CAS-CSE-01-0555,CSE-01,2024-11-06 09:51:57.528523,2024-11-06 10:07:46.087024,Investigation completed. Findings documented in internal tracker 38.,ANA-03,False,Resolved,"[""ALT-CSE-01-02563""]"
CAS-CSE-01-0556,CSE-01,2024-10-18 13:39:29.223904,2024-10-18 14:40:23.028618,Investigation completed. Findings documented in internal tracker 27.,ANA-05,True,Resolved,"[""ALT-CSE-01-02570""]"
CAS-CSE-01-0557,CSE-01,2024-12-23 03:40:05.205529,2024-12-23 03:57:15.358617,Investigation completed. Findings documented in internal tracker 35.,ANA-05,False,Resolved,"[""ALT-CSE-01-02571""]"
CAS-CSE-01-0558,CSE-01,2024-10-04 07:36:01.271501,2024-10-04 08:59:56.502139,Investigation completed. Findings documented in internal tracker 36.,ANA-03,False,Resolved,"[""ALT-CSE-01-02574""]"
CAS-CSE-01-0559,CSE-01,2024-11-30 07:19:14.098284,2024-11-30 08:28:44.880763,Investigation completed. Findings documented in internal tracker 6.,ANA-04,False,Resolved,"[""ALT-CSE-01-02580""]"
CAS-CSE-01-0560,CSE-01,2024-10-15 15:02:34.428287,2024-10-15 16:10:32.470842,Investigation completed. Findings documented in internal tracker 32.,ANA-05,False,Resolved,"[""ALT-CSE-01-02581""]"
CAS-CSE-01-0561,CSE-01,2024-11-16 03:57:14.885234,2024-11-16 04:38:01.010246,Investigation completed. Findings documented in internal tracker 4.,ANA-01,False,Resolved,"[""ALT-CSE-01-02583""]"
CAS-CSE-01-0562,CSE-01,2024-10-18 18:47:27.462504,2024-10-18 19:21:30.737134,Investigation completed. Findings documented in internal tracker 3.,ANA-04,False,Resolved,"[""ALT-CSE-01-02589""]"
CAS-CSE-01-0563,CSE-01,2024-11-10 02:24:48.179772,2024-11-10 03:08:24.490616,Investigation completed. Findings documented in internal tracker 8.,ANA-01,True,Resolved,"[""ALT-CSE-01-02594""]"
CAS-CSE-01-0564,CSE-01,2024-10-16 15:31:53.428264,2024-10-16 16:18:08.993045,Investigation completed. Findings documented in internal tracker 20.,ANA-03,False,Resolved,"[""ALT-CSE-01-02597""]"
CAS-CSE-01-0565,CSE-01,2024-11-14 06:23:02.108417,2024-11-14 07:55:27.422929,Investigation completed. Findings documented in internal tracker 36.,ANA-03,False,Resolved,"[""ALT-CSE-01-02606""]"
CAS-CSE-01-0566,CSE-01,2024-12-18 02:10:16.897343,2024-12-18 02:33:19.935283,Investigation completed. Findings documented in internal tracker 10.,ANA-02,False,Resolved,"[""ALT-CSE-01-02614""]"
CAS-CSE-01-0567,CSE-01,2024-12-28 03:00:47.923915,2024-12-28 03:49:13.762793,Investigation completed. Findings documented in internal tracker 4.,ANA-04,False,Resolved,"[""ALT-CSE-01-02615""]"
CAS-CSE-01-0568,CSE-01,2024-12-21 02:38:47.425370,2024-12-21 03:16:16.219982,Investigation completed. Findings documented in internal tracker 25.,ANA-04,False,Resolved,"[""ALT-CSE-01-02616""]"
CAS-CSE-01-0569,CSE-01,2024-10-22 01:41:43.757293,2024-10-22 02:24:51.958814,Investigation completed. Findings documented in internal tracker 30.,ANA-02,False,Resolved,"[""ALT-CSE-01-02621""]"
CAS-CSE-01-0570,CSE-01,2024-12-18 04:49:18.304063,2024-12-18 05:19:55.885681,Investigation completed. Findings documented in internal tracker 36.,ANA-01,False,Resolved,"[""ALT-CSE-01-02622""]"
CAS-CSE-01-0571,CSE-01,2024-12-14 19:30:12.252523,2024-12-14 20:45:17.693745,Investigation completed. Findings documented in internal tracker 21.,ANA-03,False,Resolved,"[""ALT-CSE-01-02623""]"
CAS-CSE-01-0572,CSE-01,2024-11-15 09:48:26.066649,2024-11-15 11:08:20.406734,Investigation completed. Findings documented in internal tracker 12.,ANA-05,False,Resolved,"[""ALT-CSE-01-02627""]"
CAS-CSE-01-0573,CSE-01,2024-12-22 21:01:12.694117,2024-12-22 21:30:06.211901,Investigation completed. Findings documented in internal tracker 32.,ANA-03,True,Resolved,"[""ALT-CSE-01-02631""]"
CAS-CSE-01-0574,CSE-01,2024-11-15 16:05:27.481440,2024-11-15 16:33:33.164910,Investigation completed. Findings documented in internal tracker 24.,ANA-03,False,Resolved,"[""ALT-CSE-01-02638""]"
CAS-CSE-01-0575,CSE-01,2024-12-01 19:09:10.717052,2024-12-01 20:52:20.574127,Investigation completed. Findings documented in internal tracker 29.,ANA-05,True,Resolved,"[""ALT-CSE-01-02645""]"
CAS-CSE-01-0576,CSE-01,2024-10-14 23:56:44.553738,2024-10-15 00:23:22.551881,Investigation completed. Findings documented in internal tracker 27.,ANA-01,False,Resolved,"[""ALT-CSE-01-02648""]"
CAS-CSE-01-0577,CSE-01,2024-10-12 07:24:16.678637,2024-10-12 08:04:17.505742,Investigation completed. Findings documented in internal tracker 22.,ANA-01,True,Resolved,"[""ALT-CSE-01-02651""]"
CAS-CSE-01-0578,CSE-01,2024-12-02 22:05:02.991464,2024-12-02 23:09:54.474529,Investigation completed. Findings documented in internal tracker 1.,ANA-02,False,Resolved,"[""ALT-CSE-01-02652""]"
CAS-CSE-01-0579,CSE-01,2024-10-27 15:00:45.090479,2024-10-27 15:06:39.828928,Investigation completed. Findings documented in internal tracker 16.,ANA-03,False,Resolved,"[""ALT-CSE-01-02654""]"
CAS-CSE-01-0580,CSE-01,2024-10-23 08:20:07.776342,2024-10-23 10:02:12.134118,Investigation completed. Findings documented in internal tracker 9.,ANA-01,False,Resolved,"[""ALT-CSE-01-02655""]"
CAS-CSE-01-0581,CSE-01,2024-12-04 00:19:53.755540,2024-12-04 01:08:27.300716,Investigation completed. Findings documented in internal tracker 18.,ANA-05,False,Resolved,"[""ALT-CSE-01-02660""]"
CAS-CSE-01-0582,CSE-01,2024-11-04 13:54:57.471894,2024-11-04 14:25:34.234326,Investigation completed. Findings documented in internal tracker 6.,ANA-01,False,Resolved,"[""ALT-CSE-01-02663""]"
CAS-CSE-01-0583,CSE-01,2024-12-18 14:01:52.467271,2024-12-18 15:12:34.235022,Investigation completed. Findings documented in internal tracker 16.,ANA-02,False,Resolved,"[""ALT-CSE-01-02665""]"
CAS-CSE-01-0584,CSE-01,2024-11-25 10:25:20.330930,2024-11-25 12:03:01.452581,Investigation completed. Findings documented in internal tracker 18.,ANA-03,False,Resolved,"[""ALT-CSE-01-02673""]"
CAS-CSE-01-0585,CSE-01,2024-11-09 12:42:53.027898,2024-11-09 14:46:08.513253,Investigation completed. Findings documented in internal tracker 18.,ANA-02,True,Resolved,"[""ALT-CSE-01-02675""]"
CAS-CSE-01-0586,CSE-01,2024-11-01 15:10:52.929930,2024-11-01 16:04:20.056710,Investigation completed. Findings documented in internal tracker 16.,ANA-04,False,Resolved,"[""ALT-CSE-01-02681""]"
CAS-CSE-01-0587,CSE-01,2024-12-28 12:57:46.195114,2024-12-28 13:43:12.328306,Investigation completed. Findings documented in internal tracker 15.,ANA-02,False,Resolved,"[""ALT-CSE-01-02691""]"
CAS-CSE-01-0588,CSE-01,2024-12-21 22:31:06.711141,2024-12-21 22:58:37.073635,Investigation completed. Findings documented in internal tracker 26.,ANA-04,False,Resolved,"[""ALT-CSE-01-02700""]"
CAS-CSE-01-0589,CSE-01,2024-12-10 17:11:50.000688,2024-12-10 17:43:20.637777,Investigation completed. Findings documented in internal tracker 21.,ANA-02,True,Resolved,"[""ALT-CSE-01-02701""]"
CAS-CSE-01-0590,CSE-01,2024-10-10 03:50:20.584911,2024-10-10 04:46:06.343680,Investigation completed. Findings documented in internal tracker 33.,ANA-03,False,Resolved,"[""ALT-CSE-01-02705""]"
CAS-CSE-01-0591,CSE-01,2024-11-01 12:11:01.436156,2024-11-01 12:57:13.440001,Investigation completed. Findings documented in internal tracker 4.,ANA-04,False,Resolved,"[""ALT-CSE-01-02707""]"
CAS-CSE-01-0592,CSE-01,2024-10-27 12:54:14.760221,2024-10-27 13:47:59.933752,Investigation completed. Findings documented in internal tracker 24.,ANA-04,False,Resolved,"[""ALT-CSE-01-02715""]"
CAS-CSE-01-0593,CSE-01,2024-11-05 06:27:56.877290,2024-11-05 06:59:32.237338,Investigation completed. Findings documented in internal tracker 15.,ANA-01,False,Resolved,"[""ALT-CSE-01-02716""]"
CAS-CSE-01-0594,CSE-01,2024-12-07 22:31:08.008110,2024-12-07 23:04:51.550143,Investigation completed. Findings documented in internal tracker 18.,ANA-01,False,Resolved,"[""ALT-CSE-01-02731""]"
CAS-CSE-01-0595,CSE-01,2024-10-29 05:07:59.651603,2024-10-29 05:33:46.179799,Investigation completed. Findings documented in internal tracker 20.,ANA-02,False,Resolved,"[""ALT-CSE-01-02740""]"
CAS-CSE-01-0596,CSE-01,2024-12-03 04:40:45.906852,2024-12-03 05:27:35.906267,Investigation completed. Findings documented in internal tracker 17.,ANA-03,True,Resolved,"[""ALT-CSE-01-02744""]"
CAS-CSE-01-0597,CSE-01,2024-12-23 21:58:08.846200,2024-12-23 22:41:42.424688,Investigation completed. Findings documented in internal tracker 31.,ANA-04,True,Resolved,"[""ALT-CSE-01-02746""]"
CAS-CSE-01-0598,CSE-01,2024-12-20 22:47:25.510801,2024-12-20 23:17:05.945331,Investigation completed. Findings documented in internal tracker 22.,ANA-02,True,Resolved,"[""ALT-CSE-01-02749""]"
CAS-CSE-01-0599,CSE-01,2024-10-11 09:31:38.244312,2024-10-11 10:17:18.741129,Investigation completed. Findings documented in internal tracker 8.,ANA-04,False,Resolved,"[""ALT-CSE-01-02750""]"
CAS-CSE-01-0600,CSE-01,2024-12-06 05:30:42.656763,2024-12-06 06:26:28.280418,Investigation completed. Findings documented in internal tracker 5.,ANA-02,False,Resolved,"[""ALT-CSE-01-02751""]"
CAS-CSE-01-0601,CSE-01,2024-10-30 21:26:28.548840,2024-10-30 23:10:22.354145,Investigation completed. Findings documented in internal tracker 34.,ANA-02,False,Resolved,"[""ALT-CSE-01-02752""]"
CAS-CSE-01-0602,CSE-01,2024-12-12 03:57:15.409102,2024-12-12 04:34:55.754675,Investigation completed. Findings documented in internal tracker 28.,ANA-05,True,Resolved,"[""ALT-CSE-01-02754""]"
CAS-CSE-01-0603,CSE-01,2024-12-11 21:51:01.504690,2024-12-12 00:33:04.234666,Investigation completed. Findings documented in internal tracker 7.,ANA-03,False,Resolved,"[""ALT-CSE-01-02758""]"
CAS-CSE-01-0604,CSE-01,2024-11-11 05:07:31.078536,2024-11-11 06:00:43.384716,Investigation completed. Findings documented in internal tracker 10.,ANA-04,False,Resolved,"[""ALT-CSE-01-02760""]"
CAS-CSE-01-0605,CSE-01,2024-10-06 10:30:33.805358,2024-10-06 11:04:18.092957,Investigation completed. Findings documented in internal tracker 5.,ANA-02,True,Resolved,"[""ALT-CSE-01-02765""]"
CAS-CSE-01-0606,CSE-01,2024-12-06 01:02:28.264658,2024-12-06 03:09:22.698605,Investigation completed. Findings documented in internal tracker 19.,ANA-05,False,Resolved,"[""ALT-CSE-01-02767""]"
CAS-CSE-01-0607,CSE-01,2024-12-01 18:39:56.482794,2024-12-01 19:19:22.331377,Investigation completed. Findings documented in internal tracker 2.,ANA-02,False,Resolved,"[""ALT-CSE-01-02768""]"
CAS-CSE-01-0608,CSE-01,2024-12-19 18:29:17.176535,2024-12-19 18:55:10.348696,Investigation completed. Findings documented in internal tracker 27.,ANA-02,False,Resolved,"[""ALT-CSE-01-02771""]"
CAS-CSE-01-0609,CSE-01,2024-12-11 08:43:56.098376,2024-12-11 09:06:07.219850,Investigation completed. Findings documented in internal tracker 6.,ANA-05,False,Resolved,"[""ALT-CSE-01-02772""]"
CAS-CSE-01-0610,CSE-01,2024-11-27 06:04:45.613457,2024-11-27 09:28:05.979840,Investigation completed. Findings documented in internal tracker 4.,ANA-05,False,Resolved,"[""ALT-CSE-01-02778""]"
CAS-CSE-01-0611,CSE-01,2024-11-03 00:36:49.622778,2024-11-03 01:12:13.256067,Investigation completed. Findings documented in internal tracker 10.,ANA-03,True,Resolved,"[""ALT-CSE-01-02782""]"
CAS-CSE-01-0612,CSE-01,2024-11-05 05:28:27.427353,2024-11-05 06:13:41.864325,Investigation completed. Findings documented in internal tracker 8.,ANA-03,False,Resolved,"[""ALT-CSE-01-02784""]"
CAS-CSE-01-0613,CSE-01,2024-12-14 02:20:59.787532,2024-12-14 03:52:08.878878,Investigation completed. Findings documented in internal tracker 15.,ANA-03,False,Resolved,"[""ALT-CSE-01-02786""]"
CAS-CSE-01-0614,CSE-01,2024-12-24 07:17:11.138923,2024-12-24 07:51:22.188896,Investigation completed. Findings documented in internal tracker 11.,ANA-02,False,Resolved,"[""ALT-CSE-01-02790""]"
CAS-CSE-01-0615,CSE-01,2024-12-23 05:14:07.831685,2024-12-23 06:11:42.419105,Investigation completed. Findings documented in internal tracker 30.,ANA-01,False,Resolved,"[""ALT-CSE-01-02792""]"
CAS-CSE-01-0616,CSE-01,2024-12-08 15:55:57.866628,2024-12-08 16:38:14.295745,Investigation completed. Findings documented in internal tracker 3.,ANA-05,False,Resolved,"[""ALT-CSE-01-02798""]"
CAS-CSE-01-0617,CSE-01,2024-10-18 21:01:03.731720,2024-10-18 21:29:02.926101,Investigation completed. Findings documented in internal tracker 8.,ANA-03,False,Resolved,"[""ALT-CSE-01-02799""]"
CAS-CSE-01-0618,CSE-01,2024-12-17 09:07:43.566928,2024-12-17 09:43:56.149658,Investigation completed. Findings documented in internal tracker 6.,ANA-03,True,Resolved,"[""ALT-CSE-01-02800""]"
CAS-CSE-01-0619,CSE-01,2024-10-02 23:22:43.290786,2024-10-03 00:09:33.054992,Investigation completed. Findings documented in internal tracker 38.,ANA-04,True,Resolved,"[""ALT-CSE-01-02801""]"
CAS-CSE-01-0620,CSE-01,2024-11-30 22:45:40.275789,2024-12-01 01:20:27.180001,Investigation completed. Findings documented in internal tracker 23.,ANA-04,False,Resolved,"[""ALT-CSE-01-02804""]"
CAS-CSE-01-0621,CSE-01,2024-10-31 09:27:06.076032,2024-10-31 10:14:20.020392,Investigation completed. Findings documented in internal tracker 16.,ANA-03,False,Resolved,"[""ALT-CSE-01-02816""]"
CAS-CSE-01-0622,CSE-01,2024-11-01 11:04:30.888183,2024-11-01 13:51:53.581560,Investigation completed. Findings documented in internal tracker 18.,ANA-03,False,Resolved,"[""ALT-CSE-01-02818""]"
CAS-CSE-01-0623,CSE-01,2024-12-18 07:52:53.477255,2024-12-18 10:03:06.323021,Investigation completed. Findings documented in internal tracker 11.,ANA-03,True,Resolved,"[""ALT-CSE-01-02824""]"
CAS-CSE-01-0624,CSE-01,2024-12-15 22:19:48.405739,2024-12-16 01:00:14.111656,Investigation completed. Findings documented in internal tracker 0.,ANA-04,False,Resolved,"[""ALT-CSE-01-02827""]"
CAS-CSE-01-0625,CSE-01,2024-10-12 03:30:15.114432,2024-10-12 03:54:39.845099,Investigation completed. Findings documented in internal tracker 8.,ANA-01,False,Resolved,"[""ALT-CSE-01-02833""]"
CAS-CSE-01-0626,CSE-01,2024-12-21 07:28:11.761165,2024-12-21 07:58:07.164512,Investigation completed. Findings documented in internal tracker 0.,ANA-02,False,Resolved,"[""ALT-CSE-01-02836""]"
CAS-CSE-01-0627,CSE-01,2024-10-31 19:05:21.260528,2024-10-31 20:54:11.660645,Investigation completed. Findings documented in internal tracker 22.,ANA-04,False,Resolved,"[""ALT-CSE-01-02837""]"
CAS-CSE-01-0628,CSE-01,2024-10-31 10:50:19.396754,2024-10-31 11:41:01.671190,Investigation completed. Findings documented in internal tracker 22.,ANA-02,False,Resolved,"[""ALT-CSE-01-02838""]"
CAS-CSE-01-0629,CSE-01,2024-12-16 09:15:37.649219,2024-12-16 11:38:21.769921,Investigation completed. Findings documented in internal tracker 8.,ANA-03,True,Resolved,"[""ALT-CSE-01-02840""]"
CAS-CSE-01-0630,CSE-01,2024-11-15 14:14:26.042252,2024-11-15 16:10:22.482986,Investigation completed. Findings documented in internal tracker 8.,ANA-02,False,Resolved,"[""ALT-CSE-01-02841""]"
CAS-CSE-01-0631,CSE-01,2024-12-01 06:28:51.915483,2024-12-01 09:41:19.305225,Investigation completed. Findings documented in internal tracker 20.,ANA-05,False,Resolved,"[""ALT-CSE-01-02847""]"
CAS-CSE-01-0632,CSE-01,2024-10-23 05:18:55.747853,2024-10-23 07:29:58.766571,Investigation completed. Findings documented in internal tracker 34.,ANA-02,False,Resolved,"[""ALT-CSE-01-02848""]"
CAS-CSE-01-0633,CSE-01,2024-12-14 11:20:46.468962,2024-12-14 12:06:57.057078,Investigation completed. Findings documented in internal tracker 33.,ANA-01,False,Resolved,"[""ALT-CSE-01-02849""]"
CAS-CSE-01-0634,CSE-01,2024-12-28 04:31:25.783352,2024-12-28 05:11:49.469888,Investigation completed. Findings documented in internal tracker 30.,ANA-05,False,Resolved,"[""ALT-CSE-01-02850""]"
CAS-CSE-01-0635,CSE-01,2024-11-19 15:00:02.869345,2024-11-19 16:22:26.895466,Investigation completed. Findings documented in internal tracker 18.,ANA-01,False,Resolved,"[""ALT-CSE-01-02851""]"
CAS-CSE-01-0636,CSE-01,2024-10-05 13:40:40.631888,2024-10-05 14:25:52.238201,Investigation completed. Findings documented in internal tracker 3.,ANA-04,True,Resolved,"[""ALT-CSE-01-02852""]"
CAS-CSE-01-0637,CSE-01,2024-11-12 01:07:23.399049,2024-11-12 02:45:30.319106,Investigation completed. Findings documented in internal tracker 36.,ANA-04,True,Resolved,"[""ALT-CSE-01-02857""]"
CAS-CSE-01-0638,CSE-01,2024-11-05 22:12:58.779666,2024-11-06 01:19:53.489041,Investigation completed. Findings documented in internal tracker 9.,ANA-04,False,Resolved,"[""ALT-CSE-01-02858""]"
CAS-CSE-01-0639,CSE-01,2024-11-08 22:21:17.941670,2024-11-08 23:04:41.493337,Investigation completed. Findings documented in internal tracker 39.,ANA-02,True,Resolved,"[""ALT-CSE-01-02866""]"
CAS-CSE-01-0640,CSE-01,2024-10-08 02:13:03.658285,2024-10-08 04:04:39.893355,Investigation completed. Findings documented in internal tracker 26.,ANA-02,False,Resolved,"[""ALT-CSE-01-02874""]"
CAS-CSE-01-0641,CSE-01,2024-12-10 15:48:53.526647,2024-12-10 16:24:51.913704,Investigation completed. Findings documented in internal tracker 39.,ANA-01,False,Resolved,"[""ALT-CSE-01-02876""]"
CAS-CSE-01-0642,CSE-01,2024-10-10 10:37:58.236373,2024-10-10 13:05:27.385848,Investigation completed. Findings documented in internal tracker 2.,ANA-02,True,Resolved,"[""ALT-CSE-01-02879""]"
CAS-CSE-01-0643,CSE-01,2024-11-11 19:23:41.226314,2024-11-11 20:06:30.461516,Investigation completed. Findings documented in internal tracker 29.,ANA-04,False,Resolved,"[""ALT-CSE-01-02880""]"
CAS-CSE-01-0644,CSE-01,2024-12-19 23:12:05.841833,2024-12-20 00:57:44.654885,Investigation completed. Findings documented in internal tracker 27.,ANA-03,False,Resolved,"[""ALT-CSE-01-02892""]"
CAS-CSE-01-0645,CSE-01,2024-10-27 12:47:41.356920,2024-10-27 15:07:53.308505,Investigation completed. Findings documented in internal tracker 29.,ANA-04,False,Resolved,"[""ALT-CSE-01-02902""]"
CAS-CSE-01-0646,CSE-01,2024-12-04 14:00:18.171424,2024-12-04 15:05:40.523870,Investigation completed. Findings documented in internal tracker 22.,ANA-03,False,Resolved,"[""ALT-CSE-01-02906""]"
CAS-CSE-01-0647,CSE-01,2024-12-24 21:13:08.804597,2024-12-24 22:26:40.835277,Investigation completed. Findings documented in internal tracker 36.,ANA-04,False,Resolved,"[""ALT-CSE-01-02907""]"
CAS-CSE-01-0648,CSE-01,2024-10-26 04:28:01.468288,2024-10-26 05:14:50.152215,Investigation completed. Findings documented in internal tracker 22.,ANA-04,True,Resolved,"[""ALT-CSE-01-02912""]"
CAS-CSE-01-0649,CSE-01,2024-12-27 16:43:12.571478,2024-12-27 19:07:47.476283,Investigation completed. Findings documented in internal tracker 26.,ANA-05,True,Resolved,"[""ALT-CSE-01-02917""]"
CAS-CSE-01-0650,CSE-01,2024-12-21 21:41:52.597472,2024-12-21 23:53:23.868952,Investigation completed. Findings documented in internal tracker 38.,ANA-01,False,Resolved,"[""ALT-CSE-01-02918""]"
CAS-CSE-01-0651,CSE-01,2024-11-23 23:10:34.110514,2024-11-24 00:11:01.600719,Investigation completed. Findings documented in internal tracker 0.,ANA-04,False,Resolved,"[""ALT-CSE-01-02922""]"
CAS-CSE-01-0652,CSE-01,2024-10-16 22:22:19.619681,2024-10-16 22:27:15.612142,Investigation completed. Findings documented in internal tracker 2.,ANA-03,True,Resolved,"[""ALT-CSE-01-02923""]"
CAS-CSE-01-0653,CSE-01,2024-10-24 14:15:35.881289,2024-10-24 16:23:26.551511,Investigation completed. Findings documented in internal tracker 6.,ANA-04,False,Resolved,"[""ALT-CSE-01-02928""]"
CAS-CSE-01-0654,CSE-01,2024-10-23 01:18:58.211765,2024-10-23 01:55:40.575750,Investigation completed. Findings documented in internal tracker 22.,ANA-05,True,Resolved,"[""ALT-CSE-01-02934""]"
CAS-CSE-01-0655,CSE-01,2024-11-17 12:40:01.477029,2024-11-17 13:18:38.305425,Investigation completed. Findings documented in internal tracker 3.,ANA-01,False,Resolved,"[""ALT-CSE-01-02943""]"
CAS-CSE-01-0656,CSE-01,2024-12-09 02:09:20.875340,2024-12-09 04:02:13.982846,Investigation completed. Findings documented in internal tracker 39.,ANA-04,False,Resolved,"[""ALT-CSE-01-02944""]"
CAS-CSE-01-0657,CSE-01,2024-11-08 21:25:24.810811,2024-11-09 00:14:03.643584,Investigation completed. Findings documented in internal tracker 39.,ANA-02,False,Resolved,"[""ALT-CSE-01-02945""]"
CAS-CSE-01-0658,CSE-01,2024-12-04 05:26:27.610272,2024-12-04 05:57:20.632699,Investigation completed. Findings documented in internal tracker 22.,ANA-04,False,Resolved,"[""ALT-CSE-01-02982""]"
CAS-CSE-01-0659,CSE-01,2024-11-07 21:03:27.336347,2024-11-07 22:13:22.128067,Investigation completed. Findings documented in internal tracker 34.,ANA-01,False,Resolved,"[""ALT-CSE-01-02983""]"
CAS-CSE-01-0660,CSE-01,2024-12-24 01:50:59.217433,2024-12-24 02:30:27.407526,Investigation completed. Findings documented in internal tracker 1.,ANA-03,True,Resolved,"[""ALT-CSE-01-02985""]"
CAS-CSE-01-0661,CSE-01,2024-12-16 17:02:33.507550,2024-12-16 17:39:03.197254,Investigation completed. Findings documented in internal tracker 12.,ANA-04,False,Resolved,"[""ALT-CSE-01-02987""]"
CAS-CSE-01-0662,CSE-01,2024-12-27 20:43:58.710179,2024-12-27 22:02:54.048309,Investigation completed. Findings documented in internal tracker 3.,ANA-02,True,Resolved,"[""ALT-CSE-01-02990""]"
CAS-CSE-01-0663,CSE-01,2024-12-27 15:50:21.134420,2024-12-27 18:54:39.871243,Investigation completed. Findings documented in internal tracker 20.,ANA-05,False,Resolved,"[""ALT-CSE-01-02993""]"
CAS-CSE-01-0664,CSE-01,2024-11-16 20:58:07.489690,2024-11-16 22:48:25.151458,Investigation completed. Findings documented in internal tracker 38.,ANA-02,False,Resolved,"[""ALT-CSE-01-03003""]"
CAS-CSE-01-0665,CSE-01,2024-12-04 04:47:22.348497,2024-12-04 07:05:18.221467,Investigation completed. Findings documented in internal tracker 7.,ANA-05,True,Resolved,"[""ALT-CSE-01-03006""]"
CAS-CSE-01-0666,CSE-01,2024-12-25 13:01:16.771074,2024-12-25 13:31:05.416368,Investigation completed. Findings documented in internal tracker 23.,ANA-02,True,Resolved,"[""ALT-CSE-01-03008""]"
CAS-CSE-01-0667,CSE-01,2024-12-21 04:01:28.655931,2024-12-21 04:15:12.741425,Investigation completed. Findings documented in internal tracker 17.,ANA-02,True,Resolved,"[""ALT-CSE-01-03012""]"
CAS-CSE-01-0668,CSE-01,2024-11-11 17:24:49.029159,2024-11-11 18:15:15.765633,Investigation completed. Findings documented in internal tracker 23.,ANA-01,False,Resolved,"[""ALT-CSE-01-03013""]"
CAS-CSE-01-0669,CSE-01,2024-11-29 14:14:26.144902,2024-11-29 14:27:37.543241,Investigation completed. Findings documented in internal tracker 36.,ANA-02,False,Resolved,"[""ALT-CSE-01-03016""]"
CAS-CSE-01-0670,CSE-01,2024-12-16 09:33:10.292323,2024-12-16 09:58:25.716038,Investigation completed. Findings documented in internal tracker 5.,ANA-05,False,Resolved,"[""ALT-CSE-01-03019""]"
CAS-CSE-01-0671,CSE-01,2024-11-27 11:47:12.950082,2024-11-27 12:42:41.415196,Investigation completed. Findings documented in internal tracker 11.,ANA-05,False,Resolved,"[""ALT-CSE-01-03023""]"
CAS-CSE-01-0672,CSE-01,2024-11-24 17:31:21.007465,2024-11-24 18:12:02.395921,Investigation completed. Findings documented in internal tracker 18.,ANA-02,False,Resolved,"[""ALT-CSE-01-03025""]"
CAS-CSE-01-0673,CSE-01,2024-10-28 00:56:31.149356,2024-10-28 02:39:38.680093,Investigation completed. Findings documented in internal tracker 13.,ANA-03,False,Resolved,"[""ALT-CSE-01-03026""]"
CAS-CSE-01-0674,CSE-01,2024-10-14 00:46:47.074612,2024-10-14 01:23:16.487985,Investigation completed. Findings documented in internal tracker 37.,ANA-02,False,Resolved,"[""ALT-CSE-01-03028""]"
CAS-CSE-01-0675,CSE-01,2024-12-19 20:13:15.001049,2024-12-19 20:38:20.276533,Investigation completed. Findings documented in internal tracker 19.,ANA-02,False,Resolved,"[""ALT-CSE-01-03032""]"
CAS-CSE-01-0676,CSE-01,2024-10-06 01:04:28.263499,2024-10-06 02:08:25.107890,Investigation completed. Findings documented in internal tracker 18.,ANA-02,False,Resolved,"[""ALT-CSE-01-03035""]"
CAS-CSE-01-0677,CSE-01,2024-12-23 06:24:36.418318,2024-12-23 07:34:04.586570,Investigation completed. Findings documented in internal tracker 6.,ANA-03,False,Resolved,"[""ALT-CSE-01-03041""]"
CAS-CSE-01-0678,CSE-01,2024-10-03 12:55:24.896039,2024-10-03 13:32:19.095325,Investigation completed. Findings documented in internal tracker 2.,ANA-05,True,Resolved,"[""ALT-CSE-01-03043""]"
CAS-CSE-01-0679,CSE-01,2024-11-26 04:31:27.756527,2024-11-26 06:20:24.775943,Investigation completed. Findings documented in internal tracker 20.,ANA-05,False,Resolved,"[""ALT-CSE-01-03055""]"
CAS-CSE-01-0680,CSE-01,2024-10-26 22:09:04.663268,2024-10-26 22:53:46.610028,Investigation completed. Findings documented in internal tracker 16.,ANA-01,False,Resolved,"[""ALT-CSE-01-03056""]"
CAS-CSE-01-0681,CSE-01,2024-11-09 08:12:53.808504,2024-11-09 08:38:53.227301,Investigation completed. Findings documented in internal tracker 9.,ANA-04,False,Resolved,"[""ALT-CSE-01-03060""]"
CAS-CSE-01-0682,CSE-01,2024-10-24 04:10:08.706631,2024-10-24 05:02:58.450382,Investigation completed. Findings documented in internal tracker 2.,ANA-01,False,Resolved,"[""ALT-CSE-01-03069""]"
CAS-CSE-01-0683,CSE-01,2024-12-28 01:59:49.961632,2024-12-28 03:00:28.144121,Investigation completed. Findings documented in internal tracker 2.,ANA-03,False,Resolved,"[""ALT-CSE-01-03075""]"
CAS-CSE-01-0684,CSE-01,2024-10-27 00:41:12.095023,2024-10-27 02:32:36.034375,Investigation completed. Findings documented in internal tracker 21.,ANA-02,False,Resolved,"[""ALT-CSE-01-03076""]"
CAS-CSE-01-0685,CSE-01,2024-10-16 23:47:59.010217,2024-10-17 00:12:33.619667,Investigation completed. Findings documented in internal tracker 1.,ANA-01,True,Resolved,"[""ALT-CSE-01-03084""]"
CAS-CSE-01-0686,CSE-01,2024-11-14 17:42:46.965576,2024-11-14 18:25:18.274486,Investigation completed. Findings documented in internal tracker 0.,ANA-03,False,Resolved,"[""ALT-CSE-01-03089""]"
CAS-CSE-01-0687,CSE-01,2024-11-26 08:39:58.957143,2024-11-26 10:48:08.636878,Investigation completed. Findings documented in internal tracker 28.,ANA-05,False,Resolved,"[""ALT-CSE-01-03090""]"
CAS-CSE-01-0688,CSE-01,2024-12-28 01:39:47.207151,2024-12-28 02:25:19.014577,Investigation completed. Findings documented in internal tracker 39.,ANA-01,True,Resolved,"[""ALT-CSE-01-03098""]"
CAS-CSE-01-0689,CSE-01,2024-12-28 04:39:42.292465,2024-12-28 05:41:14.172968,Investigation completed. Findings documented in internal tracker 37.,ANA-02,False,Resolved,"[""ALT-CSE-01-03099""]"
CAS-CSE-01-0690,CSE-01,2024-11-18 13:09:24.989776,2024-11-18 16:02:41.538514,Investigation completed. Findings documented in internal tracker 10.,ANA-03,False,Resolved,"[""ALT-CSE-01-03102""]"
CAS-CSE-01-0691,CSE-01,2024-10-27 04:54:41.293520,2024-10-27 07:49:11.376722,Investigation completed. Findings documented in internal tracker 15.,ANA-01,False,Resolved,"[""ALT-CSE-01-03107""]"
CAS-CSE-01-0692,CSE-01,2024-12-06 06:42:34.950425,2024-12-06 07:34:15.705701,Investigation completed. Findings documented in internal tracker 21.,ANA-02,False,Resolved,"[""ALT-CSE-01-03110""]"
CAS-CSE-01-0693,CSE-01,2024-11-04 15:54:44.660383,2024-11-04 16:38:48.781924,Investigation completed. Findings documented in internal tracker 3.,ANA-05,True,Resolved,"[""ALT-CSE-01-03113""]"
CAS-CSE-01-0694,CSE-01,2024-10-21 16:55:46.001735,2024-10-21 19:14:35.074865,Investigation completed. Findings documented in internal tracker 16.,ANA-04,False,Resolved,"[""ALT-CSE-01-03114""]"
CAS-CSE-01-0695,CSE-01,2024-12-20 10:26:50.822377,2024-12-20 12:23:23.579827,Investigation completed. Findings documented in internal tracker 7.,ANA-02,True,Resolved,"[""ALT-CSE-01-03122""]"
CAS-CSE-01-0696,CSE-01,2024-12-08 00:06:25.827489,2024-12-08 02:14:42.657834,Investigation completed. Findings documented in internal tracker 25.,ANA-03,False,Resolved,"[""ALT-CSE-01-03129""]"
CAS-CSE-01-0697,CSE-01,2024-11-01 19:12:01.985663,2024-11-01 19:39:55.658482,Investigation completed. Findings documented in internal tracker 9.,ANA-04,True,Resolved,"[""ALT-CSE-01-03131""]"
CAS-CSE-01-0698,CSE-01,2024-10-02 02:36:33.278840,2024-10-02 03:14:58.092119,Investigation completed. Findings documented in internal tracker 6.,ANA-05,True,Resolved,"[""ALT-CSE-01-03137""]"
CAS-CSE-01-0699,CSE-01,2024-10-03 08:26:26.781894,2024-10-03 08:50:30.677476,Investigation completed. Findings documented in internal tracker 38.,ANA-02,True,Resolved,"[""ALT-CSE-01-03147""]"
CAS-CSE-01-0700,CSE-01,2024-11-13 13:35:17.911952,2024-11-13 15:28:14.460316,Investigation completed. Findings documented in internal tracker 37.,ANA-04,False,Resolved,"[""ALT-CSE-01-03154""]"
CAS-CSE-01-0701,CSE-01,2024-10-15 00:30:16.937068,2024-10-15 03:21:37.769361,Investigation completed. Findings documented in internal tracker 23.,ANA-04,False,Resolved,"[""ALT-CSE-01-03159""]"
CAS-CSE-01-0702,CSE-01,2024-12-21 15:20:00.195642,2024-12-21 16:56:49.974093,Investigation completed. Findings documented in internal tracker 10.,ANA-04,True,Resolved,"[""ALT-CSE-01-03165""]"
CAS-CSE-01-0703,CSE-01,2024-12-16 06:41:36.842293,2024-12-16 08:26:44.764447,Investigation completed. Findings documented in internal tracker 39.,ANA-05,False,Resolved,"[""ALT-CSE-01-03181""]"
CAS-CSE-01-0704,CSE-01,2024-12-06 05:42:08.189626,2024-12-06 06:07:09.131175,Investigation completed. Findings documented in internal tracker 18.,ANA-05,True,Resolved,"[""ALT-CSE-01-03191""]"
CAS-CSE-01-0705,CSE-01,2024-10-27 13:18:10.805887,2024-10-27 14:08:32.213350,Investigation completed. Findings documented in internal tracker 7.,ANA-04,False,Resolved,"[""ALT-CSE-01-03196""]"
