alert_id,cse_id,severity,created_at,acknowledged_at,closed_at,status,case_id,asset_id,escalated
ALT-CSE-01-00000,CSE-01,MEDIUM,2024-11-10T16:29:49,2024-11-10T16:33:31.553186,2024-11-10T18:37:58.214622,CLOSED,,ROUTER-01,False
ALT-CSE-01-00001,CSE-01,HIGH,2024-11-18T20:13:43,2024-11-18T20:18:40.015744,2024-11-18T23:09:25.176463,CLOSED,CAS-CSE-01-0001,DB-SERVER-01,False
ALT-CSE-01-00002,CSE-01,MEDIUM,2024-10-25T17:16:37,2024-10-25T17:24:39.620793,2024-10-25T19:25:42.127406,CLOSED,,FIREWALL-01,False
ALT-CSE-01-00003,CSE-01,MEDIUM,2024-12-20T10:58:18,2024-12-20T11:02:53.276614,2024-12-20T12:19:50.818095,CLOSED,,FIREWALL-01,False
ALT-CSE-01-00004,CSE-01,MEDIUM,2024-12-29T19:12:58,2024-12-29T19:17:45.547867,2024-12-29T20:23:58.770801,CLOSED,CAS-CSE-01-0002,ROUTER-01,False
ALT-CSE-01-00005,CSE-01,LOW,2024-12-02T12:08:16,2024-12-02T12:22:03.513696,2024-12-02T14:18:31.061508,CLOSED,,DB-SERVER-01,False
ALT-CSE-01-00006,CSE-01,CRITICAL,2024-12-07T18:12:16,2024-12-07T18:13:31.068309,2024-12-07T18:57:07.772695,CLOSED,CAS-CSE-01-0003,WEB-SERVER-01,False
ALT-CSE-01-00007,CSE-01,MEDIUM,2024-10-18T06:22:21,2024-10-18T06:35:01.729750,2024-10-18T08:54:22.275322,CLOSED,,WEB-SERVER-01,False
ALT-CSE-01-00008,CSE-01,CRITICAL,2024-11-04T01:36:23,2024-11-04T01:38:41.195645,2024-11-04T02:26:10.483247,CLOSED,CAS-CSE-01-0004,ENDPOINT-01,False
ALT-CSE-01-00009,CSE-01,CRITICAL,2024-12-23T03:41:08,2024-12-23T03:50:59.359944,2024-12-23T04:24:21.078730,CLOSED,CAS-CSE-01-0005,ROUTER-01,False
ALT-CSE-01-00010,CSE-01,MEDIUM,2024-10-31T02:35:21,2024-10-31T02:40:19.055946,2024-10-31T03:31:44.209935,CLOSED,,ENDPOINT-01,False
ALT-CSE-01-00011,CSE-01,MEDIUM,2024-12-05T21:13:54,2024-12-05T21:24:05.244829,2024-12-05T23:01:33.050657,CLOSED,,FIREWALL-01,False
ALT-CSE-01-00012,CSE-01,LOW,2024-11-12T16:40:34,2024-11-12T16:50:03.082014,2024-11-12T17:17:39.570028,CLOSED,,FIREWALL-01,False
ALT-CSE-01-00013,CSE-01,MEDIUM,2024-12-23T07:21:44,2024-12-23T07:29:17.999235,2024-12-23T09:25:30.872895,CLOSED,,DB-SERVER-01,False
ALT-CSE-01-00014,CSE-01,MEDIUM,2024-11-27T10:31:32,2024-11-27T10:35:42.529912,2024-11-27T12:03:47.878455,CLOSED,,ROUTER-01,False
ALT-CSE-01-00015,CSE-01,LOW,2024-11-23T19:07:40,2024-11-23T19:20:01.716947,2024-11-23T22:28:04.200015,CLOSED,,DB-SERVER-01,False
ALT-CSE-01-00016,CSE-01,LOW,2024-10-18T03:41:16,2024-10-18T03:47:04.005092,2024-10-18T05:09:04.136144,CLOSED,,ROUTER-01,False
ALT-CSE-01-00017,CSE-01,LOW,2024-11-25T03:33:23,2024-11-25T03:45:48.739631,2024-11-25T04:58:10.456291,CLOSED,,DB-SERVER-01,False
ALT-CSE-01-00018,CSE-01,MEDIUM,2024-10-08T21:47:07,2024-10-08T21:50:24.939540,2024-10-08T23:23:57.968753,CLOSED,,FIREWALL-01,False
ALT-CSE-01-00019,CSE-01,CRITICAL,2024-12-22T14:20:06,2024-12-22T14:24:57.492697,2024-12-22T15:15:00.176860,CLOSED,CAS-CSE-01-0006,WEB-SERVER-01,False
ALT-CSE-01-00020,CSE-01,HIGH,2024-10-14T08:08:14,2024-10-14T08:12:31.032532,2024-10-14T10:13:09.107475,CLOSED,,WEB-SERVER-01,False
ALT-CSE-01-00021,CSE-01,HIGH,2024-11-24T15:19:26,2024-11-24T15:27:20.251072,2024-11-24T18:00:44.007210,CLOSED,,WEB-SERVER-01,False
ALT-CSE-01-00022,CSE-01,MEDIUM,2024-10-30T02:38:09,2024-10-30T02:44:25.839055,2024-10-30T04:53:32.498798,CLOSED,,ROUTER-01,False
ALT-CSE-01-00023,CSE-01,LOW,2024-10-04T01:43:01,2024-10-04T01:53:17.969667,2024-10-04T03:08:23.684235,CLOSED,,WEB-SERVER-01,False
ALT-CSE-01-00024,CSE-01,LOW,2024-12-20T06:14:26,2024-12-20T06:24:03.702909,2024-12-20T09:01:28.647035,CLOSED,,FIREWALL-01,False
ALT-CSE-01-00025,CSE-01,MEDIUM,2024-11-18T10:01:17,2024-11-18T10:14:04.846540,2024-11-18T12:12:06.136575,CLOSED,,DB-SERVER-01,False
ALT-CSE-01-00026,CSE-01,LOW,2024-12-01T07:55:55,2024-12-01T08:10:49.273703,2024-12-01T09:10:07.790111,CLOSED,,ROUTER-01,False
ALT-CSE-01-00027,CSE-01,MEDIUM,2024-12-24T19:41:43,2024-12-24T19:47:55.473133,2024-12-24T21:58:05.836463,CLOSED,,ROUTER-01,False
ALT-CSE-01-00028,CSE-01,MEDIUM,2024-10-12T23:03:52,2024-10-12T23:06:18.780190,2024-10-13T00:24:39.743331,CLOSED,,FIREWALL-01,False
ALT-CSE-01-00029,CSE-01,CRITICAL,2024-11-29T17:56:08,2024-11-29T17:59:19.383802,2024-11-29T18:54:31.274164,CLOSED,CAS-CSE-01-0007,WEB-SERVER-01,False
ALT-CSE-01-00030,CSE-01,MEDIUM,2024-12-09T02:51:54,2024-12-09T03:02:47.465423,2024-12-09T05:30:04.658803,CLOSED,,FIREWALL-01,False
ALT-CSE-01-00031,CSE-01,CRITICAL,2024-12-04T03:30:39,2024-12-04T03:33:46.988003,2024-12-04T04:27:00.131278,CLOSED,CAS-CSE-01-0008,WEB-SERVER-01,False
ALT-CSE-01-00032,CSE-01,LOW,2024-11-05T10:34:11,2024-11-05T10:38:24.013991,2024-11-05T12:26:55.831466,CLOSED,,WEB-SERVER-01,False
ALT-CSE-01-00033,CSE-01,HIGH,2024-11-25T12:45:00,2024-11-25T12:47:46.861858,2024-11-25T14:29:36.849607,CLOSED,,FIREWALL-01,False
ALT-CSE-01-00034,CSE-01,CRITICAL,2024-11-17T02:54:10,2024-11-17T03:06:52.880619,2024-11-17T03:48:32.222628,CLOSED,CAS-CSE-01-0009,FIREWALL-01,False
ALT-CSE-01-00035,CSE-01,HIGH,2024-12-18T05:52:17,2024-12-18T05:55:13.972913,2024-12-18T08:03:26.208898,CLOSED,,ROUTER-01,False
ALT-CSE-01-00036,CSE-01,MEDIUM,2024-12-18T11:32:18,2024-12-18T11:43:01.941912,2024-12-18T13:30:59.644691,CLOSED,,ROUTER-01,False
ALT-CSE-01-00037,CSE-01,HIGH,2024-11-24T18:58:33,2024-11-24T19:05:08.813423,2024-11-24T20:51:11.042993,CLOSED,,ENDPOINT-01,False
ALT-CSE-01-00038,CSE-01,MEDIUM,2024-11-24T00:18:59,2024-11-24T00:30:26.138017,2024-11-24T02:06:05.751679,CLOSED,,WEB-SERVER-01,False
ALT-CSE-01-00039,CSE-01,LOW,2024-10-13T10:32:43,2024-10-13T10:41:53.688747,2024-10-13T12:23:03.826260,CLOSED,,ROUTER-01,False
ALT-CSE-01-00040,CSE-01,MEDIUM,2024-12-29T13:39:20,2024-12-29T13:46:30.356255,2024-12-29T14:09:22.440537,CLOSED,,FIREWALL-01,False
ALT-CSE-01-00041,CSE-01,HIGH,2024-12-29T02:23:49,2024-12-29T02:38:03.778177,2024-12-29T04:53:12.958092,CLOSED,,ROUTER-01,False
ALT-CSE-01-00042,CSE-01,MEDIUM,2024-11-09T12:29:12,2024-11-09T12:40:59.570140,2024-11-09T14:32:50.347762,CLOSED,,ENDPOINT-01,False
ALT-CSE-01-00043,CSE-01,HIGH,2024-11-21T06:28:09,2024-11-21T06:33:00.770936,2024-11-21T07:48:11.223442,CLOSED,,DB-SERVER-01,False
ALT-CSE-01-00044,CSE-01,CRITICAL,2024-10-24T22:51:32,2024-10-24T22:54:17.376668,2024-10-24T23:28:36.305058,CLOSED,CAS-CSE-01-0010,WEB-SERVER-01,False
ALT-CSE-01-00045,CSE-01,MEDIUM,2024-10-12T10:30:28,2024-10-12T10:38:04.376797,2024-10-12T13:11:27.872089,CLOSED,,ROUTER-01,False
ALT-CSE-01-00046,CSE-01,MEDIUM,2024-11-15T01:35:00,2024-11-15T01:49:08.424237,2024-11-15T03:34:57.424041,CLOSED,,WEB-SERVER-01,False
ALT-CSE-01-00047,CSE-01,HIGH,2024-11-20T22:14:33,2024-11-20T22:29:25.107412,2024-11-20T23:26:19.742092,CLOSED,CAS-CSE-01-0011,WEB-SERVER-01,False
ALT-CSE-01-00048,CSE-01,CRITICAL,2024-10-11T01:34:37,2024-10-11T01:48:27.928301,2024-10-11T01:54:31.474043,CLOSED,CAS-CSE-01-0012,DB-SERVER-01,False
ALT-CSE-01-00049,CSE-01,LOW,2024-10-21T20:46:47,2024-10-21T20:54:05.842831,2024-10-21T21:58:35.551250,CLOSED,,WEB-SERVER-01,False
ALT-CSE-01-00050,CSE-01,HIGH,2024-10-16T09:51:21,2024-10-16T09:56:23.483102,2024-10-16T11:46:36.750548,CLOSED,,FIREWALL-01,False
ALT-CSE-01-00051,CSE-01,HIGH,2024-11-16T11:59:39,2024-11-16T12:14:06.486623,2024-11-16T14:36:45.599792,CLOSED,,WEB-SERVER-01,False
ALT-CSE-01-00052,CSE-01,LOW,2024-12-24T16:25:06,2024-12-24T16:28:26.555825,2024-12-24T17:44:23.994654,CLOSED,,FIREWALL-01,False
ALT-CSE-01-00053,CSE-01,LOW,2024-10-07T06:37:53,2024-10-07T06:41:02.482903,2024-10-07T08:27:40.370377,CLOSED,,WEB-SERVER-01,False
ALT-CSE-01-00054,CSE-01,HIGH,2024-10-14T11:48:48,2024-10-14T11:57:25.253430,2024-10-14T13:37:04.228505,CLOSED,CAS-CSE-01-0013,DB-SERVER-01,False
ALT-CSE-01-00055,CSE-01,MEDIUM,2024-10-13T10:41:58,2024-10-13T10:49:54.264496,2024-10-13T12:41:46.569024,CLOSED,,WEB-SERVER-01,False
ALT-CSE-01-00056,CSE-01,LOW,2024-12-08T08:03:18,2024-12-08T08:05:03.675654,2024-12-08T10:43:59.637925,CLOSED,,DB-SERVER-01,False
ALT-CSE-01-00057,CSE-01,MEDIUM,2024-11-01T15:49:07,2024-11-01T15:56:12.515632,2024-11-01T18:18:09.741710,CLOSED,,FIREWALL-01,False
ALT-CSE-01-00058,CSE-01,MEDIUM,2024-12-04T07:37:08,2024-12-04T07:49:02.657665,2024-12-04T08:35:50.649400,CLOSED,,WEB-SERVER-01,False
ALT-CSE-01-00059,CSE-01,HIGH,2024-12-15T11:31:00,2024-12-15T11:35:08.144550,2024-12-15T12:30:07.912675,CLOSED,CAS-CSE-01-0014,FIREWALL-01,False
ALT-CSE-01-00060,CSE-01,CRITICAL,2024-10-24T12:50:59,2024-10-24T12:59:23.123566,2024-10-24T13:14:48.180257,CLOSED,CAS-CSE-01-0015,DB-SERVER-01,False
ALT-CSE-01-00061,CSE-01,HIGH,2024-11-11T06:12:12,2024-11-11T06:20:00.974527,2024-11-11T07:20:33.165471,CLOSED,CAS-CSE-01-0016,FIREWALL-01,False
ALT-CSE-01-00062,CSE-01,LOW,2024-10-17T18:35:29,2024-10-17T18:46:16.140938,2024-10-17T19:22:31.898879,CLOSED,CAS-CSE-01-0017,DB-SERVER-01,False
ALT-CSE-01-00063,CSE-01,LOW,2024-11-21T09:34:56,2024-11-21T09:36:27.172250,2024-11-21T11:25:04.542338,CLOSED,,DB-SERVER-01,False
ALT-CSE-01-00064,CSE-01,HIGH,2024-11-13T06:05:02,2024-11-13T06:07:09.013586,2024-11-13T07:48:22.973985,CLOSED,,FIREWALL-01,False
ALT-CSE-01-00065,CSE-01,MEDIUM,2024-12-15T11:41:30,2024-12-15T11:56:02.881965,2024-12-15T14:03:16.971325,CLOSED,CAS-CSE-01-0018,ROUTER-01,False
ALT-CSE-01-00066,CSE-01,MEDIUM,2024-10-06T17:40:42,2024-10-06T17:42:14.934966,2024-10-06T19:28:13.514152,CLOSED,,WEB-SERVER-01,False
ALT-CSE-01-00067,CSE-01,HIGH,2024-12-15T00:27:41,2024-12-15T00:32:36.103627,2024-12-15T02:12:21.055760,CLOSED,,DB-SERVER-01,False
ALT-CSE-01-00068,CSE-01,CRITICAL,2024-10-17T07:38:15,2024-10-17T07:45:28.026594,2024-10-17T08:37:36.755138,CLOSED,CAS-CSE-01-0019,ROUTER-01,False
ALT-CSE-01-00069,CSE-01,MEDIUM,2024-12-17T05:02:26,2024-12-17T05:05:28.197292,2024-12-17T07:30:00.763185,CLOSED,,DB-SERVER-01,False
ALT-CSE-01-00070,CSE-01,MEDIUM,2024-10-03T21:58:38,2024-10-03T22:07:13.176901,2024-10-03T23:48:31.751692,CLOSED,,FIREWALL-01,False
ALT-CSE-01-00071,CSE-01,HIGH,2024-12-22T22:45:27,2024-12-22T22:55:31.977599,2024-12-23T00:34:10.054456,CLOSED,CAS-CSE-01-0020,ROUTER-01,False
ALT-CSE-01-00072,CSE-01,MEDIUM,2024-11-01T15:02:23,2024-11-01T15:15:52.877799,2024-11-01T17:00:04.709176,CLOSED,,DB-SERVER-01,False
ALT-CSE-01-00073,CSE-01,MEDIUM,2024-12-17T09:58:22,2024-12-17T10:04:36.904123,2024-12-17T11:12:49.455142,CLOSED,,ENDPOINT-01,False
ALT-CSE-01-00074,CSE-01,LOW,2024-11-19T06:54:40,2024-11-19T07:07:17.989910,2024-11-19T09:08:15.936213,CLOSED,,DB-SERVER-01,False
ALT-CSE-01-00075,CSE-01,MEDIUM,2024-10-21T08:51:23,2024-10-21T09:04:09.679869,2024-10-21T11:34:32.181203,CLOSED,,ENDPOINT-01,False
ALT-CSE-01-00076,CSE-01,HIGH,2024-12-06T19:40:20,2024-12-06T19:50:59.179837,2024-12-06T21:28:18.007950,CLOSED,,WEB-SERVER-01,False
ALT-CSE-01-00077,CSE-01,MEDIUM,2024-12-27T17:56:04,2024-12-27T18:07:16.659088,2024-12-27T20:09:52.090840,CLOSED,CAS-CSE-01-0021,DB-SERVER-01,False
ALT-CSE-01-00078,CSE-01,MEDIUM,2024-10-15T22:31:21,2024-10-15T22:42:49.152284,2024-10-16T00:29:21.398991,CLOSED,,WEB-SERVER-01,False
ALT-CSE-01-00079,CSE-01,HIGH,2024-12-21T14:51:56,2024-12-21T15:06:28.654034,2024-12-21T17:18:22.530995,CLOSED,CAS-CSE-01-0022,DB-SERVER-01,False
ALT-CSE-01-00080,CSE-01,HIGH,2024-12-03T18:38:30,2024-12-03T18:46:07.490434,2024-12-03T20:24:00.967146,CLOSED,,FIREWALL-01,False
ALT-CSE-01-00081,CSE-01,LOW,2024-10-19T18:14:24,2024-10-19T18:26:42.887737,2024-10-19T21:19:33.831880,CLOSED,,FIREWALL-01,False
ALT-CSE-01-00082,CSE-01,LOW,2024-11-19T11:15:35,2024-11-19T11:26:56.286603,2024-11-19T14:04:00.447300,CLOSED,CAS-CSE-01-0023,ROUTER-01,False
ALT-CSE-01-00083,CSE-01,LOW,2024-10-11T18:59:12,2024-10-11T19:10:26.169705,2024-10-11T21:49:25.295298,CLOSED,,WEB-SERVER-01,False
ALT-CSE-01-00084,CSE-01,HIGH,2024-12-11T07:26:50,2024-12-11T07:41:02.104602,2024-12-11T09:45:19.385042,CLOSED,,ENDPOINT-01,False
ALT-CSE-01-00085,CSE-01,HIGH,2024-12-19T00:56:30,2024-12-19T01:05:27.374730,2024-12-19T02:23:29.366992,CLOSED,,ROUTER-01,False
ALT-CSE-01-00086,CSE-01,LOW,2024-10-20T01:04:06,2024-10-20T01:11:52.204752,2024-10-20T03:09:11.228559,CLOSED,,DB-SERVER-01,False
ALT-CSE-01-00087,CSE-01,CRITICAL,2024-12-15T12:29:21,2024-12-15T12:35:33.764580,2024-12-15T13:28:29.092033,CLOSED,CAS-CSE-01-0024,FIREWALL-01,False
ALT-CSE-01-00088,CSE-01,MEDIUM,2024-12-09T22:16:19,2024-12-09T22:30:39.095571,2024-12-10T00:48:39.717099,CLOSED,,DB-SERVER-01,False
ALT-CSE-01-00089,CSE-01,HIGH,2024-11-03T13:16:42,2024-11-03T13:28:28.393985,2024-11-03T14:55:56.279870,CLOSED,,FIREWALL-01,False
ALT-CSE-01-00090,CSE-01,LOW,2024-12-18T21:17:52,2024-12-18T21:19:02.328533,2024-12-18T22:56:59.102537,CLOSED,,FIREWALL-01,False
ALT-CSE-01-00091,CSE-01,MEDIUM,2024-12-12T14:36:31,2024-12-12T14:47:29.292292,2024-12-12T16:57:46.624862,CLOSED,,DB-SERVER-01,False
ALT-CSE-01-00092,CSE-01,CRITICAL,2024-12-27T15:28:21,2024-12-27T15:30:26.164110,2024-12-27T15:49:56.718471,CLOSED,CAS-CSE-01-0025,WEB-SERVER-01,False
ALT-CSE-01-00093,CSE-01,MEDIUM,2024-11-09T20:37:00,2024-11-09T20:50:59.773595,2024-11-09T22:33:50.676857,CLOSED,,WEB-SERVER-01,False
ALT-CSE-01-00094,CSE-01,LOW,2024-11-22T09:43:01,2024-11-22T09:44:34.998705,2024-11-22T11:23:19.736101,CLOSED,CAS-CSE-01-0026,ENDPOINT-01,False
ALT-CSE-01-00095,CSE-01,LOW,2024-10-25T14:49:39,2024-10-25T14:55:44.487581,2024-10-25T17:23:52.617143,CLOSED,,FIREWALL-01,False
ALT-CSE-01-00096,CSE-01,LOW,2024-10-09T23:40:43,2024-10-09T23:50:37.957461,2024-10-10T01:41:46.143105,CLOSED,CAS-CSE-01-0027,ROUTER-01,False
ALT-CSE-01-00097,CSE-01,LOW,2024-11-25T20:10:33,2024-11-25T20:22:02.926064,2024-11-25T21:37:17.970659,CLOSED,,ENDPOINT-01,False
ALT-CSE-01-00098,CSE-01,CRITICAL,2024-11-21T11:13:56,2024-11-21T11:22:04.674902,2024-11-21T12:00:24.938932,CLOSED,CAS-CSE-01-0028,ENDPOINT-01,False
ALT-CSE-01-00099,CSE-01,MEDIUM,2024-11-15T14:45:37,2024-11-15T14:57:47.730880,2024-11-15T16:09:51.783274,CLOSED,,WEB-SERVER-01,False
ALT-CSE-01-00100,CSE-01,MEDIUM,2024-11-13T02:38:01,2024-11-13T02:49:26.827932,2024-11-13T03:21:41.747787,CLOSED,,WEB-SERVER-01,False
ALT-CSE-01-00101,CSE-01,HIGH,2024-10-21T05:47:06,2024-10-21T05:55:12.927162,2024-10-21T07:11:03.347723,CLOSED,CAS-CSE-01-0029,ENDPOINT-01,False
ALT-CSE-01-00102,CSE-01,LOW,2024-11-21T19:02:16,2024-11-21T19:05:17.569021,2024-11-21T22:07:42.254639,CLOSED,,ENDPOINT-01,False
ALT-CSE-01-00103,CSE-01,LOW,2024-10-30T09:39:42,2024-10-30T09:53:11.845038,2024-10-30T11:47:46.131737,CLOSED,,ROUTER-01,False
ALT-CSE-01-00104,CSE-01,HIGH,2024-11-03T18:34:24,2024-11-03T18:48:05.240176,2024-11-03T19:18:23.590833,CLOSED,,ROUTER-01,False
ALT-CSE-01-00105,CSE-01,MEDIUM,2024-12-23T20:19:44,2024-12-23T20:34:40.782487,2024-12-23T21:25:38.570173,CLOSED,CAS-CSE-01-0030,WEB-SERVER-01,False
ALT-CSE-01-00106,CSE-01,CRITICAL,2024-11-18T20:13:35,2024-11-18T20:22:38.924621,2024-11-18T21:02:29.623910,CLOSED,CAS-CSE-01-0031,DB-SERVER-01,False
ALT-CSE-01-00107,CSE-01,HIGH,2024-10-22T12:26:37,2024-10-22T12:40:12.470453,2024-10-22T15:13:13.905393,CLOSED,,WEB-SERVER-01,False
ALT-CSE-01-00108,CSE-01,HIGH,2024-11-30T08:22:01,2024-11-30T08:29:11.615554,2024-11-30T10:25:33.753915,CLOSED,CAS-CSE-01-0032,ROUTER-01,False
ALT-CSE-01-00109,CSE-01,CRITICAL,2024-10-30T06:40:22,2024-10-30T06:47:49.413262,2024-10-30T07:29:53.745612,CLOSED,CAS-CSE-01-0033,ENDPOINT-01,False
ALT-CSE-01-00110,CSE-01,HIGH,2024-12-09T09:00:42,2024-12-09T09:15:30.360070,2024-12-09T11:09:31.335518,CLOSED,,FIREWALL-01,False
ALT-CSE-01-00111,CSE-01,LOW,2024-10-20T16:14:16,2024-10-20T16:23:41.406977,2024-10-20T19:10:22.657991,CLOSED,,ROUTER-01,False
ALT-CSE-01-00112,CSE-01,HIGH,2024-11-13T08:23:27,2024-11-13T08:32:37.793210,2024-11-13T10:39:59.986931,CLOSED,,ENDPOINT-01,False
ALT-CSE-01-00113,CSE-01,CRITICAL,2024-10-19T18:46:47,2024-10-19T18:57:43.457010,2024-10-19T19:37:09.862569,CLOSED,,DB-SERVER-01,False
ALT-CSE-01-00114,CSE-01,LOW,2024-10-26T01:29:32,2024-10-26T01:43:18.807598,2024-10-26T03:33:44.064775,CLOSED,,DB-SERVER-01,False
ALT-CSE-01-00115,CSE-01,HIGH,2024-11-17T08:43:51,2024-11-17T08:53:22.733970,2024-11-17T11:06:00.735345,CLOSED,,WEB-SERVER-01,False
ALT-CSE-01-00116,CSE-01,HIGH,2024-10-01T05:49:13,2024-10-01T06:01:12.559705,2024-10-01T08:20:12.744953,CLOSED,,ENDPOINT-01,False
ALT-CSE-01-00117,CSE-01,HIGH,2024-12-19T02:22:19,2024-12-19T02:24:06.821422,2024-12-19T04:27:47.698756,CLOSED,,DB-SERVER-01,False
ALT-CSE-01-00118,CSE-01,HIGH,2024-10-31T10:58:54,2024-10-31T11:08:49.087525,2024-10-31T11:37:27.744228,CLOSED,,WEB-SERVER-01,False
ALT-CSE-01-00119,CSE-01,HIGH,2024-10-17T20:00:00,2024-10-17T20:09:39.381419,2024-10-17T20:46:01.142488,CLOSED,,DB-SERVER-01,False
ALT-CSE-01-00120,CSE-01,MEDIUM,2024-11-17T15:50:49,2024-11-17T15:58:46.101143,2024-11-17T17:57:27.036049,CLOSED,,WEB-SERVER-01,False
ALT-CSE-01-00121,CSE-01,LOW,2024-12-21T12:08:04,2024-12-21T12:12:41.419813,2024-12-21T15:17:02.161311,CLOSED,,DB-SERVER-01,False
ALT-CSE-01-00122,CSE-01,LOW,2024-11-09T09:57:50,2024-11-09T10:11:04.135883,2024-11-09T12:02:03.784611,CLOSED,,WEB-SERVER-01,False
ALT-CSE-01-00123,CSE-01,LOW,2024-10-22T07:32:45,2024-10-22T07:41:09.709938,2024-10-22T08:32:09.880087,CLOSED,,FIREWALL-01,False
ALT-CSE-01-00124,CSE-01,CRITICAL,2024-10-15T05:19:52,2024-10-15T05:22:39.342349,2024-10-15T06:29:58.628234,CLOSED,CAS-CSE-01-0034,WEB-SERVER-01,False
ALT-CSE-01-00125,CSE-01,LOW,2024-12-11T13:56:34,2024-12-11T14:02:28.255192,2024-12-11T15:16:10.354954,CLOSED,,ENDPOINT-01,False
ALT-CSE-01-00126,CSE-01,MEDIUM,2024-12-19T21:50:33,2024-12-19T22:02:33.325187,2024-12-20T00:29:55.372143,CLOSED,,DB-SERVER-01,False
ALT-CSE-01-00127,CSE-01,LOW,2024-12-11T16:59:43,2024-12-11T17:00:49.538938,2024-12-11T19:16:10.615897,CLOSED,,ROUTER-01,False
ALT-CSE-01-00128,CSE-01,HIGH,2024-10-15T20:14:39,2024-10-15T20:19:46.979524,2024-10-15T23:28:26.536892,CLOSED,,DB-SERVER-01,False
ALT-CSE-01-00129,CSE-01,CRITICAL,2024-11-22T03:26:29,2024-11-22T03:32:39.665389,2024-11-22T04:25:38.312211,CLOSED,CAS-CSE-01-0035,ROUTER-01,False
ALT-CSE-01-00130,CSE-01,HIGH,2024-12-27T06:07:46,2024-12-27T06:17:10.301811,2024-12-27T08:43:48.883476,CLOSED,CAS-CSE-01-0036,WEB-SERVER-01,False
ALT-CSE-01-00131,CSE-01,CRITICAL,2024-11-19T12:05:47,2024-11-19T12:12:08.715698,2024-11-19T13:05:07.760335,CLOSED,CAS-CSE-01-0037,DB-SERVER-01,False
ALT-CSE-01-00132,CSE-01,MEDIUM,2024-10-31T11:38:22,2024-10-31T11:49:03.685288,2024-10-31T12:52:18.777993,CLOSED,,WEB-SERVER-01,False
ALT-CSE-01-00133,CSE-01,CRITICAL,2024-10-01T01:48:07,2024-10-01T01:49:46.292269,2024-10-01T02:51:13.823024,CLOSED,CAS-CSE-01-0038,ENDPOINT-01,False
ALT-CSE-01-00134,CSE-01,HIGH,2024-12-03T18:45:17,2024-12-03T18:54:34.430296,2024-12-03T19:34:40.548154,CLOSED,CAS-CSE-01-0039,DB-SERVER-01,False
ALT-CSE-01-00135,CSE-01,MEDIUM,2024-10-30T09:22:21,2024-10-30T09:29:25.986700,2024-10-30T10:27:57.851770,CLOSED,,ROUTER-01,False
ALT-CSE-01-00136,CSE-01,HIGH,2024-10-26T02:01:08,2024-10-26T02:11:04.113842,2024-10-26T04:35:05.835123,CLOSED,,ROUTER-01,False
ALT-CSE-01-00137,CSE-01,HIGH,2024-12-01T19:00:01,2024-12-01T19:14:51.138546,2024-12-01T21:03:15.953664,CLOSED,,DB-SERVER-01,False
ALT-CSE-01-00138,CSE-01,LOW,2024-11-19T04:58:13,2024-11-19T05:12:01.530671,2024-11-19T06:12:16.932536,CLOSED,,ROUTER-01,False
ALT-CSE-01-00139,CSE-01,HIGH,2024-10-19T15:13:24,2024-10-19T15:14:36.827988,2024-10-19T18:13:23.277424,CLOSED,,ENDPOINT-01,False
ALT-CSE-01-00140,CSE-01,CRITICAL,2024-11-28T23:32:53,2024-11-28T23:42:09.316064,2024-11-29T00:19:11.672233,CLOSED,CAS-CSE-01-0040,ENDPOINT-01,False
ALT-CSE-01-00141,CSE-01,CRITICAL,2024-11-06T04:39:06,2024-11-06T04:43:13.683838,2024-11-06T05:34:26.905716,CLOSED,CAS-CSE-01-0041,DB-SERVER-01,False
ALT-CSE-01-00142,CSE-01,HIGH,2024-10-15T08:18:03,2024-10-15T08:23:23.552195,2024-10-15T10:20:08.001018,CLOSED,,ROUTER-01,False
ALT-CSE-01-00143,CSE-01,CRITICAL,2024-10-17T06:56:11,2024-10-17T07:10:38.648714,2024-10-17T07:28:26.451807,CLOSED,CAS-CSE-01-0042,WEB-SERVER-01,False
ALT-CSE-01-00144,CSE-01,LOW,2024-12-18T17:52:13,2024-12-18T17:57:40.201493,2024-12-18T20:17:31.342259,CLOSED,,ROUTER-01,False
ALT-CSE-01-00145,CSE-01,HIGH,2024-11-20T21:37:46,2024-11-20T21:50:32.819617,2024-11-21T00:32:35.066335,CLOSED,,ENDPOINT-01,False
ALT-CSE-01-00146,CSE-01,CRITICAL,2024-11-19T21:44:21,2024-11-19T21:48:03.590616,2024-11-19T22:23:37.442281,CLOSED,CAS-CSE-01-0043,FIREWALL-01,False
ALT-CSE-01-00147,CSE-01,HIGH,2024-10-11T23:50:30,2024-10-11T23:55:31.557973,2024-10-12T02:29:45.337604,CLOSED,CAS-CSE-01-0044,ROUTER-01,False
ALT-CSE-01-00148,CSE-01,MEDIUM,2024-12-08T23:55:26,2024-12-09T00:00:24.686040,2024-12-09T01:21:19.289685,CLOSED,CAS-CSE-01-0045,ROUTER-01,False
ALT-CSE-01-00149,CSE-01,MEDIUM,2024-12-23T23:25:03,2024-12-23T23:28:13.258626,2024-12-24T01:53:39.249841,CLOSED,,DB-SERVER-01,False
ALT-CSE-01-00150,CSE-01,MEDIUM,2024-11-09T07:04:14,2024-11-09T07:08:16.508982,2024-11-09T09:47:15.381811,CLOSED,,ENDPOINT-01,False
ALT-CSE-01-00151,CSE-01,MEDIUM,2024-12-20T19:26:16,2024-12-20T19:39:27.335767,2024-12-20T21:35:33.812521,CLOSED,,DB-SERVER-01,False
ALT-CSE-01-00152,CSE-01,LOW,2024-11-17T20:10:13,2024-11-17T20:12:50.542429,2024-11-17T22:03:19.313587,CLOSED,,ENDPOINT-01,False
ALT-CSE-01-00153,CSE-01,HIGH,2024-12-26T16:30:30,2024-12-26T16:43:51.913126,2024-12-26T18:45:18.548198,CLOSED,,WEB-SERVER-01,False
ALT-CSE-01-00154,CSE-01,MEDIUM,2024-11-23T05:37:09,2024-11-23T05:38:21.356225,2024-11-23T07:40:12.413568,CLOSED,,WEB-SERVER-01,False
ALT-CSE-01-00155,CSE-01,MEDIUM,2024-11-01T15:00:16,2024-11-01T15:03:55.764656,2024-11-01T17:04:39.539179,CLOSED,,ENDPOINT-01,False
ALT-CSE-01-00156,CSE-01,MEDIUM,2024-11-06T03:04:34,2024-11-06T03:09:47.323194,2024-11-06T05:05:43.990488,CLOSED,,ENDPOINT-01,False
ALT-CSE-01-00157,CSE-01,CRITICAL,2024-12-01T08:28:05,2024-12-01T08:29:47.999806,2024-12-01T09:22:26.576175,CLOSED,CAS-CSE-01-0046,ENDPOINT-01,False
ALT-CSE-01-00158,CSE-01,HIGH,2024-10-30T23:37:06,2024-10-30T23:43:52.031626,2024-10-31T01:10:57.172748,CLOSED,CAS-CSE-01-0047,FIREWALL-01,False
ALT-CSE-01-00159,CSE-01,LOW,2024-11-01T19:10:34,2024-11-01T19:24:25.840361,2024-11-01T19:28:59.818888,CLOSED,,ENDPOINT-01,False
ALT-CSE-01-00160,CSE-01,HIGH,2024-10-09T06:10:18,2024-10-09T06:13:59.775325,2024-10-09T08:10:06.336913,CLOSED,CAS-CSE-01-0048,DB-SERVER-01,False
ALT-CSE-01-00161,CSE-01,MEDIUM,2024-10-22T12:52:35,2024-10-22T13:06:14.198825,2024-10-22T14:30:20.135691,CLOSED,,ENDPOINT-01,False
ALT-CSE-01-00162,CSE-01,HIGH,2024-11-21T09:13:34,2024-11-21T09:20:34.135487,2024-11-21T12:14:41.419484,CLOSED,,ENDPOINT-01,False
ALT-CSE-01-00163,CSE-01,HIGH,2024-12-17T20:55:50,2024-12-17T21:02:13.428849,2024-12-17T23:30:18.306362,CLOSED,,ENDPOINT-01,False
ALT-CSE-01-00164,CSE-01,MEDIUM,2024-11-22T09:31:10,2024-11-22T09:41:17.674089,2024-11-22T11:15:00.571404,CLOSED,,ENDPOINT-01,False
ALT-CSE-01-00165,CSE-01,HIGH,2024-10-25T15:09:18,2024-10-25T15:21:11.486284,2024-10-25T17:20:28.245262,CLOSED,,WEB-SERVER-01,False
ALT-CSE-01-00166,CSE-01,MEDIUM,2024-11-27T02:37:11,2024-11-27T02:48:33.008688,2024-11-27T04:28:23.422577,CLOSED,,WEB-SERVER-01,False
ALT-CSE-01-00167,CSE-01,MEDIUM,2024-10-25T00:21:05,2024-10-25T00:22:10.302474,2024-10-25T03:44:02.409880,CLOSED,,ROUTER-01,False
ALT-CSE-01-00168,CSE-01,MEDIUM,2024-11-28T21:38:10,2024-11-28T21:52:57.069641,2024-11-29T00:11:08.773701,CLOSED,,ROUTER-01,False
ALT-CSE-01-00169,CSE-01,CRITICAL,2024-11-19T18:20:18,2024-11-19T18:25:18.320760,2024-11-19T19:14:19.750823,CLOSED,CAS-CSE-01-0049,ENDPOINT-01,False
ALT-CSE-01-00170,CSE-01,MEDIUM,2024-11-05T19:04:07,2024-11-05T19:12:57.689995,2024-11-05T22:07:19.205665,CLOSED,,DB-SERVER-01,False
ALT-CSE-01-00171,CSE-01,HIGH,2024-10-17T11:59:49,2024-10-17T12:08:01.235329,2024-10-17T12:20:12.247135,CLOSED,,DB-SERVER-01,False
ALT-CSE-01-00172,CSE-01,MEDIUM,2024-11-16T01:02:40,2024-11-16T01:11:45.947005,2024-11-16T02:54:39.365758,CLOSED,,ROUTER-01,False
ALT-CSE-01-00173,CSE-01,LOW,2024-10-26T15:14:40,2024-10-26T15:23:31.961372,2024-10-26T16:25:20.852306,CLOSED,,ROUTER-01,False
ALT-CSE-01-00174,CSE-01,MEDIUM,2024-11-29T00:47:54,2024-11-29T00:54:19.710379,2024-11-29T02:43:44.023368,CLOSED,,DB-SERVER-01,False
ALT-CSE-01-00175,CSE-01,MEDIUM,2024-10-07T17:41:58,2024-10-07T17:54:47.652956,2024-10-07T19:25:17.450018,CLOSED,,WEB-SERVER-01,False
ALT-CSE-01-00176,CSE-01,MEDIUM,2024-10-31T09:17:25,2024-10-31T09:18:51.365255,2024-10-31T10:03:04.099280,CLOSED,CAS-CSE-01-0050,WEB-SERVER-01,False
ALT-CSE-01-00177,CSE-01,CRITICAL,2024-12-10T05:33:52,2024-12-10T05:46:54.414022,2024-12-10T06:10:54.165690,CLOSED,,ROUTER-01,False
ALT-CSE-01-00178,CSE-01,CRITICAL,2024-12-05T08:39:17,2024-12-05T08:52:05.654736,2024-12-05T09:03:09.148146,CLOSED,CAS-CSE-01-0051,FIREWALL-01,False
ALT-CSE-01-00179,CSE-01,LOW,2024-11-28T19:26:26,2024-11-28T19:34:19.882006,2024-11-28T22:04:37.758166,CLOSED,,FIREWALL-01,False
ALT-CSE-01-00180,CSE-01,HIGH,2024-12-11T19:02:54,2024-12-11T19:08:58.755934,2024-12-11T21:05:45.007422,CLOSED,,DB-SERVER-01,False
ALT-CSE-01-00181,CSE-01,MEDIUM,2024-11-06T04:36:01,2024-11-06T04:40:18.442599,2024-11-06T06:42:10.940466,CLOSED,,WEB-SERVER-01,False
ALT-CSE-01-00182,CSE-01,HIGH,2024-12-10T03:20:45,2024-12-10T03:29:41.607710,2024-12-10T04:50:15.710385,CLOSED,,ROUTER-01,False
ALT-CSE-01-00183,CSE-01,HIGH,2024-10-31T15:39:58,2024-10-31T15:50:52.511947,2024-10-31T15:59:22.208094,CLOSED,,FIREWALL-01,False
ALT-CSE-01-00184,CSE-01,MEDIUM,2024-11-14T22:35:47,2024-11-14T22:39:20.273805,2024-11-14T23:59:22.160708,CLOSED,,FIREWALL-01,False
ALT-CSE-01-00185,CSE-01,MEDIUM,2024-11-30T03:14:25,2024-11-30T03:16:07.675734,2024-11-30T05:48:34.921328,CLOSED,,DB-SERVER-01,False
ALT-CSE-01-00186,CSE-01,CRITICAL,2024-11-20T00:37:29,2024-11-20T00:46:27.220980,2024-11-20T01:26:05.724353,CLOSED,CAS-CSE-01-0052,ENDPOINT-01,False
ALT-CSE-01-00187,CSE-01,MEDIUM,2024-10-05T10:46:05,2024-10-05T10:53:10.280411,2024-10-05T12:52:09.960228,CLOSED,,FIREWALL-01,False
ALT-CSE-01-00188,CSE-01,MEDIUM,2024-11-09T20:36:58,2024-11-09T20:46:30.756988,2024-11-09T23:02:51.699973,CLOSED,,FIREWALL-01,False
ALT-CSE-01-00189,CSE-01,LOW,2024-11-01T06:36:21,2024-11-01T06:39:37.414159,2024-11-01T09:31:49.319312,CLOSED,,DB-SERVER-01,False
ALT-CSE-01-00190,CSE-01,CRITICAL,2024-11-02T04:15:49,2024-11-02T04:27:55.530413,2024-11-02T05:02:28.303103,CLOSED,CAS-CSE-01-0053,ROUTER-01,False
ALT-CSE-01-00191,CSE-01,MEDIUM,2024-10-05T01:29:44,2024-10-05T01:42:00.864198,2024-10-05T03:09:15.467365,CLOSED,,ROUTER-01,False
ALT-CSE-01-00192,CSE-01,MEDIUM,2024-10-01T13:32:37,2024-10-01T13:43:44.841298,2024-10-01T15:40:09.539558,CLOSED,,WEB-SERVER-01,False
ALT-CSE-01-00193,CSE-01,LOW,2024-11-13T21:52:48,2024-11-13T22:01:04.392268,2024-11-14T00:02:52.131347,CLOSED,,ENDPOINT-01,False
ALT-CSE-01-00194,CSE-01,CRITICAL,2024-11-30T22:05:52,2024-11-30T22:10:57.701501,2024-11-30T23:00:56.090570,CLOSED,CAS-CSE-01-0054,ENDPOINT-01,False
ALT-CSE-01-00195,CSE-01,LOW,2024-11-21T08:19:41,2024-11-21T08:34:32.585918,2024-11-21T10:26:25.445916,CLOSED,,WEB-SERVER-01,False
ALT-CSE-01-00196,CSE-01,HIGH,2024-10-11T05:52:43,2024-10-11T06:05:29.942236,2024-10-11T08:31:26.457275,CLOSED,,DB-SERVER-01,False
ALT-CSE-01-00197,CSE-01,HIGH,2024-12-17T17:12:30,2024-12-17T17:25:46.202669,2024-12-17T19:31:27.551397,CLOSED,,ROUTER-01,False
ALT-CSE-01-00198,CSE-01,MEDIUM,2024-10-16T01:04:48,2024-10-16T01:06:44.572285,2024-10-16T04:17:41.142007,CLOSED,,ENDPOINT-01,False
ALT-CSE-01-00199,CSE-01,LOW,2024-10-19T14:55:11,2024-10-19T14:59:40.755865,2024-10-19T15:55:27.889648,CLOSED,,FIREWALL-01,False
ALT-CSE-01-00200,CSE-01,LOW,2024-12-23T21:30:07,2024-12-23T21:31:41.370124,2024-12-23T23:40:59.452869,CLOSED,,WEB-SERVER-01,False
ALT-CSE-01-00201,CSE-01,MEDIUM,2024-12-09T09:48:16,2024-12-09T10:00:03.076451,2024-12-09T11:30:29.598074,CLOSED,,ROUTER-01,False
ALT-CSE-01-00202,CSE-01,HIGH,2024-12-25T16:41:12,2024-12-25T16:54:35.464171,2024-12-25T20:01:53.929230,CLOSED,,DB-SERVER-01,False
ALT-CSE-01-00203,CSE-01,MEDIUM,2024-11-26T07:11:05,2024-11-26T07:19:06.375837,2024-11-26T10:10:52.361034,CLOSED,,ENDPOINT-01,False
ALT-CSE-01-00204,CSE-01,HIGH,2024-11-08T07:35:04,2024-11-08T07:38:02.920835,2024-11-08T09:32:10.222661,CLOSED,,ROUTER-01,False
ALT-CSE-01-00205,CSE-01,CRITICAL,2024-10-11T04:13:52,2024-10-11T04:27:10.751736,2024-10-11T05:17:50.420330,CLOSED,CAS-CSE-01-0055,WEB-SERVER-01,False
ALT-CSE-01-00206,CSE-01,HIGH,2024-11-15T17:13:10,2024-11-15T17:19:55.844808,2024-11-15T19:20:15.528867,CLOSED,,ROUTER-01,False
ALT-CSE-01-00207,CSE-01,CRITICAL,2024-12-17T21:32:22,2024-12-17T21:44:49.534981,2024-12-17T22:21:18.984090,CLOSED,CAS-CSE-01-0056,ROUTER-01,False
ALT-CSE-01-00208,CSE-01,HIGH,2024-11-09T19:55:09,2024-11-09T20:07:18.614723,2024-11-09T23:02:35.838829,CLOSED,,ENDPOINT-01,False
ALT-CSE-01-00209,CSE-01,MEDIUM,2024-11-09T17:56:23,2024-11-09T18:01:29.008904,2024-11-09T19:36:51.533108,CLOSED,CAS-CSE-01-0057,FIREWALL-01,False
ALT-CSE-01-00210,CSE-01,CRITICAL,2024-12-20T03:30:32,2024-12-20T03:43:23.385474,2024-12-20T04:34:03.061871,CLOSED,CAS-CSE-01-0058,DB-SERVER-01,False
ALT-CSE-01-00211,CSE-01,HIGH,2024-10-07T01:12:17,2024-10-07T01:17:27.812386,2024-10-07T02:46:14.404525,CLOSED,,ENDPOINT-01,False
ALT-CSE-01-00212,CSE-01,HIGH,2024-10-26T09:30:59,2024-10-26T09:43:24.089243,2024-10-26T11:01:47.951387,CLOSED,,WEB-SERVER-01,False
ALT-CSE-01-00213,CSE-01,MEDIUM,2024-12-05T06:01:43,2024-12-05T06:14:51.592577,2024-12-05T06:55:18.473082,CLOSED,,ROUTER-01,False
ALT-CSE-01-00214,CSE-01,HIGH,2024-11-11T15:15:14,2024-11-11T15:19:07.638124,2024-11-11T18:05:11.902252,CLOSED,,ROUTER-01,False
ALT-CSE-01-00215,CSE-01,MEDIUM,2024-10-31T19:09:02,2024-10-31T19:18:04.979176,2024-10-31T20:40:06.547734,CLOSED,,DB-SERVER-01,False
ALT-CSE-01-00216,CSE-01,MEDIUM,2024-10-31T21:50:32,2024-10-31T21:55:28.343507,2024-10-31T23:50:46.434289,CLOSED,,DB-SERVER-01,False
ALT-CSE-01-00217,CSE-01,MEDIUM,2024-12-16T18:48:59,2024-12-16T18:52:41.857317,2024-12-16T21:10:11.221519,CLOSED,,FIREWALL-01,False
ALT-CSE-01-00218,CSE-01,HIGH,2024-12-25T03:41:38,2024-12-25T03:48:54.092395,2024-12-25T05:14:53.343596,CLOSED,,ENDPOINT-01,False
ALT-CSE-01-00219,CSE-01,HIGH,2024-12-10T18:07:40,2024-12-10T18:15:49.009222,2024-12-10T20:45:26.094042,CLOSED,,ENDPOINT-01,False
ALT-CSE-01-00220,CSE-01,CRITICAL,2024-12-08T17:12:58,2024-12-08T17:19:10.333958,2024-12-08T17:47:49.962087,CLOSED,CAS-CSE-01-0059,DB-SERVER-01,False
ALT-CSE-01-00221,CSE-01,HIGH,2024-12-03T09:22:28,2024-12-03T09:30:47.816577,2024-12-03T12:23:58.899718,CLOSED,,ROUTER-01,False
ALT-CSE-01-00222,CSE-01,MEDIUM,2024-11-22T02:29:55,2024-11-22T02:33:50.695175,2024-11-22T05:34:52.126219,CLOSED,CAS-CSE-01-0060,ROUTER-01,False
ALT-CSE-01-00223,CSE-01,HIGH,2024-10-06T12:43:57,2024-10-06T12:57:22.193701,2024-10-06T14:21:33.786337,CLOSED,CAS-CSE-01-0061,WEB-SERVER-01,False
ALT-CSE-01-00224,CSE-01,MEDIUM,2024-11-12T16:23:52,2024-11-12T16:38:20.883637,2024-11-12T18:31:47.751222,CLOSED,,ROUTER-01,False
ALT-CSE-01-00225,CSE-01,HIGH,2024-11-13T18:58:24,2024-11-13T19:06:36.128753,2024-11-13T20:42:33.645666,CLOSED,,DB-SERVER-01,False
ALT-CSE-01-00226,CSE-01,HIGH,2024-10-22T02:53:42,2024-10-22T02:58:31.616371,2024-10-22T03:48:40.585956,CLOSED,CAS-CSE-01-0062,ENDPOINT-01,False
ALT-CSE-01-00227,CSE-01,HIGH,2024-10-26T23:33:13,2024-10-26T23:47:29.356723,2024-10-27T02:01:56.217387,CLOSED,,ENDPOINT-01,False
ALT-CSE-01-00228,CSE-01,CRITICAL,2024-12-28T22:30:25,2024-12-28T22:33:57.925966,2024-12-28T23:03:47.860045,CLOSED,,FIREWALL-01,False
ALT-CSE-01-00229,CSE-01,MEDIUM,2024-11-22T18:52:27,2024-11-22T18:57:04.880003,2024-11-22T21:15:04.815045,CLOSED,,DB-SERVER-01,False
ALT-CSE-01-00230,CSE-01,CRITICAL,2024-12-16T06:47:34,2024-12-16T06:52:06.026842,2024-12-16T07:15:27.998971,CLOSED,CAS-CSE-01-0063,DB-SERVER-01,False
ALT-CSE-01-00231,CSE-01,MEDIUM,2024-11-11T19:01:57,2024-11-11T19:07:37.208360,2024-11-11T19:46:46.237604,CLOSED,,FIREWALL-01,False
ALT-CSE-01-00232,CSE-01,LOW,2024-12-24T16:15:45,2024-12-24T16:22:51.040069,2024-12-24T19:02:43.081928,CLOSED,,WEB-SERVER-01,False
ALT-CSE-01-00233,CSE-01,LOW,2024-11-17T20:24:10,2024-11-17T20:27:07.946505,2024-11-17T23:03:41.207496,CLOSED,,WEB-SERVER-01,False
ALT-CSE-01-00234,CSE-01,CRITICAL,2024-10-30T20:52:50,2024-10-30T21:03:20.621433,2024-10-30T21:53:53.114727,CLOSED,CAS-CSE-01-0064,ROUTER-01,False
ALT-CSE-01-00235,CSE-01,LOW,2024-11-10T22:12:16,2024-11-10T22:25:36.529473,2024-11-11T00:01:20.444804,CLOSED,,DB-SERVER-01,False
ALT-CSE-01-00236,CSE-01,CRITICAL,2024-11-11T10:26:26,2024-11-11T10:35:11.165025,2024-11-11T11:26:46.602872,CLOSED,,DB-SERVER-01,False
ALT-CSE-01-00237,CSE-01,MEDIUM,2024-10-17T20:03:40,2024-10-17T20:12:52.863372,2024-10-17T22:07:21.361220,CLOSED,,FIREWALL-01,False
ALT-CSE-01-00238,CSE-01,MEDIUM,2024-11-12T20:57:36,2024-11-12T21:06:57.539536,2024-11-12T23:04:05.924585,CLOSED,,DB-SERVER-01,False
ALT-CSE-01-00239,CSE-01,HIGH,2024-11-06T12:17:19,2024-11-06T12:18:49.647627,2024-11-06T14:35:25.919668,CLOSED,,DB-SERVER-01,False
ALT-CSE-01-00240,CSE-01,MEDIUM,2024-12-15T00:14:47,2024-12-15T00:19:59.403174,2024-12-15T02:20:17.827204,CLOSED,,ROUTER-01,False
ALT-CSE-01-00241,CSE-01,MEDIUM,2024-10-31T00:09:04,2024-10-31T00:17:35.791059,2024-10-31T02:22:58.837805,CLOSED,,ROUTER-01,False
ALT-CSE-01-00242,CSE-01,MEDIUM,2024-11-09T22:30:43,2024-11-09T22:33:00.749264,2024-11-10T00:00:40.946225,CLOSED,,FIREWALL-01,False
ALT-CSE-01-00243,CSE-01,LOW,2024-11-22T16:52:12,2024-11-22T16:58:52.749663,2024-11-22T18:59:02.621504,CLOSED,,ROUTER-01,False
ALT-CSE-01-00244,CSE-01,HIGH,2024-10-14T08:51:56,2024-10-14T09:02:19.051598,2024-10-14T11:50:30.672574,CLOSED,,ENDPOINT-01,False
ALT-CSE-01-00245,CSE-01,LOW,2024-12-07T03:54:04,2024-12-07T04:00:49.529890,2024-12-07T06:00:15.477581,CLOSED,,ENDPOINT-01,False
ALT-CSE-01-00246,CSE-01,LOW,2024-11-24T08:49:13,2024-11-24T09:03:17.072251,2024-11-24T11:13:38.465267,CLOSED,,ROUTER-01,False
ALT-CSE-01-00247,CSE-01,MEDIUM,2024-11-17T21:50:28,2024-11-17T21:52:04.521755,2024-11-17T23:46:32.035372,CLOSED,CAS-CSE-01-0065,ROUTER-01,False
ALT-CSE-01-00248,CSE-01,LOW,2024-12-19T19:17:33,2024-12-19T19:24:40.737486,2024-12-19T20:52:20.282871,CLOSED,,DB-SERVER-01,False
ALT-CSE-01-00249,CSE-01,MEDIUM,2024-11-09T02:51:10,2024-11-09T02:52:37.282637,2024-11-09T04:34:37.910773,CLOSED,,FIREWALL-01,False
ALT-CSE-01-00250,CSE-01,CRITICAL,2024-10-01T16:25:11,2024-10-01T16:32:32.808273,2024-10-01T17:25:04.965198,CLOSED,CAS-CSE-01-0066,FIREWALL-01,False
ALT-CSE-01-00251,CSE-01,HIGH,2024-11-05T06:06:21,2024-11-05T06:08:06.783544,2024-11-05T07:57:28.019329,CLOSED,CAS-CSE-01-0067,DB-SERVER-01,False
ALT-CSE-01-00252,CSE-01,MEDIUM,2024-11-24T18:27:33,2024-11-24T18:30:46.123106,2024-11-24T21:08:57.587121,CLOSED,CAS-CSE-01-0068,DB-SERVER-01,False
ALT-CSE-01-00253,CSE-01,MEDIUM,2024-10-19T06:21:36,2024-10-19T06:29:17.453630,2024-10-19T07:39:36.506112,CLOSED,,ENDPOINT-01,False
ALT-CSE-01-00254,CSE-01,MEDIUM,2024-10-19T22:15:34,2024-10-19T22:22:58.015379,2024-10-20T00:05:03.029396,CLOSED,,WEB-SERVER-01,False
ALT-CSE-01-00255,CSE-01,CRITICAL,2024-10-15T09:07:30,2024-10-15T09:16:24.751981,2024-10-15T09:51:56.390962,CLOSED,CAS-CSE-01-0069,WEB-SERVER-01,False
ALT-CSE-01-00256,CSE-01,MEDIUM,2024-10-20T03:01:55,2024-10-20T03:11:43.978955,2024-10-20T07:21:08.798841,CLOSED,,ROUTER-01,False
ALT-CSE-01-00257,CSE-01,MEDIUM,2024-10-05T01:47:43,2024-10-05T01:50:30.798940,2024-10-05T03:49:05.685735,CLOSED,,FIREWALL-01,False
ALT-CSE-01-00258,CSE-01,CRITICAL,2024-10-28T18:38:28,2024-10-28T18:41:13.663600,2024-10-28T19:19:58.727006,CLOSED,CAS-CSE-01-0070,ENDPOINT-01,False
ALT-CSE-01-00259,CSE-01,HIGH,2024-12-15T16:30:49,2024-12-15T16:38:50.519991,2024-12-15T17:58:39.221005,CLOSED,,FIREWALL-01,False
ALT-CSE-01-00260,CSE-01,HIGH,2024-12-23T15:28:35,2024-12-23T15:36:30.562801,2024-12-23T17:58:54.912170,CLOSED,,ROUTER-01,False
ALT-CSE-01-00261,CSE-01,CRITICAL,2024-11-28T20:01:38,2024-11-28T20:13:55.114908,2024-11-28T20:54:28.205804,CLOSED,CAS-CSE-01-0071,ROUTER-01,False
ALT-CSE-01-00262,CSE-01,MEDIUM,2024-11-18T10:18:01,2024-11-18T10:29:35.716005,2024-11-18T12:08:17.273007,CLOSED,,ROUTER-01,False
ALT-CSE-01-00263,CSE-01,MEDIUM,2024-11-01T03:05:40,2024-11-01T03:15:31.618395,2024-11-01T05:51:32.281386,CLOSED,,ENDPOINT-01,False
ALT-CSE-01-00264,CSE-01,LOW,2024-11-27T21:07:30,2024-11-27T21:16:00.106465,2024-11-27T23:35:51.998428,CLOSED,,ROUTER-01,False
ALT-CSE-01-00265,CSE-01,HIGH,2024-12-06T12:21:14,2024-12-06T12:28:47.031344,2024-12-06T14:01:01.907688,CLOSED,,DB-SERVER-01,False
ALT-CSE-01-00266,CSE-01,HIGH,2024-10-07T13:18:22,2024-10-07T13:21:31.788671,2024-10-07T14:46:29.319827,CLOSED,,FIREWALL-01,False
ALT-CSE-01-00267,CSE-01,LOW,2024-11-14T01:09:22,2024-11-14T01:13:11.007958,2024-11-14T03:12:07.602632,CLOSED,,ROUTER-01,False
ALT-CSE-01-00268,CSE-01,LOW,2024-11-12T09:59:12,2024-11-12T10:00:39.015389,2024-11-12T12:02:34.956559,CLOSED,,ENDPOINT-01,False
ALT-CSE-01-00269,CSE-01,HIGH,2024-10-10T15:15:23,2024-10-10T15:20:24.736813,2024-10-10T16:04:01.497782,CLOSED,,FIREWALL-01,False
ALT-CSE-01-00270,CSE-01,MEDIUM,2024-10-12T08:24:42,2024-10-12T08:28:56.054407,2024-10-12T09:32:53.590619,CLOSED,,WEB-SERVER-01,False
ALT-CSE-01-00271,CSE-01,HIGH,2024-10-09T15:41:28,2024-10-09T15:46:15.982125,2024-10-09T18:13:24.883213,CLOSED,,ROUTER-01,False
ALT-CSE-01-00272,CSE-01,HIGH,2024-10-22T22:38:46,2024-10-22T22:47:45.566255,2024-10-23T00:02:44.480907,CLOSED,,ROUTER-01,False
ALT-CSE-01-00273,CSE-01,CRITICAL,2024-12-21T11:20:55,2024-12-21T11:33:19.940245,2024-12-21T12:17:46.668247,CLOSED,,DB-SERVER-01,False
ALT-CSE-01-00274,CSE-01,HIGH,2024-11-11T06:08:59,2024-11-11T06:10:03.962991,2024-11-11T07:58:39.231069,CLOSED,,WEB-SERVER-01,False
ALT-CSE-01-00275,CSE-01,HIGH,2024-12-11T09:57:50,2024-12-11T10:12:26.663740,2024-12-11T11:14:37.166875,CLOSED,,ENDPOINT-01,False
ALT-CSE-01-00276,CSE-01,MEDIUM,2024-12-21T05:07:57,2024-12-21T05:21:58.897419,2024-12-21T07:19:29.903131,CLOSED,,FIREWALL-01,False
ALT-CSE-01-00277,CSE-01,MEDIUM,2024-10-25T05:07:52,2024-10-25T05:13:12.971647,2024-10-25T08:47:25.458651,CLOSED,CAS-CSE-01-0072,DB-SERVER-01,False
ALT-CSE-01-00278,CSE-01,HIGH,2024-12-19T09:15:53,2024-12-19T09:19:37.455672,2024-12-19T10:30:26.523899,CLOSED,,FIREWALL-01,False
ALT-CSE-01-00279,CSE-01,MEDIUM,2024-12-24T16:14:13,2024-12-24T16:24:53.872949,2024-12-24T19:48:21.643720,CLOSED,,ENDPOINT-01,False
ALT-CSE-01-00280,CSE-01,MEDIUM,2024-11-10T22:14:42,2024-11-10T22:24:53.594477,2024-11-11T00:48:35.898232,CLOSED,,ENDPOINT-01,False
ALT-CSE-01-00281,CSE-01,MEDIUM,2024-12-08T04:38:55,2024-12-08T04:49:34.995215,2024-12-08T05:57:36.386202,CLOSED,,DB-SERVER-01,False
ALT-CSE-01-00282,CSE-01,HIGH,2024-11-02T14:22:23,2024-11-02T14:36:18.067386,2024-11-02T16:14:03.799482,CLOSED,,ENDPOINT-01,False
ALT-CSE-01-00283,CSE-01,MEDIUM,2024-10-03T12:26:54,2024-10-03T12:35:01.664060,2024-10-03T14:42:22.813745,CLOSED,,ROUTER-01,False
ALT-CSE-01-00284,CSE-01,MEDIUM,2024-10-13T21:57:32,2024-10-13T22:05:21.672918,2024-10-13T23:19:54.022035,CLOSED,,ROUTER-01,False
ALT-CSE-01-00285,CSE-01,HIGH,2024-12-29T05:53:43,2024-12-29T06:02:34.327887,2024-12-29T07:02:15.639759,CLOSED,,ENDPOINT-01,False
ALT-CSE-01-00286,CSE-01,LOW,2024-12-07T11:57:45,2024-12-07T12:07:23.083452,2024-12-07T13:26:11.667803,CLOSED,,ROUTER-01,False
ALT-CSE-01-00287,CSE-01,CRITICAL,2024-11-07T13:41:20,2024-11-07T13:53:57.434962,2024-11-07T14:18:49.529175,CLOSED,,ROUTER-01,False
ALT-CSE-01-00288,CSE-01,HIGH,2024-11-15T17:23:23,2024-11-15T17:33:27.647641,2024-11-15T19:55:39.950442,CLOSED,,DB-SERVER-01,False
ALT-CSE-01-00289,CSE-01,HIGH,2024-10-27T09:36:09,2024-10-27T09:48:06.458867,2024-10-27T11:37:36.082169,CLOSED,,ROUTER-01,False
ALT-CSE-01-00290,CSE-01,CRITICAL,2024-12-01T09:52:07,2024-12-01T09:53:15.391775,2024-12-01T10:28:29.653863,CLOSED,CAS-CSE-01-0073,WEB-SERVER-01,False
ALT-CSE-01-00291,CSE-01,CRITICAL,2024-12-14T19:30:20,2024-12-14T19:32:10.148937,2024-12-14T20:24:30.342570,CLOSED,CAS-CSE-01-0074,DB-SERVER-01,False
ALT-CSE-01-00292,CSE-01,CRITICAL,2024-12-15T11:35:19,2024-12-15T11:44:38.254032,2024-12-15T12:25:28.432504,CLOSED,,FIREWALL-01,False
ALT-CSE-01-00293,CSE-01,MEDIUM,2024-11-12T11:14:49,2024-11-12T11:29:37.433576,2024-11-12T13:04:25.928767,CLOSED,,DB-SERVER-01,False
ALT-CSE-01-00294,CSE-01,LOW,2024-11-28T05:07:59,2024-11-28T05:13:06.657446,2024-11-28T07:34:58.669928,CLOSED,,ENDPOINT-01,False
ALT-CSE-01-00295,CSE-01,MEDIUM,2024-10-09T06:47:26,2024-10-09T06:48:55.930784,2024-10-09T08:37:06.287193,CLOSED,,WEB-SERVER-01,False
ALT-CSE-01-00296,CSE-01,LOW,2024-11-28T12:44:06,2024-11-28T12:55:44.703105,2024-11-28T15:05:58.731609,CLOSED,,DB-SERVER-01,False
ALT-CSE-01-00297,CSE-01,HIGH,2024-12-07T10:55:13,2024-12-07T10:58:32.704202,2024-12-07T12:54:14.570650,CLOSED,,DB-SERVER-01,False
ALT-CSE-01-00298,CSE-01,LOW,2024-11-17T01:23:34,2024-11-17T01:30:22.764918,2024-11-17T03:59:11.394784,CLOSED,,ENDPOINT-01,False
ALT-CSE-01-00299,CSE-01,LOW,2024-11-19T06:50:45,2024-11-19T06:53:18.492071,2024-11-19T09:13:23.416907,CLOSED,,DB-SERVER-01,False
ALT-CSE-01-00300,CSE-01,CRITICAL,2024-12-29T00:09:05,2024-12-29T00:10:17.003485,2024-12-29T01:14:17.196042,CLOSED,CAS-CSE-01-0075,ENDPOINT-01,False
ALT-CSE-01-00301,CSE-01,MEDIUM,2024-11-15T08:25:35,2024-11-15T08:29:43.467520,2024-11-15T11:39:50.459150,CLOSED,,DB-SERVER-01,False
ALT-CSE-01-00302,CSE-01,MEDIUM,2024-12-02T09:25:59,2024-12-02T09:30:59.119454,2024-12-02T11:13:35.465174,CLOSED,CAS-CSE-01-0076,DB-SERVER-01,False
ALT-CSE-01-00303,CSE-01,HIGH,2024-10-25T03:46:58,2024-10-25T03:55:13.618811,2024-10-25T06:22:09.638191,CLOSED,,ENDPOINT-01,False
ALT-CSE-01-00304,CSE-01,HIGH,2024-11-10T09:55:07,2024-11-10T09:57:24.231210,2024-11-10T10:50:00.729249,CLOSED,,ROUTER-01,False
ALT-CSE-01-00305,CSE-01,HIGH,2024-12-20T20:51:03,2024-12-20T21:06:01.821650,2024-12-20T23:21:24.253812,CLOSED,,ENDPOINT-01,False
ALT-CSE-01-00306,CSE-01,MEDIUM,2024-12-14T07:21:33,2024-12-14T07:27:41.939606,2024-12-14T09:12:05.776976,CLOSED,,ROUTER-01,False
ALT-CSE-01-00307,CSE-01,MEDIUM,2024-10-31T03:23:58,2024-10-31T03:28:07.928884,2024-10-31T04:49:51.316403,CLOSED,,WEB-SERVER-01,False
ALT-CSE-01-00308,CSE-01,HIGH,2024-11-25T04:09:38,2024-11-25T04:20:20.352640,2024-11-25T06:46:55.257054,CLOSED,,ENDPOINT-01,False
ALT-CSE-01-00309,CSE-01,HIGH,2024-12-11T19:42:55,2024-12-11T19:44:13.910276,2024-12-11T20:05:36.269782,CLOSED,,WEB-SERVER-01,False
ALT-CSE-01-00310,CSE-01,LOW,2024-10-19T05:13:22,2024-10-19T05:18:48.925607,2024-10-19T07:26:58.674295,CLOSED,,ROUTER-01,False
ALT-CSE-01-00311,CSE-01,CRITICAL,2024-12-13T10:56:32,2024-12-13T11:08:24.110957,2024-12-13T11:48:43.807148,CLOSED,,WEB-SERVER-01,False
ALT-CSE-01-00312,CSE-01,MEDIUM,2024-12-16T23:18:16,2024-12-16T23:27:09.167556,2024-12-17T01:25:22.302555,CLOSED,,FIREWALL-01,False
ALT-CSE-01-00313,CSE-01,HIGH,2024-11-10T23:06:42,2024-11-10T23:08:45.961436,2024-11-11T01:24:35.678114,CLOSED,,DB-SERVER-01,False
ALT-CSE-01-00314,CSE-01,HIGH,2024-11-09T21:59:19,2024-11-09T22:04:51.378298,2024-11-09T23:09:30.773651,CLOSED,CAS-CSE-01-0077,FIREWALL-01,False
ALT-CSE-01-00315,CSE-01,MEDIUM,2024-10-11T13:27:53,2024-10-11T13:41:15.689290,2024-10-11T15:23:11.049974,CLOSED,,ROUTER-01,False
ALT-CSE-01-00316,CSE-01,MEDIUM,2024-10-29T16:32:47,2024-10-29T16:43:16.905558,2024-10-29T19:36:41.076883,CLOSED,,FIREWALL-01,False
ALT-CSE-01-00317,CSE-01,MEDIUM,2024-11-03T05:17:11,2024-11-03T05:22:21.377316,2024-11-03T07:45:23.298491,CLOSED,,DB-SERVER-01,False
ALT-CSE-01-00318,CSE-01,HIGH,2024-12-24T03:42:58,2024-12-24T03:47:33.364311,2024-12-24T06:14:44.347541,CLOSED,,DB-SERVER-01,False
ALT-CSE-01-00319,CSE-01,HIGH,2024-12-25T08:44:01,2024-12-25T08:45:01.258220,2024-12-25T10:10:38.613596,CLOSED,,FIREWALL-01,False
ALT-CSE-01-00320,CSE-01,MEDIUM,2024-10-14T19:33:11,2024-10-14T19:35:04.340967,2024-10-14T21:56:07.101562,CLOSED,,FIREWALL-01,False
ALT-CSE-01-00321,CSE-01,MEDIUM,2024-11-04T09:39:14,2024-11-04T09:45:37.693956,2024-11-04T11:28:08.637917,CLOSED,,ENDPOINT-01,False
ALT-CSE-01-00322,CSE-01,LOW,2024-11-17T00:24:20,2024-11-17T00:31:56.216552,2024-11-17T02:58:27.099146,CLOSED,,WEB-SERVER-01,False
ALT-CSE-01-00323,CSE-01,MEDIUM,2024-11-13T09:54:25,2024-11-13T10:01:54.013622,2024-11-13T11:50:04.822986,CLOSED,,ENDPOINT-01,False
ALT-CSE-01-00324,CSE-01,HIGH,2024-12-20T11:30:45,2024-12-20T11:43:53.898616,2024-12-20T12:33:20.083551,CLOSED,,ENDPOINT-01,False
ALT-CSE-01-00325,CSE-01,MEDIUM,2024-10-01T21:35:13,2024-10-01T21:47:45.010578,2024-10-01T23:23:20.144685,CLOSED,CAS-CSE-01-0078,WEB-SERVER-01,False
ALT-CSE-01-00326,CSE-01,HIGH,2024-12-02T09:07:01,2024-12-02T09:14:24.349345,2024-12-02T10:39:51.207572,CLOSED,CAS-CSE-01-0079,FIREWALL-01,False
ALT-CSE-01-00327,CSE-01,HIGH,2024-10-13T09:24:41,2024-10-13T09:28:57.401736,2024-10-13T10:59:41.220147,CLOSED,,DB-SERVER-01,False
ALT-CSE-01-00328,CSE-01,MEDIUM,2024-10-17T20:55:05,2024-10-17T21:07:43.779195,2024-10-17T22:37:08.609365,CLOSED,,FIREWALL-01,False
ALT-CSE-01-00329,CSE-01,MEDIUM,2024-12-03T09:28:33,2024-12-03T09:41:32.295553,2024-12-03T11:25:14.894218,CLOSED,,DB-SERVER-01,False
ALT-CSE-01-00330,CSE-01,MEDIUM,2024-12-08T23:08:09,2024-12-08T23:19:48.820961,2024-12-09T01:02:45.068223,CLOSED,,DB-SERVER-01,False
ALT-CSE-01-00331,CSE-01,HIGH,2024-11-13T06:15:04,2024-11-13T06:19:11.048159,2024-11-13T08:09:23.976514,CLOSED,,ENDPOINT-01,False
ALT-CSE-01-00332,CSE-01,LOW,2024-10-13T12:30:25,2024-10-13T12:44:02.305223,2024-10-13T14:36:45.586003,CLOSED,,WEB-SERVER-01,False
ALT-CSE-01-00333,CSE-01,MEDIUM,2024-11-30T17:12:45,2024-11-30T17:21:15.975654,2024-11-30T19:29:36.921291,CLOSED,,WEB-SERVER-01,False
ALT-CSE-01-00334,CSE-01,CRITICAL,2024-10-11T22:09:49,2024-10-11T22:21:07.875319,2024-10-11T23:00:26.243817,CLOSED,CAS-CSE-01-0080,WEB-SERVER-01,False
ALT-CSE-01-00335,CSE-01,MEDIUM,2024-12-08T07:39:12,2024-12-08T07:51:28.282343,2024-12-08T09:38:26.195522,CLOSED,,ROUTER-01,False
ALT-CSE-01-00336,CSE-01,MEDIUM,2024-11-28T06:53:01,2024-11-28T07:02:27.523635,2024-11-28T08:33:50.069652,CLOSED,,ROUTER-01,False
ALT-CSE-01-00337,CSE-01,LOW,2024-11-14T15:44:26,2024-11-14T15:58:28.608474,2024-11-14T16:55:16.282479,CLOSED,,DB-SERVER-01,False
ALT-CSE-01-00338,CSE-01,HIGH,2024-10-01T07:38:54,2024-10-01T07:42:20.972430,2024-10-01T09:13:28.380578,CLOSED,,WEB-SERVER-01,False
ALT-CSE-01-00339,CSE-01,CRITICAL,2024-10-05T16:25:59,2024-10-05T16:35:26.847036,2024-10-05T17:22:18.920450,CLOSED,CAS-CSE-01-0081,ENDPOINT-01,False
ALT-CSE-01-00340,CSE-01,LOW,2024-12-15T12:46:14,2024-12-15T13:00:02.407254,2024-12-15T15:19:28.935636,CLOSED,,ROUTER-01,False
ALT-CSE-01-00341,CSE-01,MEDIUM,2024-12-16T13:22:05,2024-12-16T13:30:57.123960,2024-12-16T15:43:33.068095,CLOSED,,ENDPOINT-01,False
ALT-CSE-01-00342,CSE-01,LOW,2024-10-17T23:23:23,2024-10-17T23:34:02.720541,2024-10-18T00:23:51.048896,CLOSED,,ROUTER-01,False
ALT-CSE-01-00343,CSE-01,MEDIUM,2024-12-13T15:49:35,2024-12-13T15:54:22.571458,2024-12-13T17:41:36.214604,CLOSED,,WEB-SERVER-01,False
ALT-CSE-01-00344,CSE-01,HIGH,2024-11-10T08:32:02,2024-11-10T08:46:22.740009,2024-11-10T10:21:09.827429,CLOSED,,ROUTER-01,False
ALT-CSE-01-00345,CSE-01,MEDIUM,2024-12-17T07:47:20,2024-12-17T07:48:59.524184,2024-12-17T10:02:30.292155,CLOSED,,FIREWALL-01,False
ALT-CSE-01-00346,CSE-01,HIGH,2024-11-18T02:24:25,2024-11-18T02:30:12.260814,2024-11-18T04:19:40.381659,CLOSED,,DB-SERVER-01,False
ALT-CSE-01-00347,CSE-01,MEDIUM,2024-10-04T21:43:05,2024-10-04T21:57:16.845550,2024-10-05T00:37:30.521034,CLOSED,,ROUTER-01,False
ALT-CSE-01-00348,CSE-01,CRITICAL,2024-11-01T09:51:34,2024-11-01T10:04:12.803618,2024-11-01T10:25:28.368351,CLOSED,CAS-CSE-01-0082,FIREWALL-01,False
ALT-CSE-01-00349,CSE-01,MEDIUM,2024-11-15T21:35:13,2024-11-15T21:48:47.351307,2024-11-15T23:58:12.275623,CLOSED,,WEB-SERVER-01,False
ALT-CSE-01-00350,CSE-01,MEDIUM,2024-11-17T14:50:34,2024-11-17T14:55:21.536178,2024-11-17T16:03:15.715212,CLOSED,,ROUTER-01,False
ALT-CSE-01-00351,CSE-01,CRITICAL,2024-12-02T06:05:12,2024-12-02T06:12:10.104750,2024-12-02T07:08:56.507382,CLOSED,,ROUTER-01,False
ALT-CSE-01-00352,CSE-01,CRITICAL,2024-11-02T17:52:23,2024-11-02T17:54:54.564010,2024-11-02T18:35:35.445068,CLOSED,CAS-CSE-01-0083,ENDPOINT-01,False
ALT-CSE-01-00353,CSE-01,LOW,2024-10-12T17:25:01,2024-10-12T17:37:09.985987,2024-10-12T20:31:53.073380,CLOSED,,ROUTER-01,False
ALT-CSE-01-00354,CSE-01,HIGH,2024-11-25T17:35:20,2024-11-25T17:41:23.824061,2024-11-25T20:01:24.889445,CLOSED,,WEB-SERVER-01,False
ALT-CSE-01-00355,CSE-01,LOW,2024-12-03T10:45:45,2024-12-03T10:53:42.253227,2024-12-03T13:42:09.590529,CLOSED,,ROUTER-01,False
ALT-CSE-01-00356,CSE-01,MEDIUM,2024-12-15T18:01:15,2024-12-15T18:05:18.942484,2024-12-15T19:20:51.050507,CLOSED,CAS-CSE-01-0084,ENDPOINT-01,False
ALT-CSE-01-00357,CSE-01,MEDIUM,2024-12-11T03:24:06,2024-12-11T03:31:20.835575,2024-12-11T05:38:04.759281,CLOSED,,WEB-SERVER-01,False
ALT-CSE-01-00358,CSE-01,MEDIUM,2024-10-09T13:47:26,2024-10-09T14:01:41.529285,2024-10-09T14:22:21.868363,CLOSED,,WEB-SERVER-01,False
ALT-CSE-01-00359,CSE-01,LOW,2024-10-04T15:51:06,2024-10-04T15:56:53.148945,2024-10-04T18:09:37.940960,CLOSED,CAS-CSE-01-0085,FIREWALL-01,False
ALT-CSE-01-00360,CSE-01,MEDIUM,2024-12-14T10:26:16,2024-12-14T10:38:00.201480,2024-12-14T12:13:42.208647,CLOSED,,FIREWALL-01,False
ALT-CSE-01-00361,CSE-01,MEDIUM,2024-10-15T22:20:27,2024-10-15T22:33:47.459706,2024-10-16T00:14:12.692020,CLOSED,,FIREWALL-01,False
ALT-CSE-01-00362,CSE-01,MEDIUM,2024-12-04T10:50:53,2024-12-04T11:03:43.674819,2024-12-04T12:39:28.210756,CLOSED,,ENDPOINT-01,False
ALT-CSE-01-00363,CSE-01,HIGH,2024-12-02T07:28:06,2024-12-02T07:42:17.228668,2024-12-02T09:23:32.740905,CLOSED,,ROUTER-01,False
ALT-CSE-01-00364,CSE-01,HIGH,2024-12-02T08:23:15,2024-12-02T08:28:20.025654,2024-12-02T10:13:49.222229,CLOSED,,DB-SERVER-01,False
ALT-CSE-01-00365,CSE-01,CRITICAL,2024-10-12T02:26:32,2024-10-12T02:35:38.250678,2024-10-12T03:18:21.238507,CLOSED,CAS-CSE-01-0086,WEB-SERVER-01,False
ALT-CSE-01-00366,CSE-01,LOW,2024-11-18T21:54:19,2024-11-18T21:59:28.967784,2024-11-19T00:39:10.874985,CLOSED,,WEB-SERVER-01,False
ALT-CSE-01-00367,CSE-01,LOW,2024-11-04T05:21:26,2024-11-04T05:34:03.348780,2024-11-04T06:39:33.355863,CLOSED,,ROUTER-01,False
ALT-CSE-01-00368,CSE-01,LOW,2024-12-06T14:25:03,2024-12-06T14:36:53.764357,2024-12-06T16:39:55.860561,CLOSED,,ROUTER-01,False
ALT-CSE-01-00369,CSE-01,CRITICAL,2024-11-23T15:08:58,2024-11-23T15:14:33.562829,2024-11-23T15:52:48.117169,CLOSED,CAS-CSE-01-0087,ENDPOINT-01,False
ALT-CSE-01-00370,CSE-01,MEDIUM,2024-10-19T09:01:17,2024-10-19T09:15:36.148307,2024-10-19T11:12:16.808508,CLOSED,,DB-SERVER-01,False
ALT-CSE-01-00371,CSE-01,MEDIUM,2024-12-15T22:27:37,2024-12-15T22:34:14.486222,2024-12-16T00:02:41.798659,CLOSED,,ROUTER-01,False
ALT-CSE-01-00372,CSE-01,CRITICAL,2024-11-27T10:29:31,2024-11-27T10:32:06.432543,2024-11-27T11:26:03.519802,CLOSED,CAS-CSE-01-0088,FIREWALL-01,False
ALT-CSE-01-00373,CSE-01,MEDIUM,2024-11-19T23:22:57,2024-11-19T23:26:22.264235,2024-11-20T03:00:53.870560,CLOSED,,WEB-SERVER-01,False
ALT-CSE-01-00374,CSE-01,LOW,2024-12-04T04:06:11,2024-12-04T04:19:48.399641,2024-12-04T05:28:59.855400,CLOSED,,ENDPOINT-01,False
ALT-CSE-01-00375,CSE-01,MEDIUM,2024-10-23T09:54:41,2024-10-23T10:02:03.883548,2024-10-23T10:55:50.453583,CLOSED,,DB-SERVER-01,False
ALT-CSE-01-00376,CSE-01,CRITICAL,2024-12-24T11:11:52,2024-12-24T11:13:13.569347,2024-12-24T12:04:53.982894,CLOSED,,ROUTER-01,False
ALT-CSE-01-00377,CSE-01,MEDIUM,2024-12-21T16:11:38,2024-12-21T16:21:41.940710,2024-12-21T18:53:45.436517,CLOSED,,DB-SERVER-01,False
ALT-CSE-01-00378,CSE-01,LOW,2024-12-25T07:18:45,2024-12-25T07:26:00.817016,2024-12-25T10:05:05.903566,CLOSED,,FIREWALL-01,False
ALT-CSE-01-00379,CSE-01,LOW,2024-10-27T05:24:13,2024-10-27T05:28:12.416796,2024-10-27T07:40:01.846558,CLOSED,,WEB-SERVER-01,False
ALT-CSE-01-00380,CSE-01,HIGH,2024-10-06T14:06:11,2024-10-06T14:09:44.190453,2024-10-06T16:30:52.637943,CLOSED,,ROUTER-01,False
ALT-CSE-01-00381,CSE-01,HIGH,2024-12-11T13:29:20,2024-12-11T13:36:25.852510,2024-12-11T15:32:43.413669,CLOSED,,FIREWALL-01,False
ALT-CSE-01-00382,CSE-01,MEDIUM,2024-11-18T08:30:27,2024-11-18T08:32:59.955324,2024-11-18T11:28:35.774828,CLOSED,,DB-SERVER-01,False
ALT-CSE-01-00383,CSE-01,HIGH,2024-11-10T06:20:23,2024-11-10T06:33:25.618103,2024-11-10T08:55:04.987534,CLOSED,CAS-CSE-01-0089,ROUTER-01,False
ALT-CSE-01-00384,CSE-01,MEDIUM,2024-10-23T18:56:11,2024-10-23T19:04:24.402660,2024-10-23T20:39:09.674114,CLOSED,,FIREWALL-01,False
ALT-CSE-01-00385,CSE-01,CRITICAL,2024-11-09T07:40:51,2024-11-09T07:47:44.296515,2024-11-09T08:54:25.370744,CLOSED,CAS-CSE-01-0090,ROUTER-01,False
ALT-CSE-01-00386,CSE-01,MEDIUM,2024-12-11T06:43:39,2024-12-11T06:52:37.336050,2024-12-11T09:45:30.148986,CLOSED,,FIREWALL-01,False
ALT-CSE-01-00387,CSE-01,CRITICAL,2024-11-27T07:46:40,2024-11-27T08:00:32.824006,2024-11-27T08:24:54.652469,CLOSED,CAS-CSE-01-0091,ROUTER-01,False
ALT-CSE-01-00388,CSE-01,MEDIUM,2024-10-16T02:55:15,2024-10-16T03:07:45.287163,2024-10-16T04:04:26.192669,CLOSED,,WEB-SERVER-01,False
ALT-CSE-01-00389,CSE-01,HIGH,2024-10-13T17:35:29,2024-10-13T17:40:21.581656,2024-10-13T20:05:30.563058,CLOSED,,DB-SERVER-01,False
ALT-CSE-01-00390,CSE-01,LOW,2024-11-12T04:35:06,2024-11-12T04:43:31.453452,2024-11-12T05:39:12.990598,CLOSED,,ROUTER-01,False
ALT-CSE-01-00391,CSE-01,HIGH,2024-12-06T20:21:02,2024-12-06T20:35:59.755967,2024-12-06T21:45:49.388336,CLOSED,,DB-SERVER-01,False
ALT-CSE-01-00392,CSE-01,HIGH,2024-10-26T20:12:02,2024-10-26T20:21:38.349419,2024-10-26T22:19:58.409933,CLOSED,,FIREWALL-01,False
ALT-CSE-01-00393,CSE-01,CRITICAL,2024-10-12T16:22:31,2024-10-12T16:29:12.928099,2024-10-12T17:05:23.291511,CLOSED,CAS-CSE-01-0092,DB-SERVER-01,False
ALT-CSE-01-00394,CSE-01,CRITICAL,2024-12-17T12:43:28,2024-12-17T12:49:27.308865,2024-12-17T13:31:50.702257,CLOSED,CAS-CSE-01-0093,DB-SERVER-01,False
ALT-CSE-01-00395,CSE-01,HIGH,2024-11-18T06:06:10,2024-11-18T06:19:19.701706,2024-11-18T08:36:21.558857,CLOSED,,ROUTER-01,False
ALT-CSE-01-00396,CSE-01,CRITICAL,2024-10-05T06:01:21,2024-10-05T06:16:15.821865,2024-10-05T07:02:44.326360,CLOSED,CAS-CSE-01-0094,DB-SERVER-01,False
ALT-CSE-01-00397,CSE-01,MEDIUM,2024-10-13T23:30:28,2024-10-13T23:44:21.480415,2024-10-14T02:07:35.393336,CLOSED,,ENDPOINT-01,False
ALT-CSE-01-00398,CSE-01,MEDIUM,2024-10-21T05:38:55,2024-10-21T05:47:14.607973,2024-10-21T07:04:18.982308,CLOSED,,FIREWALL-01,False
ALT-CSE-01-00399,CSE-01,MEDIUM,2024-11-08T15:10:05,2024-11-08T15:17:52.944049,2024-11-08T18:38:08.572518,CLOSED,,ENDPOINT-01,False
ALT-CSE-01-00400,CSE-01,LOW,2024-12-04T06:20:31,2024-12-04T06:24:43.779185,2024-12-04T07:05:03.257830,CLOSED,,ROUTER-01,False
ALT-CSE-01-00401,CSE-01,CRITICAL,2024-10-25T06:39:42,2024-10-25T06:45:23.754424,2024-10-25T07:00:39.646236,CLOSED,CAS-CSE-01-0095,ENDPOINT-01,False
ALT-CSE-01-00402,CSE-01,HIGH,2024-10-21T23:41:29,2024-10-21T23:54:49.317956,2024-10-22T01:11:06.782429,CLOSED,,WEB-SERVER-01,False
ALT-CSE-01-00403,CSE-01,HIGH,2024-11-19T17:30:00,2024-11-19T17:42:52.848700,2024-11-19T18:52:23.511776,CLOSED,,WEB-SERVER-01,False
ALT-CSE-01-00404,CSE-01,MEDIUM,2024-12-28T15:41:51,2024-12-28T15:51:35.368393,2024-12-28T16:28:36.479400,CLOSED,,FIREWALL-01,False
ALT-CSE-01-00405,CSE-01,HIGH,2024-12-18T09:17:28,2024-12-18T09:26:49.155431,2024-12-18T11:47:31.149830,CLOSED,,FIREWALL-01,False
ALT-CSE-01-00406,CSE-01,LOW,2024-10-06T02:20:59,2024-10-06T02:35:08.710364,2024-10-06T04:12:40.111617,CLOSED,,WEB-SERVER-01,False
ALT-CSE-01-00407,CSE-01,CRITICAL,2024-10-25T12:58:10,2024-10-25T13:05:14.835043,2024-10-25T13:41:12.979727,CLOSED,,DB-SERVER-01,False
ALT-CSE-01-00408,CSE-01,HIGH,2024-11-27T18:07:28,2024-11-27T18:20:39.226621,2024-11-27T19:32:35.702379,CLOSED,,WEB-SERVER-01,False
ALT-CSE-01-00409,CSE-01,MEDIUM,2024-12-28T14:23:38,2024-12-28T14:36:53.263575,2024-12-28T16:47:54.492723,CLOSED,,WEB-SERVER-01,False
ALT-CSE-01-00410,CSE-01,HIGH,2024-10-02T06:41:10,2024-10-02T06:42:14.845494,2024-10-02T08:18:16.928735,CLOSED,,ROUTER-01,False
ALT-CSE-01-00411,CSE-01,MEDIUM,2024-11-13T12:33:19,2024-11-13T12:42:14.607116,2024-11-13T14:49:17.548247,CLOSED,,ROUTER-01,False
ALT-CSE-01-00412,CSE-01,CRITICAL,2024-10-07T08:15:47,2024-10-07T08:17:53.948840,2024-10-07T08:58:57.630188,CLOSED,CAS-CSE-01-0096,FIREWALL-01,False
ALT-CSE-01-00413,CSE-01,LOW,2024-11-28T00:43:02,2024-11-28T00:51:54.664126,2024-11-28T02:08:37.650853,CLOSED,,WEB-SERVER-01,False
ALT-CSE-01-00414,CSE-01,CRITICAL,2024-11-07T06:10:46,2024-11-07T06:24:19.668794,2024-11-07T06:56:23.271159,CLOSED,CAS-CSE-01-0097,ENDPOINT-01,False
ALT-CSE-01-00415,CSE-01,HIGH,2024-11-27T23:54:17,2024-11-27T23:57:27.943179,2024-11-28T01:57:36.031310,CLOSED,,DB-SERVER-01,False
ALT-CSE-01-00416,CSE-01,MEDIUM,2024-11-18T12:33:46,2024-11-18T12:42:49.571511,2024-11-18T13:49:53.324671,CLOSED,,ENDPOINT-01,False
ALT-CSE-01-00417,CSE-01,LOW,2024-11-17T14:17:46,2024-11-17T14:20:38.019649,2024-11-17T16:18:05.275209,CLOSED,,WEB-SERVER-01,False
ALT-CSE-01-00418,CSE-01,LOW,2024-11-14T11:43:35,2024-11-14T11:57:54.224155,2024-11-14T13:54:26.861642,CLOSED,,WEB-SERVER-01,False
ALT-CSE-01-00419,CSE-01,HIGH,2024-10-03T10:43:40,2024-10-03T10:55:05.631848,2024-10-03T12:34:48.195266,CLOSED,,FIREWALL-01,False
ALT-CSE-01-00420,CSE-01,MEDIUM,2024-10-02T02:16:56,2024-10-02T02:31:09.680892,2024-10-02T03:17:45.265606,CLOSED,,ROUTER-01,False
ALT-CSE-01-00421,CSE-01,LOW,2024-12-02T11:58:54,2024-12-02T12:04:42.700255,2024-12-02T13:09:45.678512,CLOSED,CAS-CSE-01-0098,FIREWALL-01,False
ALT-CSE-01-00422,CSE-01,MEDIUM,2024-11-04T22:37:11,2024-11-04T22:38:22.951690,2024-11-04T23:48:12.524854,CLOSED,,ENDPOINT-01,False
ALT-CSE-01-00423,CSE-01,MEDIUM,2024-11-15T04:20:29,2024-11-15T04:21:40.118463,2024-11-15T05:15:37.000954,CLOSED,CAS-CSE-01-0099,ENDPOINT-01,False
ALT-CSE-01-00424,CSE-01,CRITICAL,2024-10-21T02:33:49,2024-10-21T02:41:06.658083,2024-10-21T03:16:49.405927,CLOSED,CAS-CSE-01-0100,FIREWALL-01,False
ALT-CSE-01-00425,CSE-01,LOW,2024-10-19T16:18:08,2024-10-19T16:24:54.657014,2024-10-19T17:33:21.336867,CLOSED,,ROUTER-01,False
ALT-CSE-01-00426,CSE-01,HIGH,2024-12-01T04:14:34,2024-12-01T04:17:05.557319,2024-12-01T06:36:53.203507,CLOSED,,ENDPOINT-01,False
ALT-CSE-01-00427,CSE-01,HIGH,2024-11-09T18:28:45,2024-11-09T18:40:35.102008,2024-11-09T18:55:05.404114,CLOSED,,ENDPOINT-01,False
ALT-CSE-01-00428,CSE-01,CRITICAL,2024-12-04T11:16:20,2024-12-04T11:25:52.008719,2024-12-04T12:05:45.440807,CLOSED,,ENDPOINT-01,False
ALT-CSE-01-00429,CSE-01,MEDIUM,2024-11-14T20:55:23,2024-11-14T21:02:32.173675,2024-11-14T22:41:19.237792,CLOSED,,ENDPOINT-01,False
ALT-CSE-01-00430,CSE-01,HIGH,2024-12-15T06:34:41,2024-12-15T06:38:57.291183,2024-12-15T07:54:13.275815,CLOSED,,ROUTER-01,False
ALT-CSE-01-00431,CSE-01,MEDIUM,2024-10-10T13:12:26,2024-10-10T13:15:45.637065,2024-10-10T14:33:50.469999,CLOSED,,ROUTER-01,False
ALT-CSE-01-00432,CSE-01,MEDIUM,2024-10-11T02:36:00,2024-10-11T02:40:37.132085,2024-10-11T04:50:30.148547,CLOSED,,DB-SERVER-01,False
ALT-CSE-01-00433,CSE-01,MEDIUM,2024-11-09T09:44:41,2024-11-09T09:46:28.847360,2024-11-09T10:55:20.507305,CLOSED,CAS-CSE-01-0101,ENDPOINT-01,False
ALT-CSE-01-00434,CSE-01,HIGH,2024-12-10T20:03:36,2024-12-10T20:16:56.967046,2024-12-10T21:34:57.116226,CLOSED,,WEB-SERVER-01,False
ALT-CSE-01-00435,CSE-01,LOW,2024-11-09T09:47:48,2024-11-09T09:52:23.340785,2024-11-09T12:27:58.658617,CLOSED,,DB-SERVER-01,False
ALT-CSE-01-00436,CSE-01,HIGH,2024-10-05T19:35:46,2024-10-05T19:41:44.546735,2024-10-05T22:03:30.409677,CLOSED,,DB-SERVER-01,False
ALT-CSE-01-00437,CSE-01,CRITICAL,2024-11-09T03:23:33,2024-11-09T03:26:17.503006,2024-11-09T04:09:03.417977,CLOSED,CAS-CSE-01-0102,FIREWALL-01,False
ALT-CSE-01-00438,CSE-01,CRITICAL,2024-10-20T11:34:54,2024-10-20T11:44:08.323270,2024-10-20T12:23:41.981738,CLOSED,CAS-CSE-01-0103,ENDPOINT-01,False
ALT-CSE-01-00439,CSE-01,HIGH,2024-10-02T23:09:39,2024-10-02T23:17:46.836963,2024-10-02T23:47:43.593432,CLOSED,,FIREWALL-01,False
ALT-CSE-01-00440,CSE-01,HIGH,2024-10-14T04:53:45,2024-10-14T04:57:21.992991,2024-10-14T06:32:31.340668,CLOSED,,ENDPOINT-01,False
ALT-CSE-01-00441,CSE-01,CRITICAL,2024-10-21T04:34:52,2024-10-21T04:43:47.155661,2024-10-21T05:19:04.268729,CLOSED,CAS-CSE-01-0104,DB-SERVER-01,False
ALT-CSE-01-00442,CSE-01,LOW,2024-12-26T04:36:28,2024-12-26T04:41:37.818501,2024-12-26T07:02:22.028937,CLOSED,,DB-SERVER-01,False
ALT-CSE-01-00443,CSE-01,HIGH,2024-11-13T09:48:03,2024-11-13T10:01:17.779542,2024-11-13T11:58:27.807121,CLOSED,,FIREWALL-01,False
ALT-CSE-01-00444,CSE-01,MEDIUM,2024-12-02T23:02:45,2024-12-02T23:04:09.699174,2024-12-03T01:03:41.309448,CLOSED,,ROUTER-01,False
ALT-CSE-01-00445,CSE-01,LOW,2024-11-21T04:41:07,2024-11-21T04:48:00.993159,2024-11-21T06:30:21.971928,CLOSED,,WEB-SERVER-01,False
ALT-CSE-01-00446,CSE-01,HIGH,2024-12-26T19:54:55,2024-12-26T20:01:55.833270,2024-12-26T20:23:58.634079,CLOSED,,WEB-SERVER-01,False
ALT-CSE-01-00447,CSE-01,MEDIUM,2024-12-17T14:32:29,2024-12-17T14:36:40.224504,2024-12-17T15:58:13.493738,CLOSED,,ENDPOINT-01,False
ALT-CSE-01-00448,CSE-01,MEDIUM,2024-12-04T16:14:54,2024-12-04T16:21:19.809218,2024-12-04T19:18:05.313678,CLOSED,,DB-SERVER-01,False
ALT-CSE-01-00449,CSE-01,MEDIUM,2024-12-10T19:33:12,2024-12-10T19:38:12.923869,2024-12-10T20:48:08.208043,CLOSED,,FIREWALL-01,False
ALT-CSE-01-00450,CSE-01,MEDIUM,2024-11-22T03:39:13,2024-11-22T03:41:46.518516,2024-11-22T05:56:45.231382,CLOSED,,FIREWALL-01,False
ALT-CSE-01-00451,CSE-01,CRITICAL,2024-12-26T11:10:18,2024-12-26T11:19:23.589326,2024-12-26T12:06:03.126078,CLOSED,CAS-CSE-01-0105,ROUTER-01,False
ALT-CSE-01-00452,CSE-01,MEDIUM,2024-11-25T01:45:47,2024-11-25T02:00:44.888505,2024-11-25T03:43:10.135055,CLOSED,,ENDPOINT-01,False
ALT-CSE-01-00453,CSE-01,MEDIUM,2024-10-29T06:05:46,2024-10-29T06:11:05.555503,2024-10-29T08:19:24.192379,CLOSED,,FIREWALL-01,False
ALT-CSE-01-00454,CSE-01,MEDIUM,2024-10-16T09:02:57,2024-10-16T09:04:53.249137,2024-10-16T11:17:22.288513,CLOSED,,ENDPOINT-01,False
ALT-CSE-01-00455,CSE-01,LOW,2024-11-10T08:12:19,2024-11-10T08:14:34.267919,2024-11-10T10:14:08.054747,CLOSED,,FIREWALL-01,False
ALT-CSE-01-00456,CSE-01,LOW,2024-12-25T01:51:29,2024-12-25T02:05:58.243823,2024-12-25T03:15:37.508171,CLOSED,,DB-SERVER-01,False
ALT-CSE-01-00457,CSE-01,HIGH,2024-11-03T17:48:21,2024-11-03T18:02:23.723203,2024-11-03T20:15:56.043422,CLOSED,CAS-CSE-01-0106,FIREWALL-01,False
ALT-CSE-01-00458,CSE-01,HIGH,2024-12-22T17:55:45,2024-12-22T18:10:42.795673,2024-12-22T19:09:13.953790,CLOSED,,ROUTER-01,False
ALT-CSE-01-00459,CSE-01,MEDIUM,2024-12-22T02:11:57,2024-12-22T02:19:43.881219,2024-12-22T03:49:13.123390,CLOSED,,ENDPOINT-01,False
ALT-CSE-01-00460,CSE-01,HIGH,2024-10-27T00:24:53,2024-10-27T00:36:12.055912,2024-10-27T02:40:34.630684,CLOSED,,ROUTER-01,False
ALT-CSE-01-00461,CSE-01,CRITICAL,2024-12-11T21:32:07,2024-12-11T21:38:54.241428,2024-12-11T22:13:45.204735,CLOSED,CAS-CSE-01-0107,DB-SERVER-01,False
ALT-CSE-01-00462,CSE-01,HIGH,2024-12-23T04:16:44,2024-12-23T04:28:18.936743,2024-12-23T05:45:51.099209,CLOSED,,ENDPOINT-01,False
ALT-CSE-01-00463,CSE-01,MEDIUM,2024-12-12T01:22:02,2024-12-12T01:33:46.041250,2024-12-12T03:45:23.504289,CLOSED,,WEB-SERVER-01,False
ALT-CSE-01-00464,CSE-01,HIGH,2024-11-01T14:10:26,2024-11-01T14:16:13.708252,2024-11-01T16:50:28.240147,CLOSED,,ENDPOINT-01,False
ALT-CSE-01-00465,CSE-01,MEDIUM,2024-11-29T20:36:14,2024-11-29T20:48:09.155610,2024-11-29T22:43:31.434251,CLOSED,,WEB-SERVER-01,False
ALT-CSE-01-00466,CSE-01,HIGH,2024-12-10T21:15:00,2024-12-10T21:21:14.221532,2024-12-10T22:15:30.276776,CLOSED,,FIREWALL-01,False
ALT-CSE-01-00467,CSE-01,LOW,2024-11-03T17:50:25,2024-11-03T17:57:07.831495,2024-11-03T19:37:37.345104,CLOSED,,ENDPOINT-01,False
ALT-CSE-01-00468,CSE-01,HIGH,2024-10-15T15:57:54,2024-10-15T16:09:39.267308,2024-10-15T16:57:46.543163,CLOSED,,DB-SERVER-01,False
ALT-CSE-01-00469,CSE-01,HIGH,2024-11-10T01:11:12,2024-11-10T01:23:52.503740,2024-11-10T03:29:44.864764,CLOSED,,ROUTER-01,False
ALT-CSE-01-00470,CSE-01,CRITICAL,2024-12-11T00:36:40,2024-12-11T00:43:53.927883,2024-12-11T01:39:58.455127,CLOSED,CAS-CSE-01-0108,ENDPOINT-01,False
ALT-CSE-01-00471,CSE-01,LOW,2024-10-04T19:00:28,2024-10-04T19:12:55.942916,2024-10-04T21:28:37.351116,CLOSED,,ENDPOINT-01,False
ALT-CSE-01-00472,CSE-01,MEDIUM,2024-11-23T17:14:49,2024-11-23T17:16:38.105420,2024-11-23T17:36:21.416013,CLOSED,,FIREWALL-01,False
ALT-CSE-01-00473,CSE-01,HIGH,2024-10-23T14:23:23,2024-10-23T14:31:41.453394,2024-10-23T16:12:53.931142,CLOSED,,FIREWALL-01,False
ALT-CSE-01-00474,CSE-01,LOW,2024-10-21T12:24:02,2024-10-21T12:30:07.872501,2024-10-21T14:11:39.256515,CLOSED,,WEB-SERVER-01,False
ALT-CSE-01-00475,CSE-01,CRITICAL,2024-10-01T07:22:27,2024-10-01T07:28:44.956437,2024-10-01T08:13:33.598598,CLOSED,CAS-CSE-01-0109,DB-SERVER-01,False
ALT-CSE-01-00476,CSE-01,MEDIUM,2024-11-08T18:57:56,2024-11-08T19:03:30.885747,2024-11-08T21:22:18.550531,CLOSED,,ENDPOINT-01,False
ALT-CSE-01-00477,CSE-01,HIGH,2024-12-08T14:48:45,2024-12-08T15:00:13.905875,2024-12-08T15:43:31.898732,CLOSED,,ROUTER-01,False
ALT-CSE-01-00478,CSE-01,MEDIUM,2024-12-09T07:15:23,2024-12-09T07:21:36.240991,2024-12-09T08:12:44.988809,CLOSED,,FIREWALL-01,False
ALT-CSE-01-00479,CSE-01,LOW,2024-11-19T20:35:45,2024-11-19T20:38:27.392328,2024-11-19T21:55:40.660651,CLOSED,,WEB-SERVER-01,False
ALT-CSE-01-00480,CSE-01,HIGH,2024-11-03T03:20:40,2024-11-03T03:24:33.925101,2024-11-03T05:13:24.983496,CLOSED,,ENDPOINT-01,False
ALT-CSE-01-00481,CSE-01,HIGH,2024-12-03T15:26:38,2024-12-03T15:37:36.106185,2024-12-03T17:04:45.283611,CLOSED,,FIREWALL-01,False
ALT-CSE-01-00482,CSE-01,MEDIUM,2024-10-31T03:07:44,2024-10-31T03:22:11.448996,2024-10-31T04:38:51.835264,CLOSED,,DB-SERVER-01,False
ALT-CSE-01-00483,CSE-01,MEDIUM,2024-12-17T05:13:58,2024-12-17T05:20:58.550317,2024-12-17T06:34:59.758254,CLOSED,,FIREWALL-01,False
ALT-CSE-01-00484,CSE-01,HIGH,2024-11-07T22:52:03,2024-11-07T23:00:37.618168,2024-11-08T00:31:41.749155,CLOSED,,ROUTER-01,False
ALT-CSE-01-00485,CSE-01,MEDIUM,2024-10-10T08:18:33,2024-10-10T08:26:36.995220,2024-10-10T09:07:10.348576,CLOSED,CAS-CSE-01-0110,WEB-SERVER-01,False
ALT-CSE-01-00486,CSE-01,CRITICAL,2024-12-28T09:56:31,2024-12-28T10:01:28.070701,2024-12-28T10:41:21.708498,CLOSED,CAS-CSE-01-0111,DB-SERVER-01,False
ALT-CSE-01-00487,CSE-01,LOW,2024-10-06T07:18:05,2024-10-06T07:31:00.213078,2024-10-06T09:50:19.557367,CLOSED,,ROUTER-01,False
ALT-CSE-01-00488,CSE-01,LOW,2024-10-19T03:10:29,2024-10-19T03:17:39.283007,2024-10-19T04:26:22.146070,CLOSED,,ENDPOINT-01,False
ALT-CSE-01-00489,CSE-01,LOW,2024-12-03T09:17:11,2024-12-03T09:26:03.749641,2024-12-03T09:46:44.940514,CLOSED,,FIREWALL-01,False
ALT-CSE-01-00490,CSE-01,LOW,2024-10-11T06:24:28,2024-10-11T06:31:53.278635,2024-10-11T08:55:27.705890,CLOSED,,WEB-SERVER-01,False
ALT-CSE-01-00491,CSE-01,LOW,2024-11-01T15:31:41,2024-11-01T15:40:47.577331,2024-11-01T17:26:14.090851,CLOSED,,ENDPOINT-01,False
ALT-CSE-01-00492,CSE-01,LOW,2024-12-12T01:27:16,2024-12-12T01:37:25.932380,2024-12-12T03:50:01.142188,CLOSED,,DB-SERVER-01,False
ALT-CSE-01-00493,CSE-01,CRITICAL,2024-11-17T23:27:48,2024-11-17T23:41:50.152116,2024-11-17T23:57:37.488103,CLOSED,CAS-CSE-01-0112,ENDPOINT-01,False
ALT-CSE-01-00494,CSE-01,CRITICAL,2024-10-06T14:59:47,2024-10-06T15:09:47.880662,2024-10-06T16:03:48.384707,CLOSED,CAS-CSE-01-0113,FIREWALL-01,False
ALT-CSE-01-00495,CSE-01,LOW,2024-10-22T18:05:46,2024-10-22T18:11:02.274071,2024-10-22T20:46:36.670684,CLOSED,,WEB-SERVER-01,False
ALT-CSE-01-00496,CSE-01,MEDIUM,2024-11-30T23:03:41,2024-11-30T23:13:11.773826,2024-12-01T00:59:53.485010,CLOSED,,FIREWALL-01,False
ALT-CSE-01-00497,CSE-01,LOW,2024-11-18T09:37:08,2024-11-18T09:39:00.059952,2024-11-18T11:04:42.658416,CLOSED,,WEB-SERVER-01,False
ALT-CSE-01-00498,CSE-01,HIGH,2024-10-30T17:05:43,2024-10-30T17:11:02.539631,2024-10-30T18:58:26.978064,CLOSED,,ROUTER-01,False
ALT-CSE-01-00499,CSE-01,HIGH,2024-11-15T20:13:59,2024-11-15T20:18:29.871341,2024-11-15T22:49:56.328485,CLOSED,,ROUTER-01,False
ALT-CSE-01-00500,CSE-01,MEDIUM,2024-12-20T19:56:52,2024-12-20T20:11:28.129163,2024-12-20T22:12:29.951869,CLOSED,,FIREWALL-01,False
ALT-CSE-01-00501,CSE-01,CRITICAL,2024-10-24T03:07:04,2024-10-24T03:16:01.219365,2024-10-24T03:59:39.553050,CLOSED,,DB-SERVER-01,False
ALT-CSE-01-00502,CSE-01,HIGH,2024-10-12T10:11:27,2024-10-12T10:23:57.063102,2024-10-12T11:43:59.276186,CLOSED,,ROUTER-01,False
ALT-CSE-01-00503,CSE-01,LOW,2024-10-01T23:47:21,2024-10-01T23:53:35.826676,2024-10-02T01:26:19.414773,CLOSED,,ENDPOINT-01,False
ALT-CSE-01-00504,CSE-01,MEDIUM,2024-10-20T20:59:54,2024-10-20T21:14:30.528951,2024-10-20T22:49:27.146303,CLOSED,,ROUTER-01,False
ALT-CSE-01-00505,CSE-01,HIGH,2024-12-09T12:54:22,2024-12-09T12:56:32.056687,2024-12-09T14:11:53.593484,CLOSED,CAS-CSE-01-0114,FIREWALL-01,False
ALT-CSE-01-00506,CSE-01,HIGH,2024-10-06T01:12:27,2024-10-06T01:24:29.473722,2024-10-06T03:22:14.010632,CLOSED,,WEB-SERVER-01,False
ALT-CSE-01-00507,CSE-01,MEDIUM,2024-12-21T14:37:01,2024-12-21T14:49:56.968743,2024-12-21T17:32:18.340322,CLOSED,,ROUTER-01,False
ALT-CSE-01-00508,CSE-01,CRITICAL,2024-12-23T10:06:37,2024-12-23T10:19:21.220666,2024-12-23T10:47:48.012667,CLOSED,CAS-CSE-01-0115,ENDPOINT-01,False
ALT-CSE-01-00509,CSE-01,HIGH,2024-12-12T15:39:48,2024-12-12T15:50:58.755897,2024-12-12T18:46:56.870402,CLOSED,,WEB-SERVER-01,False
ALT-CSE-01-00510,CSE-01,CRITICAL,2024-12-21T15:44:16,2024-12-21T15:46:49.029327,2024-12-21T16:22:04.218738,CLOSED,CAS-CSE-01-0116,FIREWALL-01,False
ALT-CSE-01-00511,CSE-01,HIGH,2024-10-21T11:36:57,2024-10-21T11:38:50.486335,2024-10-21T14:20:32.850637,CLOSED,,WEB-SERVER-01,False
ALT-CSE-01-00512,CSE-01,LOW,2024-10-17T19:13:03,2024-10-17T19:16:31.584590,2024-10-17T21:04:32.402587,CLOSED,,ENDPOINT-01,False
ALT-CSE-01-00513,CSE-01,HIGH,2024-11-18T22:48:37,2024-11-18T22:50:36.905168,2024-11-19T00:08:29.946384,CLOSED,,FIREWALL-01,False
ALT-CSE-01-00514,CSE-01,MEDIUM,2024-11-16T05:11:14,2024-11-16T05:12:50.720035,2024-11-16T05:16:20.481790,CLOSED,,DB-SERVER-01,False
ALT-CSE-01-00515,CSE-01,LOW,2024-12-07T23:31:13,2024-12-07T23:39:25.531932,2024-12-08T00:47:34.044749,CLOSED,,DB-SERVER-01,False
ALT-CSE-01-00516,CSE-01,LOW,2024-12-28T01:12:06,2024-12-28T01:23:27.388822,2024-12-28T03:30:25.487199,CLOSED,CAS-CSE-01-0117,DB-SERVER-01,False
ALT-CSE-01-00517,CSE-01,HIGH,2024-11-28T04:21:12,2024-11-28T04:22:29.324753,2024-11-28T06:14:42.800471,CLOSED,,ENDPOINT-01,False
ALT-CSE-01-00518,CSE-01,HIGH,2024-11-28T02:57:04,2024-11-28T03:00:31.074785,2024-11-28T05:10:34.073330,CLOSED,,FIREWALL-01,False
ALT-CSE-01-00519,CSE-01,LOW,2024-11-18T09:48:23,2024-11-18T09:49:36.296905,2024-11-18T10:25:28.885600,CLOSED,,DB-SERVER-01,False
ALT-CSE-01-00520,CSE-01,MEDIUM,2024-12-28T11:07:02,2024-12-28T11:13:49.735099,2024-12-28T13:47:36.469527,CLOSED,,FIREWALL-01,False
ALT-CSE-01-00521,CSE-01,MEDIUM,2024-10-24T03:28:19,2024-10-24T03:36:39.368592,2024-10-24T06:24:47.538299,CLOSED,,FIREWALL-01,False
ALT-CSE-01-00522,CSE-01,HIGH,2024-11-18T10:56:51,2024-11-18T11:03:07.198325,2024-11-18T12:28:42.094845,CLOSED,CAS-CSE-01-0118,WEB-SERVER-01,False
ALT-CSE-01-00523,CSE-01,HIGH,2024-12-03T12:40:14,2024-12-03T12:53:33.082124,2024-12-03T14:54:10.938532,CLOSED,,DB-SERVER-01,False
ALT-CSE-01-00524,CSE-01,HIGH,2024-12-17T13:49:36,2024-12-17T13:54:13.141805,2024-12-17T16:37:58.392039,CLOSED,,ENDPOINT-01,False
ALT-CSE-01-00525,CSE-01,HIGH,2024-10-02T21:13:11,2024-10-02T21:26:03.747357,2024-10-02T23:44:16.188498,CLOSED,,ROUTER-01,False
ALT-CSE-01-00526,CSE-01,MEDIUM,2024-10-23T21:49:16,2024-10-23T22:00:33.436086,2024-10-23T23:29:58.252598,CLOSED,,WEB-SERVER-01,False
ALT-CSE-01-00527,CSE-01,CRITICAL,2024-12-28T03:52:10,2024-12-28T04:05:56.405861,2024-12-28T04:16:40.209475,CLOSED,CAS-CSE-01-0119,ENDPOINT-01,False
ALT-CSE-01-00528,CSE-01,MEDIUM,2024-10-31T18:42:53,2024-10-31T18:55:51.126143,2024-10-31T20:55:46.154636,CLOSED,CAS-CSE-01-0120,ROUTER-01,False
ALT-CSE-01-00529,CSE-01,HIGH,2024-12-23T20:38:19,2024-12-23T20:44:25.500831,2024-12-23T23:05:45.785367,CLOSED,,DB-SERVER-01,False
ALT-CSE-01-00530,CSE-01,LOW,2024-11-29T22:32:33,2024-11-29T22:45:52.831065,2024-11-30T00:28:56.077932,CLOSED,CAS-CSE-01-0121,ROUTER-01,False
ALT-CSE-01-00531,CSE-01,HIGH,2024-12-28T19:09:55,2024-12-28T19:21:46.719712,2024-12-28T21:27:12.291476,CLOSED,,ENDPOINT-01,False
ALT-CSE-01-00532,CSE-01,LOW,2024-11-25T07:36:20,2024-11-25T07:50:06.910906,2024-11-25T09:41:43.758978,CLOSED,,ENDPOINT-01,False
ALT-CSE-01-00533,CSE-01,CRITICAL,2024-10-24T04:19:38,2024-10-24T04:29:43.145288,2024-10-24T05:04:36.773758,CLOSED,CAS-CSE-01-0122,ROUTER-01,False
ALT-CSE-01-00534,CSE-01,CRITICAL,2024-12-18T09:18:59,2024-12-18T09:25:01.887374,2024-12-18T09:55:20.405219,CLOSED,CAS-CSE-01-0123,ROUTER-01,False
ALT-CSE-01-00535,CSE-01,HIGH,2024-11-29T10:14:20,2024-11-29T10:22:37.101975,2024-11-29T12:31:52.196060,CLOSED,,DB-SERVER-01,False
ALT-CSE-01-00536,CSE-01,HIGH,2024-11-16T19:13:02,2024-11-16T19:25:20.046530,2024-11-16T19:59:25.288685,CLOSED,,WEB-SERVER-01,False
ALT-CSE-01-00537,CSE-01,CRITICAL,2024-12-12T23:03:41,2024-12-12T23:06:56.552866,2024-12-12T23:36:55.617587,CLOSED,CAS-CSE-01-0124,DB-SERVER-01,False
ALT-CSE-01-00538,CSE-01,LOW,2024-12-20T23:01:42,2024-12-20T23:15:33.419481,2024-12-21T01:52:04.006650,CLOSED,,ROUTER-01,False
ALT-CSE-01-00539,CSE-01,MEDIUM,2024-11-20T23:16:42,2024-11-20T23:21:30.756003,2024-11-21T01:00:41.316274,CLOSED,,DB-SERVER-01,False
ALT-CSE-01-00540,CSE-01,MEDIUM,2024-10-05T14:27:48,2024-10-05T14:40:31.364665,2024-10-05T16:05:57.658458,CLOSED,,ENDPOINT-01,False
ALT-CSE-01-00541,CSE-01,CRITICAL,2024-10-13T12:10:52,2024-10-13T12:23:57.936267,2024-10-13T12:46:02.596814,CLOSED,CAS-CSE-01-0125,ROUTER-01,False
ALT-CSE-01-00542,CSE-01,MEDIUM,2024-10-07T05:50:48,2024-10-07T06:01:07.438480,2024-10-07T08:13:32.901208,CLOSED,,FIREWALL-01,False
ALT-CSE-01-00543,CSE-01,CRITICAL,2024-11-13T00:09:26,2024-11-13T00:18:25.477380,2024-11-13T00:57:47.718793,CLOSED,CAS-CSE-01-0126,ENDPOINT-01,False
ALT-CSE-01-00544,CSE-01,MEDIUM,2024-12-11T15:49:18,2024-12-11T16:00:32.362013,2024-12-11T17:52:45.162855,CLOSED,,DB-SERVER-01,False
ALT-CSE-01-00545,CSE-01,HIGH,2024-10-01T01:28:22,2024-10-01T01:34:05.000876,2024-10-01T03:20:48.441439,CLOSED,,ENDPOINT-01,False
ALT-CSE-01-00546,CSE-01,CRITICAL,2024-12-27T03:25:13,2024-12-27T03:26:39.877831,2024-12-27T04:08:10.171411,CLOSED,CAS-CSE-01-0127,ROUTER-01,False
ALT-CSE-01-00547,CSE-01,LOW,2024-10-26T00:22:41,2024-10-26T00:25:27.245628,2024-10-26T01:53:53.690991,CLOSED,,ENDPOINT-01,False
ALT-CSE-01-00548,CSE-01,MEDIUM,2024-12-11T18:57:13,2024-12-11T19:05:55.139240,2024-12-11T20:42:11.668124,CLOSED,,DB-SERVER-01,False
ALT-CSE-01-00549,CSE-01,HIGH,2024-11-16T03:58:47,2024-11-16T04:05:05.768528,2024-11-16T06:44:12.992044,CLOSED,,ROUTER-01,False
ALT-CSE-01-00550,CSE-01,HIGH,2024-10-14T06:52:04,2024-10-14T07:03:44.004285,2024-10-14T07:37:09.723351,CLOSED,,WEB-SERVER-01,False
ALT-CSE-01-00551,CSE-01,HIGH,2024-12-17T19:57:43,2024-12-17T20:09:42.255011,2024-12-17T21:53:33.145748,CLOSED,,WEB-SERVER-01,False
ALT-CSE-01-00552,CSE-01,MEDIUM,2024-10-14T12:21:47,2024-10-14T12:26:01.843541,2024-10-14T14:26:51.160743,CLOSED,,WEB-SERVER-01,False
ALT-CSE-01-00553,CSE-01,HIGH,2024-10-21T10:05:59,2024-10-21T10:09:33.945826,2024-10-21T10:49:58.175984,CLOSED,,FIREWALL-01,False
ALT-CSE-01-00554,CSE-01,HIGH,2024-12-14T15:31:42,2024-12-14T15:36:26.005322,2024-12-14T17:35:23.635893,CLOSED,CAS-CSE-01-0128,DB-SERVER-01,False
ALT-CSE-01-00555,CSE-01,LOW,2024-11-26T13:29:13,2024-11-26T13:33:56.238417,2024-11-26T16:48:43.982212,CLOSED,,FIREWALL-01,False
ALT-CSE-01-00556,CSE-01,CRITICAL,2024-11-03T11:24:33,2024-11-03T11:31:17.818296,2024-11-03T12:02:52.732628,CLOSED,CAS-CSE-01-0129,WEB-SERVER-01,False
ALT-CSE-01-00557,CSE-01,HIGH,2024-10-11T11:17:54,2024-10-11T11:32:23.861586,2024-10-11T12:36:05.078676,CLOSED,,WEB-SERVER-01,False
ALT-CSE-01-00558,CSE-01,HIGH,2024-10-24T15:07:19,2024-10-24T15:13:30.794899,2024-10-24T15:53:23.662275,CLOSED,,DB-SERVER-01,False
ALT-CSE-01-00559,CSE-01,HIGH,2024-11-21T05:11:44,2024-11-21T05:14:49.455752,2024-11-21T07:51:01.401456,CLOSED,,WEB-SERVER-01,False
ALT-CSE-01-00560,CSE-01,HIGH,2024-11-10T00:30:49,2024-11-10T00:44:35.337065,2024-11-10T02:43:29.770349,CLOSED,,DB-SERVER-01,False
ALT-CSE-01-00561,CSE-01,LOW,2024-11-02T01:31:12,2024-11-02T01:38:30.849579,2024-11-02T04:26:56.469485,CLOSED,,FIREWALL-01,False
ALT-CSE-01-00562,CSE-01,MEDIUM,2024-12-15T14:56:15,2024-12-15T15:00:11.146652,2024-12-15T17:15:56.684216,CLOSED,,ENDPOINT-01,False
ALT-CSE-01-00563,CSE-01,HIGH,2024-10-27T09:18:55,2024-10-27T09:24:29.362317,2024-10-27T12:15:50.396163,CLOSED,CAS-CSE-01-0130,WEB-SERVER-01,False
ALT-CSE-01-00564,CSE-01,MEDIUM,2024-10-10T11:25:11,2024-10-10T11:36:47.362894,2024-10-10T12:36:57.322609,CLOSED,,WEB-SERVER-01,False
ALT-CSE-01-00565,CSE-01,MEDIUM,2024-12-12T05:20:16,2024-12-12T05:25:37.610891,2024-12-12T06:23:55.800215,CLOSED,,WEB-SERVER-01,False
ALT-CSE-01-00566,CSE-01,HIGH,2024-10-08T03:37:28,2024-10-08T03:50:35.663620,2024-10-08T06:17:49.892255,CLOSED,,FIREWALL-01,False
ALT-CSE-01-00567,CSE-01,MEDIUM,2024-12-29T17:22:04,2024-12-29T17:26:20.600331,2024-12-29T19:37:34.088903,CLOSED,,ENDPOINT-01,False
ALT-CSE-01-00568,CSE-01,MEDIUM,2024-10-29T07:46:12,2024-10-29T07:48:03.403822,2024-10-29T09:43:34.719561,CLOSED,,WEB-SERVER-01,False
ALT-CSE-01-00569,CSE-01,CRITICAL,2024-11-27T05:11:14,2024-11-27T05:19:17.257297,2024-11-27T05:57:09.229551,CLOSED,CAS-CSE-01-0131,ROUTER-01,False
ALT-CSE-01-00570,CSE-01,CRITICAL,2024-12-15T22:44:08,2024-12-15T22:45:51.412970,2024-12-15T23:33:11.965059,CLOSED,,DB-SERVER-01,False
ALT-CSE-01-00571,CSE-01,LOW,2024-12-27T18:48:32,2024-12-27T18:56:08.708601,2024-12-27T20:10:49.433010,CLOSED,CAS-CSE-01-0132,FIREWALL-01,False
ALT-CSE-01-00572,CSE-01,CRITICAL,2024-10-22T23:41:40,2024-10-22T23:45:52.309757,2024-10-23T00:32:10.577358,CLOSED,CAS-CSE-01-0133,WEB-SERVER-01,False
ALT-CSE-01-00573,CSE-01,MEDIUM,2024-12-16T12:44:14,2024-12-16T12:52:09.945264,2024-12-16T14:43:13.477800,CLOSED,CAS-CSE-01-0134,ROUTER-01,False
ALT-CSE-01-00574,CSE-01,HIGH,2024-10-23T14:52:49,2024-10-23T14:54:26.160897,2024-10-23T17:33:11.490957,CLOSED,,DB-SERVER-01,False
ALT-CSE-01-00575,CSE-01,CRITICAL,2024-11-17T07:23:45,2024-11-17T07:34:59.165642,2024-11-17T08:19:03.066369,CLOSED,CAS-CSE-01-0135,ENDPOINT-01,False
ALT-CSE-01-00576,CSE-01,MEDIUM,2024-11-12T23:58:05,2024-11-13T00:00:50.944604,2024-11-13T01:34:15.176046,CLOSED,,ENDPOINT-01,False
ALT-CSE-01-00577,CSE-01,HIGH,2024-10-07T07:47:46,2024-10-07T07:55:10.910767,2024-10-07T10:51:43.993448,CLOSED,,FIREWALL-01,False
ALT-CSE-01-00578,CSE-01,MEDIUM,2024-10-01T09:12:35,2024-10-01T09:21:08.421217,2024-10-01T11:05:52.884832,CLOSED,,FIREWALL-01,False
ALT-CSE-01-00579,CSE-01,LOW,2024-12-22T08:25:04,2024-12-22T08:39:59.893793,2024-12-22T11:21:25.603304,CLOSED,,WEB-SERVER-01,False
ALT-CSE-01-00580,CSE-01,HIGH,2024-12-15T19:33:49,2024-12-15T19:42:39.661083,2024-12-15T21:21:26.617754,CLOSED,,FIREWALL-01,False
ALT-CSE-01-00581,CSE-01,LOW,2024-12-15T13:35:16,2024-12-15T13:48:32.311442,2024-12-15T15:08:25.122036,CLOSED,,ROUTER-01,False
ALT-CSE-01-00582,CSE-01,LOW,2024-11-24T08:56:02,2024-11-24T09:05:48.805093,2024-11-24T11:15:47.210885,CLOSED,,DB-SERVER-01,False
ALT-CSE-01-00583,CSE-01,MEDIUM,2024-10-03T15:02:52,2024-10-03T15:16:58.650358,2024-10-03T16:16:16.149319,CLOSED,,DB-SERVER-01,False
ALT-CSE-01-00584,CSE-01,LOW,2024-11-28T00:20:09,2024-11-28T00:31:10.638622,2024-11-28T02:21:00.870743,CLOSED,CAS-CSE-01-0136,ENDPOINT-01,False
ALT-CSE-01-00585,CSE-01,HIGH,2024-11-26T16:59:30,2024-11-26T17:02:01.134786,2024-11-26T18:40:21.024981,CLOSED,,ENDPOINT-01,False
ALT-CSE-01-00586,CSE-01,HIGH,2024-10-18T03:36:50,2024-10-18T03:43:33.329547,2024-10-18T06:07:03.255726,CLOSED,,DB-SERVER-01,False
ALT-CSE-01-00587,CSE-01,MEDIUM,2024-10-01T06:56:40,2024-10-01T07:02:30.093660,2024-10-01T08:38:58.305345,CLOSED,,DB-SERVER-01,False
ALT-CSE-01-00588,CSE-01,MEDIUM,2024-12-27T16:12:49,2024-12-27T16:14:54.444065,2024-12-27T19:13:34.871346,CLOSED,,DB-SERVER-01,False
ALT-CSE-01-00589,CSE-01,MEDIUM,2024-12-02T23:12:08,2024-12-02T23:27:05.682383,2024-12-03T00:56:42.480947,CLOSED,,ROUTER-01,False
ALT-CSE-01-00590,CSE-01,LOW,2024-12-05T20:42:46,2024-12-05T20:49:33.100870,2024-12-05T23:27:39.441193,CLOSED,,ROUTER-01,False
ALT-CSE-01-00591,CSE-01,CRITICAL,2024-10-22T14:53:05,2024-10-22T15:04:36.297129,2024-10-22T15:37:54.022315,CLOSED,CAS-CSE-01-0137,ENDPOINT-01,False
ALT-CSE-01-00592,CSE-01,MEDIUM,2024-10-05T15:57:02,2024-10-05T15:58:47.302734,2024-10-05T17:49:25.665455,CLOSED,,WEB-SERVER-01,False
ALT-CSE-01-00593,CSE-01,LOW,2024-11-01T05:04:01,2024-11-01T05:07:38.386861,2024-11-01T06:59:01.098311,CLOSED,,FIREWALL-01,False
ALT-CSE-01-00594,CSE-01,LOW,2024-10-07T14:53:59,2024-10-07T15:01:39.254667,2024-10-07T17:20:59.947814,CLOSED,,DB-SERVER-01,False
ALT-CSE-01-00595,CSE-01,MEDIUM,2024-10-15T19:43:58,2024-10-15T19:56:43.837031,2024-10-15T21:55:58.648054,CLOSED,,FIREWALL-01,False
ALT-CSE-01-00596,CSE-01,CRITICAL,2024-12-16T22:06:48,2024-12-16T22:16:33.995408,2024-12-16T23:04:46.739150,CLOSED,CAS-CSE-01-0138,ENDPOINT-01,False
ALT-CSE-01-00597,CSE-01,MEDIUM,2024-10-14T21:26:09,2024-10-14T21:36:10.684090,2024-10-14T23:45:00.209765,CLOSED,,ENDPOINT-01,False
ALT-CSE-01-00598,CSE-01,MEDIUM,2024-12-08T18:27:44,2024-12-08T18:35:02.616420,2024-12-08T19:58:24.873166,CLOSED,CAS-CSE-01-0139,ENDPOINT-01,False
ALT-CSE-01-00599,CSE-01,LOW,2024-10-09T02:51:08,2024-10-09T03:02:10.788073,2024-10-09T04:28:58.376070,CLOSED,,WEB-SERVER-01,False
ALT-CSE-01-00600,CSE-01,MEDIUM,2024-12-15T16:09:54,2024-12-15T16:21:49.053025,2024-12-15T18:13:22.237918,CLOSED,,ENDPOINT-01,False
ALT-CSE-01-00601,CSE-01,LOW,2024-11-14T16:21:49,2024-11-14T16:28:21.378306,2024-11-14T18:37:08.343493,CLOSED,,ROUTER-01,False
ALT-CSE-01-00602,CSE-01,MEDIUM,2024-12-18T00:52:18,2024-12-18T01:04:35.554890,2024-12-18T01:44:35.678273,CLOSED,,ROUTER-01,False
ALT-CSE-01-00603,CSE-01,LOW,2024-12-14T04:11:53,2024-12-14T04:22:24.464329,2024-12-14T05:19:11.155583,CLOSED,CAS-CSE-01-0140,WEB-SERVER-01,False
ALT-CSE-01-00604,CSE-01,CRITICAL,2024-10-16T14:40:05,2024-10-16T14:44:18.744579,2024-10-16T15:28:32.546561,CLOSED,CAS-CSE-01-0141,DB-SERVER-01,False
ALT-CSE-01-00605,CSE-01,LOW,2024-10-28T07:48:31,2024-10-28T08:03:28.399504,2024-10-28T08:57:38.338726,CLOSED,,ROUTER-01,False
ALT-CSE-01-00606,CSE-01,MEDIUM,2024-11-25T12:47:23,2024-11-25T12:54:16.936526,2024-11-25T15:13:54.801494,CLOSED,,DB-SERVER-01,False
ALT-CSE-01-00607,CSE-01,HIGH,2024-12-01T04:01:54,2024-12-01T04:12:05.129403,2024-12-01T06:05:39.113082,CLOSED,CAS-CSE-01-0142,ENDPOINT-01,False
ALT-CSE-01-00608,CSE-01,HIGH,2024-11-05T19:41:48,2024-11-05T19:52:38.747386,2024-11-05T22:02:19.246317,CLOSED,,FIREWALL-01,False
ALT-CSE-01-00609,CSE-01,HIGH,2024-12-16T15:13:01,2024-12-16T15:16:33.795576,2024-12-16T16:19:47.850389,CLOSED,,ENDPOINT-01,False
ALT-CSE-01-00610,CSE-01,LOW,2024-10-08T16:40:22,2024-10-08T16:47:26.989224,2024-10-08T17:12:04.340469,CLOSED,,ENDPOINT-01,False
ALT-CSE-01-00611,CSE-01,CRITICAL,2024-10-14T03:40:50,2024-10-14T03:52:00.501764,2024-10-14T04:14:48.146573,CLOSED,CAS-CSE-01-0143,ENDPOINT-01,False
ALT-CSE-01-00612,CSE-01,MEDIUM,2024-11-24T13:27:46,2024-11-24T13:39:28.968647,2024-11-24T15:50:57.371895,CLOSED,,DB-SERVER-01,False
ALT-CSE-01-00613,CSE-01,HIGH,2024-10-02T03:03:55,2024-10-02T03:07:27.140389,2024-10-02T04:11:22.417320,CLOSED,,ENDPOINT-01,False
ALT-CSE-01-00614,CSE-01,HIGH,2024-11-03T19:36:21,2024-11-03T19:43:40.035593,2024-11-03T22:08:42.308184,CLOSED,,DB-SERVER-01,False
ALT-CSE-01-00615,CSE-01,LOW,2024-10-27T05:51:10,2024-10-27T05:56:15.623364,2024-10-27T07:04:11.941081,CLOSED,,ROUTER-01,False
ALT-CSE-01-00616,CSE-01,LOW,2024-10-30T11:21:31,2024-10-30T11:26:21.122447,2024-10-30T12:42:37.976121,CLOSED,CAS-CSE-01-0144,ROUTER-01,False
ALT-CSE-01-00617,CSE-01,LOW,2024-12-13T21:42:06,2024-12-13T21:55:42.361741,2024-12-13T23:09:10.554671,CLOSED,,ROUTER-01,False
ALT-CSE-01-00618,CSE-01,HIGH,2024-11-24T03:31:01,2024-11-24T03:44:25.736754,2024-11-24T05:18:02.053210,CLOSED,,WEB-SERVER-01,False
ALT-CSE-01-00619,CSE-01,HIGH,2024-12-06T06:26:36,2024-12-06T06:32:45.785405,2024-12-06T08:16:30.758810,CLOSED,,WEB-SERVER-01,False
ALT-CSE-01-00620,CSE-01,HIGH,2024-10-31T09:03:22,2024-10-31T09:17:51.506726,2024-10-31T10:55:04.952618,CLOSED,,ROUTER-01,False
ALT-CSE-01-00621,CSE-01,HIGH,2024-12-08T19:17:50,2024-12-08T19:25:51.466657,2024-12-08T21:54:41.166631,CLOSED,,WEB-SERVER-01,False
ALT-CSE-01-00622,CSE-01,LOW,2024-11-20T09:38:47,2024-11-20T09:46:13.659263,2024-11-20T11:33:03.290728,CLOSED,CAS-CSE-01-0145,ROUTER-01,False
ALT-CSE-01-00623,CSE-01,LOW,2024-12-26T01:44:21,2024-12-26T01:47:28.409944,2024-12-26T02:47:55.186246,CLOSED,,ENDPOINT-01,False
ALT-CSE-01-00624,CSE-01,MEDIUM,2024-12-29T03:02:10,2024-12-29T03:03:11.013304,2024-12-29T05:11:22.524365,CLOSED,,WEB-SERVER-01,False
ALT-CSE-01-00625,CSE-01,MEDIUM,2024-11-05T08:20:47,2024-11-05T08:27:50.344459,2024-11-05T11:11:25.736212,CLOSED,,FIREWALL-01,False
ALT-CSE-01-00626,CSE-01,CRITICAL,2024-10-17T21:07:41,2024-10-17T21:17:56.711278,2024-10-17T22:02:13.550578,CLOSED,CAS-CSE-01-0146,WEB-SERVER-01,False
ALT-CSE-01-00627,CSE-01,HIGH,2024-11-03T12:31:46,2024-11-03T12:37:40.176505,2024-11-03T14:20:28.513762,CLOSED,,DB-SERVER-01,False
ALT-CSE-01-00628,CSE-01,HIGH,2024-12-28T02:09:19,2024-12-28T02:11:29.755399,2024-12-28T04:36:54.128209,CLOSED,CAS-CSE-01-0147,ROUTER-01,False
ALT-CSE-01-00629,CSE-01,HIGH,2024-11-03T08:17:38,2024-11-03T08:22:12.893294,2024-11-03T10:46:43.496617,CLOSED,,WEB-SERVER-01,False
ALT-CSE-01-00630,CSE-01,LOW,2024-12-11T15:36:47,2024-12-11T15:48:34.562407,2024-12-11T18:26:44.173536,CLOSED,,ENDPOINT-01,False
ALT-CSE-01-00631,CSE-01,MEDIUM,2024-11-12T11:17:24,2024-11-12T11:19:09.062988,2024-11-12T14:28:28.236764,CLOSED,,DB-SERVER-01,False
ALT-CSE-01-00632,CSE-01,MEDIUM,2024-11-12T01:28:27,2024-11-12T01:41:05.747913,2024-11-12T02:46:29.818071,CLOSED,CAS-CSE-01-0148,ENDPOINT-01,False
ALT-CSE-01-00633,CSE-01,HIGH,2024-12-04T12:55:16,2024-12-04T13:02:50.332793,2024-12-04T14:53:41.276515,CLOSED,,FIREWALL-01,False
ALT-CSE-01-00634,CSE-01,CRITICAL,2024-10-11T01:08:55,2024-10-11T01:14:22.738153,2024-10-11T02:05:34.547128,CLOSED,CAS-CSE-01-0149,FIREWALL-01,False
ALT-CSE-01-00635,CSE-01,MEDIUM,2024-11-22T15:37:38,2024-11-22T15:50:03.133533,2024-11-22T17:24:20.454145,CLOSED,,WEB-SERVER-01,False
ALT-CSE-01-00636,CSE-01,LOW,2024-11-14T08:47:00,2024-11-14T08:54:42.562384,2024-11-14T10:29:51.729835,CLOSED,,ROUTER-01,False
ALT-CSE-01-00637,CSE-01,LOW,2024-12-22T15:19:18,2024-12-22T15:30:33.356875,2024-12-22T18:24:20.788355,CLOSED,,FIREWALL-01,False
ALT-CSE-01-00638,CSE-01,HIGH,2024-11-14T02:52:03,2024-11-14T02:54:33.715376,2024-11-14T05:02:14.471517,CLOSED,,FIREWALL-01,False
ALT-CSE-01-00639,CSE-01,CRITICAL,2024-12-11T07:53:33,2024-12-11T08:06:19.828069,2024-12-11T08:23:16.214617,CLOSED,,DB-SERVER-01,False
ALT-CSE-01-00640,CSE-01,MEDIUM,2024-10-09T05:50:17,2024-10-09T06:00:54.925750,2024-10-09T07:34:04.087152,CLOSED,,DB-SERVER-01,False
ALT-CSE-01-00641,CSE-01,HIGH,2024-12-11T16:50:53,2024-12-11T16:59:44.838759,2024-12-11T19:15:24.960380,CLOSED,,ROUTER-01,False
ALT-CSE-01-00642,CSE-01,HIGH,2024-11-11T07:11:35,2024-11-11T07:17:08.352256,2024-11-11T09:32:13.831563,CLOSED,CAS-CSE-01-0150,DB-SERVER-01,False
ALT-CSE-01-00643,CSE-01,HIGH,2024-11-14T04:17:20,2024-11-14T04:27:40.058945,2024-11-14T04:46:15.342180,CLOSED,,WEB-SERVER-01,False
ALT-CSE-01-00644,CSE-01,MEDIUM,2024-12-20T04:01:56,2024-12-20T04:02:57.220277,2024-12-20T05:44:25.845769,CLOSED,,ROUTER-01,False
ALT-CSE-01-00645,CSE-01,HIGH,2024-10-16T14:11:35,2024-10-16T14:15:56.024570,2024-10-16T17:06:01.543281,CLOSED,,ENDPOINT-01,False
ALT-CSE-01-00646,CSE-01,HIGH,2024-11-11T08:35:12,2024-11-11T08:39:23.468285,2024-11-11T10:53:08.510538,CLOSED,,WEB-SERVER-01,False
ALT-CSE-01-00647,CSE-01,MEDIUM,2024-10-29T17:21:30,2024-10-29T17:35:57.122571,2024-10-29T18:07:52.022004,CLOSED,,ENDPOINT-01,False
ALT-CSE-01-00648,CSE-01,CRITICAL,2024-10-30T07:17:33,2024-10-30T07:24:15.032430,2024-10-30T07:45:51.212111,CLOSED,,ROUTER-01,False
ALT-CSE-01-00649,CSE-01,LOW,2024-11-01T13:25:13,2024-11-01T13:34:42.255189,2024-11-01T15:16:34.371262,CLOSED,,ROUTER-01,False
ALT-CSE-01-00650,CSE-01,LOW,2024-12-19T00:13:25,2024-12-19T00:15:45.393784,2024-12-19T01:51:44.935006,CLOSED,,DB-SERVER-01,False
ALT-CSE-01-00651,CSE-01,CRITICAL,2024-12-17T10:16:08,2024-12-17T10:21:41.159354,2024-12-17T11:00:42.456366,CLOSED,CAS-CSE-01-0151,ROUTER-01,False
ALT-CSE-01-00652,CSE-01,MEDIUM,2024-12-15T02:49:14,2024-12-15T02:59:25.438367,2024-12-15T04:49:03.289853,CLOSED,,WEB-SERVER-01,False
ALT-CSE-01-00653,CSE-01,CRITICAL,2024-10-08T01:48:43,2024-10-08T01:55:44.310789,2024-10-08T02:29:28.255870,CLOSED,,ENDPOINT-01,False
ALT-CSE-01-00654,CSE-01,HIGH,2024-10-02T17:53:22,2024-10-02T18:01:22.571925,2024-10-02T20:03:18.741239,CLOSED,CAS-CSE-01-0152,DB-SERVER-01,False
ALT-CSE-01-00655,CSE-01,HIGH,2024-11-01T04:36:25,2024-11-01T04:40:38.206391,2024-11-01T06:46:48.975786,CLOSED,,WEB-SERVER-01,False
ALT-CSE-01-00656,CSE-01,CRITICAL,2024-11-30T09:29:28,2024-11-30T09:36:45.968724,2024-11-30T10:21:43.795323,CLOSED,CAS-CSE-01-0153,FIREWALL-01,False
ALT-CSE-01-00657,CSE-01,HIGH,2024-11-08T04:48:05,2024-11-08T04:57:19.228808,2024-11-08T06:31:05.687954,CLOSED,CAS-CSE-01-0154,WEB-SERVER-01,False
ALT-CSE-01-00658,CSE-01,CRITICAL,2024-11-10T15:10:27,2024-11-10T15:11:50.579133,2024-11-10T15:55:17.547514,CLOSED,CAS-CSE-01-0155,ROUTER-01,False
ALT-CSE-01-00659,CSE-01,MEDIUM,2024-10-02T06:54:37,2024-10-02T07:07:37.338494,2024-10-02T10:45:26.533845,CLOSED,,WEB-SERVER-01,False
ALT-CSE-01-00660,CSE-01,CRITICAL,2024-10-12T19:36:23,2024-10-12T19:44:49.409732,2024-10-12T20:14:08.101464,CLOSED,CAS-CSE-01-0156,DB-SERVER-01,False
ALT-CSE-01-00661,CSE-01,MEDIUM,2024-10-20T12:02:52,2024-10-20T12:10:43.314770,2024-10-20T14:22:02.048639,CLOSED,,ENDPOINT-01,False
ALT-CSE-01-00662,CSE-01,LOW,2024-11-06T00:44:10,2024-11-06T00:58:19.570919,2024-11-06T02:21:43.114084,CLOSED,,WEB-SERVER-01,False
ALT-CSE-01-00663,CSE-01,MEDIUM,2024-10-03T10:40:54,2024-10-03T10:45:05.575612,2024-10-03T12:26:16.900897,CLOSED,,WEB-SERVER-01,False
ALT-CSE-01-00664,CSE-01,CRITICAL,2024-12-04T08:37:48,2024-12-04T08:52:25.449470,2024-12-04T09:50:31.575619,CLOSED,CAS-CSE-01-0157,WEB-SERVER-01,False
ALT-CSE-01-00665,CSE-01,HIGH,2024-11-17T19:18:35,2024-11-17T19:26:02.042354,2024-11-17T20:31:08.815006,CLOSED,,ROUTER-01,False
ALT-CSE-01-00666,CSE-01,MEDIUM,2024-10-24T14:32:15,2024-10-24T14:38:11.044418,2024-10-24T15:45:40.779776,CLOSED,,WEB-SERVER-01,False
ALT-CSE-01-00667,CSE-01,MEDIUM,2024-12-17T20:13:11,2024-12-17T20:27:16.041240,2024-12-17T22:46:16.159823,CLOSED,CAS-CSE-01-0158,ROUTER-01,False
ALT-CSE-01-00668,CSE-01,HIGH,2024-10-14T00:55:44,2024-10-14T01:05:00.156724,2024-10-14T02:26:15.331618,CLOSED,,ENDPOINT-01,False
ALT-CSE-01-00669,CSE-01,MEDIUM,2024-12-04T09:37:25,2024-12-04T09:41:47.371080,2024-12-04T10:39:19.779196,CLOSED,,FIREWALL-01,False
ALT-CSE-01-00670,CSE-01,CRITICAL,2024-10-27T06:02:37,2024-10-27T06:05:37.991459,2024-10-27T07:05:55.560006,CLOSED,CAS-CSE-01-0159,ROUTER-01,False
ALT-CSE-01-00671,CSE-01,HIGH,2024-10-06T12:18:26,2024-10-06T12:22:15.071077,2024-10-06T14:00:29.116800,CLOSED,,ROUTER-01,False
ALT-CSE-01-00672,CSE-01,MEDIUM,2024-11-01T05:02:15,2024-11-01T05:15:01.381955,2024-11-01T07:02:51.016623,CLOSED,,ROUTER-01,False
ALT-CSE-01-00673,CSE-01,MEDIUM,2024-11-12T09:26:13,2024-11-12T09:28:12.183485,2024-11-12T10:55:51.249385,CLOSED,,FIREWALL-01,False
ALT-CSE-01-00674,CSE-01,LOW,2024-11-14T13:21:57,2024-11-14T13:34:47.585338,2024-11-14T16:22:31.463287,CLOSED,,WEB-SERVER-01,False
ALT-CSE-01-00675,CSE-01,HIGH,2024-12-15T02:45:52,2024-12-15T02:52:59.830408,2024-12-15T05:14:33.726190,CLOSED,,ENDPOINT-01,False
ALT-CSE-01-00676,CSE-01,HIGH,2024-12-09T12:42:39,2024-12-09T12:52:34.470554,2024-12-09T14:18:21.136348,CLOSED,,FIREWALL-01,False
ALT-CSE-01-00677,CSE-01,HIGH,2024-10-02T00:02:58,2024-10-02T00:14:46.565142,2024-10-02T01:10:02.418215,CLOSED,CAS-CSE-01-0160,ENDPOINT-01,False
ALT-CSE-01-00678,CSE-01,HIGH,2024-12-13T15:03:31,2024-12-13T15:17:51.396856,2024-12-13T16:20:43.984056,CLOSED,CAS-CSE-01-0161,DB-SERVER-01,False
ALT-CSE-01-00679,CSE-01,LOW,2024-12-29T08:39:29,2024-12-29T08:43:10.121531,2024-12-29T10:12:30.474527,CLOSED,,WEB-SERVER-01,False
ALT-CSE-01-00680,CSE-01,MEDIUM,2024-12-27T07:33:55,2024-12-27T07:38:02.244634,2024-12-27T09:10:00.249330,CLOSED,,ROUTER-01,False
ALT-CSE-01-00681,CSE-01,HIGH,2024-10-11T23:34:15,2024-10-11T23:43:05.223541,2024-10-12T01:15:20.983495,CLOSED,,ENDPOINT-01,False
ALT-CSE-01-00682,CSE-01,HIGH,2024-12-11T11:10:01,2024-12-11T11:12:06.500929,2024-12-11T13:39:09.242269,CLOSED,,WEB-SERVER-01,False
ALT-CSE-01-00683,CSE-01,MEDIUM,2024-10-01T22:05:03,2024-10-01T22:17:05.143578,2024-10-01T22:57:57.534753,CLOSED,,ROUTER-01,False
ALT-CSE-01-00684,CSE-01,HIGH,2024-11-11T21:17:49,2024-11-11T21:23:55.049267,2024-11-11T22:39:34.781702,CLOSED,,FIREWALL-01,False
ALT-CSE-01-00685,CSE-01,CRITICAL,2024-11-22T20:09:46,2024-11-22T20:19:04.595689,2024-11-22T20:49:28.689384,CLOSED,,FIREWALL-01,False
ALT-CSE-01-00686,CSE-01,MEDIUM,2024-10-19T05:18:36,2024-10-19T05:31:41.992340,2024-10-19T07:59:53.001667,CLOSED,,WEB-SERVER-01,False
ALT-CSE-01-00687,CSE-01,HIGH,2024-10-20T13:21:56,2024-10-20T13:34:25.665784,2024-10-20T14:30:55.088012,CLOSED,,ENDPOINT-01,False
ALT-CSE-01-00688,CSE-01,MEDIUM,2024-12-01T10:10:41,2024-12-01T10:14:56.750597,2024-12-01T11:53:13.577634,CLOSED,,FIREWALL-01,False
ALT-CSE-01-00689,CSE-01,MEDIUM,2024-11-18T09:11:26,2024-11-18T09:20:51.759294,2024-11-18T11:18:02.322773,CLOSED,,FIREWALL-01,False
ALT-CSE-01-00690,CSE-01,HIGH,2024-12-26T02:03:19,2024-12-26T02:08:27.689395,2024-12-26T04:09:57.797708,CLOSED,,ENDPOINT-01,False
ALT-CSE-01-00691,CSE-01,CRITICAL,2024-12-07T11:43:59,2024-12-07T11:45:30.184612,2024-12-07T12:29:33.890792,CLOSED,CAS-CSE-01-0162,FIREWALL-01,False
ALT-CSE-01-00692,CSE-01,MEDIUM,2024-11-10T06:20:26,2024-11-10T06:34:57.943964,2024-11-10T07:18:57.403684,CLOSED,,DB-SERVER-01,False
ALT-CSE-01-00693,CSE-01,HIGH,2024-12-04T01:39:33,2024-12-04T01:41:43.167817,2024-12-04T03:34:32.668438,CLOSED,CAS-CSE-01-0163,ROUTER-01,False
ALT-CSE-01-00694,CSE-01,LOW,2024-11-28T23:50:44,2024-11-29T00:03:56.058982,2024-11-29T01:50:01.988968,CLOSED,,WEB-SERVER-01,False
ALT-CSE-01-00695,CSE-01,HIGH,2024-12-29T10:18:32,2024-12-29T10:23:18.811683,2024-12-29T12:50:36.191467,CLOSED,,ENDPOINT-01,False
ALT-CSE-01-00696,CSE-01,LOW,2024-12-14T04:43:22,2024-12-14T04:55:10.770628,2024-12-14T07:32:56.258777,CLOSED,,WEB-SERVER-01,False
ALT-CSE-01-00697,CSE-01,MEDIUM,2024-11-16T15:10:20,2024-11-16T15:20:46.681616,2024-11-16T17:26:59.485548,CLOSED,,FIREWALL-01,False
ALT-CSE-01-00698,CSE-01,MEDIUM,2024-11-09T12:39:16,2024-11-09T12:50:00.946166,2024-11-09T14:29:32.416080,CLOSED,,WEB-SERVER-01,False
ALT-CSE-01-00699,CSE-01,LOW,2024-11-25T04:37:53,2024-11-25T04:41:30.938318,2024-11-25T07:47:38.854297,CLOSED,,FIREWALL-01,False
ALT-CSE-01-00700,CSE-01,MEDIUM,2024-12-09T11:26:48,2024-12-09T11:33:14.337579,2024-12-09T13:42:15.912736,CLOSED,,FIREWALL-01,False
ALT-CSE-01-00701,CSE-01,HIGH,2024-12-02T14:35:01,2024-12-02T14:45:31.218998,2024-12-02T16:29:39.709997,CLOSED,,FIREWALL-01,False
ALT-CSE-01-00702,CSE-01,MEDIUM,2024-12-06T14:38:26,2024-12-06T14:48:19.828753,2024-12-06T17:15:51.167506,CLOSED,,ENDPOINT-01,False
ALT-CSE-01-00703,CSE-01,MEDIUM,2024-12-25T15:00:38,2024-12-25T15:12:39.137156,2024-12-25T16:52:28.070804,CLOSED,,WEB-SERVER-01,False
ALT-CSE-01-00704,CSE-01,CRITICAL,2024-12-20T02:16:44,2024-12-20T02:23:19.827808,2024-12-20T02:49:49.739842,CLOSED,CAS-CSE-01-0164,ENDPOINT-01,False
ALT-CSE-01-00705,CSE-01,MEDIUM,2024-11-23T08:16:05,2024-11-23T08:27:19.572956,2024-11-23T09:41:22.757972,CLOSED,,FIREWALL-01,False
ALT-CSE-01-00706,CSE-01,MEDIUM,2024-10-14T06:36:44,2024-10-14T06:50:34.191891,2024-10-14T08:24:30.827442,CLOSED,CAS-CSE-01-0165,FIREWALL-01,False
ALT-CSE-01-00707,CSE-01,LOW,2024-11-03T01:19:21,2024-11-03T01:20:53.390231,2024-11-03T02:56:22.257195,CLOSED,,WEB-SERVER-01,False
ALT-CSE-01-00708,CSE-01,HIGH,2024-11-27T21:10:57,2024-11-27T21:24:34.699385,2024-11-27T23:19:56.922547,CLOSED,,ENDPOINT-01,False
ALT-CSE-01-00709,CSE-01,MEDIUM,2024-11-23T22:55:20,2024-11-23T23:05:04.247589,2024-11-24T00:19:11.131917,CLOSED,,WEB-SERVER-01,False
ALT-CSE-01-00710,CSE-01,HIGH,2024-11-23T15:45:50,2024-11-23T15:50:01.532039,2024-11-23T18:18:58.441762,CLOSED,,ENDPOINT-01,False
ALT-CSE-01-00711,CSE-01,MEDIUM,2024-10-15T08:11:11,2024-10-15T08:12:49.067210,2024-10-15T10:48:52.182400,CLOSED,,DB-SERVER-01,False
ALT-CSE-01-00712,CSE-01,LOW,2024-10-28T13:42:49,2024-10-28T13:55:44.037029,2024-10-28T16:01:34.060692,CLOSED,,ENDPOINT-01,False
ALT-CSE-01-00713,CSE-01,MEDIUM,2024-10-16T12:22:32,2024-10-16T12:32:26.332656,2024-10-16T14:06:21.236935,CLOSED,,ENDPOINT-01,False
ALT-CSE-01-00714,CSE-01,HIGH,2024-10-23T15:20:05,2024-10-23T15:23:29.758150,2024-10-23T17:28:13.652427,CLOSED,,FIREWALL-01,False
ALT-CSE-01-00715,CSE-01,MEDIUM,2024-11-12T15:45:44,2024-11-12T15:56:28.138121,2024-11-12T18:11:04.775625,CLOSED,CAS-CSE-01-0166,ENDPOINT-01,False
ALT-CSE-01-00716,CSE-01,MEDIUM,2024-11-29T21:15:28,2024-11-29T21:29:35.631928,2024-11-30T00:01:39.448765,CLOSED,,WEB-SERVER-01,False
ALT-CSE-01-00717,CSE-01,MEDIUM,2024-12-07T16:58:19,2024-12-07T17:00:04.263436,2024-12-07T18:31:12.241419,CLOSED,,ROUTER-01,False
ALT-CSE-01-00718,CSE-01,LOW,2024-12-26T11:17:31,2024-12-26T11:29:47.730849,2024-12-26T14:43:03.315992,CLOSED,,DB-SERVER-01,False
ALT-CSE-01-00719,CSE-01,MEDIUM,2024-11-07T07:52:49,2024-11-07T08:03:24.736141,2024-11-07T09:40:03.535488,CLOSED,,FIREWALL-01,False
ALT-CSE-01-00720,CSE-01,MEDIUM,2024-12-05T12:58:04,2024-12-05T13:08:21.590685,2024-12-05T15:00:41.859350,CLOSED,,ENDPOINT-01,False
ALT-CSE-01-00721,CSE-01,MEDIUM,2024-11-13T14:22:41,2024-11-13T14:23:46.543698,2024-11-13T16:29:50.799652,CLOSED,,ROUTER-01,False
ALT-CSE-01-00722,CSE-01,MEDIUM,2024-12-21T20:54:40,2024-12-21T21:04:13.552499,2024-12-21T22:20:28.012375,CLOSED,CAS-CSE-01-0167,FIREWALL-01,False
ALT-CSE-01-00723,CSE-01,MEDIUM,2024-12-10T16:24:19,2024-12-10T16:28:27.645808,2024-12-10T19:04:34.360066,CLOSED,,WEB-SERVER-01,False
ALT-CSE-01-00724,CSE-01,LOW,2024-12-16T07:25:31,2024-12-16T07:31:58.640865,2024-12-16T09:36:14.055574,CLOSED,,WEB-SERVER-01,False
ALT-CSE-01-00725,CSE-01,HIGH,2024-11-27T13:43:34,2024-11-27T13:50:49.506582,2024-11-27T15:38:39.736444,CLOSED,,FIREWALL-01,False
ALT-CSE-01-00726,CSE-01,MEDIUM,2024-10-12T16:26:37,2024-10-12T16:37:31.279218,2024-10-12T18:57:31.351484,CLOSED,,DB-SERVER-01,False
ALT-CSE-01-00727,CSE-01,CRITICAL,2024-10-14T17:19:23,2024-10-14T17:33:46.556127,2024-10-14T17:54:07.173687,CLOSED,CAS-CSE-01-0168,ROUTER-01,False
ALT-CSE-01-00728,CSE-01,HIGH,2024-11-05T22:09:01,2024-11-05T22:17:58.695681,2024-11-06T00:58:29.975724,CLOSED,,ROUTER-01,False
ALT-CSE-01-00729,CSE-01,HIGH,2024-12-24T22:23:11,2024-12-24T22:32:54.223447,2024-12-25T00:51:55.848501,CLOSED,,ENDPOINT-01,False
ALT-CSE-01-00730,CSE-01,CRITICAL,2024-11-16T10:17:28,2024-11-16T10:26:18.604267,2024-11-16T11:03:52.859208,CLOSED,CAS-CSE-01-0169,FIREWALL-01,False
ALT-CSE-01-00731,CSE-01,LOW,2024-10-18T12:43:46,2024-10-18T12:46:23.048385,2024-10-18T13:30:03.346257,CLOSED,,DB-SERVER-01,False
ALT-CSE-01-00732,CSE-01,MEDIUM,2024-12-03T11:27:49,2024-12-03T11:38:21.524845,2024-12-03T13:17:42.497197,CLOSED,,FIREWALL-01,False
ALT-CSE-01-00733,CSE-01,LOW,2024-12-17T21:44:11,2024-12-17T21:50:51.923398,2024-12-17T23:08:16.600671,CLOSED,,WEB-SERVER-01,False
ALT-CSE-01-00734,CSE-01,HIGH,2024-10-30T19:20:43,2024-10-30T19:24:52.551097,2024-10-30T21:02:34.578304,CLOSED,,ENDPOINT-01,False
ALT-CSE-01-00735,CSE-01,MEDIUM,2024-12-18T23:18:59,2024-12-18T23:26:05.272054,2024-12-19T01:46:37.472742,CLOSED,,FIREWALL-01,False
ALT-CSE-01-00736,CSE-01,HIGH,2024-10-05T18:03:09,2024-10-05T18:04:59.292748,2024-10-05T20:21:32.503477,CLOSED,,FIREWALL-01,False
ALT-CSE-01-00737,CSE-01,LOW,2024-10-20T10:08:03,2024-10-20T10:16:36.376775,2024-10-20T11:56:00.063024,CLOSED,,DB-SERVER-01,False
ALT-CSE-01-00738,CSE-01,LOW,2024-10-14T21:51:20,2024-10-14T21:54:31.608607,2024-10-14T23:47:19.666487,CLOSED,,ROUTER-01,False
ALT-CSE-01-00739,CSE-01,MEDIUM,2024-10-16T15:43:55,2024-10-16T15:52:00.663704,2024-10-16T18:44:12.848655,CLOSED,,DB-SERVER-01,False
ALT-CSE-01-00740,CSE-01,HIGH,2024-10-10T08:08:34,2024-10-10T08:19:38.506164,2024-10-10T09:30:14.953533,CLOSED,,ROUTER-01,False
ALT-CSE-01-00741,CSE-01,LOW,2024-10-29T18:50:36,2024-10-29T19:02:23.660386,2024-10-29T20:48:39.139359,CLOSED,,ROUTER-01,False
ALT-CSE-01-00742,CSE-01,LOW,2024-10-16T09:29:52,2024-10-16T09:34:51.087659,2024-10-16T12:21:31.573809,CLOSED,,FIREWALL-01,False
ALT-CSE-01-00743,CSE-01,MEDIUM,2024-11-03T12:39:22,2024-11-03T12:43:49.245094,2024-11-03T14:21:03.312537,CLOSED,,DB-SERVER-01,False
ALT-CSE-01-00744,CSE-01,LOW,2024-10-08T00:42:24,2024-10-08T00:45:25.231872,2024-10-08T02:56:24.804436,CLOSED,,DB-SERVER-01,False
ALT-CSE-01-00745,CSE-01,LOW,2024-11-19T14:34:32,2024-11-19T14:36:48.198155,2024-11-19T15:45:17.827459,CLOSED,,ROUTER-01,False
ALT-CSE-01-00746,CSE-01,MEDIUM,2024-12-08T02:26:18,2024-12-08T02:32:21.695462,2024-12-08T04:23:18.425998,CLOSED,,FIREWALL-01,False
ALT-CSE-01-00747,CSE-01,LOW,2024-11-09T12:09:54,2024-11-09T12:14:09.746427,2024-11-09T15:10:04.625806,CLOSED,,DB-SERVER-01,False
ALT-CSE-01-00748,CSE-01,CRITICAL,2024-12-27T05:14:51,2024-12-27T05:20:10.303086,2024-12-27T06:04:36.437697,CLOSED,CAS-CSE-01-0170,ENDPOINT-01,False
ALT-CSE-01-00749,CSE-01,MEDIUM,2024-10-07T08:38:31,2024-10-07T08:47:34.540253,2024-10-07T10:50:54.301726,CLOSED,,ROUTER-01,False
ALT-CSE-01-00750,CSE-01,MEDIUM,2024-12-27T04:43:07,2024-12-27T04:50:27.614473,2024-12-27T07:45:33.274717,CLOSED,,ENDPOINT-01,False
ALT-CSE-01-00751,CSE-01,LOW,2024-12-13T04:35:43,2024-12-13T04:46:40.108008,2024-12-13T07:15:52.597633,CLOSED,,ENDPOINT-01,False
ALT-CSE-01-00752,CSE-01,MEDIUM,2024-10-20T19:33:11,2024-10-20T19:47:02.223171,2024-10-20T21:54:54.654147,CLOSED,,DB-SERVER-01,False
ALT-CSE-01-00753,CSE-01,HIGH,2024-11-18T21:09:22,2024-11-18T21:12:31.639372,2024-11-18T22:21:05.001469,CLOSED,,ROUTER-01,False
ALT-CSE-01-00754,CSE-01,MEDIUM,2024-12-21T13:11:42,2024-12-21T13:19:18.165357,2024-12-21T14:56:25.192594,CLOSED,,ENDPOINT-01,False
ALT-CSE-01-00755,CSE-01,LOW,2024-11-02T09:29:48,2024-11-02T09:43:48.150561,2024-11-02T11:35:09.252278,CLOSED,,DB-SERVER-01,False
ALT-CSE-01-00756,CSE-01,HIGH,2024-12-05T13:34:33,2024-12-05T13:47:45.120518,2024-12-05T16:45:53.386643,CLOSED,,ENDPOINT-01,False
ALT-CSE-01-00757,CSE-01,LOW,2024-12-29T03:18:33,2024-12-29T03:27:22.390206,2024-12-29T05:38:15.776483,CLOSED,,ENDPOINT-01,False
ALT-CSE-01-00758,CSE-01,CRITICAL,2024-12-13T13:58:04,2024-12-13T14:11:19.116776,2024-12-13T14:53:35.508122,CLOSED,CAS-CSE-01-0171,DB-SERVER-01,False
ALT-CSE-01-00759,CSE-01,HIGH,2024-12-13T13:23:27,2024-12-13T13:28:34.613332,2024-12-13T15:04:54.642721,CLOSED,CAS-CSE-01-0172,FIREWALL-01,False
ALT-CSE-01-00760,CSE-01,LOW,2024-10-01T15:10:18,2024-10-01T15:19:12.974522,2024-10-01T17:15:55.971825,CLOSED,,WEB-SERVER-01,False
ALT-CSE-01-00761,CSE-01,MEDIUM,2024-10-20T14:57:29,2024-10-20T15:07:29.218522,2024-10-20T17:13:17.750828,CLOSED,,DB-SERVER-01,False
ALT-CSE-01-00762,CSE-01,MEDIUM,2024-12-04T01:45:41,2024-12-04T01:59:27.929669,2024-12-04T03:34:40.606110,CLOSED,,DB-SERVER-01,False
ALT-CSE-01-00763,CSE-01,CRITICAL,2024-12-26T13:57:17,2024-12-26T14:06:09.323258,2024-12-26T14:44:06.265034,CLOSED,CAS-CSE-01-0173,ENDPOINT-01,False
ALT-CSE-01-00764,CSE-01,MEDIUM,2024-12-24T15:09:39,2024-12-24T15:12:57.398007,2024-12-24T16:51:46.795800,CLOSED,,DB-SERVER-01,False
ALT-CSE-01-00765,CSE-01,HIGH,2024-12-04T07:54:56,2024-12-04T08:05:03.407077,2024-12-04T12:05:12.551197,CLOSED,,FIREWALL-01,False
ALT-CSE-01-00766,CSE-01,HIGH,2024-10-05T02:46:33,2024-10-05T02:52:34.955770,2024-10-05T03:59:33.942295,CLOSED,,DB-SERVER-01,False
ALT-CSE-01-00767,CSE-01,HIGH,2024-12-29T09:01:51,2024-12-29T09:05:25.113362,2024-12-29T11:14:53.682352,CLOSED,,FIREWALL-01,False
ALT-CSE-01-00768,CSE-01,HIGH,2024-12-06T01:15:27,2024-12-06T01:23:11.202315,2024-12-06T02:58:45.547871,CLOSED,,ENDPOINT-01,False
ALT-CSE-01-00769,CSE-01,HIGH,2024-10-18T01:03:56,2024-10-18T01:15:21.339757,2024-10-18T03:26:18.012107,CLOSED,,ENDPOINT-01,False
ALT-CSE-01-00770,CSE-01,MEDIUM,2024-10-24T06:58:54,2024-10-24T07:04:13.953208,2024-10-24T08:01:53.645512,CLOSED,,ROUTER-01,False
ALT-CSE-01-00771,CSE-01,LOW,2024-12-11T11:47:41,2024-12-11T11:58:41.201253,2024-12-11T13:18:40.566965,CLOSED,,DB-SERVER-01,False
ALT-CSE-01-00772,CSE-01,HIGH,2024-12-22T10:18:26,2024-12-22T10:24:58.994359,2024-12-22T13:04:20.447026,CLOSED,,WEB-SERVER-01,False
ALT-CSE-01-00773,CSE-01,LOW,2024-12-27T04:19:07,2024-12-27T04:33:14.763426,2024-12-27T06:51:29.500550,CLOSED,,ROUTER-01,False
ALT-CSE-01-00774,CSE-01,HIGH,2024-11-21T19:36:51,2024-11-21T19:48:46.787389,2024-11-21T21:42:30.611380,CLOSED,,WEB-SERVER-01,False
ALT-CSE-01-00775,CSE-01,HIGH,2024-10-20T06:08:33,2024-10-20T06:17:34.890705,2024-10-20T07:12:32.567248,CLOSED,,FIREWALL-01,False
ALT-CSE-01-00776,CSE-01,HIGH,2024-10-08T04:23:59,2024-10-08T04:26:00.591757,2024-10-08T06:35:07.802211,CLOSED,,ROUTER-01,False
ALT-CSE-01-00777,CSE-01,MEDIUM,2024-10-25T08:05:31,2024-10-25T08:20:27.985151,2024-10-25T09:53:34.244275,CLOSED,,FIREWALL-01,False
ALT-CSE-01-00778,CSE-01,MEDIUM,2024-12-08T16:44:03,2024-12-08T16:56:17.525860,2024-12-08T18:04:02.902572,CLOSED,CAS-CSE-01-0174,FIREWALL-01,False
ALT-CSE-01-00779,CSE-01,MEDIUM,2024-11-01T19:33:03,2024-11-01T19:42:39.676934,2024-11-01T21:49:48.563149,CLOSED,,ENDPOINT-01,False
ALT-CSE-01-00780,CSE-01,HIGH,2024-11-22T22:29:36,2024-11-22T22:34:23.997022,2024-11-23T00:48:11.599509,CLOSED,,DB-SERVER-01,False
ALT-CSE-01-00781,CSE-01,MEDIUM,2024-11-12T20:26:14,2024-11-12T20:34:25.811568,2024-11-12T22:25:34.608884,CLOSED,,ENDPOINT-01,False
ALT-CSE-01-00782,CSE-01,LOW,2024-11-19T10:19:19,2024-11-19T10:20:46.647718,2024-11-19T12:20:44.219735,CLOSED,,ROUTER-01,False
ALT-CSE-01-00783,CSE-01,MEDIUM,2024-12-29T00:08:02,2024-12-29T00:17:41.482568,2024-12-29T02:14:24.939920,CLOSED,,ROUTER-01,False
ALT-CSE-01-00784,CSE-01,HIGH,2024-12-14T14:25:13,2024-12-14T14:40:05.259331,2024-12-14T15:27:31.839684,CLOSED,,DB-SERVER-01,False
ALT-CSE-01-00785,CSE-01,MEDIUM,2024-12-28T07:49:34,2024-12-28T07:54:34.506186,2024-12-28T09:46:51.135350,CLOSED,,WEB-SERVER-01,False
ALT-CSE-01-00786,CSE-01,HIGH,2024-11-17T13:40:51,2024-11-17T13:54:01.760948,2024-11-17T15:50:36.276548,CLOSED,,DB-SERVER-01,False
ALT-CSE-01-00787,CSE-01,MEDIUM,2024-10-17T21:26:09,2024-10-17T21:36:20.145150,2024-10-17T23:14:59.396720,CLOSED,,ENDPOINT-01,False
ALT-CSE-01-00788,CSE-01,HIGH,2024-11-25T02:01:27,2024-11-25T02:15:33.418129,2024-11-25T03:39:28.376040,CLOSED,,FIREWALL-01,False
ALT-CSE-01-00789,CSE-01,MEDIUM,2024-11-09T19:54:33,2024-11-09T20:00:49.145023,2024-11-09T22:56:21.637526,CLOSED,,WEB-SERVER-01,False
ALT-CSE-01-00790,CSE-01,MEDIUM,2024-10-06T08:06:21,2024-10-06T08:21:01.636395,2024-10-06T10:26:03.881631,CLOSED,,FIREWALL-01,False
ALT-CSE-01-00791,CSE-01,LOW,2024-10-11T21:41:45,2024-10-11T21:47:57.037965,2024-10-11T23:23:03.039708,CLOSED,,FIREWALL-01,False
ALT-CSE-01-00792,CSE-01,HIGH,2024-12-03T09:36:10,2024-12-03T09:44:08.852346,2024-12-03T12:55:20.807487,CLOSED,,ROUTER-01,False
ALT-CSE-01-00793,CSE-01,MEDIUM,2024-11-29T18:41:34,2024-11-29T18:43:02.694577,2024-11-29T20:09:11.842849,CLOSED,,WEB-SERVER-01,False
ALT-CSE-01-00794,CSE-01,LOW,2024-10-11T22:34:51,2024-10-11T22:41:31.048902,2024-10-12T01:14:25.176108,CLOSED,,ENDPOINT-01,False
ALT-CSE-01-00795,CSE-01,CRITICAL,2024-10-04T16:43:52,2024-10-04T16:54:21.360681,2024-10-04T17:42:51.061392,CLOSED,CAS-CSE-01-0175,FIREWALL-01,False
ALT-CSE-01-00796,CSE-01,CRITICAL,2024-11-11T19:43:42,2024-11-11T19:45:36.491118,2024-11-11T20:39:39.647266,CLOSED,CAS-CSE-01-0176,WEB-SERVER-01,False
ALT-CSE-01-00797,CSE-01,CRITICAL,2024-11-01T16:37:38,2024-11-01T16:39:49.428762,2024-11-01T17:41:18.209092,CLOSED,CAS-CSE-01-0177,FIREWALL-01,False
ALT-CSE-01-00798,CSE-01,MEDIUM,2024-12-03T16:27:17,2024-12-03T16:31:50.520758,2024-12-03T18:46:04.139800,CLOSED,,FIREWALL-01,False
ALT-CSE-01-00799,CSE-01,LOW,2024-11-08T05:15:04,2024-11-08T05:23:59.299400,2024-11-08T06:51:11.364965,CLOSED,,ROUTER-01,False
ALT-CSE-01-00800,CSE-01,CRITICAL,2024-12-18T15:58:11,2024-12-18T16:10:52.205808,2024-12-18T16:36:01.859033,CLOSED,,WEB-SERVER-01,False
ALT-CSE-01-00801,CSE-01,MEDIUM,2024-10-12T12:50:43,2024-10-12T13:04:05.423194,2024-10-12T14:41:54.366167,CLOSED,,ROUTER-01,False
ALT-CSE-01-00802,CSE-01,LOW,2024-12-22T11:06:18,2024-12-22T11:07:22.096657,2024-12-22T14:13:27.581773,CLOSED,,FIREWALL-01,False
ALT-CSE-01-00803,CSE-01,HIGH,2024-11-12T13:00:42,2024-11-12T13:02:51.436134,2024-11-12T16:17:37.933162,CLOSED,,ROUTER-01,False
ALT-CSE-01-00804,CSE-01,HIGH,2024-10-10T19:22:40,2024-10-10T19:29:06.701509,2024-10-10T21:00:56.468042,CLOSED,,ENDPOINT-01,False
ALT-CSE-01-00805,CSE-01,HIGH,2024-12-07T09:49:18,2024-12-07T09:56:32.781355,2024-12-07T12:23:05.906663,CLOSED,,FIREWALL-01,False
ALT-CSE-01-00806,CSE-01,MEDIUM,2024-12-04T04:33:13,2024-12-04T04:37:02.320518,2024-12-04T07:10:14.250431,CLOSED,,FIREWALL-01,False
ALT-CSE-01-00807,CSE-01,CRITICAL,2024-10-25T21:12:02,2024-10-25T21:24:51.911063,2024-10-25T21:57:50.380445,CLOSED,CAS-CSE-01-0178,FIREWALL-01,False
ALT-CSE-01-00808,CSE-01,MEDIUM,2024-11-29T14:37:45,2024-11-29T14:42:30.929284,2024-11-29T16:09:50.829429,CLOSED,,FIREWALL-01,False
ALT-CSE-01-00809,CSE-01,MEDIUM,2024-11-18T00:53:34,2024-11-18T01:00:23.996324,2024-11-18T02:05:16.137520,CLOSED,,ENDPOINT-01,False
ALT-CSE-01-00810,CSE-01,HIGH,2024-11-18T03:41:00,2024-11-18T03:45:04.588368,2024-11-18T07:11:48.521506,CLOSED,,ROUTER-01,False
ALT-CSE-01-00811,CSE-01,LOW,2024-10-15T00:38:51,2024-10-15T00:45:38.501271,2024-10-15T03:34:20.691918,CLOSED,,WEB-SERVER-01,False
ALT-CSE-01-00812,CSE-01,CRITICAL,2024-12-20T04:05:46,2024-12-20T04:12:03.925664,2024-12-20T04:46:30.794282,CLOSED,,DB-SERVER-01,False
ALT-CSE-01-00813,CSE-01,MEDIUM,2024-11-22T03:04:58,2024-11-22T03:15:27.296007,2024-11-22T06:25:12.359368,CLOSED,,FIREWALL-01,False
ALT-CSE-01-00814,CSE-01,CRITICAL,2024-11-18T08:48:22,2024-11-18T09:01:50.859039,2024-11-18T09:32:56.466691,CLOSED,CAS-CSE-01-0179,FIREWALL-01,False
ALT-CSE-01-00815,CSE-01,MEDIUM,2024-10-28T21:29:36,2024-10-28T21:38:40.206349,2024-10-28T23:19:22.898466,CLOSED,,DB-SERVER-01,False
ALT-CSE-01-00816,CSE-01,LOW,2024-12-06T09:03:48,2024-12-06T09:15:25.637942,2024-12-06T09:28:44.466487,CLOSED,,WEB-SERVER-01,False
ALT-CSE-01-00817,CSE-01,LOW,2024-12-27T10:10:51,2024-12-27T10:22:23.643596,2024-12-27T11:50:19.427325,CLOSED,,WEB-SERVER-01,False
ALT-CSE-01-00818,CSE-01,CRITICAL,2024-11-26T07:53:51,2024-11-26T07:59:47.213144,2024-11-26T08:52:54.252094,CLOSED,,ROUTER-01,False
ALT-CSE-01-00819,CSE-01,HIGH,2024-12-03T12:37:39,2024-12-03T12:50:04.685535,2024-12-03T14:02:02.390438,CLOSED,,WEB-SERVER-01,False
ALT-CSE-01-00820,CSE-01,MEDIUM,2024-11-26T20:44:02,2024-11-26T20:46:00.275700,2024-11-26T22:56:31.175365,CLOSED,,FIREWALL-01,False
ALT-CSE-01-00821,CSE-01,HIGH,2024-12-01T04:13:58,2024-12-01T04:24:57.069014,2024-12-01T05:33:08.935626,CLOSED,,ENDPOINT-01,False
ALT-CSE-01-00822,CSE-01,CRITICAL,2024-11-28T22:13:14,2024-11-28T22:18:48.977262,2024-11-28T23:30:26.946023,CLOSED,CAS-CSE-01-0180,WEB-SERVER-01,False
ALT-CSE-01-00823,CSE-01,CRITICAL,2024-10-05T11:26:14,2024-10-05T11:37:14.116006,2024-10-05T12:13:38.861963,CLOSED,CAS-CSE-01-0181,ENDPOINT-01,False
ALT-CSE-01-00824,CSE-01,CRITICAL,2024-10-27T06:51:13,2024-10-27T06:57:26.301245,2024-10-27T07:39:50.492899,CLOSED,CAS-CSE-01-0182,ENDPOINT-01,False
ALT-CSE-01-00825,CSE-01,MEDIUM,2024-10-17T12:46:02,2024-10-17T12:53:00.543519,2024-10-17T14:40:54.110808,CLOSED,,WEB-SERVER-01,False
ALT-CSE-01-00826,CSE-01,CRITICAL,2024-11-15T09:44:23,2024-11-15T09:46:22.562193,2024-11-15T10:48:50.927899,CLOSED,CAS-CSE-01-0183,ROUTER-01,False
ALT-CSE-01-00827,CSE-01,CRITICAL,2024-10-15T02:22:43,2024-10-15T02:32:28.202115,2024-10-15T03:31:04.387151,CLOSED,CAS-CSE-01-0184,WEB-SERVER-01,False
ALT-CSE-01-00828,CSE-01,MEDIUM,2024-10-28T14:25:47,2024-10-28T14:34:31.809253,2024-10-28T15:23:43.815431,CLOSED,,ROUTER-01,False
ALT-CSE-01-00829,CSE-01,MEDIUM,2024-11-27T07:41:30,2024-11-27T07:45:08.997314,2024-11-27T09:14:01.736719,CLOSED,,WEB-SERVER-01,False
ALT-CSE-01-00830,CSE-01,MEDIUM,2024-12-11T00:32:43,2024-12-11T00:39:41.549430,2024-12-11T02:19:02.936814,CLOSED,,DB-SERVER-01,False
ALT-CSE-01-00831,CSE-01,LOW,2024-11-02T10:58:56,2024-11-02T11:08:08.536028,2024-11-02T12:16:10.856958,CLOSED,,FIREWALL-01,False
ALT-CSE-01-00832,CSE-01,HIGH,2024-11-22T10:26:04,2024-11-22T10:32:01.692220,2024-11-22T12:39:08.169637,CLOSED,,DB-SERVER-01,False
ALT-CSE-01-00833,CSE-01,MEDIUM,2024-11-03T05:10:03,2024-11-03T05:14:11.216894,2024-11-03T07:53:13.249914,CLOSED,,ENDPOINT-01,False
ALT-CSE-01-00834,CSE-01,LOW,2024-11-22T13:24:42,2024-11-22T13:34:29.364541,2024-11-22T15:18:08.725323,CLOSED,,ENDPOINT-01,False
ALT-CSE-01-00835,CSE-01,CRITICAL,2024-11-20T19:26:52,2024-11-20T19:34:36.863050,2024-11-20T20:29:18.706968,CLOSED,,WEB-SERVER-01,False
ALT-CSE-01-00836,CSE-01,MEDIUM,2024-11-06T19:40:19,2024-11-06T19:42:19.621946,2024-11-06T21:12:55.125370,CLOSED,,DB-SERVER-01,False
ALT-CSE-01-00837,CSE-01,MEDIUM,2024-11-25T10:14:38,2024-11-25T10:29:17.421506,2024-11-25T12:24:32.870785,CLOSED,,ENDPOINT-01,False
ALT-CSE-01-00838,CSE-01,HIGH,2024-10-06T06:06:49,2024-10-06T06:07:57.919460,2024-10-06T08:06:50.223277,CLOSED,,FIREWALL-01,False
ALT-CSE-01-00839,CSE-01,HIGH,2024-12-10T07:04:10,2024-12-10T07:16:17.932017,2024-12-10T08:14:48.418135,CLOSED,,WEB-SERVER-01,False
ALT-CSE-01-00840,CSE-01,MEDIUM,2024-10-31T13:25:47,2024-10-31T13:32:12.050648,2024-10-31T15:32:46.789346,CLOSED,,WEB-SERVER-01,False
ALT-CSE-01-00841,CSE-01,HIGH,2024-12-21T09:36:52,2024-12-21T09:51:13.505946,2024-12-21T11:48:24.161055,CLOSED,,DB-SERVER-01,False
ALT-CSE-01-00842,CSE-01,MEDIUM,2024-10-11T01:11:33,2024-10-11T01:19:58.134941,2024-10-11T04:06:43.060697,CLOSED,,ROUTER-01,False
ALT-CSE-01-00843,CSE-01,HIGH,2024-12-19T05:00:14,2024-12-19T05:14:49.185979,2024-12-19T07:20:27.014304,CLOSED,,ENDPOINT-01,False
ALT-CSE-01-00844,CSE-01,CRITICAL,2024-12-11T00:22:20,2024-12-11T00:27:57.969098,2024-12-11T01:15:37.650608,CLOSED,CAS-CSE-01-0185,WEB-SERVER-01,False
ALT-CSE-01-00845,CSE-01,LOW,2024-11-16T18:37:51,2024-11-16T18:39:48.068165,2024-11-16T18:38:51,CLOSED,,WEB-SERVER-01,False
ALT-CSE-01-00846,CSE-01,HIGH,2024-12-12T06:03:36,2024-12-12T06:05:38.273150,2024-12-12T08:17:06.003905,CLOSED,,DB-SERVER-01,False
ALT-CSE-01-00847,CSE-01,CRITICAL,2024-11-28T06:02:11,2024-11-28T06:08:51.838079,2024-11-28T07:07:21.420934,CLOSED,CAS-CSE-01-0186,ROUTER-01,False
ALT-CSE-01-00848,CSE-01,LOW,2024-11-18T03:32:12,2024-11-18T03:42:54.992774,2024-11-18T04:43:47.944081,CLOSED,,WEB-SERVER-01,False
ALT-CSE-01-00849,CSE-01,MEDIUM,2024-11-10T20:33:37,2024-11-10T20:41:36.525050,2024-11-10T22:55:46.482756,CLOSED,,ENDPOINT-01,False
ALT-CSE-01-00850,CSE-01,HIGH,2024-11-03T02:56:56,2024-11-03T03:09:53.726122,2024-11-03T04:10:54.793972,CLOSED,,WEB-SERVER-01,False
ALT-CSE-01-00851,CSE-01,HIGH,2024-10-20T06:59:22,2024-10-20T07:07:32.959382,2024-10-20T08:38:46.782180,CLOSED,,ENDPOINT-01,False
ALT-CSE-01-00852,CSE-01,LOW,2024-12-06T10:36:40,2024-12-06T10:40:25.586303,2024-12-06T12:35:58.225261,CLOSED,,DB-SERVER-01,False
ALT-CSE-01-00853,CSE-01,MEDIUM,2024-11-04T23:33:23,2024-11-04T23:36:22.138657,2024-11-05T01:22:00.855470,CLOSED,,DB-SERVER-01,False
ALT-CSE-01-00854,CSE-01,HIGH,2024-12-02T23:59:24,2024-12-03T00:05:57.371160,2024-12-03T01:31:18.151666,CLOSED,CAS-CSE-01-0187,WEB-SERVER-01,False
ALT-CSE-01-00855,CSE-01,HIGH,2024-12-05T21:00:36,2024-12-05T21:05:01.115902,2024-12-05T23:57:49.308624,CLOSED,,ROUTER-01,False
ALT-CSE-01-00856,CSE-01,MEDIUM,2024-10-04T08:58:37,2024-10-04T09:09:29.636871,2024-10-04T10:40:48.646634,CLOSED,CAS-CSE-01-0188,FIREWALL-01,False
ALT-CSE-01-00857,CSE-01,LOW,2024-11-13T11:10:00,2024-11-13T11:15:02.670042,2024-11-13T14:06:34.033900,CLOSED,,WEB-SERVER-01,False
ALT-CSE-01-00858,CSE-01,CRITICAL,2024-11-28T02:17:51,2024-11-28T02:24:01.550335,2024-11-28T02:53:53.701445,CLOSED,CAS-CSE-01-0189,WEB-SERVER-01,False
ALT-CSE-01-00859,CSE-01,MEDIUM,2024-12-23T12:25:28,2024-12-23T12:28:37.040849,2024-12-23T15:48:01.254702,CLOSED,,ENDPOINT-01,False
ALT-CSE-01-00860,CSE-01,MEDIUM,2024-10-21T06:00:56,2024-10-21T06:14:28.736239,2024-10-21T08:39:08.931150,CLOSED,,ROUTER-01,False
ALT-CSE-01-00861,CSE-01,HIGH,2024-11-03T02:46:20,2024-11-03T02:53:35.166870,2024-11-03T04:51:48.000081,CLOSED,,FIREWALL-01,False
ALT-CSE-01-00862,CSE-01,MEDIUM,2024-12-21T15:04:23,2024-12-21T15:18:09.447952,2024-12-21T17:53:41.081982,CLOSED,,ROUTER-01,False
ALT-CSE-01-00863,CSE-01,HIGH,2024-10-29T19:53:58,2024-10-29T19:59:33.518473,2024-10-29T22:05:42.728936,CLOSED,,WEB-SERVER-01,False
ALT-CSE-01-00864,CSE-01,MEDIUM,2024-12-22T08:48:55,2024-12-22T08:50:13.846171,2024-12-22T11:37:04.447536,CLOSED,,WEB-SERVER-01,False
ALT-CSE-01-00865,CSE-01,MEDIUM,2024-11-10T06:29:34,2024-11-10T06:42:03.861781,2024-11-10T07:59:47.461422,CLOSED,,FIREWALL-01,False
ALT-CSE-01-00866,CSE-01,MEDIUM,2024-12-24T00:37:13,2024-12-24T00:44:57.274017,2024-12-24T01:49:49.606725,CLOSED,,ROUTER-01,False
ALT-CSE-01-00867,CSE-01,HIGH,2024-10-22T08:43:15,2024-10-22T08:45:29.905414,2024-10-22T11:00:20.527664,CLOSED,CAS-CSE-01-0190,ENDPOINT-01,False
ALT-CSE-01-00868,CSE-01,MEDIUM,2024-12-22T19:54:57,2024-12-22T19:59:35.397818,2024-12-22T22:26:47.444008,CLOSED,,ROUTER-01,False
ALT-CSE-01-00869,CSE-01,CRITICAL,2024-11-26T07:10:02,2024-11-26T07:20:54.943887,2024-11-26T07:52:01.473586,CLOSED,CAS-CSE-01-0191,DB-SERVER-01,False
ALT-CSE-01-00870,CSE-01,MEDIUM,2024-10-28T17:30:37,2024-10-28T17:42:53.229239,2024-10-28T18:45:10.410117,CLOSED,,WEB-SERVER-01,False
ALT-CSE-01-00871,CSE-01,LOW,2024-10-06T02:05:16,2024-10-06T02:14:21.586747,2024-10-06T04:16:27.745094,CLOSED,,ROUTER-01,False
ALT-CSE-01-00872,CSE-01,MEDIUM,2024-11-02T16:44:02,2024-11-02T16:58:51.150323,2024-11-02T19:00:50.951439,CLOSED,,WEB-SERVER-01,False
ALT-CSE-01-00873,CSE-01,LOW,2024-12-11T06:55:27,2024-12-11T07:05:04.848092,2024-12-11T08:34:20.552541,CLOSED,,ENDPOINT-01,False
ALT-CSE-01-00874,CSE-01,HIGH,2024-11-28T02:01:28,2024-11-28T02:02:56.468270,2024-11-28T04:18:55.059190,CLOSED,,ROUTER-01,False
ALT-CSE-01-00875,CSE-01,LOW,2024-12-23T01:03:47,2024-12-23T01:08:57.567356,2024-12-23T02:54:35.984973,CLOSED,,ROUTER-01,False
ALT-CSE-01-00876,CSE-01,CRITICAL,2024-11-20T02:57:59,2024-11-20T03:02:37.548031,2024-11-20T03:45:07.264680,CLOSED,CAS-CSE-01-0192,ENDPOINT-01,False
ALT-CSE-01-00877,CSE-01,LOW,2024-12-20T01:55:57,2024-12-20T02:06:46.801718,2024-12-20T03:30:36.031023,CLOSED,,ENDPOINT-01,False
ALT-CSE-01-00878,CSE-01,MEDIUM,2024-11-23T13:51:32,2024-11-23T14:00:55.956358,2024-11-23T16:28:52.201103,CLOSED,,ROUTER-01,False
ALT-CSE-01-00879,CSE-01,HIGH,2024-12-18T03:42:40,2024-12-18T03:51:43.790395,2024-12-18T07:04:13.105988,CLOSED,,DB-SERVER-01,False
ALT-CSE-01-00880,CSE-01,HIGH,2024-11-07T08:26:19,2024-11-07T08:32:34.421575,2024-11-07T10:58:15.849714,CLOSED,,ROUTER-01,False
ALT-CSE-01-00881,CSE-01,LOW,2024-10-22T18:55:10,2024-10-22T19:07:47.907041,2024-10-22T21:38:17.511444,CLOSED,,WEB-SERVER-01,False
ALT-CSE-01-00882,CSE-01,MEDIUM,2024-11-28T05:56:44,2024-11-28T06:04:51.456494,2024-11-28T08:41:23.880740,CLOSED,,DB-SERVER-01,False
ALT-CSE-01-00883,CSE-01,LOW,2024-11-12T09:20:45,2024-11-12T09:24:31.938701,2024-11-12T12:19:11.324118,CLOSED,,FIREWALL-01,False
ALT-CSE-01-00884,CSE-01,CRITICAL,2024-10-01T12:34:20,2024-10-01T12:48:09.294467,2024-10-01T13:11:49.126222,CLOSED,CAS-CSE-01-0193,ROUTER-01,False
ALT-CSE-01-00885,CSE-01,HIGH,2024-11-24T16:05:16,2024-11-24T16:17:30.433396,2024-11-24T17:34:14.650656,CLOSED,,DB-SERVER-01,False
ALT-CSE-01-00886,CSE-01,HIGH,2024-10-13T01:29:12,2024-10-13T01:37:00.923150,2024-10-13T03:39:49.203656,CLOSED,CAS-CSE-01-0194,ROUTER-01,False
ALT-CSE-01-00887,CSE-01,LOW,2024-10-29T05:29:43,2024-10-29T05:35:43.144820,2024-10-29T08:17:31.125863,CLOSED,,ROUTER-01,False
ALT-CSE-01-00888,CSE-01,MEDIUM,2024-10-31T14:43:15,2024-10-31T14:50:55.398487,2024-10-31T16:51:27.993420,CLOSED,,DB-SERVER-01,False
ALT-CSE-01-00889,CSE-01,CRITICAL,2024-11-07T17:37:22,2024-11-07T17:39:14.834053,2024-11-07T18:17:00.639991,CLOSED,,FIREWALL-01,False
ALT-CSE-01-00890,CSE-01,LOW,2024-10-07T13:24:34,2024-10-07T13:33:26.880063,2024-10-07T15:09:14.158833,CLOSED,,ROUTER-01,False
ALT-CSE-01-00891,CSE-01,MEDIUM,2024-10-22T10:32:22,2024-10-22T10:45:43.248987,2024-10-22T13:10:34.490543,CLOSED,,WEB-SERVER-01,False
ALT-CSE-01-00892,CSE-01,MEDIUM,2024-10-07T05:21:23,2024-10-07T05:32:05.423245,2024-10-07T07:54:59.528066,CLOSED,,ENDPOINT-01,False
ALT-CSE-01-00893,CSE-01,HIGH,2024-10-18T15:00:00,2024-10-18T15:11:14.873941,2024-10-18T16:46:07.618669,CLOSED,,WEB-SERVER-01,False
ALT-CSE-01-00894,CSE-01,HIGH,2024-11-18T19:48:43,2024-11-18T20:01:55.030118,2024-11-18T21:01:23.797665,CLOSED,,ENDPOINT-01,False
ALT-CSE-01-00895,CSE-01,MEDIUM,2024-12-01T04:40:09,2024-12-01T04:47:26.203587,2024-12-01T06:07:39.804324,CLOSED,CAS-CSE-01-0195,FIREWALL-01,False
ALT-CSE-01-00896,CSE-01,HIGH,2024-10-10T02:30:30,2024-10-10T02:41:56.658650,2024-10-10T04:39:20.189471,CLOSED,,ROUTER-01,False
ALT-CSE-01-00897,CSE-01,LOW,2024-10-10T10:42:33,2024-10-10T10:57:00.672367,2024-10-10T11:35:49.549360,CLOSED,,DB-SERVER-01,False
ALT-CSE-01-00898,CSE-01,CRITICAL,2024-11-10T06:26:22,2024-11-10T06:31:11.746652,2024-11-10T07:18:40.818512,CLOSED,CAS-CSE-01-0196,WEB-SERVER-01,False
ALT-CSE-01-00899,CSE-01,MEDIUM,2024-10-13T14:48:11,2024-10-13T14:49:24.625241,2024-10-13T17:08:48.997167,CLOSED,,ENDPOINT-01,False
ALT-CSE-01-00900,CSE-01,MEDIUM,2024-11-21T06:12:39,2024-11-21T06:24:31.997025,2024-11-21T08:20:28.382900,CLOSED,,ENDPOINT-01,False
ALT-CSE-01-00901,CSE-01,MEDIUM,2024-11-29T13:31:52,2024-11-29T13:45:30.340330,2024-11-29T15:09:37.749347,CLOSED,,WEB-SERVER-01,False
ALT-CSE-01-00902,CSE-01,MEDIUM,2024-11-02T13:29:46,2024-11-02T13:33:29.267773,2024-11-02T15:27:28.882035,CLOSED,,FIREWALL-01,False
ALT-CSE-01-00903,CSE-01,HIGH,2024-12-15T13:32:38,2024-12-15T13:39:35.948158,2024-12-15T16:02:37.786812,CLOSED,,FIREWALL-01,False
ALT-CSE-01-00904,CSE-01,LOW,2024-10-27T03:56:49,2024-10-27T04:06:09.125260,2024-10-27T05:37:53.125343,CLOSED,,ROUTER-01,False
ALT-CSE-01-00905,CSE-01,HIGH,2024-10-03T06:29:52,2024-10-03T06:33:19.349132,2024-10-03T09:34:21.800387,CLOSED,,WEB-SERVER-01,False
ALT-CSE-01-00906,CSE-01,LOW,2024-11-09T23:09:00,2024-11-09T23:22:56.842562,2024-11-10T01:22:45.460381,CLOSED,,WEB-SERVER-01,False
ALT-CSE-01-00907,CSE-01,LOW,2024-11-19T01:23:50,2024-11-19T01:35:05.655034,2024-11-19T03:47:28.668503,CLOSED,,ROUTER-01,False
ALT-CSE-01-00908,CSE-01,HIGH,2024-10-02T03:19:04,2024-10-02T03:21:30.004360,2024-10-02T05:04:43.653989,CLOSED,,ROUTER-01,False
ALT-CSE-01-00909,CSE-01,MEDIUM,2024-11-05T23:26:02,2024-11-05T23:35:51.986589,2024-11-06T01:07:12.458535,CLOSED,,ENDPOINT-01,False
ALT-CSE-01-00910,CSE-01,HIGH,2024-10-23T05:09:05,2024-10-23T05:14:10.608925,2024-10-23T07:08:53.622677,CLOSED,,DB-SERVER-01,False
ALT-CSE-01-00911,CSE-01,CRITICAL,2024-12-26T23:21:28,2024-12-26T23:27:44.446748,2024-12-26T23:38:17.323477,CLOSED,,ROUTER-01,False
ALT-CSE-01-00912,CSE-01,MEDIUM,2024-11-17T16:31:43,2024-11-17T16:39:11.098995,2024-11-17T18:02:08.547194,CLOSED,,DB-SERVER-01,False
ALT-CSE-01-00913,CSE-01,HIGH,2024-12-28T12:58:29,2024-12-28T13:06:33.293960,2024-12-28T14:28:08.755787,CLOSED,,DB-SERVER-01,False
ALT-CSE-01-00914,CSE-01,MEDIUM,2024-11-13T03:51:52,2024-11-13T04:01:17.352053,2024-11-13T06:08:09.187760,CLOSED,CAS-CSE-01-0197,DB-SERVER-01,False
ALT-CSE-01-00915,CSE-01,MEDIUM,2024-11-10T08:28:04,2024-11-10T08:37:18.625810,2024-11-10T10:48:10.808328,CLOSED,,DB-SERVER-01,False
ALT-CSE-01-00916,CSE-01,MEDIUM,2024-12-15T12:31:01,2024-12-15T12:34:57.592989,2024-12-15T15:04:46.745730,CLOSED,,ENDPOINT-01,False
ALT-CSE-01-00917,CSE-01,MEDIUM,2024-10-08T03:18:17,2024-10-08T03:33:02.059976,2024-10-08T05:39:44.797748,CLOSED,,ENDPOINT-01,False
ALT-CSE-01-00918,CSE-01,HIGH,2024-10-16T06:41:04,2024-10-16T06:49:32.332739,2024-10-16T08:46:56.799238,CLOSED,CAS-CSE-01-0198,ENDPOINT-01,False
ALT-CSE-01-00919,CSE-01,HIGH,2024-10-12T10:38:34,2024-10-12T10:52:43.358187,2024-10-12T12:47:34.928783,CLOSED,,ENDPOINT-01,False
ALT-CSE-01-00920,CSE-01,CRITICAL,2024-11-09T14:59:43,2024-11-09T15:10:12.751758,2024-11-09T16:11:30.688795,CLOSED,CAS-CSE-01-0199,WEB-SERVER-01,False
ALT-CSE-01-00921,CSE-01,HIGH,2024-12-02T07:12:46,2024-12-02T07:18:39.389455,2024-12-02T10:07:38.683325,CLOSED,,FIREWALL-01,False
ALT-CSE-01-00922,CSE-01,HIGH,2024-12-28T07:49:34,2024-12-28T07:51:06.827869,2024-12-28T09:43:13.193946,CLOSED,,ENDPOINT-01,False
ALT-CSE-01-00923,CSE-01,HIGH,2024-10-29T03:57:53,2024-10-29T04:00:58.359165,2024-10-29T05:44:05.077170,CLOSED,,DB-SERVER-01,False
ALT-CSE-01-00924,CSE-01,LOW,2024-11-21T20:50:27,2024-11-21T20:59:57.380211,2024-11-21T22:07:17.934504,CLOSED,,FIREWALL-01,False
ALT-CSE-01-00925,CSE-01,MEDIUM,2024-11-27T23:17:31,2024-11-27T23:24:29.830272,2024-11-28T00:21:09.999422,CLOSED,,ENDPOINT-01,False
ALT-CSE-01-00926,CSE-01,HIGH,2024-12-01T04:51:50,2024-12-01T04:56:17.189611,2024-12-01T07:08:00.416321,CLOSED,,WEB-SERVER-01,False
ALT-CSE-01-00927,CSE-01,HIGH,2024-11-06T20:02:48,2024-11-06T20:12:27.305306,2024-11-06T22:27:44.035851,CLOSED,,ENDPOINT-01,False
ALT-CSE-01-00928,CSE-01,MEDIUM,2024-12-27T19:15:15,2024-12-27T19:18:08.350371,2024-12-27T22:30:55.285683,CLOSED,,ROUTER-01,False
ALT-CSE-01-00929,CSE-01,HIGH,2024-11-30T11:42:45,2024-11-30T11:49:52.750017,2024-11-30T13:38:21.877988,CLOSED,,ENDPOINT-01,False
ALT-CSE-01-00930,CSE-01,MEDIUM,2024-11-03T10:28:53,2024-11-03T10:32:03.933300,2024-11-03T13:30:26.994803,CLOSED,,WEB-SERVER-01,False
ALT-CSE-01-00931,CSE-01,HIGH,2024-11-09T06:49:03,2024-11-09T06:54:40.183115,2024-11-09T07:29:11.414066,CLOSED,,FIREWALL-01,False
ALT-CSE-01-00932,CSE-01,HIGH,2024-10-30T23:30:19,2024-10-30T23:34:10.967838,2024-10-31T01:46:42.152594,CLOSED,,WEB-SERVER-01,False
ALT-CSE-01-00933,CSE-01,LOW,2024-11-03T19:47:05,2024-11-03T19:58:24.222732,2024-11-03T19:58:34.582161,CLOSED,,ENDPOINT-01,False
ALT-CSE-01-00934,CSE-01,MEDIUM,2024-12-15T22:44:47,2024-12-15T22:48:29.221121,2024-12-16T00:56:32.091017,CLOSED,,ROUTER-01,False
ALT-CSE-01-00935,CSE-01,LOW,2024-11-11T08:15:48,2024-11-11T08:26:36.770208,2024-11-11T09:33:47.535984,CLOSED,,FIREWALL-01,False
ALT-CSE-01-00936,CSE-01,MEDIUM,2024-10-03T13:17:25,2024-10-03T13:22:49.587391,2024-10-03T15:39:32.121548,CLOSED,,WEB-SERVER-01,False
ALT-CSE-01-00937,CSE-01,HIGH,2024-11-24T12:40:41,2024-11-24T12:48:39.048642,2024-11-24T15:07:30.087413,CLOSED,,ENDPOINT-01,False
ALT-CSE-01-00938,CSE-01,HIGH,2024-12-28T02:53:02,2024-12-28T02:58:04.891664,2024-12-28T04:13:50.149855,CLOSED,,FIREWALL-01,False
ALT-CSE-01-00939,CSE-01,CRITICAL,2024-11-07T20:42:22,2024-11-07T20:48:25.862070,2024-11-07T21:30:43.181120,CLOSED,CAS-CSE-01-0200,ENDPOINT-01,False
ALT-CSE-01-00940,CSE-01,HIGH,2024-12-19T13:22:37,2024-12-19T13:33:54.972119,2024-12-19T15:16:19.894070,CLOSED,,ENDPOINT-01,False
ALT-CSE-01-00941,CSE-01,LOW,2024-11-18T14:23:38,2024-11-18T14:37:06.327254,2024-11-18T17:48:42.667554,CLOSED,,DB-SERVER-01,False
ALT-CSE-01-00942,CSE-01,HIGH,2024-12-16T09:35:50,2024-12-16T09:39:53.853662,2024-12-16T12:23:06.676882,CLOSED,,FIREWALL-01,False
ALT-CSE-01-00943,CSE-01,LOW,2024-12-17T20:17:35,2024-12-17T20:31:17.111401,2024-12-17T22:09:09.428450,CLOSED,,ENDPOINT-01,False
ALT-CSE-01-00944,CSE-01,HIGH,2024-10-06T11:26:37,2024-10-06T11:40:48.228808,2024-10-06T13:33:25.992028,CLOSED,,ENDPOINT-01,False
ALT-CSE-01-00945,CSE-01,MEDIUM,2024-12-20T06:44:10,2024-12-20T06:45:59.881860,2024-12-20T07:44:08.889917,CLOSED,,DB-SERVER-01,False
ALT-CSE-01-00946,CSE-01,LOW,2024-12-27T08:13:32,2024-12-27T08:24:29.228216,2024-12-27T10:50:02.273286,CLOSED,CAS-CSE-01-0201,FIREWALL-01,False
ALT-CSE-01-00947,CSE-01,HIGH,2024-10-15T23:51:45,2024-10-15T23:57:45.565318,2024-10-16T01:47:10.051907,CLOSED,,WEB-SERVER-01,False
ALT-CSE-01-00948,CSE-01,MEDIUM,2024-10-16T09:46:50,2024-10-16T10:01:09.914209,2024-10-16T12:42:06.927297,CLOSED,,FIREWALL-01,False
ALT-CSE-01-00949,CSE-01,MEDIUM,2024-11-23T17:46:51,2024-11-23T17:56:51.874891,2024-11-23T20:25:12.037749,CLOSED,CAS-CSE-01-0202,DB-SERVER-01,False
ALT-CSE-01-00950,CSE-01,LOW,2024-12-19T19:52:26,2024-12-19T20:02:03.795866,2024-12-19T21:33:31.287367,CLOSED,,WEB-SERVER-01,False
ALT-CSE-01-00951,CSE-01,LOW,2024-10-13T15:29:07,2024-10-13T15:35:11.611603,2024-10-13T17:58:04.294026,CLOSED,,ENDPOINT-01,False
ALT-CSE-01-00952,CSE-01,HIGH,2024-10-02T21:40:12,2024-10-02T21:42:14.018357,2024-10-03T00:00:46.377203,CLOSED,,FIREWALL-01,False
ALT-CSE-01-00953,CSE-01,CRITICAL,2024-11-08T15:32:12,2024-11-08T15:37:42.006928,2024-11-08T16:22:09.491294,CLOSED,CAS-CSE-01-0203,ROUTER-01,False
ALT-CSE-01-00954,CSE-01,HIGH,2024-11-28T21:46:35,2024-11-28T21:49:11.383549,2024-11-28T22:01:42.879028,CLOSED,,ROUTER-01,False
ALT-CSE-01-00955,CSE-01,MEDIUM,2024-12-24T11:17:05,2024-12-24T11:22:39.632245,2024-12-24T13:34:05.926814,CLOSED,,ROUTER-01,False
ALT-CSE-01-00956,CSE-01,HIGH,2024-11-14T19:32:12,2024-11-14T19:47:08.125023,2024-11-14T20:51:56.214673,CLOSED,,DB-SERVER-01,False
ALT-CSE-01-00957,CSE-01,LOW,2024-12-19T11:51:25,2024-12-19T11:58:29.559561,2024-12-19T13:06:12.362570,CLOSED,,WEB-SERVER-01,False
ALT-CSE-01-00958,CSE-01,LOW,2024-12-22T03:13:11,2024-12-22T03:28:00.084297,2024-12-22T05:26:10.587373,CLOSED,,FIREWALL-01,False
ALT-CSE-01-00959,CSE-01,HIGH,2024-10-07T23:03:00,2024-10-07T23:06:02.190614,2024-10-08T00:33:00.431916,CLOSED,,ENDPOINT-01,False
ALT-CSE-01-00960,CSE-01,MEDIUM,2024-10-14T11:30:29,2024-10-14T11:42:24.205146,2024-10-14T14:17:58.120549,CLOSED,,ROUTER-01,False
ALT-CSE-01-00961,CSE-01,MEDIUM,2024-12-17T07:05:35,2024-12-17T07:16:20.731052,2024-12-17T09:56:10.092598,CLOSED,,FIREWALL-01,False
ALT-CSE-01-00962,CSE-01,CRITICAL,2024-11-07T15:03:05,2024-11-07T15:15:23.514038,2024-11-07T15:52:59.059281,CLOSED,CAS-CSE-01-0204,ROUTER-01,False
ALT-CSE-01-00963,CSE-01,CRITICAL,2024-12-16T18:11:50,2024-12-16T18:25:29.816309,2024-12-16T18:43:37.000042,CLOSED,,DB-SERVER-01,False
ALT-CSE-01-00964,CSE-01,LOW,2024-10-18T09:09:17,2024-10-18T09:11:56.400161,2024-10-18T10:47:28.122749,CLOSED,,ROUTER-01,False
ALT-CSE-01-00965,CSE-01,HIGH,2024-12-20T21:57:19,2024-12-20T22:07:22.438182,2024-12-20T22:50:09.150713,CLOSED,,DB-SERVER-01,False
ALT-CSE-01-00966,CSE-01,MEDIUM,2024-12-13T13:07:17,2024-12-13T13:13:07.594035,2024-12-13T14:30:25.740454,CLOSED,,ROUTER-01,False
ALT-CSE-01-00967,CSE-01,CRITICAL,2024-11-04T18:23:34,2024-11-04T18:28:48.197348,2024-11-04T19:01:19.051588,CLOSED,CAS-CSE-01-0205,WEB-SERVER-01,False
ALT-CSE-01-00968,CSE-01,MEDIUM,2024-11-01T17:11:45,2024-11-01T17:23:24.966909,2024-11-01T19:35:43.804261,CLOSED,,FIREWALL-01,False
ALT-CSE-01-00969,CSE-01,MEDIUM,2024-11-14T17:30:15,2024-11-14T17:41:19.020808,2024-11-14T20:06:51.781630,CLOSED,,DB-SERVER-01,False
ALT-CSE-01-00970,CSE-01,LOW,2024-11-12T23:56:10,2024-11-13T00:09:11.321694,2024-11-13T01:55:51.720464,CLOSED,,DB-SERVER-01,False
ALT-CSE-01-00971,CSE-01,HIGH,2024-12-13T20:33:55,2024-12-13T20:44:29.914160,2024-12-13T23:35:00.892794,CLOSED,,FIREWALL-01,False
ALT-CSE-01-00972,CSE-01,LOW,2024-12-24T07:00:01,2024-12-24T07:08:21.934134,2024-12-24T08:10:05.065944,CLOSED,CAS-CSE-01-0206,ROUTER-01,False
ALT-CSE-01-00973,CSE-01,MEDIUM,2024-11-29T14:05:25,2024-11-29T14:09:09.850013,2024-11-29T15:23:36.293913,CLOSED,,DB-SERVER-01,False
ALT-CSE-01-00974,CSE-01,MEDIUM,2024-12-29T00:49:38,2024-12-29T00:58:17.753683,2024-12-29T02:29:22.373646,CLOSED,,FIREWALL-01,False
ALT-CSE-01-00975,CSE-01,CRITICAL,2024-11-01T10:22:32,2024-11-01T10:33:21.318815,2024-11-01T10:57:04.796583,CLOSED,,ROUTER-01,False
ALT-CSE-01-00976,CSE-01,HIGH,2024-10-15T02:54:10,2024-10-15T02:55:44.663142,2024-10-15T04:30:13.134366,CLOSED,,ROUTER-01,False
ALT-CSE-01-00977,CSE-01,LOW,2024-12-28T08:15:23,2024-12-28T08:18:38.937361,2024-12-28T10:17:07.721469,CLOSED,CAS-CSE-01-0207,ROUTER-01,False
ALT-CSE-01-00978,CSE-01,HIGH,2024-12-10T00:56:52,2024-12-10T00:58:49.820807,2024-12-10T04:19:48.109169,CLOSED,,ROUTER-01,False
ALT-CSE-01-00979,CSE-01,CRITICAL,2024-10-26T22:37:13,2024-10-26T22:51:27.788773,2024-10-26T23:32:35.025977,CLOSED,CAS-CSE-01-0208,DB-SERVER-01,False
ALT-CSE-01-00980,CSE-01,HIGH,2024-10-04T11:46:48,2024-10-04T11:49:27.582070,2024-10-04T13:29:20.662691,CLOSED,CAS-CSE-01-0209,FIREWALL-01,False
ALT-CSE-01-00981,CSE-01,HIGH,2024-12-18T04:35:29,2024-12-18T04:49:48.117436,2024-12-18T06:33:02.469542,CLOSED,,ROUTER-01,False
ALT-CSE-01-00982,CSE-01,LOW,2024-11-13T14:16:48,2024-11-13T14:26:57.909054,2024-11-13T16:44:17.379682,CLOSED,,ENDPOINT-01,False
ALT-CSE-01-00983,CSE-01,MEDIUM,2024-11-09T17:56:32,2024-11-09T18:04:48.617436,2024-11-09T20:02:44.709165,CLOSED,,DB-SERVER-01,False
ALT-CSE-01-00984,CSE-01,CRITICAL,2024-10-23T02:03:31,2024-10-23T02:13:43.905948,2024-10-23T02:40:52.281962,CLOSED,CAS-CSE-01-0210,FIREWALL-01,False
ALT-CSE-01-00985,CSE-01,LOW,2024-11-12T01:47:01,2024-11-12T01:51:41.178593,2024-11-12T03:49:07.174526,CLOSED,,ENDPOINT-01,False
ALT-CSE-01-00986,CSE-01,MEDIUM,2024-11-27T07:55:32,2024-11-27T07:59:01.863497,2024-11-27T09:47:28.011130,CLOSED,,DB-SERVER-01,False
ALT-CSE-01-00987,CSE-01,MEDIUM,2024-11-30T04:48:19,2024-11-30T05:01:17.738769,2024-11-30T07:02:03.877748,CLOSED,CAS-CSE-01-0211,DB-SERVER-01,False
ALT-CSE-01-00988,CSE-01,MEDIUM,2024-10-28T06:02:08,2024-10-28T06:16:43.771887,2024-10-28T08:33:05.573352,CLOSED,,ROUTER-01,False
ALT-CSE-01-00989,CSE-01,CRITICAL,2024-12-11T09:09:34,2024-12-11T09:21:30.785129,2024-12-11T10:01:12.337176,CLOSED,CAS-CSE-01-0212,ROUTER-01,False
ALT-CSE-01-00990,CSE-01,HIGH,2024-10-18T05:06:12,2024-10-18T05:12:10.824532,2024-10-18T06:44:37.995506,CLOSED,,ROUTER-01,False
ALT-CSE-01-00991,CSE-01,MEDIUM,2024-10-22T04:50:09,2024-10-22T04:55:21.310434,2024-10-22T06:22:17.390404,CLOSED,,FIREWALL-01,False
ALT-CSE-01-00992,CSE-01,HIGH,2024-10-08T14:50:23,2024-10-08T14:54:44.842041,2024-10-08T17:19:10.639558,CLOSED,,ENDPOINT-01,False
ALT-CSE-01-00993,CSE-01,HIGH,2024-12-26T02:51:47,2024-12-26T02:58:43.713171,2024-12-26T04:23:15.585410,CLOSED,,FIREWALL-01,False
ALT-CSE-01-00994,CSE-01,HIGH,2024-11-16T07:54:22,2024-11-16T08:03:19.503074,2024-11-16T10:50:29.765404,CLOSED,,ROUTER-01,False
ALT-CSE-01-00995,CSE-01,CRITICAL,2024-12-16T17:41:23,2024-12-16T17:54:46.767235,2024-12-16T18:40:48.382406,CLOSED,CAS-CSE-01-0213,ENDPOINT-01,False
ALT-CSE-01-00996,CSE-01,HIGH,2024-10-03T20:14:44,2024-10-03T20:22:20.774201,2024-10-03T21:03:36.301990,CLOSED,,ENDPOINT-01,False
ALT-CSE-01-00997,CSE-01,CRITICAL,2024-11-03T09:35:58,2024-11-03T09:37:58.499777,2024-11-03T10:29:01.169357,CLOSED,CAS-CSE-01-0214,FIREWALL-01,False
ALT-CSE-01-00998,CSE-01,CRITICAL,2024-12-29T08:13:12,2024-12-29T08:21:58.506846,2024-12-29T08:35:27.429394,CLOSED,CAS-CSE-01-0215,WEB-SERVER-01,False
ALT-CSE-01-00999,CSE-01,MEDIUM,2024-10-23T22:48:43,2024-10-23T23:03:41.930312,2024-10-24T00:57:19.363700,CLOSED,,WEB-SERVER-01,False
ALT-CSE-01-01000,CSE-01,MEDIUM,2024-11-16T13:44:11,2024-11-16T13:53:11.197604,2024-11-16T15:13:09.334256,CLOSED,,FIREWALL-01,False
ALT-CSE-01-01001,CSE-01,MEDIUM,2024-12-19T13:47:26,2024-12-19T13:50:51.768710,2024-12-19T16:08:20.852965,CLOSED,,ENDPOINT-01,False
ALT-CSE-01-01002,CSE-01,LOW,2024-12-28T06:37:37,2024-12-28T06:45:07.861010,2024-12-28T09:13:38.032252,CLOSED,,ENDPOINT-01,False
ALT-CSE-01-01003,CSE-01,HIGH,2024-10-05T15:50:14,2024-10-05T16:01:25.071588,2024-10-05T17:47:27.506121,CLOSED,,ENDPOINT-01,False
ALT-CSE-01-01004,CSE-01,HIGH,2024-10-25T06:16:23,2024-10-25T06:22:30.831502,2024-10-25T08:27:26.118870,CLOSED,,DB-SERVER-01,False
ALT-CSE-01-01005,CSE-01,MEDIUM,2024-12-10T14:55:09,2024-12-10T15:01:59.975818,2024-12-10T16:10:36.494755,CLOSED,,DB-SERVER-01,False
ALT-CSE-01-01006,CSE-01,MEDIUM,2024-11-02T08:54:28,2024-11-02T09:04:03.716482,2024-11-02T10:10:44.076437,CLOSED,,DB-SERVER-01,False
ALT-CSE-01-01007,CSE-01,MEDIUM,2024-11-21T00:10:09,2024-11-21T00:22:11.376384,2024-11-21T03:20:30.015874,CLOSED,,DB-SERVER-01,False
ALT-CSE-01-01008,CSE-01,HIGH,2024-12-01T11:17:01,2024-12-01T11:31:13.772967,2024-12-01T12:54:03.727114,CLOSED,,FIREWALL-01,False
ALT-CSE-01-01009,CSE-01,MEDIUM,2024-11-16T21:27:04,2024-11-16T21:31:15.574248,2024-11-16T22:59:25.504750,CLOSED,,FIREWALL-01,False
ALT-CSE-01-01010,CSE-01,CRITICAL,2024-10-20T14:22:08,2024-10-20T14:30:27.998088,2024-10-20T14:56:03.701639,CLOSED,,FIREWALL-01,False
ALT-CSE-01-01011,CSE-01,LOW,2024-11-28T09:48:38,2024-11-28T10:00:41.115973,2024-11-28T12:50:32.539137,CLOSED,,WEB-SERVER-01,False
ALT-CSE-01-01012,CSE-01,CRITICAL,2024-12-18T10:21:13,2024-12-18T10:28:42.849252,2024-12-18T10:58:45.007237,CLOSED,CAS-CSE-01-0216,WEB-SERVER-01,False
ALT-CSE-01-01013,CSE-01,MEDIUM,2024-10-24T14:51:09,2024-10-24T15:00:51.980732,2024-10-24T16:12:24.646378,CLOSED,,FIREWALL-01,False
ALT-CSE-01-01014,CSE-01,MEDIUM,2024-11-27T14:50:26,2024-11-27T14:58:35.778122,2024-11-27T17:52:04.630748,CLOSED,,ENDPOINT-01,False
ALT-CSE-01-01015,CSE-01,MEDIUM,2024-10-23T18:32:28,2024-10-23T18:40:28.291743,2024-10-23T19:01:11.495822,CLOSED,CAS-CSE-01-0217,ENDPOINT-01,False
ALT-CSE-01-01016,CSE-01,MEDIUM,2024-10-29T16:16:40,2024-10-29T16:20:19.074847,2024-10-29T18:39:04.714031,CLOSED,,ENDPOINT-01,False
ALT-CSE-01-01017,CSE-01,CRITICAL,2024-12-24T15:19:50,2024-12-24T15:22:29.199285,2024-12-24T16:18:34.465032,CLOSED,CAS-CSE-01-0218,ENDPOINT-01,False
ALT-CSE-01-01018,CSE-01,LOW,2024-10-14T02:16:05,2024-10-14T02:21:46.332988,2024-10-14T05:19:58.533498,CLOSED,,ENDPOINT-01,False
ALT-CSE-01-01019,CSE-01,HIGH,2024-11-21T17:37:06,2024-11-21T17:38:40.655089,2024-11-21T20:00:22.010839,CLOSED,,WEB-SERVER-01,False
ALT-CSE-01-01020,CSE-01,CRITICAL,2024-11-10T00:40:18,2024-11-10T00:54:08.841475,2024-11-10T01:25:49.070220,CLOSED,,ENDPOINT-01,False
ALT-CSE-01-01021,CSE-01,MEDIUM,2024-10-28T09:52:28,2024-10-28T10:02:43.074491,2024-10-28T11:56:53.854153,CLOSED,,ENDPOINT-01,False
ALT-CSE-01-01022,CSE-01,MEDIUM,2024-11-11T06:14:41,2024-11-11T06:21:41.064210,2024-11-11T08:27:09.096079,CLOSED,CAS-CSE-01-0219,ROUTER-01,False
ALT-CSE-01-01023,CSE-01,LOW,2024-11-12T12:45:37,2024-11-12T12:49:17.910840,2024-11-12T14:37:17.318520,CLOSED,,FIREWALL-01,False
ALT-CSE-01-01024,CSE-01,CRITICAL,2024-11-09T02:58:58,2024-11-09T03:06:20.902261,2024-11-09T03:28:28.864310,CLOSED,CAS-CSE-01-0220,WEB-SERVER-01,False
ALT-CSE-01-01025,CSE-01,HIGH,2024-10-30T16:40:00,2024-10-30T16:47:06.126204,2024-10-30T19:22:13.671028,CLOSED,,DB-SERVER-01,False
ALT-CSE-01-01026,CSE-01,HIGH,2024-12-02T21:45:04,2024-12-02T21:50:34.279831,2024-12-02T23:54:51.895423,CLOSED,,ENDPOINT-01,False
ALT-CSE-01-01027,CSE-01,LOW,2024-10-24T05:45:59,2024-10-24T05:52:50.595229,2024-10-24T08:35:33.406703,CLOSED,,DB-SERVER-01,False
ALT-CSE-01-01028,CSE-01,LOW,2024-11-20T18:20:18,2024-11-20T18:23:37.570218,2024-11-20T19:01:04.326207,CLOSED,,FIREWALL-01,False
ALT-CSE-01-01029,CSE-01,CRITICAL,2024-12-12T19:16:34,2024-12-12T19:26:54.386958,2024-12-12T20:04:13.590660,CLOSED,CAS-CSE-01-0221,ROUTER-01,False
ALT-CSE-01-01030,CSE-01,MEDIUM,2024-12-23T04:52:11,2024-12-23T04:58:24.509562,2024-12-23T06:59:44.512877,CLOSED,,FIREWALL-01,False
ALT-CSE-01-01031,CSE-01,CRITICAL,2024-11-17T04:52:27,2024-11-17T04:58:47.638500,2024-11-17T05:45:07.620617,CLOSED,CAS-CSE-01-0222,WEB-SERVER-01,False
ALT-CSE-01-01032,CSE-01,CRITICAL,2024-11-30T06:39:35,2024-11-30T06:43:11.221702,2024-11-30T07:34:42.028328,CLOSED,CAS-CSE-01-0223,ENDPOINT-01,False
ALT-CSE-01-01033,CSE-01,LOW,2024-11-10T20:29:21,2024-11-10T20:42:59.052649,2024-11-10T23:23:46.756093,CLOSED,,ROUTER-01,False
ALT-CSE-01-01034,CSE-01,HIGH,2024-11-07T08:32:36,2024-11-07T08:43:04.345489,2024-11-07T11:21:00.137979,CLOSED,,FIREWALL-01,False
ALT-CSE-01-01035,CSE-01,MEDIUM,2024-11-11T16:50:04,2024-11-11T16:52:59.232981,2024-11-11T19:31:48.899919,CLOSED,,FIREWALL-01,False
ALT-CSE-01-01036,CSE-01,HIGH,2024-12-29T07:04:08,2024-12-29T07:17:52.193289,2024-12-29T09:17:42.523288,CLOSED,,WEB-SERVER-01,False
ALT-CSE-01-01037,CSE-01,HIGH,2024-11-18T13:17:45,2024-11-18T13:22:28.757274,2024-11-18T14:41:44.375598,CLOSED,,WEB-SERVER-01,False
ALT-CSE-01-01038,CSE-01,HIGH,2024-12-16T04:55:52,2024-12-16T04:59:36.897468,2024-12-16T06:13:39.639432,CLOSED,,ENDPOINT-01,False
ALT-CSE-01-01039,CSE-01,HIGH,2024-11-13T09:52:20,2024-11-13T10:06:03.922071,2024-11-13T11:45:35.089895,CLOSED,,FIREWALL-01,False
ALT-CSE-01-01040,CSE-01,HIGH,2024-10-30T11:48:41,2024-10-30T12:02:02.035720,2024-10-30T13:42:45.121925,CLOSED,,ENDPOINT-01,False
ALT-CSE-01-01041,CSE-01,MEDIUM,2024-10-11T06:47:04,2024-10-11T06:53:49.699929,2024-10-11T08:13:55.352005,CLOSED,,FIREWALL-01,False
ALT-CSE-01-01042,CSE-01,CRITICAL,2024-11-02T01:42:37,2024-11-02T01:45:17.306524,2024-11-02T02:38:44.695889,CLOSED,CAS-CSE-01-0224,FIREWALL-01,False
ALT-CSE-01-01043,CSE-01,HIGH,2024-11-05T23:28:06,2024-11-05T23:40:24.121815,2024-11-06T02:09:59.706225,CLOSED,,DB-SERVER-01,False
ALT-CSE-01-01044,CSE-01,HIGH,2024-10-20T14:22:47,2024-10-20T14:33:22.769488,2024-10-20T16:41:22.897334,CLOSED,CAS-CSE-01-0225,ROUTER-01,False
ALT-CSE-01-01045,CSE-01,HIGH,2024-10-03T12:50:33,2024-10-03T12:54:53.180903,2024-10-03T14:25:40.200076,CLOSED,,ROUTER-01,False
ALT-CSE-01-01046,CSE-01,MEDIUM,2024-12-27T06:16:36,2024-12-27T06:31:01.858328,2024-12-27T07:45:30.008976,CLOSED,,FIREWALL-01,False
ALT-CSE-01-01047,CSE-01,LOW,2024-11-16T22:58:59,2024-11-16T23:13:57.155185,2024-11-17T00:00:03.282211,CLOSED,,WEB-SERVER-01,False
ALT-CSE-01-01048,CSE-01,CRITICAL,2024-11-21T04:07:58,2024-11-21T04:09:57.087405,2024-11-21T04:45:40.510820,CLOSED,CAS-CSE-01-0226,ENDPOINT-01,False
ALT-CSE-01-01049,CSE-01,MEDIUM,2024-12-11T14:41:12,2024-12-11T14:49:42.137611,2024-12-11T17:27:06.047276,CLOSED,,FIREWALL-01,False
ALT-CSE-01-01050,CSE-01,LOW,2024-10-01T18:41:37,2024-10-01T18:45:33.690737,2024-10-01T20:19:12.536740,CLOSED,,FIREWALL-01,False
ALT-CSE-01-01051,CSE-01,LOW,2024-11-19T22:16:54,2024-11-19T22:30:32.062464,2024-11-20T00:51:59.311964,CLOSED,,WEB-SERVER-01,False
ALT-CSE-01-01052,CSE-01,LOW,2024-10-20T23:57:21,2024-10-21T00:00:11.688524,2024-10-21T02:37:00.260464,CLOSED,,DB-SERVER-01,False
ALT-CSE-01-01053,CSE-01,MEDIUM,2024-10-26T06:41:37,2024-10-26T06:44:02.761610,2024-10-26T07:47:41.865951,CLOSED,CAS-CSE-01-0227,FIREWALL-01,False
ALT-CSE-01-01054,CSE-01,MEDIUM,2024-12-02T04:34:13,2024-12-02T04:42:59.200704,2024-12-02T07:28:36.610154,CLOSED,,ENDPOINT-01,False
ALT-CSE-01-01055,CSE-01,LOW,2024-10-29T19:48:33,2024-10-29T19:50:36.595686,2024-10-29T21:27:42.560833,CLOSED,,FIREWALL-01,False
ALT-CSE-01-01056,CSE-01,HIGH,2024-11-02T03:47:28,2024-11-02T04:02:09.499798,2024-11-02T05:22:15.398615,CLOSED,,DB-SERVER-01,False
ALT-CSE-01-01057,CSE-01,LOW,2024-11-01T21:11:16,2024-11-01T21:17:52.914361,2024-11-01T23:22:23.629800,CLOSED,,ENDPOINT-01,False
ALT-CSE-01-01058,CSE-01,MEDIUM,2024-12-27T04:30:12,2024-12-27T04:40:18.651409,2024-12-27T05:51:01.530620,CLOSED,,WEB-SERVER-01,False
ALT-CSE-01-01059,CSE-01,CRITICAL,2024-10-15T04:15:18,2024-10-15T04:24:13.801156,2024-10-15T05:27:22.028379,CLOSED,CAS-CSE-01-0228,FIREWALL-01,False
ALT-CSE-01-01060,CSE-01,HIGH,2024-12-05T16:21:56,2024-12-05T16:29:52.008182,2024-12-05T18:06:23.880895,CLOSED,,DB-SERVER-01,False
ALT-CSE-01-01061,CSE-01,MEDIUM,2024-10-27T11:37:23,2024-10-27T11:43:24.823991,2024-10-27T12:50:08.043732,CLOSED,,ENDPOINT-01,False
ALT-CSE-01-01062,CSE-01,MEDIUM,2024-12-10T21:40:06,2024-12-10T21:44:15.449316,2024-12-10T23:09:57.748706,CLOSED,,ENDPOINT-01,False
ALT-CSE-01-01063,CSE-01,HIGH,2024-11-30T08:40:22,2024-11-30T08:52:14.628199,2024-11-30T10:41:28.670199,CLOSED,,DB-SERVER-01,False
ALT-CSE-01-01064,CSE-01,MEDIUM,2024-12-13T04:59:03,2024-12-13T05:07:41.117162,2024-12-13T07:25:01.348564,CLOSED,,DB-SERVER-01,False
ALT-CSE-01-01065,CSE-01,MEDIUM,2024-11-21T13:05:30,2024-11-21T13:17:35.317290,2024-11-21T14:32:36.806014,CLOSED,,DB-SERVER-01,False
ALT-CSE-01-01066,CSE-01,HIGH,2024-11-21T13:03:15,2024-11-21T13:06:15.082532,2024-11-21T16:17:14.144340,CLOSED,,ENDPOINT-01,False
ALT-CSE-01-01067,CSE-01,MEDIUM,2024-11-11T17:12:05,2024-11-11T17:21:12.450454,2024-11-11T19:02:52.451954,CLOSED,,FIREWALL-01,False
ALT-CSE-01-01068,CSE-01,CRITICAL,2024-10-25T17:21:20,2024-10-25T17:25:16.350222,2024-10-25T18:18:14.898385,CLOSED,CAS-CSE-01-0229,ROUTER-01,False
ALT-CSE-01-01069,CSE-01,HIGH,2024-12-20T13:45:49,2024-12-20T13:53:13.429322,2024-12-20T16:37:14.071720,CLOSED,,ROUTER-01,False
ALT-CSE-01-01070,CSE-01,HIGH,2024-12-22T09:03:15,2024-12-22T09:12:07.041004,2024-12-22T09:51:59.722224,CLOSED,,ENDPOINT-01,False
ALT-CSE-01-01071,CSE-01,CRITICAL,2024-10-10T12:58:06,2024-10-10T13:11:35.399020,2024-10-10T13:46:45.315023,CLOSED,CAS-CSE-01-0230,ENDPOINT-01,False
ALT-CSE-01-01072,CSE-01,LOW,2024-11-23T05:58:42,2024-11-23T06:03:55.480636,2024-11-23T06:58:10.146678,CLOSED,,ENDPOINT-01,False
ALT-CSE-01-01073,CSE-01,HIGH,2024-11-06T12:07:47,2024-11-06T12:17:22.192989,2024-11-06T13:38:15.456931,CLOSED,,ROUTER-01,False
ALT-CSE-01-01074,CSE-01,CRITICAL,2024-11-25T21:11:50,2024-11-25T21:17:48.260658,2024-11-25T21:59:03.688789,CLOSED,CAS-CSE-01-0231,WEB-SERVER-01,False
ALT-CSE-01-01075,CSE-01,CRITICAL,2024-11-20T17:09:27,2024-11-20T17:14:42.665119,2024-11-20T18:01:11.129826,CLOSED,CAS-CSE-01-0232,DB-SERVER-01,False
ALT-CSE-01-01076,CSE-01,MEDIUM,2024-12-21T19:38:01,2024-12-21T19:52:38.607480,2024-12-21T20:39:40.258329,CLOSED,,ENDPOINT-01,False
ALT-CSE-01-01077,CSE-01,CRITICAL,2024-11-25T13:03:11,2024-11-25T13:10:11.378729,2024-11-25T13:34:51.162743,CLOSED,CAS-CSE-01-0233,FIREWALL-01,False
ALT-CSE-01-01078,CSE-01,LOW,2024-11-19T20:00:13,2024-11-19T20:04:41.977138,2024-11-19T22:42:18.534446,CLOSED,,WEB-SERVER-01,False
ALT-CSE-01-01079,CSE-01,MEDIUM,2024-11-11T05:28:02,2024-11-11T05:31:08.552376,2024-11-11T07:11:02.520649,CLOSED,,ROUTER-01,False
ALT-CSE-01-01080,CSE-01,LOW,2024-10-09T23:42:15,2024-10-09T23:49:14.829059,2024-10-10T01:14:23.669813,CLOSED,CAS-CSE-01-0234,ROUTER-01,False
ALT-CSE-01-01081,CSE-01,MEDIUM,2024-12-24T07:04:51,2024-12-24T07:08:35.912769,2024-12-24T09:37:16.129560,CLOSED,,DB-SERVER-01,False
ALT-CSE-01-01082,CSE-01,LOW,2024-11-19T09:53:42,2024-11-19T10:06:46.694869,2024-11-19T11:34:18.116795,CLOSED,,ROUTER-01,False
ALT-CSE-01-01083,CSE-01,CRITICAL,2024-10-21T18:23:14,2024-10-21T18:34:35.998861,2024-10-21T18:58:55.654076,CLOSED,CAS-CSE-01-0235,DB-SERVER-01,False
ALT-CSE-01-01084,CSE-01,HIGH,2024-10-04T22:47:50,2024-10-04T22:48:55.886921,2024-10-05T00:54:12.354438,CLOSED,,ROUTER-01,False
ALT-CSE-01-01085,CSE-01,HIGH,2024-10-25T23:20:28,2024-10-25T23:29:26.316037,2024-10-26T01:08:30.742495,CLOSED,,ENDPOINT-01,False
ALT-CSE-01-01086,CSE-01,LOW,2024-10-27T14:33:34,2024-10-27T14:44:09.865066,2024-10-27T16:56:34.081441,CLOSED,,ENDPOINT-01,False
ALT-CSE-01-01087,CSE-01,CRITICAL,2024-10-29T06:23:05,2024-10-29T06:26:43.575778,2024-10-29T07:16:12.520417,CLOSED,CAS-CSE-01-0236,DB-SERVER-01,False
ALT-CSE-01-01088,CSE-01,CRITICAL,2024-12-04T18:59:29,2024-12-04T19:08:32.791028,2024-12-04T19:58:18.640322,CLOSED,CAS-CSE-01-0237,WEB-SERVER-01,False
ALT-CSE-01-01089,CSE-01,MEDIUM,2024-11-14T10:11:54,2024-11-14T10:25:18.501834,2024-11-14T12:33:01.155617,CLOSED,,DB-SERVER-01,False
ALT-CSE-01-01090,CSE-01,MEDIUM,2024-10-24T16:53:58,2024-10-24T17:07:15.475526,2024-10-24T20:10:29.942299,CLOSED,,ROUTER-01,False
ALT-CSE-01-01091,CSE-01,HIGH,2024-10-02T08:46:28,2024-10-02T08:57:25.612232,2024-10-02T10:24:31.759619,CLOSED,,ROUTER-01,False
ALT-CSE-01-01092,CSE-01,CRITICAL,2024-12-28T22:18:56,2024-12-28T22:24:01.602335,2024-12-28T23:13:40.618027,CLOSED,CAS-CSE-01-0238,ENDPOINT-01,False
ALT-CSE-01-01093,CSE-01,HIGH,2024-10-07T22:19:24,2024-10-07T22:32:21.047981,2024-10-08T00:48:27.878667,CLOSED,,ENDPOINT-01,False
ALT-CSE-01-01094,CSE-01,LOW,2024-12-09T18:25:23,2024-12-09T18:30:19.984323,2024-12-09T20:23:39.654352,CLOSED,CAS-CSE-01-0239,ROUTER-01,False
ALT-CSE-01-01095,CSE-01,CRITICAL,2024-10-25T18:17:47,2024-10-25T18:23:16.019085,2024-10-25T19:00:59.694355,CLOSED,,ENDPOINT-01,False
ALT-CSE-01-01096,CSE-01,HIGH,2024-12-19T10:19:11,2024-12-19T10:30:12.113353,2024-12-19T11:18:33.925567,CLOSED,,ENDPOINT-01,False
ALT-CSE-01-01097,CSE-01,HIGH,2024-11-26T10:12:50,2024-11-26T10:14:28.290736,2024-11-26T11:05:01.638787,CLOSED,,DB-SERVER-01,False
ALT-CSE-01-01098,CSE-01,MEDIUM,2024-10-15T11:57:14,2024-10-15T12:05:46.801142,2024-10-15T13:37:14.699863,CLOSED,,ENDPOINT-01,False
ALT-CSE-01-01099,CSE-01,MEDIUM,2024-12-11T19:31:39,2024-12-11T19:35:15.028398,2024-12-11T20:50:29.468853,CLOSED,,FIREWALL-01,False
ALT-CSE-01-01100,CSE-01,HIGH,2024-12-26T12:18:38,2024-12-26T12:23:38.747742,2024-12-26T14:20:34.269344,CLOSED,,WEB-SERVER-01,False
ALT-CSE-01-01101,CSE-01,CRITICAL,2024-11-26T12:24:41,2024-11-26T12:36:14.491191,2024-11-26T13:11:31.914349,CLOSED,,ENDPOINT-01,False
ALT-CSE-01-01102,CSE-01,HIGH,2024-12-25T04:59:43,2024-12-25T05:01:23.178414,2024-12-25T07:18:30.915081,CLOSED,,DB-SERVER-01,False
ALT-CSE-01-01103,CSE-01,MEDIUM,2024-11-20T20:51:29,2024-11-20T21:01:38.099610,2024-11-20T22:57:49.963023,CLOSED,,WEB-SERVER-01,False
ALT-CSE-01-01104,CSE-01,CRITICAL,2024-11-12T16:13:49,2024-11-12T16:15:08.913474,2024-11-12T17:06:54.804049,CLOSED,CAS-CSE-01-0240,DB-SERVER-01,False
ALT-CSE-01-01105,CSE-01,LOW,2024-11-04T00:06:13,2024-11-04T00:12:47.055289,2024-11-04T01:57:48.995064,CLOSED,,WEB-SERVER-01,False
ALT-CSE-01-01106,CSE-01,HIGH,2024-10-16T04:18:50,2024-10-16T04:28:55.929519,2024-10-16T04:55:44.412544,CLOSED,,FIREWALL-01,False
ALT-CSE-01-01107,CSE-01,LOW,2024-10-23T17:01:11,2024-10-23T17:11:59.742300,2024-10-23T17:46:55.177738,CLOSED,,ENDPOINT-01,False
ALT-CSE-01-01108,CSE-01,CRITICAL,2024-11-09T08:56:24,2024-11-09T09:08:05.044788,2024-11-09T09:56:41.057142,CLOSED,CAS-CSE-01-0241,ROUTER-01,False
ALT-CSE-01-01109,CSE-01,LOW,2024-12-24T00:54:41,2024-12-24T01:03:34.503846,2024-12-24T03:21:49.537708,CLOSED,,ROUTER-01,False
ALT-CSE-01-01110,CSE-01,LOW,2024-12-08T16:51:21,2024-12-08T17:02:41.206673,2024-12-08T18:05:54.470174,CLOSED,,ROUTER-01,False
ALT-CSE-01-01111,CSE-01,CRITICAL,2024-12-24T21:09:00,2024-12-24T21:17:02.066118,2024-12-24T22:12:11.763974,CLOSED,CAS-CSE-01-0242,FIREWALL-01,False
ALT-CSE-01-01112,CSE-01,MEDIUM,2024-12-18T19:22:54,2024-12-18T19:30:32.519712,2024-12-18T21:20:26.735420,CLOSED,CAS-CSE-01-0243,ENDPOINT-01,False
ALT-CSE-01-01113,CSE-01,HIGH,2024-11-15T07:06:12,2024-11-15T07:18:56.535710,2024-11-15T08:27:57.995452,CLOSED,,DB-SERVER-01,False
ALT-CSE-01-01114,CSE-01,MEDIUM,2024-12-03T00:16:06,2024-12-03T00:27:11.272415,2024-12-03T01:56:38.417085,CLOSED,,ENDPOINT-01,False
ALT-CSE-01-01115,CSE-01,MEDIUM,2024-12-27T03:31:45,2024-12-27T03:37:31.235867,2024-12-27T06:24:21.560324,CLOSED,,FIREWALL-01,False
ALT-CSE-01-01116,CSE-01,LOW,2024-11-30T19:22:04,2024-11-30T19:28:14.212703,2024-11-30T21:52:09.223710,CLOSED,,FIREWALL-01,False
ALT-CSE-01-01117,CSE-01,CRITICAL,2024-12-25T03:18:40,2024-12-25T03:30:29.282668,2024-12-25T04:07:47.609138,CLOSED,CAS-CSE-01-0244,DB-SERVER-01,False
ALT-CSE-01-01118,CSE-01,HIGH,2024-11-14T23:42:35,2024-11-14T23:53:51.021851,2024-11-15T01:11:33.682650,CLOSED,,ROUTER-01,False
ALT-CSE-01-01119,CSE-01,HIGH,2024-10-11T06:37:17,2024-10-11T06:46:47.981545,2024-10-11T08:53:06.477195,CLOSED,,WEB-SERVER-01,False
ALT-CSE-01-01120,CSE-01,LOW,2024-10-30T16:36:39,2024-10-30T16:42:39.337198,2024-10-30T18:49:12.626085,CLOSED,,ENDPOINT-01,False
ALT-CSE-01-01121,CSE-01,CRITICAL,2024-10-25T10:58:07,2024-10-25T10:59:07.686288,2024-10-25T11:47:13.746151,CLOSED,,WEB-SERVER-01,False
ALT-CSE-01-01122,CSE-01,HIGH,2024-12-07T20:20:47,2024-12-07T20:25:57.952139,2024-12-07T21:22:56.793065,CLOSED,CAS-CSE-01-0245,WEB-SERVER-01,False
ALT-CSE-01-01123,CSE-01,HIGH,2024-12-17T14:36:42,2024-12-17T14:50:29.054696,2024-12-17T17:43:11.022568,CLOSED,,FIREWALL-01,False
ALT-CSE-01-01124,CSE-01,MEDIUM,2024-11-17T08:32:09,2024-11-17T08:46:39.105498,2024-11-17T09:36:44.061170,CLOSED,,ROUTER-01,False
ALT-CSE-01-01125,CSE-01,HIGH,2024-12-29T03:55:31,2024-12-29T03:58:57.819117,2024-12-29T06:44:52.559663,CLOSED,CAS-CSE-01-0246,ROUTER-01,False
ALT-CSE-01-01126,CSE-01,MEDIUM,2024-10-08T23:32:51,2024-10-08T23:44:02.011916,2024-10-09T02:53:15.313366,CLOSED,,WEB-SERVER-01,False
ALT-CSE-01-01127,CSE-01,CRITICAL,2024-10-12T09:34:26,2024-10-12T09:43:26.657522,2024-10-12T10:19:15.438168,CLOSED,CAS-CSE-01-0247,WEB-SERVER-01,False
ALT-CSE-01-01128,CSE-01,CRITICAL,2024-12-14T23:33:16,2024-12-14T23:43:16.595908,2024-12-15T00:44:54.998231,CLOSED,CAS-CSE-01-0248,ROUTER-01,False
ALT-CSE-01-01129,CSE-01,MEDIUM,2024-11-19T12:10:45,2024-11-19T12:21:58.825481,2024-11-19T14:33:53.608626,CLOSED,,DB-SERVER-01,False
ALT-CSE-01-01130,CSE-01,MEDIUM,2024-12-03T04:54:59,2024-12-03T05:08:21.800172,2024-12-03T06:19:36.791255,CLOSED,,DB-SERVER-01,False
ALT-CSE-01-01131,CSE-01,HIGH,2024-11-06T13:00:55,2024-11-06T13:07:22.352501,2024-11-06T15:34:01.337575,CLOSED,,DB-SERVER-01,False
ALT-CSE-01-01132,CSE-01,MEDIUM,2024-10-07T12:17:08,2024-10-07T12:24:24.801550,2024-10-07T14:14:53.088883,CLOSED,,ENDPOINT-01,False
ALT-CSE-01-01133,CSE-01,CRITICAL,2024-11-30T23:52:06,2024-11-30T23:54:53.656752,2024-12-01T00:51:44.168713,CLOSED,,WEB-SERVER-01,False
ALT-CSE-01-01134,CSE-01,MEDIUM,2024-10-01T13:19:26,2024-10-01T13:25:50.849599,2024-10-01T16:00:56.373530,CLOSED,,FIREWALL-01,False
ALT-CSE-01-01135,CSE-01,MEDIUM,2024-11-15T10:58:32,2024-11-15T11:13:04.420594,2024-11-15T12:26:02.177201,CLOSED,,ROUTER-01,False
ALT-CSE-01-01136,CSE-01,LOW,2024-10-14T10:39:03,2024-10-14T10:48:16.367882,2024-10-14T12:34:14.572460,CLOSED,,ROUTER-01,False
ALT-CSE-01-01137,CSE-01,MEDIUM,2024-10-22T15:33:28,2024-10-22T15:44:46.232711,2024-10-22T17:07:29.658730,CLOSED,,DB-SERVER-01,False
ALT-CSE-01-01138,CSE-01,CRITICAL,2024-10-16T19:54:38,2024-10-16T20:06:10.949147,2024-10-16T20:47:16.526634,CLOSED,CAS-CSE-01-0249,ENDPOINT-01,False
ALT-CSE-01-01139,CSE-01,LOW,2024-10-08T03:20:10,2024-10-08T03:28:40.696395,2024-10-08T05:57:36.919568,CLOSED,,WEB-SERVER-01,False
ALT-CSE-01-01140,CSE-01,HIGH,2024-12-27T06:12:14,2024-12-27T06:21:35.586725,2024-12-27T07:53:58.919597,CLOSED,,ENDPOINT-01,False
ALT-CSE-01-01141,CSE-01,LOW,2024-11-25T21:26:02,2024-11-25T21:37:43.867181,2024-11-25T22:52:33.482052,CLOSED,,WEB-SERVER-01,False
ALT-CSE-01-01142,CSE-01,HIGH,2024-11-29T21:23:29,2024-11-29T21:30:15.867903,2024-11-29T22:57:06.455091,CLOSED,CAS-CSE-01-0250,FIREWALL-01,False
ALT-CSE-01-01143,CSE-01,MEDIUM,2024-11-01T21:15:18,2024-11-01T21:27:48.197612,2024-11-01T23:25:19.950461,CLOSED,,ENDPOINT-01,False
ALT-CSE-01-01144,CSE-01,CRITICAL,2024-12-18T14:47:45,2024-12-18T14:51:06.059765,2024-12-18T15:31:28.076977,CLOSED,CAS-CSE-01-0251,DB-SERVER-01,False
ALT-CSE-01-01145,CSE-01,MEDIUM,2024-12-16T16:13:03,2024-12-16T16:17:58.769832,2024-12-16T17:20:23.642781,CLOSED,,WEB-SERVER-01,False
ALT-CSE-01-01146,CSE-01,CRITICAL,2024-10-12T09:31:26,2024-10-12T09:40:38.331607,2024-10-12T10:10:06.055937,CLOSED,CAS-CSE-01-0252,DB-SERVER-01,False
ALT-CSE-01-01147,CSE-01,CRITICAL,2024-10-24T21:20:22,2024-10-24T21:24:28.245440,2024-10-24T22:06:47.999845,CLOSED,CAS-CSE-01-0253,WEB-SERVER-01,False
ALT-CSE-01-01148,CSE-01,HIGH,2024-11-21T06:01:23,2024-11-21T06:15:07.994318,2024-11-21T08:19:50.628419,CLOSED,,WEB-SERVER-01,False
ALT-CSE-01-01149,CSE-01,LOW,2024-12-14T22:43:21,2024-12-14T22:49:26.033612,2024-12-15T01:07:02.413209,CLOSED,,DB-SERVER-01,False
ALT-CSE-01-01150,CSE-01,HIGH,2024-10-14T20:12:24,2024-10-14T20:25:36.847927,2024-10-14T22:58:20.610241,CLOSED,,ROUTER-01,False
ALT-CSE-01-01151,CSE-01,HIGH,2024-10-04T06:01:51,2024-10-04T06:07:41.066435,2024-10-04T08:21:53.450006,CLOSED,,FIREWALL-01,False
ALT-CSE-01-01152,CSE-01,HIGH,2024-10-15T22:59:54,2024-10-15T23:10:35.596491,2024-10-16T00:59:57.357031,CLOSED,,FIREWALL-01,False
ALT-CSE-01-01153,CSE-01,MEDIUM,2024-12-15T14:07:32,2024-12-15T14:12:17.262020,2024-12-15T16:22:48.320383,CLOSED,,DB-SERVER-01,False
ALT-CSE-01-01154,CSE-01,HIGH,2024-12-29T06:30:24,2024-12-29T06:36:41.979673,2024-12-29T07:34:30.481252,CLOSED,,FIREWALL-01,False
ALT-CSE-01-01155,CSE-01,HIGH,2024-11-24T02:36:02,2024-11-24T02:38:02.522303,2024-11-24T04:21:20.725019,CLOSED,,DB-SERVER-01,False
ALT-CSE-01-01156,CSE-01,CRITICAL,2024-12-21T16:09:37,2024-12-21T16:12:33.213310,2024-12-21T16:55:31.764446,CLOSED,CAS-CSE-01-0254,ENDPOINT-01,False
ALT-CSE-01-01157,CSE-01,CRITICAL,2024-10-20T01:28:46,2024-10-20T01:33:21.304803,2024-10-20T02:19:28.651449,CLOSED,CAS-CSE-01-0255,ENDPOINT-01,False
ALT-CSE-01-01158,CSE-01,LOW,2024-11-29T23:19:13,2024-11-29T23:31:57.695213,2024-11-30T01:46:36.397206,CLOSED,,ROUTER-01,False
ALT-CSE-01-01159,CSE-01,MEDIUM,2024-10-30T13:30:24,2024-10-30T13:42:21.026869,2024-10-30T15:59:01.186550,CLOSED,CAS-CSE-01-0256,ENDPOINT-01,False
ALT-CSE-01-01160,CSE-01,MEDIUM,2024-11-22T16:52:25,2024-11-22T17:04:41.212542,2024-11-22T18:46:46.379399,CLOSED,,ROUTER-01,False
ALT-CSE-01-01161,CSE-01,LOW,2024-10-16T23:44:05,2024-10-16T23:53:38.947433,2024-10-17T02:15:57.981730,CLOSED,,ROUTER-01,False
ALT-CSE-01-01162,CSE-01,LOW,2024-10-24T06:58:27,2024-10-24T07:12:40.463860,2024-10-24T09:09:17.423015,CLOSED,,WEB-SERVER-01,False
ALT-CSE-01-01163,CSE-01,MEDIUM,2024-11-27T11:32:11,2024-11-27T11:36:42.184068,2024-11-27T13:38:19.750290,CLOSED,,WEB-SERVER-01,False
ALT-CSE-01-01164,CSE-01,LOW,2024-11-11T23:11:56,2024-11-11T23:20:15.095479,2024-11-12T01:33:11.645425,CLOSED,,DB-SERVER-01,False
ALT-CSE-01-01165,CSE-01,LOW,2024-11-06T17:42:25,2024-11-06T17:50:45.327004,2024-11-06T20:28:37.276535,CLOSED,,DB-SERVER-01,False
ALT-CSE-01-01166,CSE-01,MEDIUM,2024-11-09T02:23:22,2024-11-09T02:37:05.521530,2024-11-09T04:26:26.686586,CLOSED,,FIREWALL-01,False
ALT-CSE-01-01167,CSE-01,CRITICAL,2024-10-24T19:39:13,2024-10-24T19:45:30.775142,2024-10-24T20:35:34.135813,CLOSED,CAS-CSE-01-0257,ENDPOINT-01,False
ALT-CSE-01-01168,CSE-01,MEDIUM,2024-12-09T12:10:39,2024-12-09T12:22:46.647710,2024-12-09T13:55:25.755461,CLOSED,,ENDPOINT-01,False
ALT-CSE-01-01169,CSE-01,MEDIUM,2024-12-17T09:17:00,2024-12-17T09:19:58.506866,2024-12-17T10:14:05.065729,CLOSED,,DB-SERVER-01,False
ALT-CSE-01-01170,CSE-01,HIGH,2024-12-23T14:22:28,2024-12-23T14:25:02.349426,2024-12-23T16:30:23.209918,CLOSED,,WEB-SERVER-01,False
ALT-CSE-01-01171,CSE-01,CRITICAL,2024-11-20T13:40:11,2024-11-20T13:46:17.594061,2024-11-20T14:24:05.200128,CLOSED,CAS-CSE-01-0258,WEB-SERVER-01,False
ALT-CSE-01-01172,CSE-01,MEDIUM,2024-10-18T18:20:13,2024-10-18T18:29:43.519576,2024-10-18T21:10:41.820459,CLOSED,,ENDPOINT-01,False
ALT-CSE-01-01173,CSE-01,MEDIUM,2024-10-12T07:48:43,2024-10-12T07:56:10.855707,2024-10-12T09:41:50.212735,CLOSED,,FIREWALL-01,False
ALT-CSE-01-01174,CSE-01,HIGH,2024-11-08T22:38:15,2024-11-08T22:43:42.719628,2024-11-09T02:10:20.292056,CLOSED,,DB-SERVER-01,False
ALT-CSE-01-01175,CSE-01,LOW,2024-11-09T01:24:47,2024-11-09T01:27:05.484165,2024-11-09T04:09:38.114364,CLOSED,,WEB-SERVER-01,False
ALT-CSE-01-01176,CSE-01,LOW,2024-11-08T16:11:02,2024-11-08T16:25:01.544888,2024-11-08T17:15:11.987613,CLOSED,CAS-CSE-01-0259,DB-SERVER-01,False
ALT-CSE-01-01177,CSE-01,HIGH,2024-10-31T01:09:26,2024-10-31T01:16:39.375653,2024-10-31T03:01:14.894758,CLOSED,,DB-SERVER-01,False
ALT-CSE-01-01178,CSE-01,MEDIUM,2024-10-11T20:07:08,2024-10-11T20:11:58.559022,2024-10-11T22:33:47.651217,CLOSED,,ENDPOINT-01,False
ALT-CSE-01-01179,CSE-01,HIGH,2024-10-25T04:45:26,2024-10-25T04:53:02.257318,2024-10-25T07:08:20.083271,CLOSED,,DB-SERVER-01,False
ALT-CSE-01-01180,CSE-01,MEDIUM,2024-12-06T23:44:06,2024-12-06T23:55:06.251187,2024-12-07T01:55:47.567277,CLOSED,,DB-SERVER-01,False
ALT-CSE-01-01181,CSE-01,MEDIUM,2024-11-10T12:01:45,2024-11-10T12:14:36.967684,2024-11-10T14:36:45.175919,CLOSED,,DB-SERVER-01,False
ALT-CSE-01-01182,CSE-01,MEDIUM,2024-11-01T02:49:57,2024-11-01T03:03:22.057725,2024-11-01T04:39:22.756126,CLOSED,,ENDPOINT-01,False
ALT-CSE-01-01183,CSE-01,CRITICAL,2024-11-29T17:41:05,2024-11-29T17:46:33.388206,2024-11-29T18:51:34.688581,CLOSED,CAS-CSE-01-0260,WEB-SERVER-01,False
ALT-CSE-01-01184,CSE-01,HIGH,2024-10-30T17:32:25,2024-10-30T17:40:42.930650,2024-10-30T20:57:59.521032,CLOSED,,ENDPOINT-01,False
ALT-CSE-01-01185,CSE-01,CRITICAL,2024-11-27T17:52:38,2024-11-27T17:57:52.846956,2024-11-27T18:35:15.282898,CLOSED,CAS-CSE-01-0261,FIREWALL-01,False
ALT-CSE-01-01186,CSE-01,HIGH,2024-12-22T03:15:27,2024-12-22T03:30:04.753230,2024-12-22T05:29:31.134650,CLOSED,,WEB-SERVER-01,False
ALT-CSE-01-01187,CSE-01,MEDIUM,2024-12-23T21:28:58,2024-12-23T21:38:39.123758,2024-12-23T23:41:57.296622,CLOSED,,DB-SERVER-01,False
ALT-CSE-01-01188,CSE-01,MEDIUM,2024-12-10T16:31:22,2024-12-10T16:43:20.051419,2024-12-10T17:58:26.284165,CLOSED,,ROUTER-01,False
ALT-CSE-01-01189,CSE-01,LOW,2024-11-15T14:45:27,2024-11-15T14:52:22.691267,2024-11-15T16:35:57.669158,CLOSED,,ENDPOINT-01,False
ALT-CSE-01-01190,CSE-01,CRITICAL,2024-10-31T05:31:28,2024-10-31T05:45:58.585051,2024-10-31T06:18:29.332714,CLOSED,CAS-CSE-01-0262,DB-SERVER-01,False
ALT-CSE-01-01191,CSE-01,LOW,2024-12-12T22:44:37,2024-12-12T22:49:51.637304,2024-12-13T01:23:47.778284,CLOSED,,WEB-SERVER-01,False
ALT-CSE-01-01192,CSE-01,HIGH,2024-12-25T19:15:20,2024-12-25T19:24:18.494231,2024-12-25T21:56:13.617394,CLOSED,CAS-CSE-01-0263,ENDPOINT-01,False
ALT-CSE-01-01193,CSE-01,HIGH,2024-10-14T10:49:04,2024-10-14T11:01:43.552328,2024-10-14T12:30:18.229191,CLOSED,,FIREWALL-01,False
ALT-CSE-01-01194,CSE-01,HIGH,2024-10-04T11:35:33,2024-10-04T11:43:21.587264,2024-10-04T14:46:41.579625,CLOSED,,FIREWALL-01,False
ALT-CSE-01-01195,CSE-01,HIGH,2024-10-29T13:05:33,2024-10-29T13:10:21.351780,2024-10-29T15:34:57.371820,CLOSED,,ENDPOINT-01,False
ALT-CSE-01-01196,CSE-01,LOW,2024-10-28T11:52:04,2024-10-28T12:02:41.041381,2024-10-28T13:30:55.762241,CLOSED,,WEB-SERVER-01,False
ALT-CSE-01-01197,CSE-01,LOW,2024-11-09T20:38:51,2024-11-09T20:48:02.961860,2024-11-09T21:56:08.801442,CLOSED,CAS-CSE-01-0264,WEB-SERVER-01,False
ALT-CSE-01-01198,CSE-01,MEDIUM,2024-12-24T02:20:28,2024-12-24T02:30:35.284586,2024-12-24T03:15:07.535272,CLOSED,,FIREWALL-01,False
ALT-CSE-01-01199,CSE-01,HIGH,2024-12-12T09:29:39,2024-12-12T09:43:11.669793,2024-12-12T11:10:03.054760,CLOSED,,ENDPOINT-01,False
ALT-CSE-01-01200,CSE-01,HIGH,2024-12-18T14:16:56,2024-12-18T14:22:14.319186,2024-12-18T16:13:59.393723,CLOSED,CAS-CSE-01-0265,ROUTER-01,False
ALT-CSE-01-01201,CSE-01,HIGH,2024-10-18T10:23:22,2024-10-18T10:27:57.495335,2024-10-18T13:58:04.998036,CLOSED,,DB-SERVER-01,False
ALT-CSE-01-01202,CSE-01,HIGH,2024-10-05T21:59:52,2024-10-05T22:04:01.934299,2024-10-05T23:58:59.170892,CLOSED,,ROUTER-01,False
ALT-CSE-01-01203,CSE-01,MEDIUM,2024-10-02T05:08:39,2024-10-02T05:17:36.073412,2024-10-02T07:37:48.150694,CLOSED,,FIREWALL-01,False
ALT-CSE-01-01204,CSE-01,MEDIUM,2024-10-08T05:27:02,2024-10-08T05:32:25.924307,2024-10-08T07:15:46.101865,CLOSED,,WEB-SERVER-01,False
ALT-CSE-01-01205,CSE-01,HIGH,2024-12-12T18:33:31,2024-12-12T18:44:10.204261,2024-12-12T20:46:12.874345,CLOSED,,ENDPOINT-01,False
ALT-CSE-01-01206,CSE-01,HIGH,2024-11-13T17:36:41,2024-11-13T17:40:07.921409,2024-11-13T20:52:33.683052,CLOSED,,WEB-SERVER-01,False
ALT-CSE-01-01207,CSE-01,MEDIUM,2024-11-19T09:27:57,2024-11-19T09:32:58.021951,2024-11-19T12:16:34.490999,CLOSED,,WEB-SERVER-01,False
ALT-CSE-01-01208,CSE-01,MEDIUM,2024-10-14T11:58:32,2024-10-14T12:07:48.751819,2024-10-14T13:17:43.323692,CLOSED,,FIREWALL-01,False
ALT-CSE-01-01209,CSE-01,HIGH,2024-11-22T01:38:28,2024-11-22T01:49:09.607542,2024-11-22T03:32:43.628766,CLOSED,,WEB-SERVER-01,False
ALT-CSE-01-01210,CSE-01,MEDIUM,2024-11-29T02:53:20,2024-11-29T02:58:08.288569,2024-11-29T04:34:08.564613,CLOSED,,WEB-SERVER-01,False
ALT-CSE-01-01211,CSE-01,CRITICAL,2024-12-06T10:22:53,2024-12-06T10:25:40.409154,2024-12-06T11:21:49.637938,CLOSED,CAS-CSE-01-0266,WEB-SERVER-01,False
ALT-CSE-01-01212,CSE-01,MEDIUM,2024-12-24T23:13:43,2024-12-24T23:27:05.155474,2024-12-25T01:48:42.608929,CLOSED,,FIREWALL-01,False
ALT-CSE-01-01213,CSE-01,MEDIUM,2024-12-04T15:55:38,2024-12-04T15:59:23.200715,2024-12-04T18:21:44.108551,CLOSED,,FIREWALL-01,False
ALT-CSE-01-01214,CSE-01,HIGH,2024-12-19T08:12:56,2024-12-19T08:21:17.883626,2024-12-19T09:42:16.576787,CLOSED,,DB-SERVER-01,False
ALT-CSE-01-01215,CSE-01,HIGH,2024-10-25T12:33:28,2024-10-25T12:44:03.203432,2024-10-25T14:42:08.798969,CLOSED,CAS-CSE-01-0267,DB-SERVER-01,False
ALT-CSE-01-01216,CSE-01,MEDIUM,2024-10-23T02:58:53,2024-10-23T03:07:53.308162,2024-10-23T05:09:34.005383,CLOSED,,DB-SERVER-01,False
ALT-CSE-01-01217,CSE-01,MEDIUM,2024-11-25T05:51:20,2024-11-25T06:01:13.075824,2024-11-25T08:24:48.475978,CLOSED,,DB-SERVER-01,False
ALT-CSE-01-01218,CSE-01,LOW,2024-10-19T05:42:42,2024-10-19T05:55:52.704494,2024-10-19T07:36:34.710090,CLOSED,,ENDPOINT-01,False
ALT-CSE-01-01219,CSE-01,MEDIUM,2024-12-05T21:26:53,2024-12-05T21:28:59.714727,2024-12-05T23:13:19.932745,CLOSED,,ENDPOINT-01,False
ALT-CSE-01-01220,CSE-01,CRITICAL,2024-12-25T19:05:02,2024-12-25T19:18:38.041828,2024-12-25T19:38:16.984486,CLOSED,CAS-CSE-01-0268,ENDPOINT-01,False
ALT-CSE-01-01221,CSE-01,MEDIUM,2024-12-07T07:17:06,2024-12-07T07:18:22.717049,2024-12-07T09:03:42.287287,CLOSED,,ROUTER-01,False
ALT-CSE-01-01222,CSE-01,MEDIUM,2024-10-26T01:53:55,2024-10-26T02:08:42.399837,2024-10-26T02:34:22.488172,CLOSED,,WEB-SERVER-01,False
ALT-CSE-01-01223,CSE-01,MEDIUM,2024-11-11T15:36:47,2024-11-11T15:44:41.491684,2024-11-11T18:25:29.027765,CLOSED,CAS-CSE-01-0269,DB-SERVER-01,False
ALT-CSE-01-01224,CSE-01,MEDIUM,2024-10-30T18:43:34,2024-10-30T18:45:14.195800,2024-10-30T20:35:33.511916,CLOSED,,WEB-SERVER-01,False
ALT-CSE-01-01225,CSE-01,HIGH,2024-11-10T03:51:11,2024-11-10T03:56:28.154391,2024-11-10T05:14:12.604576,CLOSED,,FIREWALL-01,False
ALT-CSE-01-01226,CSE-01,MEDIUM,2024-12-17T13:14:26,2024-12-17T13:28:24.132405,2024-12-17T14:29:00.677715,CLOSED,,DB-SERVER-01,False
ALT-CSE-01-01227,CSE-01,HIGH,2024-11-23T08:24:51,2024-11-23T08:37:37.973550,2024-11-23T10:20:47.070641,CLOSED,,FIREWALL-01,False
ALT-CSE-01-01228,CSE-01,MEDIUM,2024-10-19T02:13:52,2024-10-19T02:20:41.671604,2024-10-19T04:26:16.080777,CLOSED,,ENDPOINT-01,False
ALT-CSE-01-01229,CSE-01,MEDIUM,2024-11-29T20:01:42,2024-11-29T20:15:38.284099,2024-11-29T22:01:09.970427,CLOSED,,FIREWALL-01,False
ALT-CSE-01-01230,CSE-01,HIGH,2024-12-29T10:16:00,2024-12-29T10:29:42.908940,2024-12-29T12:44:40.640155,CLOSED,,ROUTER-01,False
ALT-CSE-01-01231,CSE-01,LOW,2024-10-17T08:56:23,2024-10-17T09:04:44.663128,2024-10-17T09:54:02.151594,CLOSED,,ENDPOINT-01,False
ALT-CSE-01-01232,CSE-01,LOW,2024-12-13T08:37:54,2024-12-13T08:48:10.374965,2024-12-13T09:49:13.495329,CLOSED,,ENDPOINT-01,False
ALT-CSE-01-01233,CSE-01,MEDIUM,2024-10-22T11:29:02,2024-10-22T11:43:46.174217,2024-10-22T13:42:35.554033,CLOSED,,ROUTER-01,False
ALT-CSE-01-01234,CSE-01,CRITICAL,2024-12-16T09:08:38,2024-12-16T09:14:25.905947,2024-12-16T09:52:31.833381,CLOSED,CAS-CSE-01-0270,WEB-SERVER-01,False
ALT-CSE-01-01235,CSE-01,MEDIUM,2024-11-10T23:49:42,2024-11-10T23:57:01.439277,2024-11-11T02:10:42.008920,CLOSED,,ROUTER-01,False
ALT-CSE-01-01236,CSE-01,MEDIUM,2024-11-28T17:10:18,2024-11-28T17:20:49.367197,2024-11-28T20:05:21.337265,CLOSED,,DB-SERVER-01,False
ALT-CSE-01-01237,CSE-01,LOW,2024-10-23T16:42:21,2024-10-23T16:45:46.218018,2024-10-23T18:10:57.878577,CLOSED,,ENDPOINT-01,False
ALT-CSE-01-01238,CSE-01,MEDIUM,2024-12-15T10:23:31,2024-12-15T10:36:29.138283,2024-12-15T13:02:22.991168,CLOSED,,FIREWALL-01,False
ALT-CSE-01-01239,CSE-01,HIGH,2024-10-27T09:21:21,2024-10-27T09:28:33.237647,2024-10-27T12:34:20.105313,CLOSED,,ROUTER-01,False
ALT-CSE-01-01240,CSE-01,HIGH,2024-12-11T06:18:25,2024-12-11T06:30:36.224865,2024-12-11T07:40:26.948460,CLOSED,CAS-CSE-01-0271,WEB-SERVER-01,False
ALT-CSE-01-01241,CSE-01,MEDIUM,2024-10-31T22:37:35,2024-10-31T22:45:50.790391,2024-10-31T23:20:59.758104,CLOSED,,DB-SERVER-01,False
ALT-CSE-01-01242,CSE-01,MEDIUM,2024-12-15T03:44:52,2024-12-15T03:48:22.892689,2024-12-15T06:55:12.208293,CLOSED,,ENDPOINT-01,False
ALT-CSE-01-01243,CSE-01,HIGH,2024-11-17T03:02:22,2024-11-17T03:11:13.019894,2024-11-17T05:15:36.429687,CLOSED,,DB-SERVER-01,False
ALT-CSE-01-01244,CSE-01,HIGH,2024-10-05T12:40:18,2024-10-05T12:55:13.160642,2024-10-05T14:43:34.155135,CLOSED,,FIREWALL-01,False
ALT-CSE-01-01245,CSE-01,CRITICAL,2024-12-25T01:26:14,2024-12-25T01:41:07.509287,2024-12-25T01:55:48.493100,CLOSED,CAS-CSE-01-0272,WEB-SERVER-01,False
ALT-CSE-01-01246,CSE-01,MEDIUM,2024-11-01T23:42:01,2024-11-01T23:47:52.841371,2024-11-02T01:32:47.825605,CLOSED,,ROUTER-01,False
ALT-CSE-01-01247,CSE-01,HIGH,2024-11-02T01:14:45,2024-11-02T01:27:54.759067,2024-11-02T02:26:11.796140,CLOSED,,ROUTER-01,False
ALT-CSE-01-01248,CSE-01,MEDIUM,2024-11-18T18:36:35,2024-11-18T18:41:19.295885,2024-11-18T20:24:54.953983,CLOSED,,ENDPOINT-01,False
ALT-CSE-01-01249,CSE-01,MEDIUM,2024-10-21T22:25:34,2024-10-21T22:29:28.304496,2024-10-22T00:46:15.701414,CLOSED,,FIREWALL-01,False
ALT-CSE-01-01250,CSE-01,CRITICAL,2024-11-30T19:40:02,2024-11-30T19:54:24.468446,2024-11-30T20:09:57.688829,CLOSED,CAS-CSE-01-0273,ROUTER-01,False
ALT-CSE-01-01251,CSE-01,HIGH,2024-10-19T23:44:55,2024-10-19T23:53:04.574114,2024-10-20T00:57:26.168075,CLOSED,,WEB-SERVER-01,False
ALT-CSE-01-01252,CSE-01,HIGH,2024-10-02T00:21:57,2024-10-02T00:31:23.324375,2024-10-02T03:48:05.968251,CLOSED,,ENDPOINT-01,False
ALT-CSE-01-01253,CSE-01,MEDIUM,2024-12-13T03:16:21,2024-12-13T03:28:03.051054,2024-12-13T06:57:31.842886,CLOSED,,WEB-SERVER-01,False
ALT-CSE-01-01254,CSE-01,HIGH,2024-10-30T07:43:45,2024-10-30T07:51:26.069728,2024-10-30T08:30:56.485896,CLOSED,,WEB-SERVER-01,False
ALT-CSE-01-01255,CSE-01,HIGH,2024-10-01T10:28:56,2024-10-01T10:33:38.950860,2024-10-01T12:35:19.932751,CLOSED,,ENDPOINT-01,False
ALT-CSE-01-01256,CSE-01,HIGH,2024-10-01T22:24:48,2024-10-01T22:35:32.494727,2024-10-02T01:01:47.534401,CLOSED,,ROUTER-01,False
ALT-CSE-01-01257,CSE-01,MEDIUM,2024-11-12T22:14:46,2024-11-12T22:22:40.116956,2024-11-13T00:50:39.183623,CLOSED,,FIREWALL-01,False
ALT-CSE-01-01258,CSE-01,LOW,2024-11-28T04:48:10,2024-11-28T04:54:14.086328,2024-11-28T08:07:27.142883,CLOSED,,FIREWALL-01,False
ALT-CSE-01-01259,CSE-01,LOW,2024-10-03T10:42:32,2024-10-03T10:49:52.547239,2024-10-03T12:22:07.185239,CLOSED,,WEB-SERVER-01,False
ALT-CSE-01-01260,CSE-01,MEDIUM,2024-11-21T06:15:51,2024-11-21T06:28:11.494500,2024-11-21T08:07:12.737914,CLOSED,,ROUTER-01,False
ALT-CSE-01-01261,CSE-01,MEDIUM,2024-10-06T03:57:13,2024-10-06T04:02:33.073035,2024-10-06T06:16:06.539522,CLOSED,,ROUTER-01,False
ALT-CSE-01-01262,CSE-01,MEDIUM,2024-11-27T02:01:10,2024-11-27T02:09:11.639114,2024-11-27T03:25:44.792579,CLOSED,,ENDPOINT-01,False
ALT-CSE-01-01263,CSE-01,HIGH,2024-12-07T23:13:28,2024-12-07T23:24:16.895044,2024-12-08T01:42:19.067485,CLOSED,,ENDPOINT-01,False
ALT-CSE-01-01264,CSE-01,MEDIUM,2024-12-27T21:42:34,2024-12-27T21:44:35.001525,2024-12-27T22:48:04.717491,CLOSED,,FIREWALL-01,False
ALT-CSE-01-01265,CSE-01,LOW,2024-12-08T18:31:12,2024-12-08T18:39:32.812963,2024-12-08T19:54:11.875327,CLOSED,,DB-SERVER-01,False
ALT-CSE-01-01266,CSE-01,CRITICAL,2024-11-21T11:59:07,2024-11-21T12:06:07.471969,2024-11-21T12:30:19.479922,CLOSED,CAS-CSE-01-0274,ENDPOINT-01,False
ALT-CSE-01-01267,CSE-01,HIGH,2024-12-24T18:22:40,2024-12-24T18:30:03.551089,2024-12-24T20:30:03.261117,CLOSED,,ENDPOINT-01,False
ALT-CSE-01-01268,CSE-01,MEDIUM,2024-11-27T12:10:20,2024-11-27T12:18:20.409447,2024-11-27T13:43:53.315847,CLOSED,,WEB-SERVER-01,False
ALT-CSE-01-01269,CSE-01,HIGH,2024-10-10T18:38:25,2024-10-10T18:47:05.710209,2024-10-10T21:25:28.343529,CLOSED,,ROUTER-01,False
ALT-CSE-01-01270,CSE-01,LOW,2024-10-17T20:13:46,2024-10-17T20:19:13.665427,2024-10-17T21:14:23.527593,CLOSED,,WEB-SERVER-01,False
ALT-CSE-01-01271,CSE-01,CRITICAL,2024-11-11T03:15:13,2024-11-11T03:21:02.831287,2024-11-11T04:16:37.543176,CLOSED,CAS-CSE-01-0275,WEB-SERVER-01,False
ALT-CSE-01-01272,CSE-01,HIGH,2024-12-26T21:27:39,2024-12-26T21:38:42.786891,2024-12-26T23:42:10.970764,CLOSED,CAS-CSE-01-0276,WEB-SERVER-01,False
ALT-CSE-01-01273,CSE-01,LOW,2024-10-21T10:55:58,2024-10-21T11:07:51.751010,2024-10-21T13:22:06.351520,CLOSED,CAS-CSE-01-0277,FIREWALL-01,False
ALT-CSE-01-01274,CSE-01,MEDIUM,2024-11-27T05:46:04,2024-11-27T05:50:06.823264,2024-11-27T08:17:23.019446,CLOSED,,ROUTER-01,False
ALT-CSE-01-01275,CSE-01,LOW,2024-12-03T10:43:38,2024-12-03T10:51:45.840809,2024-12-03T13:30:03.527410,CLOSED,,DB-SERVER-01,False
ALT-CSE-01-01276,CSE-01,HIGH,2024-10-18T10:41:07,2024-10-18T10:51:36.204958,2024-10-18T11:53:55.327377,CLOSED,,ROUTER-01,False
ALT-CSE-01-01277,CSE-01,CRITICAL,2024-12-15T18:32:17,2024-12-15T18:35:28.522697,2024-12-15T19:36:26.749738,CLOSED,CAS-CSE-01-0278,ENDPOINT-01,False
ALT-CSE-01-01278,CSE-01,LOW,2024-10-04T22:37:08,2024-10-04T22:49:40.480495,2024-10-05T00:26:09.668188,CLOSED,,DB-SERVER-01,False
ALT-CSE-01-01279,CSE-01,LOW,2024-12-14T22:19:04,2024-12-14T22:24:38.431548,2024-12-15T00:27:08.049256,CLOSED,,ROUTER-01,False
ALT-CSE-01-01280,CSE-01,HIGH,2024-11-19T20:20:39,2024-11-19T20:27:13.366285,2024-11-19T22:58:15.720866,CLOSED,,ROUTER-01,False
ALT-CSE-01-01281,CSE-01,LOW,2024-11-04T01:21:19,2024-11-04T01:32:48.692749,2024-11-04T03:16:46.023690,CLOSED,,DB-SERVER-01,False
ALT-CSE-01-01282,CSE-01,HIGH,2024-11-24T15:10:59,2024-11-24T15:20:32.104029,2024-11-24T17:00:51.593759,CLOSED,,DB-SERVER-01,False
ALT-CSE-01-01283,CSE-01,HIGH,2024-10-10T21:07:44,2024-10-10T21:12:59.013445,2024-10-10T23:16:47.390762,CLOSED,,WEB-SERVER-01,False
ALT-CSE-01-01284,CSE-01,MEDIUM,2024-10-24T01:53:18,2024-10-24T01:58:14.313706,2024-10-24T03:59:49.693676,CLOSED,,DB-SERVER-01,False
ALT-CSE-01-01285,CSE-01,LOW,2024-11-01T10:04:48,2024-11-01T10:13:35.200628,2024-11-01T10:59:47.481157,CLOSED,,ROUTER-01,False
ALT-CSE-01-01286,CSE-01,HIGH,2024-11-14T17:47:16,2024-11-14T17:52:33.334412,2024-11-14T20:53:12.224533,CLOSED,,ENDPOINT-01,False
ALT-CSE-01-01287,CSE-01,LOW,2024-12-02T06:19:30,2024-12-02T06:32:03.436801,2024-12-02T06:47:26.988854,CLOSED,,ROUTER-01,False
ALT-CSE-01-01288,CSE-01,MEDIUM,2024-10-22T10:14:53,2024-10-22T10:26:09.691178,2024-10-22T13:03:54.497380,CLOSED,CAS-CSE-01-0279,ROUTER-01,False
ALT-CSE-01-01289,CSE-01,HIGH,2024-12-12T20:08:33,2024-12-12T20:16:53.787147,2024-12-12T22:12:03.975247,CLOSED,,FIREWALL-01,False
ALT-CSE-01-01290,CSE-01,HIGH,2024-11-10T23:45:10,2024-11-10T23:52:39.709605,2024-11-11T02:08:31.219802,CLOSED,,FIREWALL-01,False
ALT-CSE-01-01291,CSE-01,MEDIUM,2024-11-19T01:15:08,2024-11-19T01:28:59.395747,2024-11-19T03:42:40.721489,CLOSED,,ROUTER-01,False
ALT-CSE-01-01292,CSE-01,HIGH,2024-10-24T16:00:25,2024-10-24T16:02:55.083259,2024-10-24T17:28:12.482525,CLOSED,,FIREWALL-01,False
ALT-CSE-01-01293,CSE-01,MEDIUM,2024-10-27T05:04:41,2024-10-27T05:15:01.905524,2024-10-27T07:06:34.825385,CLOSED,,DB-SERVER-01,False
ALT-CSE-01-01294,CSE-01,HIGH,2024-11-17T16:33:13,2024-11-17T16:46:41.620318,2024-11-17T19:29:42.482260,CLOSED,,DB-SERVER-01,False
ALT-CSE-01-01295,CSE-01,LOW,2024-12-19T17:36:52,2024-12-19T17:50:28.338041,2024-12-19T20:17:13.288702,CLOSED,,DB-SERVER-01,False
ALT-CSE-01-01296,CSE-01,MEDIUM,2024-12-05T15:52:34,2024-12-05T15:58:37.803615,2024-12-05T17:32:51.216223,CLOSED,,WEB-SERVER-01,False
ALT-CSE-01-01297,CSE-01,HIGH,2024-10-29T06:34:41,2024-10-29T06:44:01.204700,2024-10-29T09:17:05.217946,CLOSED,,ENDPOINT-01,False
ALT-CSE-01-01298,CSE-01,MEDIUM,2024-11-19T01:46:44,2024-11-19T02:00:41.255898,2024-11-19T03:33:00.201858,CLOSED,,ROUTER-01,False
ALT-CSE-01-01299,CSE-01,HIGH,2024-11-27T14:38:23,2024-11-27T14:47:31.074693,2024-11-27T17:15:58.432778,CLOSED,,WEB-SERVER-01,False
ALT-CSE-01-01300,CSE-01,MEDIUM,2024-11-01T12:31:03,2024-11-01T12:40:49.397065,2024-11-01T14:08:43.326062,CLOSED,,ROUTER-01,False
ALT-CSE-01-01301,CSE-01,HIGH,2024-10-12T13:08:32,2024-10-12T13:18:20.380780,2024-10-12T15:22:22.784405,CLOSED,,ROUTER-01,False
ALT-CSE-01-01302,CSE-01,CRITICAL,2024-12-27T22:16:30,2024-12-27T22:29:44.526656,2024-12-27T23:27:37.273618,CLOSED,CAS-CSE-01-0280,ROUTER-01,False
ALT-CSE-01-01303,CSE-01,LOW,2024-11-23T04:56:24,2024-11-23T05:04:06.637816,2024-11-23T07:20:34.430183,CLOSED,,DB-SERVER-01,False
ALT-CSE-01-01304,CSE-01,MEDIUM,2024-12-09T02:18:46,2024-12-09T02:29:14.382019,2024-12-09T05:34:39.566813,CLOSED,CAS-CSE-01-0281,FIREWALL-01,False
ALT-CSE-01-01305,CSE-01,MEDIUM,2024-11-17T11:21:05,2024-11-17T11:24:31.159612,2024-11-17T12:16:39.687770,CLOSED,,ENDPOINT-01,False
ALT-CSE-01-01306,CSE-01,CRITICAL,2024-10-25T19:09:44,2024-10-25T19:13:08.425013,2024-10-25T19:48:26.872621,CLOSED,,DB-SERVER-01,False
ALT-CSE-01-01307,CSE-01,HIGH,2024-11-08T13:35:27,2024-11-08T13:42:18.280306,2024-11-08T15:16:11.774875,CLOSED,CAS-CSE-01-0282,ENDPOINT-01,False
ALT-CSE-01-01308,CSE-01,HIGH,2024-10-21T05:10:56,2024-10-21T05:21:15.471661,2024-10-21T05:18:15.139742,CLOSED,,WEB-SERVER-01,False
ALT-CSE-01-01309,CSE-01,MEDIUM,2024-10-22T06:35:04,2024-10-22T06:42:26.958639,2024-10-22T09:18:09.061641,CLOSED,,WEB-SERVER-01,False
ALT-CSE-01-01310,CSE-01,LOW,2024-12-16T21:00:14,2024-12-16T21:05:57.393656,2024-12-16T23:22:15.177334,CLOSED,,ENDPOINT-01,False
ALT-CSE-01-01311,CSE-01,MEDIUM,2024-10-26T07:20:38,2024-10-26T07:26:36.580640,2024-10-26T08:50:30.431371,CLOSED,,WEB-SERVER-01,False
ALT-CSE-01-01312,CSE-01,HIGH,2024-11-18T18:52:35,2024-11-18T19:02:58.858744,2024-11-18T21:27:54.400630,CLOSED,,ROUTER-01,False
ALT-CSE-01-01313,CSE-01,HIGH,2024-12-19T18:59:03,2024-12-19T19:03:24.821730,2024-12-19T21:38:42.833429,CLOSED,,FIREWALL-01,False
ALT-CSE-01-01314,CSE-01,HIGH,2024-11-27T09:20:58,2024-11-27T09:23:14.903977,2024-11-27T11:37:40.988797,CLOSED,,WEB-SERVER-01,False
ALT-CSE-01-01315,CSE-01,LOW,2024-11-30T05:08:29,2024-11-30T05:15:18.355976,2024-11-30T07:15:08.974059,CLOSED,,FIREWALL-01,False
ALT-CSE-01-01316,CSE-01,CRITICAL,2024-12-20T09:34:43,2024-12-20T09:40:11.148057,2024-12-20T10:13:43.683499,CLOSED,CAS-CSE-01-0283,WEB-SERVER-01,False
ALT-CSE-01-01317,CSE-01,HIGH,2024-10-03T20:16:06,2024-10-03T20:20:18.037010,2024-10-03T22:09:05.630032,CLOSED,,ENDPOINT-01,False
ALT-CSE-01-01318,CSE-01,HIGH,2024-11-05T14:30:40,2024-11-05T14:35:17.649262,2024-11-05T15:23:56.965506,CLOSED,,FIREWALL-01,False
ALT-CSE-01-01319,CSE-01,MEDIUM,2024-10-03T09:08:17,2024-10-03T09:20:22.653887,2024-10-03T11:58:56.261349,CLOSED,,WEB-SERVER-01,False
ALT-CSE-01-01320,CSE-01,HIGH,2024-12-08T02:51:32,2024-12-08T02:56:17.433366,2024-12-08T04:43:34.643903,CLOSED,,WEB-SERVER-01,False
ALT-CSE-01-01321,CSE-01,HIGH,2024-12-13T03:58:02,2024-12-13T04:10:53.087947,2024-12-13T06:33:19.981493,CLOSED,,ROUTER-01,False
ALT-CSE-01-01322,CSE-01,MEDIUM,2024-11-21T15:30:43,2024-11-21T15:43:41.730355,2024-11-21T18:38:07.439594,CLOSED,,ENDPOINT-01,False
ALT-CSE-01-01323,CSE-01,CRITICAL,2024-12-12T09:08:25,2024-12-12T09:23:00.796600,2024-12-12T09:49:58.137346,CLOSED,,ENDPOINT-01,False
ALT-CSE-01-01324,CSE-01,HIGH,2024-10-25T03:38:06,2024-10-25T03:49:53.639784,2024-10-25T05:27:44.787999,CLOSED,,ROUTER-01,False
ALT-CSE-01-01325,CSE-01,LOW,2024-10-06T05:47:25,2024-10-06T05:49:20.349439,2024-10-06T08:41:40.110841,CLOSED,,ROUTER-01,False
ALT-CSE-01-01326,CSE-01,HIGH,2024-10-29T12:42:55,2024-10-29T12:46:24.211048,2024-10-29T15:21:04.040057,CLOSED,,WEB-SERVER-01,False
ALT-CSE-01-01327,CSE-01,HIGH,2024-10-25T13:14:03,2024-10-25T13:17:22.039483,2024-10-25T14:51:15.044828,CLOSED,,ROUTER-01,False
ALT-CSE-01-01328,CSE-01,HIGH,2024-12-03T05:59:26,2024-12-03T06:03:35.259038,2024-12-03T06:51:42.483579,CLOSED,,ENDPOINT-01,False
ALT-CSE-01-01329,CSE-01,CRITICAL,2024-10-10T08:30:25,2024-10-10T08:41:08.783694,2024-10-10T09:18:33.551143,CLOSED,,WEB-SERVER-01,False
ALT-CSE-01-01330,CSE-01,HIGH,2024-12-24T21:26:11,2024-12-24T21:40:55.820980,2024-12-25T00:38:19.931103,CLOSED,,DB-SERVER-01,False
ALT-CSE-01-01331,CSE-01,MEDIUM,2024-12-23T12:29:24,2024-12-23T12:36:14.161593,2024-12-23T14:24:16.786170,CLOSED,,FIREWALL-01,False
ALT-CSE-01-01332,CSE-01,CRITICAL,2024-10-24T07:27:56,2024-10-24T07:33:03.335483,2024-10-24T08:25:35.783263,CLOSED,CAS-CSE-01-0284,DB-SERVER-01,False
ALT-CSE-01-01333,CSE-01,LOW,2024-12-02T00:46:17,2024-12-02T00:57:29.468543,2024-12-02T02:03:31.919005,CLOSED,,FIREWALL-01,False
ALT-CSE-01-01334,CSE-01,MEDIUM,2024-10-27T20:16:17,2024-10-27T20:30:50.552100,2024-10-27T23:02:23.734601,CLOSED,,DB-SERVER-01,False
ALT-CSE-01-01335,CSE-01,HIGH,2024-11-25T22:39:53,2024-11-25T22:44:06.996224,2024-11-26T01:34:25.580042,CLOSED,,WEB-SERVER-01,False
ALT-CSE-01-01336,CSE-01,MEDIUM,2024-11-27T07:53:38,2024-11-27T08:03:32.972712,2024-11-27T09:55:16.363374,CLOSED,,DB-SERVER-01,False
ALT-CSE-01-01337,CSE-01,LOW,2024-11-04T10:54:48,2024-11-04T10:57:52.882646,2024-11-04T13:22:11.564938,CLOSED,,DB-SERVER-01,False
ALT-CSE-01-01338,CSE-01,LOW,2024-11-15T07:03:22,2024-11-15T07:13:45.344299,2024-11-15T09:36:12.333014,CLOSED,,WEB-SERVER-01,False
ALT-CSE-01-01339,CSE-01,LOW,2024-10-22T05:34:47,2024-10-22T05:39:50.276493,2024-10-22T07:42:07.398844,CLOSED,,ROUTER-01,False
ALT-CSE-01-01340,CSE-01,HIGH,2024-12-27T20:51:01,2024-12-27T20:59:16.905963,2024-12-27T22:16:52.494972,CLOSED,,ENDPOINT-01,False
ALT-CSE-01-01341,CSE-01,MEDIUM,2024-12-09T02:26:42,2024-12-09T02:37:47.525999,2024-12-09T03:53:31.307445,CLOSED,,DB-SERVER-01,False
ALT-CSE-01-01342,CSE-01,HIGH,2024-10-14T10:26:50,2024-10-14T10:38:34.159559,2024-10-14T12:54:12.142827,CLOSED,,ENDPOINT-01,False
ALT-CSE-01-01343,CSE-01,MEDIUM,2024-10-26T05:05:04,2024-10-26T05:11:43.841108,2024-10-26T07:12:14.021522,CLOSED,,DB-SERVER-01,False
ALT-CSE-01-01344,CSE-01,MEDIUM,2024-11-11T16:56:34,2024-11-11T17:01:57.575890,2024-11-11T18:30:56.685888,CLOSED,,ROUTER-01,False
ALT-CSE-01-01345,CSE-01,MEDIUM,2024-10-31T01:39:53,2024-10-31T01:53:37.139361,2024-10-31T04:02:23.646776,CLOSED,,ENDPOINT-01,False
ALT-CSE-01-01346,CSE-01,CRITICAL,2024-10-17T23:31:31,2024-10-17T23:32:39.962834,2024-10-18T00:47:26.771699,CLOSED,,ENDPOINT-01,False
ALT-CSE-01-01347,CSE-01,LOW,2024-11-10T18:13:18,2024-11-10T18:22:20.702282,2024-11-10T20:27:22.029123,CLOSED,,ROUTER-01,False
ALT-CSE-01-01348,CSE-01,LOW,2024-10-13T21:57:13,2024-10-13T22:07:49.179657,2024-10-13T23:18:48.420101,CLOSED,,FIREWALL-01,False
ALT-CSE-01-01349,CSE-01,HIGH,2024-10-12T13:42:01,2024-10-12T13:46:27.074614,2024-10-12T15:39:32.942677,CLOSED,,FIREWALL-01,False
ALT-CSE-01-01350,CSE-01,MEDIUM,2024-12-13T12:04:16,2024-12-13T12:05:40.565148,2024-12-13T13:06:13.519320,CLOSED,,DB-SERVER-01,False
ALT-CSE-01-01351,CSE-01,LOW,2024-10-02T22:39:43,2024-10-02T22:50:28.802799,2024-10-03T00:14:33.732391,CLOSED,CAS-CSE-01-0285,DB-SERVER-01,False
ALT-CSE-01-01352,CSE-01,LOW,2024-10-04T04:45:31,2024-10-04T04:46:41.187714,2024-10-04T06:29:08.054734,CLOSED,,FIREWALL-01,False
ALT-CSE-01-01353,CSE-01,LOW,2024-10-28T08:21:19,2024-10-28T08:23:02.606136,2024-10-28T11:10:09.158494,CLOSED,,ROUTER-01,False
ALT-CSE-01-01354,CSE-01,HIGH,2024-12-04T07:37:26,2024-12-04T07:40:32.532943,2024-12-04T08:58:06.045359,CLOSED,,DB-SERVER-01,False
ALT-CSE-01-01355,CSE-01,HIGH,2024-10-02T21:01:37,2024-10-02T21:16:27.566658,2024-10-02T23:40:03.767854,CLOSED,CAS-CSE-01-0286,ENDPOINT-01,False
ALT-CSE-01-01356,CSE-01,MEDIUM,2024-10-18T12:02:11,2024-10-18T12:06:56.603945,2024-10-18T15:04:50.273952,CLOSED,,WEB-SERVER-01,False
ALT-CSE-01-01357,CSE-01,CRITICAL,2024-10-07T13:47:19,2024-10-07T13:59:49.997596,2024-10-07T14:28:02.388208,CLOSED,CAS-CSE-01-0287,WEB-SERVER-01,False
ALT-CSE-01-01358,CSE-01,MEDIUM,2024-10-02T12:42:23,2024-10-02T12:55:03.033027,2024-10-02T14:52:22.083523,CLOSED,CAS-CSE-01-0288,DB-SERVER-01,False
ALT-CSE-01-01359,CSE-01,HIGH,2024-12-01T05:32:41,2024-12-01T05:34:49.610725,2024-12-01T08:34:49.380718,CLOSED,,WEB-SERVER-01,False
ALT-CSE-01-01360,CSE-01,MEDIUM,2024-10-22T12:22:27,2024-10-22T12:24:05.547336,2024-10-22T14:29:49.636419,CLOSED,,ROUTER-01,False
ALT-CSE-01-01361,CSE-01,CRITICAL,2024-10-24T09:04:40,2024-10-24T09:10:53.363773,2024-10-24T09:56:04.245948,CLOSED,CAS-CSE-01-0289,ENDPOINT-01,False
ALT-CSE-01-01362,CSE-01,MEDIUM,2024-11-23T02:39:01,2024-11-23T02:52:54.062026,2024-11-23T05:17:04.721983,CLOSED,,DB-SERVER-01,False
ALT-CSE-01-01363,CSE-01,MEDIUM,2024-12-06T06:54:35,2024-12-06T06:59:25.402908,2024-12-06T09:18:59.484304,CLOSED,,DB-SERVER-01,False
ALT-CSE-01-01364,CSE-01,CRITICAL,2024-10-05T06:17:40,2024-10-05T06:21:54.255652,2024-10-05T07:00:58.595985,CLOSED,CAS-CSE-01-0290,ROUTER-01,False
ALT-CSE-01-01365,CSE-01,CRITICAL,2024-11-02T17:02:24,2024-11-02T17:12:51.007712,2024-11-02T17:19:11.991313,CLOSED,CAS-CSE-01-0291,ROUTER-01,False
ALT-CSE-01-01366,CSE-01,HIGH,2024-10-22T14:15:13,2024-10-22T14:27:03.313568,2024-10-22T16:29:00.573627,CLOSED,,ENDPOINT-01,False
ALT-CSE-01-01367,CSE-01,HIGH,2024-11-02T19:09:33,2024-11-02T19:20:02.137139,2024-11-02T20:46:13.702710,CLOSED,,ENDPOINT-01,False
ALT-CSE-01-01368,CSE-01,LOW,2024-10-04T16:51:43,2024-10-04T16:57:57.243712,2024-10-04T19:09:09.295933,CLOSED,CAS-CSE-01-0292,ROUTER-01,False
ALT-CSE-01-01369,CSE-01,HIGH,2024-11-09T04:34:58,2024-11-09T04:49:33.758110,2024-11-09T07:40:03.773100,CLOSED,,DB-SERVER-01,False
ALT-CSE-01-01370,CSE-01,CRITICAL,2024-11-11T22:40:30,2024-11-11T22:44:51.099172,2024-11-11T23:28:17.150866,CLOSED,,DB-SERVER-01,False
ALT-CSE-01-01371,CSE-01,MEDIUM,2024-11-09T04:22:17,2024-11-09T04:29:45.587943,2024-11-09T06:40:32.248323,CLOSED,CAS-CSE-01-0293,ENDPOINT-01,False
ALT-CSE-01-01372,CSE-01,HIGH,2024-12-04T16:10:53,2024-12-04T16:13:45.847859,2024-12-04T18:14:37.198507,CLOSED,,ROUTER-01,False
ALT-CSE-01-01373,CSE-01,LOW,2024-11-22T21:41:31,2024-11-22T21:48:27.034802,2024-11-23T00:52:30.148259,CLOSED,,FIREWALL-01,False
ALT-CSE-01-01374,CSE-01,CRITICAL,2024-10-18T07:45:01,2024-10-18T07:49:09.359476,2024-10-18T08:45:00.239627,CLOSED,CAS-CSE-01-0294,WEB-SERVER-01,False
ALT-CSE-01-01375,CSE-01,MEDIUM,2024-10-26T03:22:22,2024-10-26T03:28:48.858245,2024-10-26T06:20:14.807709,CLOSED,,WEB-SERVER-01,False
ALT-CSE-01-01376,CSE-01,CRITICAL,2024-10-14T03:42:39,2024-10-14T03:53:48.043239,2024-10-14T04:20:12.960268,CLOSED,CAS-CSE-01-0295,WEB-SERVER-01,False
ALT-CSE-01-01377,CSE-01,LOW,2024-10-22T02:37:16,2024-10-22T02:41:38.463391,2024-10-22T04:33:23.613293,CLOSED,,WEB-SERVER-01,False
ALT-CSE-01-01378,CSE-01,MEDIUM,2024-11-02T06:00:31,2024-11-02T06:08:23.340291,2024-11-02T08:22:39.211443,CLOSED,,ENDPOINT-01,False
ALT-CSE-01-01379,CSE-01,HIGH,2024-11-26T23:33:49,2024-11-26T23:41:10.402249,2024-11-27T01:28:00.536143,CLOSED,CAS-CSE-01-0296,WEB-SERVER-01,False
ALT-CSE-01-01380,CSE-01,CRITICAL,2024-12-03T04:45:28,2024-12-03T04:50:21.949319,2024-12-03T05:42:46.496650,CLOSED,CAS-CSE-01-0297,WEB-SERVER-01,False
ALT-CSE-01-01381,CSE-01,MEDIUM,2024-12-11T12:35:54,2024-12-11T12:38:20.025561,2024-12-11T13:56:25.343193,CLOSED,,FIREWALL-01,False
ALT-CSE-01-01382,CSE-01,MEDIUM,2024-12-01T11:43:19,2024-12-01T11:44:25.311021,2024-12-01T14:01:02.953621,CLOSED,,ENDPOINT-01,False
ALT-CSE-01-01383,CSE-01,CRITICAL,2024-11-19T10:03:09,2024-11-19T10:07:54.127370,2024-11-19T10:54:33.289476,CLOSED,CAS-CSE-01-0298,FIREWALL-01,False
ALT-CSE-01-01384,CSE-01,MEDIUM,2024-10-23T19:08:55,2024-10-23T19:19:19.394023,2024-10-23T21:16:16.089508,CLOSED,,DB-SERVER-01,False
ALT-CSE-01-01385,CSE-01,HIGH,2024-11-08T07:10:43,2024-11-08T07:18:58.493689,2024-11-08T09:42:24.360344,CLOSED,,ROUTER-01,False
ALT-CSE-01-01386,CSE-01,HIGH,2024-10-10T02:02:55,2024-10-10T02:05:10.436039,2024-10-10T03:45:12.844918,CLOSED,,ROUTER-01,False
ALT-CSE-01-01387,CSE-01,HIGH,2024-11-25T03:07:11,2024-11-25T03:20:39.069747,2024-11-25T05:41:08.553779,CLOSED,,WEB-SERVER-01,False
ALT-CSE-01-01388,CSE-01,CRITICAL,2024-12-28T04:22:14,2024-12-28T04:30:04.027342,2024-12-28T04:45:31.152523,CLOSED,CAS-CSE-01-0299,WEB-SERVER-01,False
ALT-CSE-01-01389,CSE-01,LOW,2024-12-23T20:19:46,2024-12-23T20:29:58.634718,2024-12-23T22:57:02.718124,CLOSED,,DB-SERVER-01,False
ALT-CSE-01-01390,CSE-01,MEDIUM,2024-11-17T18:13:17,2024-11-17T18:16:03.577368,2024-11-17T19:44:02.210315,CLOSED,,DB-SERVER-01,False
ALT-CSE-01-01391,CSE-01,LOW,2024-10-14T05:43:22,2024-10-14T05:53:56.093407,2024-10-14T08:40:11.202793,CLOSED,,ROUTER-01,False
ALT-CSE-01-01392,CSE-01,CRITICAL,2024-11-06T23:54:02,2024-11-07T00:04:44.327861,2024-11-07T00:40:50.713257,CLOSED,CAS-CSE-01-0300,FIREWALL-01,False
ALT-CSE-01-01393,CSE-01,HIGH,2024-11-08T06:48:37,2024-11-08T07:01:46.289853,2024-11-08T08:39:24.752779,CLOSED,,ROUTER-01,False
ALT-CSE-01-01394,CSE-01,HIGH,2024-10-13T09:52:44,2024-10-13T10:04:15.800553,2024-10-13T12:39:12.516057,CLOSED,,WEB-SERVER-01,False
ALT-CSE-01-01395,CSE-01,MEDIUM,2024-11-04T00:01:57,2024-11-04T00:03:45.657281,2024-11-04T01:08:12.727641,CLOSED,,WEB-SERVER-01,False
ALT-CSE-01-01396,CSE-01,MEDIUM,2024-12-04T09:04:39,2024-12-04T09:18:28.080007,2024-12-04T11:45:03.877288,CLOSED,CAS-CSE-01-0301,DB-SERVER-01,False
ALT-CSE-01-01397,CSE-01,HIGH,2024-12-13T18:12:42,2024-12-13T18:18:24.035381,2024-12-13T20:53:51.625458,CLOSED,,WEB-SERVER-01,False
ALT-CSE-01-01398,CSE-01,HIGH,2024-11-30T09:54:51,2024-11-30T09:57:33.211391,2024-11-30T11:38:49.748942,CLOSED,,ROUTER-01,False
ALT-CSE-01-01399,CSE-01,HIGH,2024-12-29T21:41:09,2024-12-29T21:44:07.187357,2024-12-30T00:05:20.149896,CLOSED,,WEB-SERVER-01,False
ALT-CSE-01-01400,CSE-01,HIGH,2024-11-14T13:15:18,2024-11-14T13:17:33.905362,2024-11-14T16:10:12.330471,CLOSED,,ENDPOINT-01,False
ALT-CSE-01-01401,CSE-01,MEDIUM,2024-11-09T22:53:24,2024-11-09T23:08:02.262251,2024-11-09T23:43:21.721973,CLOSED,,WEB-SERVER-01,False
ALT-CSE-01-01402,CSE-01,LOW,2024-11-15T10:54:33,2024-11-15T10:59:05.599646,2024-11-15T13:13:35.442786,CLOSED,,DB-SERVER-01,False
ALT-CSE-01-01403,CSE-01,LOW,2024-12-07T13:56:48,2024-12-07T13:59:05.381738,2024-12-07T15:38:11.918043,CLOSED,,DB-SERVER-01,False
ALT-CSE-01-01404,CSE-01,MEDIUM,2024-10-26T00:39:07,2024-10-26T00:45:22.763106,2024-10-26T03:22:00.944609,CLOSED,,FIREWALL-01,False
ALT-CSE-01-01405,CSE-01,HIGH,2024-12-13T18:03:00,2024-12-13T18:12:21.530146,2024-12-13T19:57:35.237816,CLOSED,,FIREWALL-01,False
ALT-CSE-01-01406,CSE-01,HIGH,2024-12-27T01:33:49,2024-12-27T01:37:35.964664,2024-12-27T03:28:52.746646,CLOSED,,ROUTER-01,False
ALT-CSE-01-01407,CSE-01,MEDIUM,2024-12-06T11:39:31,2024-12-06T11:53:30.432335,2024-12-06T13:29:01.237113,CLOSED,,DB-SERVER-01,False
ALT-CSE-01-01408,CSE-01,LOW,2024-11-18T16:58:11,2024-11-18T17:11:26.181100,2024-11-18T18:34:06.806253,CLOSED,CAS-CSE-01-0302,FIREWALL-01,False
ALT-CSE-01-01409,CSE-01,HIGH,2024-10-06T04:30:19,2024-10-06T04:45:01.784272,2024-10-06T07:02:50.852389,CLOSED,,DB-SERVER-01,False
ALT-CSE-01-01410,CSE-01,MEDIUM,2024-11-15T10:26:24,2024-11-15T10:37:12.303603,2024-11-15T11:47:26.322340,CLOSED,,WEB-SERVER-01,False
ALT-CSE-01-01411,CSE-01,MEDIUM,2024-11-27T00:32:50,2024-11-27T00:41:13.590467,2024-11-27T02:26:03.099924,CLOSED,,DB-SERVER-01,False
ALT-CSE-01-01412,CSE-01,HIGH,2024-10-13T14:28:38,2024-10-13T14:31:40.762633,2024-10-13T16:51:35.988468,CLOSED,,DB-SERVER-01,False
ALT-CSE-01-01413,CSE-01,HIGH,2024-11-04T12:22:30,2024-11-04T12:31:51.127721,2024-11-04T15:10:07.821772,CLOSED,,ENDPOINT-01,False
ALT-CSE-01-01414,CSE-01,LOW,2024-12-23T09:30:49,2024-12-23T09:32:50.914760,2024-12-23T11:01:59.703415,CLOSED,,WEB-SERVER-01,False
ALT-CSE-01-01415,CSE-01,MEDIUM,2024-12-14T16:12:20,2024-12-14T16:18:54.447438,2024-12-14T17:19:47.839693,CLOSED,,DB-SERVER-01,False
ALT-CSE-01-01416,CSE-01,LOW,2024-12-14T12:49:28,2024-12-14T12:57:35.343188,2024-12-14T16:17:34.184740,CLOSED,,ENDPOINT-01,False
ALT-CSE-01-01417,CSE-01,HIGH,2024-11-28T14:05:39,2024-11-28T14:09:16.899006,2024-11-28T16:35:23.980552,CLOSED,,DB-SERVER-01,False
ALT-CSE-01-01418,CSE-01,LOW,2024-11-04T04:48:11,2024-11-04T04:54:45.938122,2024-11-04T07:13:43.233928,CLOSED,,WEB-SERVER-01,False
ALT-CSE-01-01419,CSE-01,HIGH,2024-11-13T08:28:14,2024-11-13T08:36:35.233189,2024-11-13T10:46:13.985854,CLOSED,,DB-SERVER-01,False
ALT-CSE-01-01420,CSE-01,CRITICAL,2024-10-26T11:17:32,2024-10-26T11:24:41.387326,2024-10-26T11:46:25.390190,CLOSED,CAS-CSE-01-0303,FIREWALL-01,False
ALT-CSE-01-01421,CSE-01,LOW,2024-10-21T19:18:48,2024-10-21T19:24:12.422863,2024-10-21T21:37:43.343438,CLOSED,,ENDPOINT-01,False
ALT-CSE-01-01422,CSE-01,MEDIUM,2024-10-11T15:47:25,2024-10-11T16:00:21.668299,2024-10-11T17:33:13.555246,CLOSED,,DB-SERVER-01,False
ALT-CSE-01-01423,CSE-01,HIGH,2024-12-05T14:21:53,2024-12-05T14:36:19.320949,2024-12-05T16:03:40.095233,CLOSED,,ROUTER-01,False
ALT-CSE-01-01424,CSE-01,HIGH,2024-12-19T00:00:48,2024-12-19T00:02:53.983265,2024-12-19T02:44:34.517198,CLOSED,,FIREWALL-01,False
ALT-CSE-01-01425,CSE-01,HIGH,2024-11-25T13:26:17,2024-11-25T13:38:27.892510,2024-11-25T15:55:07.692197,CLOSED,,WEB-SERVER-01,False
ALT-CSE-01-01426,CSE-01,MEDIUM,2024-12-19T21:07:48,2024-12-19T21:18:19.502634,2024-12-19T22:03:40.374726,CLOSED,,ROUTER-01,False
ALT-CSE-01-01427,CSE-01,CRITICAL,2024-12-04T03:32:08,2024-12-04T03:39:33.246069,2024-12-04T04:13:45.539628,CLOSED,CAS-CSE-01-0304,ENDPOINT-01,False
ALT-CSE-01-01428,CSE-01,MEDIUM,2024-12-21T12:53:37,2024-12-21T13:07:09.369770,2024-12-21T13:51:17.700956,CLOSED,,FIREWALL-01,False
ALT-CSE-01-01429,CSE-01,LOW,2024-12-26T05:10:19,2024-12-26T05:20:17.429114,2024-12-26T07:44:47.658875,CLOSED,,WEB-SERVER-01,False
ALT-CSE-01-01430,CSE-01,MEDIUM,2024-12-16T11:32:58,2024-12-16T11:41:52.675144,2024-12-16T13:55:19.140652,CLOSED,,FIREWALL-01,False
ALT-CSE-01-01431,CSE-01,MEDIUM,2024-12-24T02:48:15,2024-12-24T02:59:30.690389,2024-12-24T05:08:09.846739,CLOSED,,ROUTER-01,False
ALT-CSE-01-01432,CSE-01,MEDIUM,2024-11-07T14:13:04,2024-11-07T14:20:16.523817,2024-11-07T16:41:36.142028,CLOSED,,ROUTER-01,False
ALT-CSE-01-01433,CSE-01,CRITICAL,2024-12-02T08:31:46,2024-12-02T08:36:16.232457,2024-12-02T09:18:05.321697,CLOSED,,DB-SERVER-01,False
ALT-CSE-01-01434,CSE-01,HIGH,2024-10-05T22:07:00,2024-10-05T22:10:55.734213,2024-10-06T01:04:36.988522,CLOSED,,ENDPOINT-01,False
ALT-CSE-01-01435,CSE-01,HIGH,2024-10-07T13:27:35,2024-10-07T13:35:45.757120,2024-10-07T15:28:52.393155,CLOSED,,ENDPOINT-01,False
ALT-CSE-01-01436,CSE-01,MEDIUM,2024-10-10T08:05:19,2024-10-10T08:13:49.866973,2024-10-10T08:34:58.063825,CLOSED,,WEB-SERVER-01,False
ALT-CSE-01-01437,CSE-01,CRITICAL,2024-10-28T07:57:13,2024-10-28T08:08:53.961803,2024-10-28T08:58:21.624618,CLOSED,CAS-CSE-01-0305,WEB-SERVER-01,False
ALT-CSE-01-01438,CSE-01,CRITICAL,2024-10-23T10:14:07,2024-10-23T10:28:37.698073,2024-10-23T10:55:31.277761,CLOSED,CAS-CSE-01-0306,DB-SERVER-01,False
ALT-CSE-01-01439,CSE-01,CRITICAL,2024-11-19T06:27:14,2024-11-19T06:33:38.271940,2024-11-19T07:12:54.885322,CLOSED,CAS-CSE-01-0307,DB-SERVER-01,False
ALT-CSE-01-01440,CSE-01,HIGH,2024-12-15T11:22:09,2024-12-15T11:26:15.889855,2024-12-15T13:02:46.322229,CLOSED,,ENDPOINT-01,False
ALT-CSE-01-01441,CSE-01,MEDIUM,2024-12-11T20:08:26,2024-12-11T20:22:53.674215,2024-12-11T21:36:34.382393,CLOSED,,ENDPOINT-01,False
ALT-CSE-01-01442,CSE-01,MEDIUM,2024-11-14T20:20:15,2024-11-14T20:32:40.269860,2024-11-14T21:50:15.767394,CLOSED,CAS-CSE-01-0308,FIREWALL-01,False
ALT-CSE-01-01443,CSE-01,HIGH,2024-10-30T00:40:55,2024-10-30T00:52:47.294842,2024-10-30T02:03:04.012879,CLOSED,,WEB-SERVER-01,False
ALT-CSE-01-01444,CSE-01,HIGH,2024-12-16T09:14:30,2024-12-16T09:20:31.750506,2024-12-16T10:47:46.563347,CLOSED,,WEB-SERVER-01,False
ALT-CSE-01-01445,CSE-01,MEDIUM,2024-12-26T23:39:58,2024-12-26T23:43:46.922991,2024-12-27T01:40:22.429145,CLOSED,,FIREWALL-01,False
ALT-CSE-01-01446,CSE-01,MEDIUM,2024-11-16T07:30:52,2024-11-16T07:40:40.467067,2024-11-16T09:41:42.888097,CLOSED,,FIREWALL-01,False
ALT-CSE-01-01447,CSE-01,HIGH,2024-11-03T04:11:55,2024-11-03T04:13:15.137275,2024-11-03T06:56:41.057451,CLOSED,,ROUTER-01,False
ALT-CSE-01-01448,CSE-01,HIGH,2024-11-12T23:03:11,2024-11-12T23:05:57.505884,2024-11-13T01:28:50.876502,CLOSED,,DB-SERVER-01,False
ALT-CSE-01-01449,CSE-01,MEDIUM,2024-11-25T19:11:12,2024-11-25T19:12:17.595770,2024-11-25T21:52:18.556240,CLOSED,,ROUTER-01,False
ALT-CSE-01-01450,CSE-01,HIGH,2024-11-08T18:43:52,2024-11-08T18:52:22.898931,2024-11-08T20:58:36.853024,CLOSED,,WEB-SERVER-01,False
ALT-CSE-01-01451,CSE-01,MEDIUM,2024-10-11T12:30:04,2024-10-11T12:40:41.646071,2024-10-11T12:52:43.886196,CLOSED,CAS-CSE-01-0309,ENDPOINT-01,False
ALT-CSE-01-01452,CSE-01,MEDIUM,2024-12-04T03:41:55,2024-12-04T03:45:07.704519,2024-12-04T05:21:09.425816,CLOSED,,DB-SERVER-01,False
ALT-CSE-01-01453,CSE-01,HIGH,2024-12-21T03:48:10,2024-12-21T04:00:20.776186,2024-12-21T06:41:47.480810,CLOSED,,WEB-SERVER-01,False
ALT-CSE-01-01454,CSE-01,MEDIUM,2024-11-16T00:15:56,2024-11-16T00:17:48.441157,2024-11-16T01:16:14.305047,CLOSED,,ENDPOINT-01,False
ALT-CSE-01-01455,CSE-01,LOW,2024-10-21T18:31:23,2024-10-21T18:37:06.163450,2024-10-21T20:18:36.972019,CLOSED,,DB-SERVER-01,False
ALT-CSE-01-01456,CSE-01,LOW,2024-11-12T23:48:20,2024-11-13T00:00:36.518718,2024-11-13T02:24:46.909713,CLOSED,,FIREWALL-01,False
ALT-CSE-01-01457,CSE-01,MEDIUM,2024-10-09T15:12:20,2024-10-09T15:22:01.518825,2024-10-09T16:22:15.898731,CLOSED,,ENDPOINT-01,False
ALT-CSE-01-01458,CSE-01,HIGH,2024-10-07T05:20:02,2024-10-07T05:21:05.019261,2024-10-07T07:59:53.212735,CLOSED,,DB-SERVER-01,False
ALT-CSE-01-01459,CSE-01,HIGH,2024-11-22T01:06:05,2024-11-22T01:11:53.014332,2024-11-22T02:55:58.792342,CLOSED,,ENDPOINT-01,False
ALT-CSE-01-01460,CSE-01,LOW,2024-12-12T19:20:40,2024-12-12T19:22:30.990857,2024-12-12T21:22:44.278253,CLOSED,,FIREWALL-01,False
ALT-CSE-01-01461,CSE-01,CRITICAL,2024-12-15T00:34:46,2024-12-15T00:37:13.841838,2024-12-15T01:28:45.250200,CLOSED,CAS-CSE-01-0310,WEB-SERVER-01,False
ALT-CSE-01-01462,CSE-01,MEDIUM,2024-11-03T10:32:48,2024-11-03T10:36:36.741034,2024-11-03T11:20:37.533488,CLOSED,,FIREWALL-01,False
ALT-CSE-01-01463,CSE-01,CRITICAL,2024-12-17T02:11:38,2024-12-17T02:18:24.652536,2024-12-17T02:44:13.094253,CLOSED,,ENDPOINT-01,False
ALT-CSE-01-01464,CSE-01,MEDIUM,2024-10-19T02:27:40,2024-10-19T02:35:51.265779,2024-10-19T04:19:24.949691,CLOSED,,FIREWALL-01,False
ALT-CSE-01-01465,CSE-01,LOW,2024-11-27T16:13:27,2024-11-27T16:18:40.037788,2024-11-27T18:21:31.066040,CLOSED,,ENDPOINT-01,False
ALT-CSE-01-01466,CSE-01,HIGH,2024-12-23T09:29:57,2024-12-23T09:31:54.101483,2024-12-23T10:28:26.814989,CLOSED,,FIREWALL-01,False
ALT-CSE-01-01467,CSE-01,HIGH,2024-11-26T14:22:39,2024-11-26T14:32:44.587893,2024-11-26T15:50:26.112127,CLOSED,,DB-SERVER-01,False
ALT-CSE-01-01468,CSE-01,LOW,2024-11-07T06:39:01,2024-11-07T06:41:03.841400,2024-11-07T08:53:15.285759,CLOSED,,ENDPOINT-01,False
ALT-CSE-01-01469,CSE-01,HIGH,2024-10-03T09:06:36,2024-10-03T09:12:20.600503,2024-10-03T10:01:53.689982,CLOSED,,WEB-SERVER-01,False
ALT-CSE-01-01470,CSE-01,HIGH,2024-12-20T21:03:35,2024-12-20T21:16:57.790136,2024-12-21T00:09:34.825199,CLOSED,,ENDPOINT-01,False
ALT-CSE-01-01471,CSE-01,HIGH,2024-12-02T07:31:27,2024-12-02T07:33:50.945533,2024-12-02T09:43:51.113666,CLOSED,,ROUTER-01,False
ALT-CSE-01-01472,CSE-01,MEDIUM,2024-10-30T16:37:17,2024-10-30T16:39:45.476672,2024-10-30T19:34:00.424644,CLOSED,,DB-SERVER-01,False
ALT-CSE-01-01473,CSE-01,MEDIUM,2024-10-15T03:49:44,2024-10-15T04:04:13.108265,2024-10-15T06:56:48.029575,CLOSED,,FIREWALL-01,False
ALT-CSE-01-01474,CSE-01,MEDIUM,2024-10-21T23:38:04,2024-10-21T23:44:41.707057,2024-10-22T01:33:47.689880,CLOSED,,ROUTER-01,False
ALT-CSE-01-01475,CSE-01,HIGH,2024-11-06T14:38:51,2024-11-06T14:51:58.443584,2024-11-06T15:44:10.651200,CLOSED,,FIREWALL-01,False
ALT-CSE-01-01476,CSE-01,MEDIUM,2024-10-12T02:40:16,2024-10-12T02:48:09.128743,2024-10-12T06:13:10.598763,CLOSED,,FIREWALL-01,False
ALT-CSE-01-01477,CSE-01,MEDIUM,2024-10-13T11:18:10,2024-10-13T11:30:44.652750,2024-10-13T13:35:32.942521,CLOSED,,ROUTER-01,False
ALT-CSE-01-01478,CSE-01,LOW,2024-10-29T18:44:24,2024-10-29T18:47:06.729090,2024-10-29T20:44:07.670709,CLOSED,,WEB-SERVER-01,False
ALT-CSE-01-01479,CSE-01,MEDIUM,2024-12-12T11:14:21,2024-12-12T11:21:25.265658,2024-12-12T13:16:48.765869,CLOSED,,DB-SERVER-01,False
ALT-CSE-01-01480,CSE-01,LOW,2024-12-28T15:10:28,2024-12-28T15:15:54.785514,2024-12-28T16:29:26.615987,CLOSED,,FIREWALL-01,False
ALT-CSE-01-01481,CSE-01,MEDIUM,2024-11-04T23:14:35,2024-11-04T23:27:44.173692,2024-11-05T01:46:58.635111,CLOSED,,FIREWALL-01,False
ALT-CSE-01-01482,CSE-01,HIGH,2024-11-01T04:21:15,2024-11-01T04:32:43.002785,2024-11-01T05:51:42.267198,CLOSED,,ROUTER-01,False
ALT-CSE-01-01483,CSE-01,HIGH,2024-10-23T08:55:23,2024-10-23T09:10:02.186886,2024-10-23T11:05:39.191105,CLOSED,CAS-CSE-01-0311,ENDPOINT-01,False
ALT-CSE-01-01484,CSE-01,HIGH,2024-12-18T23:23:37,2024-12-18T23:37:00.263971,2024-12-19T00:49:01.488431,CLOSED,,DB-SERVER-01,False
ALT-CSE-01-01485,CSE-01,LOW,2024-11-29T07:34:04,2024-11-29T07:42:41.648029,2024-11-29T09:48:53.568939,CLOSED,,ROUTER-01,False
ALT-CSE-01-01486,CSE-01,HIGH,2024-10-01T18:21:25,2024-10-01T18:22:36.383489,2024-10-01T21:04:13.880941,CLOSED,,FIREWALL-01,False
ALT-CSE-01-01487,CSE-01,HIGH,2024-10-16T02:42:29,2024-10-16T02:54:02.291351,2024-10-16T03:22:25.575055,CLOSED,,WEB-SERVER-01,False
ALT-CSE-01-01488,CSE-01,LOW,2024-11-21T21:42:20,2024-11-21T21:51:52.924971,2024-11-21T23:59:43.038355,CLOSED,,ENDPOINT-01,False
ALT-CSE-01-01489,CSE-01,CRITICAL,2024-10-12T06:10:04,2024-10-12T06:20:58.943636,2024-10-12T07:19:00.755438,CLOSED,CAS-CSE-01-0312,FIREWALL-01,False
ALT-CSE-01-01490,CSE-01,LOW,2024-12-04T07:28:57,2024-12-04T07:40:00.187671,2024-12-04T08:50:38.553494,CLOSED,,ENDPOINT-01,False
ALT-CSE-01-01491,CSE-01,LOW,2024-10-19T12:29:35,2024-10-19T12:38:29.084549,2024-10-19T15:00:51.575034,CLOSED,,DB-SERVER-01,False
ALT-CSE-01-01492,CSE-01,CRITICAL,2024-12-12T07:47:53,2024-12-12T07:57:38.805763,2024-12-12T08:34:17.520357,CLOSED,,ENDPOINT-01,False
ALT-CSE-01-01493,CSE-01,MEDIUM,2024-10-08T04:02:51,2024-10-08T04:04:44.599033,2024-10-08T06:35:44.344021,CLOSED,,FIREWALL-01,False
ALT-CSE-01-01494,CSE-01,CRITICAL,2024-10-13T05:08:53,2024-10-13T05:21:55.721865,2024-10-13T05:51:30.408219,CLOSED,CAS-CSE-01-0313,DB-SERVER-01,False
ALT-CSE-01-01495,CSE-01,HIGH,2024-11-09T05:05:44,2024-11-09T05:08:17.876719,2024-11-09T08:17:27.935035,CLOSED,,DB-SERVER-01,False
ALT-CSE-01-01496,CSE-01,MEDIUM,2024-10-10T04:26:14,2024-10-10T04:29:36.900690,2024-10-10T06:09:43.023903,CLOSED,,DB-SERVER-01,False
ALT-CSE-01-01497,CSE-01,MEDIUM,2024-11-09T04:44:41,2024-11-09T04:49:07.472014,2024-11-09T07:06:41.221021,CLOSED,,ROUTER-01,False
ALT-CSE-01-01498,CSE-01,HIGH,2024-11-04T21:50:00,2024-11-04T21:52:51.349303,2024-11-04T23:03:11.562320,CLOSED,,FIREWALL-01,False
ALT-CSE-01-01499,CSE-01,MEDIUM,2024-10-31T05:16:26,2024-10-31T05:28:33.075147,2024-10-31T07:09:47.752930,CLOSED,CAS-CSE-01-0314,FIREWALL-01,False
ALT-CSE-01-01500,CSE-01,HIGH,2024-10-23T16:09:48,2024-10-23T16:21:16.650915,2024-10-23T17:54:10.338472,CLOSED,,WEB-SERVER-01,False
ALT-CSE-01-01501,CSE-01,MEDIUM,2024-11-08T22:37:11,2024-11-08T22:44:04.297222,2024-11-09T00:04:43.101372,CLOSED,,WEB-SERVER-01,False
ALT-CSE-01-01502,CSE-01,CRITICAL,2024-11-11T01:05:53,2024-11-11T01:15:24.146697,2024-11-11T01:31:48.265293,CLOSED,,ENDPOINT-01,False
ALT-CSE-01-01503,CSE-01,CRITICAL,2024-12-28T11:49:22,2024-12-28T11:53:04.698211,2024-12-28T12:19:45.155866,CLOSED,CAS-CSE-01-0315,ENDPOINT-01,False
ALT-CSE-01-01504,CSE-01,HIGH,2024-12-10T23:46:20,2024-12-10T23:48:28.558206,2024-12-11T01:58:45.952226,CLOSED,,ENDPOINT-01,False
ALT-CSE-01-01505,CSE-01,LOW,2024-11-10T14:44:44,2024-11-10T14:45:56.259074,2024-11-10T17:00:32.362753,CLOSED,,DB-SERVER-01,False
ALT-CSE-01-01506,CSE-01,LOW,2024-12-02T10:25:12,2024-12-02T10:31:38.759462,2024-12-02T13:19:39.391359,CLOSED,,FIREWALL-01,False
ALT-CSE-01-01507,CSE-01,LOW,2024-11-15T19:42:46,2024-11-15T19:48:08.201099,2024-11-15T21:22:47.033396,CLOSED,,DB-SERVER-01,False
ALT-CSE-01-01508,CSE-01,HIGH,2024-10-17T22:57:16,2024-10-17T22:59:51.573177,2024-10-18T00:28:40.421258,CLOSED,,DB-SERVER-01,False
ALT-CSE-01-01509,CSE-01,HIGH,2024-12-12T00:06:48,2024-12-12T00:15:32.906266,2024-12-12T01:27:08.071768,CLOSED,,ROUTER-01,False
ALT-CSE-01-01510,CSE-01,HIGH,2024-11-07T09:40:57,2024-11-07T09:49:20.095363,2024-11-07T10:53:04.921206,CLOSED,,FIREWALL-01,False
ALT-CSE-01-01511,CSE-01,HIGH,2024-11-21T09:15:04,2024-11-21T09:20:59.294493,2024-11-21T10:30:26.526383,CLOSED,,ROUTER-01,False
ALT-CSE-01-01512,CSE-01,MEDIUM,2024-11-07T10:23:52,2024-11-07T10:26:16.095182,2024-11-07T12:04:53.635983,CLOSED,,ENDPOINT-01,False
ALT-CSE-01-01513,CSE-01,LOW,2024-12-06T13:58:34,2024-12-06T14:05:24.884286,2024-12-06T16:28:32.231005,CLOSED,,ENDPOINT-01,False
ALT-CSE-01-01514,CSE-01,MEDIUM,2024-12-14T05:50:44,2024-12-14T06:04:34.207732,2024-12-14T08:59:48.969050,CLOSED,,WEB-SERVER-01,False
ALT-CSE-01-01515,CSE-01,MEDIUM,2024-10-11T19:14:44,2024-10-11T19:17:58.479873,2024-10-11T20:15:14.134261,CLOSED,,FIREWALL-01,False
ALT-CSE-01-01516,CSE-01,CRITICAL,2024-11-02T16:49:23,2024-11-02T16:58:39.566233,2024-11-02T17:30:25.709807,CLOSED,CAS-CSE-01-0316,FIREWALL-01,False
ALT-CSE-01-01517,CSE-01,HIGH,2024-11-19T20:48:55,2024-11-19T20:52:58.345419,2024-11-19T22:51:06.377721,CLOSED,,ENDPOINT-01,False
ALT-CSE-01-01518,CSE-01,LOW,2024-12-22T22:52:40,2024-12-22T23:05:59.104862,2024-12-23T00:27:47.147019,CLOSED,CAS-CSE-01-0317,ROUTER-01,False
ALT-CSE-01-01519,CSE-01,MEDIUM,2024-10-07T15:15:47,2024-10-07T15:26:47.009699,2024-10-07T16:26:49.706739,CLOSED,,ROUTER-01,False
ALT-CSE-01-01520,CSE-01,HIGH,2024-12-08T00:19:05,2024-12-08T00:32:55.378078,2024-12-08T03:19:56.840763,CLOSED,,DB-SERVER-01,False
ALT-CSE-01-01521,CSE-01,HIGH,2024-11-27T00:33:25,2024-11-27T00:41:42.810779,2024-11-27T02:18:27.138047,CLOSED,,FIREWALL-01,False
ALT-CSE-01-01522,CSE-01,HIGH,2024-12-23T09:35:09,2024-12-23T09:36:32.910836,2024-12-23T11:55:35.831237,CLOSED,,DB-SERVER-01,False
ALT-CSE-01-01523,CSE-01,CRITICAL,2024-10-02T18:51:38,2024-10-02T19:01:37.860602,2024-10-02T19:46:54.121756,CLOSED,CAS-CSE-01-0318,ROUTER-01,False
ALT-CSE-01-01524,CSE-01,LOW,2024-11-27T13:47:02,2024-11-27T14:02:01.325266,2024-11-27T15:28:30.468159,CLOSED,,ENDPOINT-01,False
ALT-CSE-01-01525,CSE-01,HIGH,2024-12-24T22:47:17,2024-12-24T22:53:27.229605,2024-12-24T23:50:52.054985,CLOSED,,FIREWALL-01,False
ALT-CSE-01-01526,CSE-01,HIGH,2024-12-09T00:56:58,2024-12-09T01:07:02.872027,2024-12-09T03:50:56.889730,CLOSED,,FIREWALL-01,False
ALT-CSE-01-01527,CSE-01,HIGH,2024-10-10T23:34:03,2024-10-10T23:35:41.783162,2024-10-11T01:41:21.208322,CLOSED,CAS-CSE-01-0319,DB-SERVER-01,False
ALT-CSE-01-01528,CSE-01,HIGH,2024-10-28T16:41:46,2024-10-28T16:54:04.764605,2024-10-28T17:35:57.700942,CLOSED,,ENDPOINT-01,False
ALT-CSE-01-01529,CSE-01,LOW,2024-11-13T08:22:04,2024-11-13T08:25:38.079372,2024-11-13T10:28:23.903193,CLOSED,,WEB-SERVER-01,False
ALT-CSE-01-01530,CSE-01,LOW,2024-10-03T16:25:18,2024-10-03T16:31:02.340489,2024-10-03T18:05:02.560870,CLOSED,,ROUTER-01,False
ALT-CSE-01-01531,CSE-01,LOW,2024-12-25T15:29:37,2024-12-25T15:31:33.550815,2024-12-25T18:25:07.577279,CLOSED,,FIREWALL-01,False
ALT-CSE-01-01532,CSE-01,LOW,2024-11-22T08:44:06,2024-11-22T08:48:20.337484,2024-11-22T11:21:48.287590,CLOSED,,ENDPOINT-01,False
ALT-CSE-01-01533,CSE-01,HIGH,2024-11-10T00:00:15,2024-11-10T00:02:08.239807,2024-11-10T02:11:24.729020,CLOSED,,DB-SERVER-01,False
ALT-CSE-01-01534,CSE-01,MEDIUM,2024-12-19T02:48:00,2024-12-19T02:49:34.166415,2024-12-19T05:11:06.619398,CLOSED,,ROUTER-01,False
ALT-CSE-01-01535,CSE-01,HIGH,2024-12-17T14:59:27,2024-12-17T15:08:27.905927,2024-12-17T17:16:12.676524,CLOSED,,DB-SERVER-01,False
ALT-CSE-01-01536,CSE-01,HIGH,2024-10-24T04:12:07,2024-10-24T04:13:45.581161,2024-10-24T07:14:49.794084,CLOSED,,DB-SERVER-01,False
ALT-CSE-01-01537,CSE-01,LOW,2024-12-26T01:14:32,2024-12-26T01:20:08.845633,2024-12-26T02:51:41.319050,CLOSED,,DB-SERVER-01,False
ALT-CSE-01-01538,CSE-01,MEDIUM,2024-10-01T09:50:16,2024-10-01T09:56:35.544207,2024-10-01T11:02:29.312777,CLOSED,CAS-CSE-01-0320,ROUTER-01,False
ALT-CSE-01-01539,CSE-01,MEDIUM,2024-10-07T12:32:18,2024-10-07T12:39:53.659831,2024-10-07T14:47:30.245568,CLOSED,,ROUTER-01,False
ALT-CSE-01-01540,CSE-01,HIGH,2024-10-06T18:36:43,2024-10-06T18:44:02.138733,2024-10-06T20:35:48.565710,CLOSED,,DB-SERVER-01,False
ALT-CSE-01-01541,CSE-01,MEDIUM,2024-10-28T11:49:14,2024-10-28T11:55:03.229767,2024-10-28T13:06:37.806007,CLOSED,,DB-SERVER-01,False
ALT-CSE-01-01542,CSE-01,MEDIUM,2024-11-25T16:20:49,2024-11-25T16:26:56.519238,2024-11-25T19:24:23.978955,CLOSED,CAS-CSE-01-0321,DB-SERVER-01,False
ALT-CSE-01-01543,CSE-01,LOW,2024-12-04T05:17:32,2024-12-04T05:31:07.757961,2024-12-04T08:17:19.800389,CLOSED,,WEB-SERVER-01,False
ALT-CSE-01-01544,CSE-01,MEDIUM,2024-10-23T04:37:27,2024-10-23T04:42:35.709660,2024-10-23T06:44:39.813809,CLOSED,,DB-SERVER-01,False
ALT-CSE-01-01545,CSE-01,MEDIUM,2024-12-28T16:23:56,2024-12-28T16:33:05.672839,2024-12-28T18:29:36.072633,CLOSED,,WEB-SERVER-01,False
ALT-CSE-01-01546,CSE-01,LOW,2024-10-13T17:57:00,2024-10-13T18:04:10.170279,2024-10-13T19:36:06.420807,CLOSED,,DB-SERVER-01,False
ALT-CSE-01-01547,CSE-01,MEDIUM,2024-11-05T17:49:01,2024-11-05T17:51:54.124605,2024-11-05T19:38:40.194957,CLOSED,,WEB-SERVER-01,False
ALT-CSE-01-01548,CSE-01,CRITICAL,2024-12-08T23:54:18,2024-12-08T23:57:50.591785,2024-12-09T01:01:57.812171,CLOSED,CAS-CSE-01-0322,FIREWALL-01,False
ALT-CSE-01-01549,CSE-01,MEDIUM,2024-12-05T21:57:01,2024-12-05T22:04:52.717626,2024-12-05T22:45:19.501019,CLOSED,,DB-SERVER-01,False
ALT-CSE-01-01550,CSE-01,CRITICAL,2024-12-25T11:22:31,2024-12-25T11:29:57.527016,2024-12-25T12:21:26.676611,CLOSED,CAS-CSE-01-0323,FIREWALL-01,False
ALT-CSE-01-01551,CSE-01,HIGH,2024-11-16T09:05:33,2024-11-16T09:19:55.111078,2024-11-16T12:00:18.672620,CLOSED,,DB-SERVER-01,False
ALT-CSE-01-01552,CSE-01,HIGH,2024-11-14T04:12:43,2024-11-14T04:22:45.133892,2024-11-14T05:50:10.596115,CLOSED,CAS-CSE-01-0324,DB-SERVER-01,False
ALT-CSE-01-01553,CSE-01,CRITICAL,2024-10-11T01:14:10,2024-10-11T01:26:49.704852,2024-10-11T01:49:09.150483,CLOSED,CAS-CSE-01-0325,FIREWALL-01,False
ALT-CSE-01-01554,CSE-01,LOW,2024-10-06T13:18:23,2024-10-06T13:25:24.678212,2024-10-06T15:10:56.585441,CLOSED,,DB-SERVER-01,False
ALT-CSE-01-01555,CSE-01,CRITICAL,2024-12-17T12:48:42,2024-12-17T12:55:49.705629,2024-12-17T13:35:12.586895,CLOSED,CAS-CSE-01-0326,WEB-SERVER-01,False
ALT-CSE-01-01556,CSE-01,CRITICAL,2024-10-25T16:31:03,2024-10-25T16:39:59.472981,2024-10-25T17:11:56.408353,CLOSED,CAS-CSE-01-0327,ENDPOINT-01,False
ALT-CSE-01-01557,CSE-01,LOW,2024-10-10T20:37:49,2024-10-10T20:45:10.191994,2024-10-11T00:03:46.387267,CLOSED,,ENDPOINT-01,False
ALT-CSE-01-01558,CSE-01,LOW,2024-11-22T19:58:19,2024-11-22T19:59:41.273309,2024-11-22T22:54:43.491530,CLOSED,,FIREWALL-01,False
ALT-CSE-01-01559,CSE-01,HIGH,2024-12-22T08:54:23,2024-12-22T09:08:02.951474,2024-12-22T11:01:37.935139,CLOSED,,FIREWALL-01,False
ALT-CSE-01-01560,CSE-01,HIGH,2024-10-05T22:35:29,2024-10-05T22:42:03.783240,2024-10-06T00:11:13.174302,CLOSED,,DB-SERVER-01,False
ALT-CSE-01-01561,CSE-01,HIGH,2024-12-18T01:24:05,2024-12-18T01:37:13.132563,2024-12-18T02:23:27.978487,CLOSED,,WEB-SERVER-01,False
ALT-CSE-01-01562,CSE-01,MEDIUM,2024-10-01T01:54:21,2024-10-01T02:05:33.134130,2024-10-01T03:41:11.558680,CLOSED,CAS-CSE-01-0328,FIREWALL-01,False
ALT-CSE-01-01563,CSE-01,MEDIUM,2024-12-06T07:07:30,2024-12-06T07:12:08.927589,2024-12-06T08:21:40.551044,CLOSED,,WEB-SERVER-01,False
ALT-CSE-01-01564,CSE-01,HIGH,2024-10-15T03:19:12,2024-10-15T03:27:34.965034,2024-10-15T05:45:27.045620,CLOSED,,ENDPOINT-01,False
ALT-CSE-01-01565,CSE-01,MEDIUM,2024-11-22T00:18:19,2024-11-22T00:25:39.842824,2024-11-22T01:47:29.693603,CLOSED,CAS-CSE-01-0329,ENDPOINT-01,False
ALT-CSE-01-01566,CSE-01,MEDIUM,2024-11-03T18:08:12,2024-11-03T18:14:16.662623,2024-11-03T19:16:40.346085,CLOSED,,DB-SERVER-01,False
ALT-CSE-01-01567,CSE-01,LOW,2024-10-06T10:39:16,2024-10-06T10:46:15.122717,2024-10-06T13:01:43.455818,CLOSED,,WEB-SERVER-01,False
ALT-CSE-01-01568,CSE-01,MEDIUM,2024-11-08T14:05:29,2024-11-08T14:10:45.859029,2024-11-08T16:43:38.048646,CLOSED,,ENDPOINT-01,False
ALT-CSE-01-01569,CSE-01,HIGH,2024-12-11T03:37:52,2024-12-11T03:45:04.217108,2024-12-11T05:13:15.944093,CLOSED,,ENDPOINT-01,False
ALT-CSE-01-01570,CSE-01,HIGH,2024-11-16T17:46:00,2024-11-16T17:47:27.684104,2024-11-16T21:30:55.587596,CLOSED,,WEB-SERVER-01,False
ALT-CSE-01-01571,CSE-01,MEDIUM,2024-11-18T11:18:31,2024-11-18T11:24:53.897558,2024-11-18T13:31:57.527522,CLOSED,,FIREWALL-01,False
ALT-CSE-01-01572,CSE-01,MEDIUM,2024-10-22T06:42:45,2024-10-22T06:48:48.578872,2024-10-22T08:37:44.105106,CLOSED,,FIREWALL-01,False
ALT-CSE-01-01573,CSE-01,LOW,2024-10-05T15:14:06,2024-10-05T15:15:15.545264,2024-10-05T17:07:02.844170,CLOSED,,DB-SERVER-01,False
ALT-CSE-01-01574,CSE-01,MEDIUM,2024-10-10T11:51:49,2024-10-10T12:04:47.718618,2024-10-10T14:35:41.041872,CLOSED,,ENDPOINT-01,False
ALT-CSE-01-01575,CSE-01,MEDIUM,2024-12-19T08:31:38,2024-12-19T08:43:15.830332,2024-12-19T09:43:08.711819,CLOSED,,FIREWALL-01,False
ALT-CSE-01-01576,CSE-01,MEDIUM,2024-12-13T03:45:00,2024-12-13T03:54:28.942716,2024-12-13T04:53:50.475246,CLOSED,,ROUTER-01,False
ALT-CSE-01-01577,CSE-01,HIGH,2024-12-16T09:26:17,2024-12-16T09:39:14.214512,2024-12-16T11:09:46.135837,CLOSED,CAS-CSE-01-0330,ROUTER-01,False
ALT-CSE-01-01578,CSE-01,HIGH,2024-10-31T04:39:16,2024-10-31T04:41:38.644254,2024-10-31T07:16:23.109883,CLOSED,,WEB-SERVER-01,False
ALT-CSE-01-01579,CSE-01,MEDIUM,2024-10-23T06:19:17,2024-10-23T06:30:20.988759,2024-10-23T07:40:02.025610,CLOSED,,WEB-SERVER-01,False
ALT-CSE-01-01580,CSE-01,HIGH,2024-11-04T16:54:07,2024-11-04T17:00:11.095614,2024-11-04T18:55:49.789422,CLOSED,,WEB-SERVER-01,False
ALT-CSE-01-01581,CSE-01,MEDIUM,2024-10-10T15:30:38,2024-10-10T15:33:00.071741,2024-10-10T17:30:03.616359,CLOSED,,ROUTER-01,False
ALT-CSE-01-01582,CSE-01,MEDIUM,2024-10-14T03:23:59,2024-10-14T03:30:25.440548,2024-10-14T06:08:03.991270,CLOSED,,WEB-SERVER-01,False
ALT-CSE-01-01583,CSE-01,CRITICAL,2024-12-22T08:39:35,2024-12-22T08:49:03.488680,2024-12-22T09:30:57.445899,CLOSED,CAS-CSE-01-0331,DB-SERVER-01,False
ALT-CSE-01-01584,CSE-01,HIGH,2024-11-12T22:54:48,2024-11-12T23:07:28.034414,2024-11-13T00:22:27.786999,CLOSED,,ROUTER-01,False
ALT-CSE-01-01585,CSE-01,HIGH,2024-10-24T10:55:05,2024-10-24T11:04:02.528224,2024-10-24T11:25:03.752299,CLOSED,,ENDPOINT-01,False
ALT-CSE-01-01586,CSE-01,CRITICAL,2024-11-06T23:54:31,2024-11-06T23:58:19.791118,2024-11-07T00:37:36.133797,CLOSED,CAS-CSE-01-0332,ROUTER-01,False
ALT-CSE-01-01587,CSE-01,MEDIUM,2024-12-27T04:14:21,2024-12-27T04:23:11.202399,2024-12-27T04:53:22.289737,CLOSED,,ROUTER-01,False
ALT-CSE-01-01588,CSE-01,LOW,2024-10-28T01:15:52,2024-10-28T01:26:20.975569,2024-10-28T02:36:00.364224,CLOSED,,FIREWALL-01,False
ALT-CSE-01-01589,CSE-01,LOW,2024-10-17T14:21:29,2024-10-17T14:25:42.236559,2024-10-17T16:52:57.824266,CLOSED,,FIREWALL-01,False
ALT-CSE-01-01590,CSE-01,LOW,2024-11-23T07:25:15,2024-11-23T07:26:36.983638,2024-11-23T09:20:41.702706,CLOSED,,WEB-SERVER-01,False
ALT-CSE-01-01591,CSE-01,MEDIUM,2024-11-08T04:44:37,2024-11-08T04:46:34.390619,2024-11-08T05:55:49.667306,CLOSED,,ROUTER-01,False
ALT-CSE-01-01592,CSE-01,LOW,2024-10-17T04:31:49,2024-10-17T04:40:22.479114,2024-10-17T06:46:23.431587,CLOSED,CAS-CSE-01-0333,FIREWALL-01,False
ALT-CSE-01-01593,CSE-01,HIGH,2024-11-13T01:37:31,2024-11-13T01:49:04.837438,2024-11-13T02:55:09.719979,CLOSED,,FIREWALL-01,False
ALT-CSE-01-01594,CSE-01,MEDIUM,2024-10-11T20:15:38,2024-10-11T20:17:04.331226,2024-10-11T21:43:41.407401,CLOSED,,DB-SERVER-01,False
ALT-CSE-01-01595,CSE-01,CRITICAL,2024-10-13T07:41:04,2024-10-13T07:48:50.065788,2024-10-13T08:20:30.436611,CLOSED,,FIREWALL-01,False
ALT-CSE-01-01596,CSE-01,LOW,2024-10-11T13:40:09,2024-10-11T13:45:01.718567,2024-10-11T15:26:59.709370,CLOSED,,DB-SERVER-01,False
ALT-CSE-01-01597,CSE-01,LOW,2024-11-07T15:00:43,2024-11-07T15:03:02.509236,2024-11-07T17:33:17.919245,CLOSED,,ENDPOINT-01,False
ALT-CSE-01-01598,CSE-01,LOW,2024-10-18T20:04:45,2024-10-18T20:06:30.857084,2024-10-18T22:25:40.283976,CLOSED,,WEB-SERVER-01,False
ALT-CSE-01-01599,CSE-01,LOW,2024-10-20T19:03:59,2024-10-20T19:18:02.558415,2024-10-20T19:55:09.004155,CLOSED,CAS-CSE-01-0334,DB-SERVER-01,False
ALT-CSE-01-01600,CSE-01,MEDIUM,2024-10-13T10:20:07,2024-10-13T10:28:25.194302,2024-10-13T11:46:22.390500,CLOSED,,ENDPOINT-01,False
ALT-CSE-01-01601,CSE-01,LOW,2024-10-26T02:07:18,2024-10-26T02:10:59.035435,2024-10-26T04:21:20.943430,CLOSED,,FIREWALL-01,False
ALT-CSE-01-01602,CSE-01,HIGH,2024-10-28T08:13:05,2024-10-28T08:22:42.031779,2024-10-28T10:30:05.801861,CLOSED,,DB-SERVER-01,False
ALT-CSE-01-01603,CSE-01,CRITICAL,2024-11-07T20:06:53,2024-11-07T20:18:01.445987,2024-11-07T20:48:17.527737,CLOSED,CAS-CSE-01-0335,FIREWALL-01,False
ALT-CSE-01-01604,CSE-01,CRITICAL,2024-12-10T19:06:30,2024-12-10T19:10:56.640427,2024-12-10T19:44:14.500955,CLOSED,CAS-CSE-01-0336,DB-SERVER-01,False
ALT-CSE-01-01605,CSE-01,MEDIUM,2024-11-25T20:29:40,2024-11-25T20:33:03.919709,2024-11-25T21:46:28.721974,CLOSED,,DB-SERVER-01,False
ALT-CSE-01-01606,CSE-01,CRITICAL,2024-10-23T04:24:34,2024-10-23T04:39:14.264241,2024-10-23T05:19:28.144485,CLOSED,,FIREWALL-01,False
ALT-CSE-01-01607,CSE-01,HIGH,2024-12-27T04:19:10,2024-12-27T04:31:32.405241,2024-12-27T06:54:42.642355,CLOSED,,FIREWALL-01,False
ALT-CSE-01-01608,CSE-01,MEDIUM,2024-10-19T06:14:15,2024-10-19T06:20:34.884716,2024-10-19T08:32:38.351360,CLOSED,,FIREWALL-01,False
ALT-CSE-01-01609,CSE-01,CRITICAL,2024-12-29T06:32:24,2024-12-29T06:34:05.941050,2024-12-29T07:19:45.798092,CLOSED,,DB-SERVER-01,False
ALT-CSE-01-01610,CSE-01,CRITICAL,2024-12-13T23:21:20,2024-12-13T23:32:23.341999,2024-12-14T00:33:59.913612,CLOSED,CAS-CSE-01-0337,DB-SERVER-01,False
ALT-CSE-01-01611,CSE-01,LOW,2024-10-21T08:56:48,2024-10-21T08:59:17.571240,2024-10-21T11:22:58.637539,CLOSED,,DB-SERVER-01,False
ALT-CSE-01-01612,CSE-01,MEDIUM,2024-11-10T13:01:15,2024-11-10T13:04:23.566477,2024-11-10T14:42:20.518927,CLOSED,,ROUTER-01,False
ALT-CSE-01-01613,CSE-01,LOW,2024-10-27T02:36:56,2024-10-27T02:42:49.673453,2024-10-27T04:12:01.901738,CLOSED,,ENDPOINT-01,False
ALT-CSE-01-01614,CSE-01,LOW,2024-11-29T11:23:14,2024-11-29T11:30:54.130447,2024-11-29T13:53:10.432236,CLOSED,,ROUTER-01,False
ALT-CSE-01-01615,CSE-01,CRITICAL,2024-12-08T08:07:09,2024-12-08T08:09:44.429547,2024-12-08T09:01:34.153945,CLOSED,CAS-CSE-01-0338,DB-SERVER-01,False
ALT-CSE-01-01616,CSE-01,LOW,2024-12-18T05:23:24,2024-12-18T05:32:45.466710,2024-12-18T06:54:48.559090,CLOSED,,WEB-SERVER-01,False
ALT-CSE-01-01617,CSE-01,HIGH,2024-10-16T05:27:38,2024-10-16T05:30:04.254602,2024-10-16T07:23:07.800841,CLOSED,,ROUTER-01,False
ALT-CSE-01-01618,CSE-01,HIGH,2024-11-01T09:23:24,2024-11-01T09:27:43.485808,2024-11-01T12:21:34.263430,CLOSED,,WEB-SERVER-01,False
ALT-CSE-01-01619,CSE-01,CRITICAL,2024-10-08T10:50:26,2024-10-08T10:57:29.190614,2024-10-08T11:25:57.323798,CLOSED,CAS-CSE-01-0339,ROUTER-01,False
ALT-CSE-01-01620,CSE-01,MEDIUM,2024-11-08T03:47:28,2024-11-08T04:01:44.883278,2024-11-08T05:57:53.327929,CLOSED,,DB-SERVER-01,False
ALT-CSE-01-01621,CSE-01,HIGH,2024-10-28T19:01:05,2024-10-28T19:06:14.866992,2024-10-28T20:48:15.985847,CLOSED,,FIREWALL-01,False
ALT-CSE-01-01622,CSE-01,HIGH,2024-10-12T15:22:51,2024-10-12T15:26:03.067217,2024-10-12T17:06:29.498629,CLOSED,CAS-CSE-01-0340,DB-SERVER-01,False
ALT-CSE-01-01623,CSE-01,MEDIUM,2024-11-17T02:40:07,2024-11-17T02:49:06.275959,2024-11-17T06:05:49.979354,CLOSED,CAS-CSE-01-0341,FIREWALL-01,False
ALT-CSE-01-01624,CSE-01,MEDIUM,2024-10-15T16:53:33,2024-10-15T16:56:59.609786,2024-10-15T19:21:16.463096,CLOSED,,ROUTER-01,False
ALT-CSE-01-01625,CSE-01,HIGH,2024-12-07T01:41:46,2024-12-07T01:56:11.192969,2024-12-07T04:23:29.403612,CLOSED,,DB-SERVER-01,False
ALT-CSE-01-01626,CSE-01,MEDIUM,2024-10-15T07:46:48,2024-10-15T07:51:41.487469,2024-10-15T09:04:39.786874,CLOSED,,DB-SERVER-01,False
ALT-CSE-01-01627,CSE-01,HIGH,2024-10-31T19:43:57,2024-10-31T19:51:56.611791,2024-10-31T21:05:01.317734,CLOSED,,DB-SERVER-01,False
ALT-CSE-01-01628,CSE-01,MEDIUM,2024-11-26T20:35:10,2024-11-26T20:46:37.907593,2024-11-26T22:21:16.866692,CLOSED,,DB-SERVER-01,False
ALT-CSE-01-01629,CSE-01,HIGH,2024-11-26T15:15:49,2024-11-26T15:19:35.439735,2024-11-26T18:13:13.408896,CLOSED,,DB-SERVER-01,False
ALT-CSE-01-01630,CSE-01,LOW,2024-12-05T13:48:25,2024-12-05T13:54:04.033567,2024-12-05T16:49:46.826065,CLOSED,CAS-CSE-01-0342,WEB-SERVER-01,False
ALT-CSE-01-01631,CSE-01,MEDIUM,2024-11-22T22:21:50,2024-11-22T22:23:51.498026,2024-11-22T23:32:48.776353,CLOSED,,WEB-SERVER-01,False
ALT-CSE-01-01632,CSE-01,HIGH,2024-11-07T07:35:39,2024-11-07T07:41:57.197240,2024-11-07T08:27:25.235114,CLOSED,,ROUTER-01,False
ALT-CSE-01-01633,CSE-01,LOW,2024-10-27T02:25:47,2024-10-27T02:29:32.074167,2024-10-27T03:50:41.840335,CLOSED,CAS-CSE-01-0343,DB-SERVER-01,False
ALT-CSE-01-01634,CSE-01,HIGH,2024-10-13T04:07:50,2024-10-13T04:22:21.213941,2024-10-13T07:15:16.104371,CLOSED,,ROUTER-01,False
ALT-CSE-01-01635,CSE-01,MEDIUM,2024-12-20T12:55:36,2024-12-20T13:04:16.619061,2024-12-20T15:06:02.055598,CLOSED,,WEB-SERVER-01,False
ALT-CSE-01-01636,CSE-01,CRITICAL,2024-11-16T06:38:39,2024-11-16T06:42:29.072415,2024-11-16T07:28:21.677310,CLOSED,CAS-CSE-01-0344,FIREWALL-01,False
ALT-CSE-01-01637,CSE-01,MEDIUM,2024-10-20T21:04:06,2024-10-20T21:11:43.157107,2024-10-20T23:25:15.314012,CLOSED,,ENDPOINT-01,False
ALT-CSE-01-01638,CSE-01,MEDIUM,2024-11-20T12:54:01,2024-11-20T12:58:48.815083,2024-11-20T15:11:35.826852,CLOSED,,FIREWALL-01,False
ALT-CSE-01-01639,CSE-01,LOW,2024-11-29T01:28:42,2024-11-29T01:35:16.534567,2024-11-29T03:08:24.002224,CLOSED,,FIREWALL-01,False
ALT-CSE-01-01640,CSE-01,LOW,2024-12-21T17:56:00,2024-12-21T18:03:55.380113,2024-12-21T20:53:28.084913,CLOSED,,FIREWALL-01,False
ALT-CSE-01-01641,CSE-01,HIGH,2024-11-21T15:17:32,2024-11-21T15:30:19.109594,2024-11-21T16:12:53.813253,CLOSED,CAS-CSE-01-0345,DB-SERVER-01,False
ALT-CSE-01-01642,CSE-01,MEDIUM,2024-11-28T20:27:55,2024-11-28T20:34:27.072303,2024-11-28T23:03:55.240852,CLOSED,,ENDPOINT-01,False
ALT-CSE-01-01643,CSE-01,MEDIUM,2024-11-07T12:38:11,2024-11-07T12:50:14.428597,2024-11-07T13:11:14.619047,CLOSED,CAS-CSE-01-0346,DB-SERVER-01,False
ALT-CSE-01-01644,CSE-01,MEDIUM,2024-10-03T10:16:02,2024-10-03T10:18:33.080060,2024-10-03T12:07:02.584405,CLOSED,CAS-CSE-01-0347,ENDPOINT-01,False
ALT-CSE-01-01645,CSE-01,MEDIUM,2024-12-02T11:45:33,2024-12-02T11:47:31.206146,2024-12-02T12:58:41.690066,CLOSED,,ROUTER-01,False
ALT-CSE-01-01646,CSE-01,CRITICAL,2024-11-11T11:13:52,2024-11-11T11:23:32.909126,2024-11-11T12:06:31.921022,CLOSED,CAS-CSE-01-0348,ROUTER-01,False
ALT-CSE-01-01647,CSE-01,HIGH,2024-12-16T17:49:11,2024-12-16T18:00:15.679653,2024-12-16T18:46:26.866892,CLOSED,,ENDPOINT-01,False
ALT-CSE-01-01648,CSE-01,CRITICAL,2024-11-17T14:02:45,2024-11-17T14:08:12.415251,2024-11-17T14:41:20.081140,CLOSED,CAS-CSE-01-0349,WEB-SERVER-01,False
ALT-CSE-01-01649,CSE-01,HIGH,2024-11-04T08:40:30,2024-11-04T08:50:05.493381,2024-11-04T10:31:59.191560,CLOSED,,FIREWALL-01,False
ALT-CSE-01-01650,CSE-01,HIGH,2024-10-29T10:05:31,2024-10-29T10:15:00.866567,2024-10-29T11:04:39.910969,CLOSED,,ENDPOINT-01,False
ALT-CSE-01-01651,CSE-01,HIGH,2024-11-05T07:25:30,2024-11-05T07:38:25.952651,2024-11-05T09:02:06.772672,CLOSED,,FIREWALL-01,False
ALT-CSE-01-01652,CSE-01,MEDIUM,2024-10-20T03:10:44,2024-10-20T03:24:59.637829,2024-10-20T05:15:32.987183,CLOSED,,ROUTER-01,False
ALT-CSE-01-01653,CSE-01,MEDIUM,2024-10-13T12:14:41,2024-10-13T12:25:28.571923,2024-10-13T15:02:30.642696,CLOSED,,ROUTER-01,False
ALT-CSE-01-01654,CSE-01,CRITICAL,2024-12-19T09:06:35,2024-12-19T09:08:21.374386,2024-12-19T09:43:43.037255,CLOSED,CAS-CSE-01-0350,FIREWALL-01,False
ALT-CSE-01-01655,CSE-01,MEDIUM,2024-12-03T13:39:33,2024-12-03T13:41:12.718861,2024-12-03T16:17:49.831208,CLOSED,,ENDPOINT-01,False
ALT-CSE-01-01656,CSE-01,HIGH,2024-12-25T23:13:42,2024-12-25T23:15:31.953095,2024-12-26T00:49:53.732067,CLOSED,,FIREWALL-01,False
ALT-CSE-01-01657,CSE-01,CRITICAL,2024-10-17T08:21:48,2024-10-17T08:24:27.328364,2024-10-17T09:19:24.481015,CLOSED,CAS-CSE-01-0351,ENDPOINT-01,False
ALT-CSE-01-01658,CSE-01,HIGH,2024-11-18T15:20:01,2024-11-18T15:27:04.859991,2024-11-18T17:30:01.414998,CLOSED,,WEB-SERVER-01,False
ALT-CSE-01-01659,CSE-01,LOW,2024-12-15T03:57:36,2024-12-15T04:11:13.161359,2024-12-15T06:48:35.530911,CLOSED,,WEB-SERVER-01,False
ALT-CSE-01-01660,CSE-01,LOW,2024-12-03T22:58:43,2024-12-03T23:03:01.696235,2024-12-04T01:09:37.611426,CLOSED,CAS-CSE-01-0352,FIREWALL-01,False
ALT-CSE-01-01661,CSE-01,CRITICAL,2024-11-25T12:35:11,2024-11-25T12:42:44.980123,2024-11-25T13:18:36.281883,CLOSED,CAS-CSE-01-0353,ENDPOINT-01,False
ALT-CSE-01-01662,CSE-01,HIGH,2024-12-24T15:39:47,2024-12-24T15:54:09.561733,2024-12-24T17:26:38.537812,CLOSED,,FIREWALL-01,False
ALT-CSE-01-01663,CSE-01,MEDIUM,2024-11-14T05:23:54,2024-11-14T05:28:25.519414,2024-11-14T06:35:43.923619,CLOSED,,FIREWALL-01,False
ALT-CSE-01-01664,CSE-01,MEDIUM,2024-12-19T04:26:31,2024-12-19T04:28:03.867589,2024-12-19T07:10:59.126497,CLOSED,,ROUTER-01,False
ALT-CSE-01-01665,CSE-01,MEDIUM,2024-10-18T22:48:21,2024-10-18T22:55:17.300298,2024-10-19T00:47:06.294722,CLOSED,,ROUTER-01,False
ALT-CSE-01-01666,CSE-01,MEDIUM,2024-10-08T18:35:22,2024-10-08T18:49:39.930646,2024-10-08T21:06:29.246465,CLOSED,,ROUTER-01,False
ALT-CSE-01-01667,CSE-01,MEDIUM,2024-11-02T20:54:23,2024-11-02T20:55:55.266699,2024-11-02T23:10:56.854257,CLOSED,,ENDPOINT-01,False
ALT-CSE-01-01668,CSE-01,HIGH,2024-12-04T20:34:21,2024-12-04T20:36:12.017959,2024-12-04T23:30:06.593955,CLOSED,,ENDPOINT-01,False
ALT-CSE-01-01669,CSE-01,HIGH,2024-12-06T09:44:00,2024-12-06T09:46:08.508050,2024-12-06T11:27:39.652007,CLOSED,,DB-SERVER-01,False
ALT-CSE-01-01670,CSE-01,HIGH,2024-12-20T00:54:20,2024-12-20T01:06:14.058516,2024-12-20T01:54:26.516347,CLOSED,,FIREWALL-01,False
ALT-CSE-01-01671,CSE-01,CRITICAL,2024-11-30T16:26:38,2024-11-30T16:39:12.840602,2024-11-30T17:02:23.331107,CLOSED,CAS-CSE-01-0354,DB-SERVER-01,False
ALT-CSE-01-01672,CSE-01,HIGH,2024-11-08T05:03:54,2024-11-08T05:05:25.942841,2024-11-08T06:13:47.196073,CLOSED,,FIREWALL-01,False
ALT-CSE-01-01673,CSE-01,HIGH,2024-12-18T01:04:30,2024-12-18T01:08:49.878095,2024-12-18T03:49:08.719311,CLOSED,,FIREWALL-01,False
ALT-CSE-01-01674,CSE-01,HIGH,2024-10-23T06:30:57,2024-10-23T06:41:11.905306,2024-10-23T08:22:40.526286,CLOSED,,ENDPOINT-01,False
ALT-CSE-01-01675,CSE-01,LOW,2024-12-15T16:11:08,2024-12-15T16:16:45.174354,2024-12-15T18:42:53.084183,CLOSED,CAS-CSE-01-0355,WEB-SERVER-01,False
ALT-CSE-01-01676,CSE-01,CRITICAL,2024-12-03T07:23:14,2024-12-03T07:25:02.895820,2024-12-03T08:01:28.887539,CLOSED,CAS-CSE-01-0356,DB-SERVER-01,False
ALT-CSE-01-01677,CSE-01,HIGH,2024-11-05T08:24:14,2024-11-05T08:35:52.180466,2024-11-05T10:04:58.525510,CLOSED,,FIREWALL-01,False
ALT-CSE-01-01678,CSE-01,HIGH,2024-11-15T05:01:53,2024-11-15T05:04:05.033893,2024-11-15T06:06:51.318689,CLOSED,,FIREWALL-01,False
ALT-CSE-01-01679,CSE-01,CRITICAL,2024-10-01T03:25:26,2024-10-01T03:37:12.021913,2024-10-01T04:16:43.050397,CLOSED,CAS-CSE-01-0357,WEB-SERVER-01,False
ALT-CSE-01-01680,CSE-01,CRITICAL,2024-10-14T21:03:32,2024-10-14T21:11:19.134888,2024-10-14T21:52:54.646883,CLOSED,CAS-CSE-01-0358,ENDPOINT-01,False
ALT-CSE-01-01681,CSE-01,MEDIUM,2024-10-26T10:49:18,2024-10-26T10:56:31.135988,2024-10-26T12:46:08.803598,CLOSED,,DB-SERVER-01,False
ALT-CSE-01-01682,CSE-01,CRITICAL,2024-10-05T16:37:32,2024-10-05T16:49:38.572975,2024-10-05T17:05:45.907847,CLOSED,CAS-CSE-01-0359,ROUTER-01,False
ALT-CSE-01-01683,CSE-01,LOW,2024-10-29T03:35:16,2024-10-29T03:50:00.866378,2024-10-29T05:38:03.319425,CLOSED,,FIREWALL-01,False
ALT-CSE-01-01684,CSE-01,MEDIUM,2024-10-25T03:40:26,2024-10-25T03:44:51.255717,2024-10-25T05:25:04.286885,CLOSED,,DB-SERVER-01,False
ALT-CSE-01-01685,CSE-01,HIGH,2024-12-17T19:15:08,2024-12-17T19:29:38.872845,2024-12-17T20:59:43.798933,CLOSED,CAS-CSE-01-0360,DB-SERVER-01,False
ALT-CSE-01-01686,CSE-01,HIGH,2024-12-19T07:19:19,2024-12-19T07:32:41.518473,2024-12-19T09:41:30.500791,CLOSED,,ROUTER-01,False
ALT-CSE-01-01687,CSE-01,LOW,2024-12-27T18:37:56,2024-12-27T18:42:56.964951,2024-12-27T20:21:47.550471,CLOSED,,ROUTER-01,False
ALT-CSE-01-01688,CSE-01,MEDIUM,2024-12-13T04:19:48,2024-12-13T04:32:48.678962,2024-12-13T07:04:48.546387,CLOSED,CAS-CSE-01-0361,DB-SERVER-01,False
ALT-CSE-01-01689,CSE-01,MEDIUM,2024-11-09T12:08:26,2024-11-09T12:11:51.606034,2024-11-09T14:35:09.430892,CLOSED,,WEB-SERVER-01,False
ALT-CSE-01-01690,CSE-01,LOW,2024-11-19T11:06:52,2024-11-19T11:08:08.322302,2024-11-19T13:38:42.474517,CLOSED,,FIREWALL-01,False
ALT-CSE-01-01691,CSE-01,MEDIUM,2024-11-24T20:16:16,2024-11-24T20:22:09.977000,2024-11-24T22:35:43.659249,CLOSED,,DB-SERVER-01,False
ALT-CSE-01-01692,CSE-01,MEDIUM,2024-12-02T21:39:01,2024-12-02T21:47:31.325433,2024-12-03T00:18:00.368374,CLOSED,,WEB-SERVER-01,False
ALT-CSE-01-01693,CSE-01,LOW,2024-11-14T03:36:32,2024-11-14T03:46:43.625329,2024-11-14T06:59:34.685164,CLOSED,CAS-CSE-01-0362,ROUTER-01,False
ALT-CSE-01-01694,CSE-01,CRITICAL,2024-12-13T21:16:23,2024-12-13T21:19:04.943143,2024-12-13T22:27:53.449786,CLOSED,CAS-CSE-01-0363,WEB-SERVER-01,False
ALT-CSE-01-01695,CSE-01,LOW,2024-12-09T07:53:59,2024-12-09T07:58:00.577839,2024-12-09T09:35:50.048834,CLOSED,,ROUTER-01,False
ALT-CSE-01-01696,CSE-01,MEDIUM,2024-11-08T02:36:28,2024-11-08T02:39:36.811967,2024-11-08T03:55:22.462434,CLOSED,,FIREWALL-01,False
ALT-CSE-01-01697,CSE-01,HIGH,2024-12-14T12:50:45,2024-12-14T12:59:02.957620,2024-12-14T14:33:48.982717,CLOSED,,ENDPOINT-01,False
ALT-CSE-01-01698,CSE-01,LOW,2024-11-24T08:16:17,2024-11-24T08:19:43.408719,2024-11-24T10:01:43.983212,CLOSED,,WEB-SERVER-01,False
ALT-CSE-01-01699,CSE-01,MEDIUM,2024-10-01T16:26:23,2024-10-01T16:33:59.459942,2024-10-01T18:23:40.129807,CLOSED,CAS-CSE-01-0364,WEB-SERVER-01,False
ALT-CSE-01-01700,CSE-01,LOW,2024-11-23T04:45:01,2024-11-23T04:46:11.901721,2024-11-23T07:23:33.294777,CLOSED,,ROUTER-01,False
ALT-CSE-01-01701,CSE-01,LOW,2024-10-06T08:29:47,2024-10-06T08:31:35.400195,2024-10-06T10:55:49.889567,CLOSED,,ENDPOINT-01,False
ALT-CSE-01-01702,CSE-01,CRITICAL,2024-11-20T23:25:40,2024-11-20T23:29:02.458495,2024-11-21T00:20:24.079698,CLOSED,CAS-CSE-01-0365,FIREWALL-01,False
ALT-CSE-01-01703,CSE-01,HIGH,2024-10-08T22:26:58,2024-10-08T22:29:47.300562,2024-10-08T23:06:02.629688,CLOSED,,FIREWALL-01,False
ALT-CSE-01-01704,CSE-01,HIGH,2024-12-17T02:10:06,2024-12-17T02:17:23.960422,2024-12-17T04:22:19.135973,CLOSED,,ENDPOINT-01,False
ALT-CSE-01-01705,CSE-01,LOW,2024-10-01T09:26:45,2024-10-01T09:37:22.227961,2024-10-01T11:10:05.079767,CLOSED,,ROUTER-01,False
ALT-CSE-01-01706,CSE-01,LOW,2024-10-14T16:02:31,2024-10-14T16:13:45.957881,2024-10-14T18:27:19.775683,CLOSED,,WEB-SERVER-01,False
ALT-CSE-01-01707,CSE-01,MEDIUM,2024-11-07T03:44:01,2024-11-07T03:57:42.110166,2024-11-07T06:26:56.445922,CLOSED,CAS-CSE-01-0366,ROUTER-01,False
ALT-CSE-01-01708,CSE-01,MEDIUM,2024-10-03T04:58:44,2024-10-03T05:06:57.511276,2024-10-03T07:25:33.991265,CLOSED,,WEB-SERVER-01,False
ALT-CSE-01-01709,CSE-01,HIGH,2024-12-13T15:42:14,2024-12-13T15:55:32.670386,2024-12-13T17:57:10.864629,CLOSED,,WEB-SERVER-01,False
ALT-CSE-01-01710,CSE-01,MEDIUM,2024-10-10T23:41:48,2024-10-10T23:55:41.315177,2024-10-11T01:44:16.524588,CLOSED,,DB-SERVER-01,False
ALT-CSE-01-01711,CSE-01,HIGH,2024-10-19T09:37:16,2024-10-19T09:41:55.025521,2024-10-19T10:57:13.512631,CLOSED,,WEB-SERVER-01,False
ALT-CSE-01-01712,CSE-01,MEDIUM,2024-12-21T15:42:29,2024-12-21T15:44:18.419560,2024-12-21T18:28:05.608687,CLOSED,,ROUTER-01,False
ALT-CSE-01-01713,CSE-01,LOW,2024-12-26T04:09:44,2024-12-26T04:21:16.798613,2024-12-26T06:16:09.381143,CLOSED,,WEB-SERVER-01,False
ALT-CSE-01-01714,CSE-01,MEDIUM,2024-11-09T21:46:30,2024-11-09T21:54:38.901580,2024-11-09T23:19:05.608124,CLOSED,,FIREWALL-01,False
ALT-CSE-01-01715,CSE-01,MEDIUM,2024-10-19T00:07:38,2024-10-19T00:19:37.331058,2024-10-19T02:32:02.841910,CLOSED,,ENDPOINT-01,False
ALT-CSE-01-01716,CSE-01,HIGH,2024-11-30T01:24:48,2024-11-30T01:37:06.258624,2024-11-30T02:57:50.603407,CLOSED,,ENDPOINT-01,False
ALT-CSE-01-01717,CSE-01,CRITICAL,2024-11-22T22:43:28,2024-11-22T22:48:10.105851,2024-11-22T23:28:05.735611,CLOSED,,WEB-SERVER-01,False
ALT-CSE-01-01718,CSE-01,HIGH,2024-10-25T05:42:23,2024-10-25T05:53:58.024530,2024-10-25T06:51:47.612361,CLOSED,,WEB-SERVER-01,False
ALT-CSE-01-01719,CSE-01,CRITICAL,2024-12-17T18:49:15,2024-12-17T18:53:17.370979,2024-12-17T19:20:26.038157,CLOSED,CAS-CSE-01-0367,FIREWALL-01,False
ALT-CSE-01-01720,CSE-01,MEDIUM,2024-11-29T11:01:15,2024-11-29T11:04:05.254869,2024-11-29T12:28:26.937993,CLOSED,,ENDPOINT-01,False
ALT-CSE-01-01721,CSE-01,MEDIUM,2024-11-03T19:38:18,2024-11-03T19:44:09.908335,2024-11-03T21:30:51.921435,CLOSED,,DB-SERVER-01,False
ALT-CSE-01-01722,CSE-01,CRITICAL,2024-12-08T12:01:39,2024-12-08T12:02:46.723325,2024-12-08T12:29:08.762738,CLOSED,CAS-CSE-01-0368,ROUTER-01,False
ALT-CSE-01-01723,CSE-01,HIGH,2024-10-28T21:31:52,2024-10-28T21:41:53.696819,2024-10-28T23:10:09.783500,CLOSED,,FIREWALL-01,False
ALT-CSE-01-01724,CSE-01,MEDIUM,2024-10-17T10:45:15,2024-10-17T10:46:31.684826,2024-10-17T13:02:46.427992,CLOSED,,DB-SERVER-01,False
ALT-CSE-01-01725,CSE-01,HIGH,2024-11-23T11:18:02,2024-11-23T11:27:43.217815,2024-11-23T13:42:27.458764,CLOSED,,ROUTER-01,False
ALT-CSE-01-01726,CSE-01,HIGH,2024-10-20T03:47:27,2024-10-20T03:51:17.682944,2024-10-20T06:21:30.265385,CLOSED,,ROUTER-01,False
ALT-CSE-01-01727,CSE-01,LOW,2024-11-10T07:40:15,2024-11-10T07:42:13.016059,2024-11-10T09:26:11.728517,CLOSED,,ROUTER-01,False
ALT-CSE-01-01728,CSE-01,HIGH,2024-12-20T10:34:08,2024-12-20T10:41:52.656524,2024-12-20T11:00:27.360113,CLOSED,,ENDPOINT-01,False
ALT-CSE-01-01729,CSE-01,CRITICAL,2024-11-04T01:34:13,2024-11-04T01:39:15.404942,2024-11-04T02:22:02.060327,CLOSED,CAS-CSE-01-0369,ENDPOINT-01,False
ALT-CSE-01-01730,CSE-01,MEDIUM,2024-10-13T15:14:47,2024-10-13T15:21:33.006303,2024-10-13T17:36:27.707140,CLOSED,,FIREWALL-01,False
ALT-CSE-01-01731,CSE-01,LOW,2024-11-12T18:37:18,2024-11-12T18:44:58.251349,2024-11-12T19:59:48.407960,CLOSED,CAS-CSE-01-0370,ROUTER-01,False
ALT-CSE-01-01732,CSE-01,CRITICAL,2024-10-17T04:53:31,2024-10-17T04:59:51.267942,2024-10-17T05:40:03.942034,CLOSED,CAS-CSE-01-0371,WEB-SERVER-01,False
ALT-CSE-01-01733,CSE-01,LOW,2024-12-25T19:29:59,2024-12-25T19:44:34.065618,2024-12-25T21:21:11.112342,CLOSED,,FIREWALL-01,False
ALT-CSE-01-01734,CSE-01,CRITICAL,2024-10-23T03:36:24,2024-10-23T03:39:47.215435,2024-10-23T04:35:26.809403,CLOSED,CAS-CSE-01-0372,FIREWALL-01,False
ALT-CSE-01-01735,CSE-01,MEDIUM,2024-12-28T06:15:41,2024-12-28T06:21:52.411713,2024-12-28T08:47:09.481044,CLOSED,,ENDPOINT-01,False
ALT-CSE-01-01736,CSE-01,MEDIUM,2024-10-22T00:01:07,2024-10-22T00:10:27.934881,2024-10-22T02:43:31.902535,CLOSED,,ENDPOINT-01,False
ALT-CSE-01-01737,CSE-01,MEDIUM,2024-10-20T12:17:27,2024-10-20T12:31:48.071200,2024-10-20T14:27:18.807803,CLOSED,,WEB-SERVER-01,False
ALT-CSE-01-01738,CSE-01,HIGH,2024-10-22T16:12:11,2024-10-22T16:13:36.970964,2024-10-22T19:06:16.288108,CLOSED,,ENDPOINT-01,False
ALT-CSE-01-01739,CSE-01,LOW,2024-10-14T11:18:40,2024-10-14T11:33:00.303529,2024-10-14T13:01:04.483234,CLOSED,,WEB-SERVER-01,False
ALT-CSE-01-01740,CSE-01,MEDIUM,2024-12-07T18:43:09,2024-12-07T18:57:25.736919,2024-12-07T19:40:27.887653,CLOSED,,FIREWALL-01,False
ALT-CSE-01-01741,CSE-01,MEDIUM,2024-10-15T06:49:39,2024-10-15T06:53:11.519044,2024-10-15T08:00:51.269211,CLOSED,,DB-SERVER-01,False
ALT-CSE-01-01742,CSE-01,HIGH,2024-11-03T08:25:10,2024-11-03T08:28:40.068055,2024-11-03T11:13:32.651440,CLOSED,,DB-SERVER-01,False
ALT-CSE-01-01743,CSE-01,HIGH,2024-11-11T10:57:16,2024-11-11T11:01:04.168426,2024-11-11T12:55:46.141526,CLOSED,,ENDPOINT-01,False
ALT-CSE-01-01744,CSE-01,MEDIUM,2024-10-31T16:45:46,2024-10-31T16:52:27.342196,2024-10-31T17:45:16.692638,CLOSED,,FIREWALL-01,False
ALT-CSE-01-01745,CSE-01,HIGH,2024-10-17T20:04:16,2024-10-17T20:10:46.910199,2024-10-17T22:28:44.491773,CLOSED,CAS-CSE-01-0373,DB-SERVER-01,False
ALT-CSE-01-01746,CSE-01,MEDIUM,2024-11-11T21:09:55,2024-11-11T21:13:39.981814,2024-11-11T23:20:41.015984,CLOSED,,ROUTER-01,False
ALT-CSE-01-01747,CSE-01,HIGH,2024-10-26T04:05:31,2024-10-26T04:10:35.917281,2024-10-26T05:59:05.130797,CLOSED,,ENDPOINT-01,False
ALT-CSE-01-01748,CSE-01,MEDIUM,2024-11-03T10:39:50,2024-11-03T10:41:06.407814,2024-11-03T12:26:54.780901,CLOSED,,ROUTER-01,False
ALT-CSE-01-01749,CSE-01,HIGH,2024-11-01T17:59:42,2024-11-01T18:02:55.794308,2024-11-01T21:20:42.368784,CLOSED,,FIREWALL-01,False
ALT-CSE-01-01750,CSE-01,HIGH,2024-10-30T14:24:50,2024-10-30T14:31:11.410600,2024-10-30T16:31:12.937900,CLOSED,,DB-SERVER-01,False
ALT-CSE-01-01751,CSE-01,MEDIUM,2024-12-13T18:08:41,2024-12-13T18:21:55.019353,2024-12-13T20:26:30.742458,CLOSED,,ENDPOINT-01,False
ALT-CSE-01-01752,CSE-01,CRITICAL,2024-12-08T13:44:00,2024-12-08T13:45:03.697900,2024-12-08T14:49:27.348896,CLOSED,CAS-CSE-01-0374,ENDPOINT-01,False
ALT-CSE-01-01753,CSE-01,LOW,2024-11-02T20:49:44,2024-11-02T20:52:20.315169,2024-11-02T22:29:46.235925,CLOSED,,WEB-SERVER-01,False
ALT-CSE-01-01754,CSE-01,CRITICAL,2024-11-26T13:36:53,2024-11-26T13:42:37.440178,2024-11-26T14:28:14.792010,CLOSED,CAS-CSE-01-0375,WEB-SERVER-01,False
ALT-CSE-01-01755,CSE-01,MEDIUM,2024-11-23T00:31:33,2024-11-23T00:35:32.281789,2024-11-23T00:35:42.428901,CLOSED,,ROUTER-01,False
ALT-CSE-01-01756,CSE-01,MEDIUM,2024-12-26T11:18:15,2024-12-26T11:20:52.979955,2024-12-26T13:08:14.844436,CLOSED,,FIREWALL-01,False
ALT-CSE-01-01757,CSE-01,LOW,2024-10-17T03:32:40,2024-10-17T03:37:23.226955,2024-10-17T06:19:02.458151,CLOSED,,WEB-SERVER-01,False
ALT-CSE-01-01758,CSE-01,LOW,2024-12-01T11:26:27,2024-12-01T11:39:29.163219,2024-12-01T14:42:31.345113,CLOSED,CAS-CSE-01-0376,DB-SERVER-01,False
ALT-CSE-01-01759,CSE-01,CRITICAL,2024-11-08T11:33:39,2024-11-08T11:42:47.817829,2024-11-08T12:25:23.702585,CLOSED,CAS-CSE-01-0377,FIREWALL-01,False
ALT-CSE-01-01760,CSE-01,HIGH,2024-12-28T20:22:28,2024-12-28T20:30:25.096776,2024-12-28T22:17:26.317731,CLOSED,,WEB-SERVER-01,False
ALT-CSE-01-01761,CSE-01,CRITICAL,2024-11-29T22:20:22,2024-11-29T22:27:04.593726,2024-11-29T23:05:37.643987,CLOSED,,DB-SERVER-01,False
ALT-CSE-01-01762,CSE-01,LOW,2024-12-23T04:07:30,2024-12-23T04:11:22.411152,2024-12-23T06:45:00.964326,CLOSED,,ENDPOINT-01,False
ALT-CSE-01-01763,CSE-01,HIGH,2024-10-26T08:42:48,2024-10-26T08:51:09.514112,2024-10-26T11:15:23.772819,CLOSED,,ENDPOINT-01,False
ALT-CSE-01-01764,CSE-01,HIGH,2024-10-22T10:50:31,2024-10-22T10:52:59.978336,2024-10-22T12:34:07.061726,CLOSED,,DB-SERVER-01,False
ALT-CSE-01-01765,CSE-01,MEDIUM,2024-11-20T09:12:51,2024-11-20T09:14:06.447247,2024-11-20T11:09:49.977539,CLOSED,,WEB-SERVER-01,False
ALT-CSE-01-01766,CSE-01,MEDIUM,2024-12-17T16:00:45,2024-12-17T16:04:34.325733,2024-12-17T17:43:42.380916,CLOSED,,FIREWALL-01,False
ALT-CSE-01-01767,CSE-01,MEDIUM,2024-11-06T00:07:58,2024-11-06T00:21:13.061541,2024-11-06T01:50:09.504064,CLOSED,,FIREWALL-01,False
ALT-CSE-01-01768,CSE-01,MEDIUM,2024-11-17T10:05:41,2024-11-17T10:19:38.378024,2024-11-17T11:03:42.995465,CLOSED,,DB-SERVER-01,False
ALT-CSE-01-01769,CSE-01,LOW,2024-12-05T12:40:27,2024-12-05T12:48:39.095429,2024-12-05T13:47:28.976183,CLOSED,,FIREWALL-01,False
ALT-CSE-01-01770,CSE-01,HIGH,2024-10-14T00:42:02,2024-10-14T00:45:02.864205,2024-10-14T03:13:47.108279,CLOSED,,DB-SERVER-01,False
ALT-CSE-01-01771,CSE-01,LOW,2024-10-17T23:05:34,2024-10-17T23:12:15.012068,2024-10-18T01:05:46.564148,CLOSED,,WEB-SERVER-01,False
ALT-CSE-01-01772,CSE-01,MEDIUM,2024-11-11T01:20:08,2024-11-11T01:32:03.413438,2024-11-11T03:04:56.804954,CLOSED,CAS-CSE-01-0378,ROUTER-01,False
ALT-CSE-01-01773,CSE-01,HIGH,2024-10-01T17:24:51,2024-10-01T17:27:49.320515,2024-10-01T19:38:25.836886,CLOSED,,ENDPOINT-01,False
ALT-CSE-01-01774,CSE-01,LOW,2024-12-27T18:53:02,2024-12-27T19:02:54.099756,2024-12-27T20:18:01.257608,CLOSED,,WEB-SERVER-01,False
ALT-CSE-01-01775,CSE-01,LOW,2024-11-22T16:24:45,2024-11-22T16:26:10.277282,2024-11-22T18:59:40.565309,CLOSED,,ENDPOINT-01,False
ALT-CSE-01-01776,CSE-01,CRITICAL,2024-10-31T23:13:22,2024-10-31T23:25:21.284696,2024-11-01T00:17:58.526767,CLOSED,,ROUTER-01,False
ALT-CSE-01-01777,CSE-01,CRITICAL,2024-11-24T04:17:08,2024-11-24T04:31:00.255232,2024-11-24T04:29:34.033862,CLOSED,CAS-CSE-01-0379,WEB-SERVER-01,False
ALT-CSE-01-01778,CSE-01,LOW,2024-10-05T20:56:31,2024-10-05T21:08:40.440034,2024-10-05T22:31:48.112195,CLOSED,,ROUTER-01,False
ALT-CSE-01-01779,CSE-01,LOW,2024-11-04T20:03:18,2024-11-04T20:12:59.772710,2024-11-04T21:35:58.429091,CLOSED,,FIREWALL-01,False
ALT-CSE-01-01780,CSE-01,HIGH,2024-11-04T08:03:43,2024-11-04T08:05:46.450420,2024-11-04T10:39:03.625824,CLOSED,,FIREWALL-01,False
ALT-CSE-01-01781,CSE-01,MEDIUM,2024-11-14T10:52:16,2024-11-14T11:03:04.272315,2024-11-14T13:04:33.964679,CLOSED,CAS-CSE-01-0380,ROUTER-01,False
ALT-CSE-01-01782,CSE-01,MEDIUM,2024-10-09T13:22:11,2024-10-09T13:33:28.031817,2024-10-09T14:47:54.048592,CLOSED,,WEB-SERVER-01,False
ALT-CSE-01-01783,CSE-01,LOW,2024-12-01T10:13:21,2024-12-01T10:15:29.164629,2024-12-01T11:50:50.262217,CLOSED,,WEB-SERVER-01,False
ALT-CSE-01-01784,CSE-01,CRITICAL,2024-12-19T13:35:47,2024-12-19T13:49:15.877916,2024-12-19T14:27:32.752627,CLOSED,CAS-CSE-01-0381,FIREWALL-01,False
ALT-CSE-01-01785,CSE-01,LOW,2024-12-29T12:57:01,2024-12-29T12:58:29.952014,2024-12-29T13:37:25.982149,CLOSED,CAS-CSE-01-0382,DB-SERVER-01,False
ALT-CSE-01-01786,CSE-01,CRITICAL,2024-12-22T05:47:03,2024-12-22T05:50:40.249002,2024-12-22T06:28:19.014481,CLOSED,CAS-CSE-01-0383,DB-SERVER-01,False
ALT-CSE-01-01787,CSE-01,CRITICAL,2024-10-25T02:11:50,2024-10-25T02:15:22.283380,2024-10-25T02:54:04.226862,CLOSED,CAS-CSE-01-0384,ENDPOINT-01,False
ALT-CSE-01-01788,CSE-01,LOW,2024-11-06T05:06:21,2024-11-06T05:14:53.340134,2024-11-06T06:20:55.986990,CLOSED,,ROUTER-01,False
ALT-CSE-01-01789,CSE-01,MEDIUM,2024-11-06T00:42:53,2024-11-06T00:52:33.112310,2024-11-06T02:21:19.611649,CLOSED,,ROUTER-01,False
ALT-CSE-01-01790,CSE-01,MEDIUM,2024-11-27T21:42:30,2024-11-27T21:48:33.606032,2024-11-27T23:37:58.474331,CLOSED,CAS-CSE-01-0385,FIREWALL-01,False
ALT-CSE-01-01791,CSE-01,MEDIUM,2024-11-18T16:22:26,2024-11-18T16:30:33.457814,2024-11-18T17:59:38.722579,CLOSED,,DB-SERVER-01,False
ALT-CSE-01-01792,CSE-01,HIGH,2024-11-28T00:44:47,2024-11-28T00:56:04.896488,2024-11-28T02:00:31.705862,CLOSED,,DB-SERVER-01,False
ALT-CSE-01-01793,CSE-01,CRITICAL,2024-10-12T01:21:24,2024-10-12T01:34:39.450076,2024-10-12T02:04:41.322242,CLOSED,CAS-CSE-01-0386,ROUTER-01,False
ALT-CSE-01-01794,CSE-01,LOW,2024-10-05T14:08:10,2024-10-05T14:11:16.583433,2024-10-05T16:19:52.944291,CLOSED,,ENDPOINT-01,False
ALT-CSE-01-01795,CSE-01,LOW,2024-11-06T08:35:03,2024-11-06T08:37:18.867771,2024-11-06T09:34:15.957598,CLOSED,,DB-SERVER-01,False
ALT-CSE-01-01796,CSE-01,MEDIUM,2024-10-30T17:09:55,2024-10-30T17:21:20.011553,2024-10-30T19:47:50.234153,CLOSED,,ROUTER-01,False
ALT-CSE-01-01797,CSE-01,LOW,2024-10-05T20:50:34,2024-10-05T20:58:31.481915,2024-10-06T00:01:43.897346,CLOSED,CAS-CSE-01-0387,ENDPOINT-01,False
ALT-CSE-01-01798,CSE-01,MEDIUM,2024-11-03T03:31:53,2024-11-03T03:35:01.708798,2024-11-03T05:28:35.159425,CLOSED,,WEB-SERVER-01,False
ALT-CSE-01-01799,CSE-01,LOW,2024-12-23T06:59:35,2024-12-23T07:10:53.599602,2024-12-23T08:11:22.404793,CLOSED,,ROUTER-01,False
ALT-CSE-01-01800,CSE-01,HIGH,2024-10-23T22:23:32,2024-10-23T22:26:02.447832,2024-10-23T23:28:17.522714,CLOSED,,FIREWALL-01,False
ALT-CSE-01-01801,CSE-01,LOW,2024-12-15T05:52:21,2024-12-15T06:06:56.805808,2024-12-15T08:05:33.525901,CLOSED,,DB-SERVER-01,False
ALT-CSE-01-01802,CSE-01,LOW,2024-11-29T14:06:45,2024-11-29T14:20:59.440466,2024-11-29T15:29:42.164410,CLOSED,,WEB-SERVER-01,False
ALT-CSE-01-01803,CSE-01,HIGH,2024-12-05T01:46:21,2024-12-05T02:00:23.977414,2024-12-05T04:26:05.057813,CLOSED,,ROUTER-01,False
ALT-CSE-01-01804,CSE-01,MEDIUM,2024-12-28T18:20:15,2024-12-28T18:30:40.857344,2024-12-28T20:07:56.183589,CLOSED,,WEB-SERVER-01,False
ALT-CSE-01-01805,CSE-01,HIGH,2024-11-24T10:36:05,2024-11-24T10:38:18.824208,2024-11-24T12:35:24.306382,CLOSED,,ROUTER-01,False
ALT-CSE-01-01806,CSE-01,HIGH,2024-12-22T16:48:29,2024-12-22T16:58:35.336286,2024-12-22T17:21:19.657394,CLOSED,CAS-CSE-01-0388,FIREWALL-01,False
ALT-CSE-01-01807,CSE-01,MEDIUM,2024-12-26T11:54:51,2024-12-26T11:57:31.389221,2024-12-26T15:17:22.477937,CLOSED,,WEB-SERVER-01,False
ALT-CSE-01-01808,CSE-01,LOW,2024-10-31T11:12:59,2024-10-31T11:21:39.633523,2024-10-31T13:32:52.205425,CLOSED,,ENDPOINT-01,False
ALT-CSE-01-01809,CSE-01,LOW,2024-10-27T14:31:05,2024-10-27T14:38:03.437869,2024-10-27T16:39:53.195189,CLOSED,,DB-SERVER-01,False
ALT-CSE-01-01810,CSE-01,HIGH,2024-12-26T02:14:05,2024-12-26T02:28:58.424058,2024-12-26T04:29:33.217836,CLOSED,CAS-CSE-01-0389,DB-SERVER-01,False
ALT-CSE-01-01811,CSE-01,CRITICAL,2024-12-12T08:52:31,2024-12-12T09:05:20.385280,2024-12-12T09:34:18.069228,CLOSED,,WEB-SERVER-01,False
ALT-CSE-01-01812,CSE-01,LOW,2024-10-26T00:24:33,2024-10-26T00:26:14.839852,2024-10-26T01:26:33.075464,CLOSED,,ROUTER-01,False
ALT-CSE-01-01813,CSE-01,MEDIUM,2024-11-07T00:29:21,2024-11-07T00:31:02.103131,2024-11-07T02:23:03.816173,CLOSED,CAS-CSE-01-0390,ROUTER-01,False
ALT-CSE-01-01814,CSE-01,LOW,2024-12-13T03:38:03,2024-12-13T03:47:06.452184,2024-12-13T05:54:31.100502,CLOSED,,WEB-SERVER-01,False
ALT-CSE-01-01815,CSE-01,HIGH,2024-11-22T02:52:19,2024-11-22T03:04:20.008322,2024-11-22T05:00:41.468395,CLOSED,CAS-CSE-01-0391,WEB-SERVER-01,False
ALT-CSE-01-01816,CSE-01,CRITICAL,2024-12-20T18:33:31,2024-12-20T18:35:22.392360,2024-12-20T19:21:14.291737,CLOSED,,DB-SERVER-01,False
ALT-CSE-01-01817,CSE-01,MEDIUM,2024-12-09T07:01:37,2024-12-09T07:07:57.248225,2024-12-09T08:27:01.597631,CLOSED,,ENDPOINT-01,False
ALT-CSE-01-01818,CSE-01,MEDIUM,2024-11-19T05:36:09,2024-11-19T05:38:47.799415,2024-11-19T08:02:30.528981,CLOSED,,FIREWALL-01,False
ALT-CSE-01-01819,CSE-01,LOW,2024-11-05T22:33:10,2024-11-05T22:44:09.526732,2024-11-06T00:24:53.476181,CLOSED,,FIREWALL-01,False
ALT-CSE-01-01820,CSE-01,HIGH,2024-11-19T17:25:32,2024-11-19T17:32:32.292313,2024-11-19T19:15:13.670597,CLOSED,,ENDPOINT-01,False
ALT-CSE-01-01821,CSE-01,HIGH,2024-11-07T15:48:58,2024-11-07T15:58:01.751416,2024-11-07T17:47:48.230112,CLOSED,,ROUTER-01,False
ALT-CSE-01-01822,CSE-01,MEDIUM,2024-11-22T02:35:18,2024-11-22T02:48:30.527779,2024-11-22T04:43:02.004477,CLOSED,,DB-SERVER-01,False
ALT-CSE-01-01823,CSE-01,CRITICAL,2024-12-29T13:04:02,2024-12-29T13:07:37.707501,2024-12-29T13:54:08.085691,CLOSED,,ROUTER-01,False
ALT-CSE-01-01824,CSE-01,HIGH,2024-10-28T14:09:02,2024-10-28T14:16:37.788021,2024-10-28T17:12:16.093773,CLOSED,,FIREWALL-01,False
ALT-CSE-01-01825,CSE-01,MEDIUM,2024-10-28T23:48:21,2024-10-29T00:02:33.154154,2024-10-29T01:09:33.795890,CLOSED,,ENDPOINT-01,False
ALT-CSE-01-01826,CSE-01,LOW,2024-10-10T03:43:40,2024-10-10T03:54:27.447523,2024-10-10T04:26:48.331517,CLOSED,,WEB-SERVER-01,False
ALT-CSE-01-01827,CSE-01,MEDIUM,2024-10-09T06:42:00,2024-10-09T06:53:48.367344,2024-10-09T08:01:17.019482,CLOSED,CAS-CSE-01-0392,FIREWALL-01,False
ALT-CSE-01-01828,CSE-01,LOW,2024-12-10T19:59:17,2024-12-10T20:02:59.642133,2024-12-10T21:31:52.853592,CLOSED,,ENDPOINT-01,False
ALT-CSE-01-01829,CSE-01,HIGH,2024-12-25T07:47:53,2024-12-25T07:58:49.197235,2024-12-25T09:47:16.807917,CLOSED,,DB-SERVER-01,False
ALT-CSE-01-01830,CSE-01,MEDIUM,2024-11-20T08:10:04,2024-11-20T08:18:05.713549,2024-11-20T10:49:01.106602,CLOSED,,FIREWALL-01,False
ALT-CSE-01-01831,CSE-01,HIGH,2024-11-17T23:22:16,2024-11-17T23:29:00.719933,2024-11-18T01:31:29.541069,CLOSED,,DB-SERVER-01,False
ALT-CSE-01-01832,CSE-01,HIGH,2024-10-28T06:22:31,2024-10-28T06:24:46.376007,2024-10-28T08:58:41.710467,CLOSED,,DB-SERVER-01,False
ALT-CSE-01-01833,CSE-01,CRITICAL,2024-10-27T12:52:06,2024-10-27T13:04:04.305594,2024-10-27T13:25:23.109214,CLOSED,CAS-CSE-01-0393,FIREWALL-01,False
ALT-CSE-01-01834,CSE-01,CRITICAL,2024-10-18T11:21:15,2024-10-18T11:24:46.336200,2024-10-18T12:12:13.331495,CLOSED,CAS-CSE-01-0394,ENDPOINT-01,False
ALT-CSE-01-01835,CSE-01,MEDIUM,2024-12-15T05:32:20,2024-12-15T05:41:40.149720,2024-12-15T07:16:16.715052,CLOSED,,ROUTER-01,False
ALT-CSE-01-01836,CSE-01,MEDIUM,2024-11-06T00:43:20,2024-11-06T00:51:15.365139,2024-11-06T03:32:01.893655,CLOSED,,ROUTER-01,False
ALT-CSE-01-01837,CSE-01,MEDIUM,2024-12-23T04:43:53,2024-12-23T04:53:57.613887,2024-12-23T06:10:49.857058,CLOSED,,ENDPOINT-01,False
ALT-CSE-01-01838,CSE-01,HIGH,2024-12-18T10:36:42,2024-12-18T10:40:26.576779,2024-12-18T13:14:23.874002,CLOSED,,WEB-SERVER-01,False
ALT-CSE-01-01839,CSE-01,MEDIUM,2024-11-12T05:11:49,2024-11-12T05:19:21.057768,2024-11-12T07:53:57.848508,CLOSED,,WEB-SERVER-01,False
ALT-CSE-01-01840,CSE-01,MEDIUM,2024-11-04T23:27:51,2024-11-04T23:32:50.024388,2024-11-05T01:36:09.490686,CLOSED,,ROUTER-01,False
ALT-CSE-01-01841,CSE-01,CRITICAL,2024-11-09T07:12:35,2024-11-09T07:14:00.484285,2024-11-09T08:03:42.816871,CLOSED,CAS-CSE-01-0395,DB-SERVER-01,False
ALT-CSE-01-01842,CSE-01,HIGH,2024-12-22T01:23:38,2024-12-22T01:26:06.065775,2024-12-22T03:00:32.789783,CLOSED,,ROUTER-01,False
ALT-CSE-01-01843,CSE-01,CRITICAL,2024-11-20T14:25:42,2024-11-20T14:34:49.451687,2024-11-20T14:46:19.352224,CLOSED,CAS-CSE-01-0396,DB-SERVER-01,False
ALT-CSE-01-01844,CSE-01,LOW,2024-12-20T21:21:08,2024-12-20T21:35:40.533771,2024-12-20T23:13:07.677181,CLOSED,,WEB-SERVER-01,False
ALT-CSE-01-01845,CSE-01,CRITICAL,2024-10-26T17:21:04,2024-10-26T17:26:10.397629,2024-10-26T17:59:19.549702,CLOSED,CAS-CSE-01-0397,DB-SERVER-01,False
ALT-CSE-01-01846,CSE-01,MEDIUM,2024-12-25T14:33:29,2024-12-25T14:34:39.759998,2024-12-25T15:34:54.246321,CLOSED,CAS-CSE-01-0398,ROUTER-01,False
ALT-CSE-01-01847,CSE-01,MEDIUM,2024-10-19T03:27:55,2024-10-19T03:36:00.327836,2024-10-19T05:37:38.094706,CLOSED,,ROUTER-01,False
ALT-CSE-01-01848,CSE-01,HIGH,2024-12-05T18:37:39,2024-12-05T18:52:33.924190,2024-12-05T20:29:40.027795,CLOSED,CAS-CSE-01-0399,ENDPOINT-01,False
ALT-CSE-01-01849,CSE-01,LOW,2024-10-13T11:56:07,2024-10-13T12:05:36.501703,2024-10-13T13:26:00.732628,CLOSED,,ENDPOINT-01,False
ALT-CSE-01-01850,CSE-01,CRITICAL,2024-10-24T08:21:31,2024-10-24T08:29:45.136444,2024-10-24T09:18:41.867350,CLOSED,CAS-CSE-01-0400,WEB-SERVER-01,False
ALT-CSE-01-01851,CSE-01,MEDIUM,2024-12-02T14:36:52,2024-12-02T14:38:20.001429,2024-12-02T17:19:28.675726,CLOSED,,DB-SERVER-01,False
ALT-CSE-01-01852,CSE-01,CRITICAL,2024-12-27T18:10:02,2024-12-27T18:12:58.208958,2024-12-27T18:46:11.063476,CLOSED,,DB-SERVER-01,False
ALT-CSE-01-01853,CSE-01,LOW,2024-12-26T10:09:58,2024-12-26T10:14:48.960828,2024-12-26T12:29:14.933108,CLOSED,,WEB-SERVER-01,False
ALT-CSE-01-01854,CSE-01,MEDIUM,2024-10-06T08:43:05,2024-10-06T08:45:38.997282,2024-10-06T09:58:24.130260,CLOSED,CAS-CSE-01-0401,ROUTER-01,False
ALT-CSE-01-01855,CSE-01,HIGH,2024-12-23T16:21:45,2024-12-23T16:35:36.616869,2024-12-23T17:44:37.874539,CLOSED,,ROUTER-01,False
ALT-CSE-01-01856,CSE-01,CRITICAL,2024-10-13T13:53:55,2024-10-13T14:05:50.781190,2024-10-13T14:40:00.887514,CLOSED,CAS-CSE-01-0402,ROUTER-01,False
ALT-CSE-01-01857,CSE-01,CRITICAL,2024-11-27T13:24:59,2024-11-27T13:33:08.151179,2024-11-27T13:57:05.066185,CLOSED,CAS-CSE-01-0403,DB-SERVER-01,False
ALT-CSE-01-01858,CSE-01,HIGH,2024-10-28T20:52:10,2024-10-28T21:05:55.922112,2024-10-28T22:14:52.087963,CLOSED,,WEB-SERVER-01,False
ALT-CSE-01-01859,CSE-01,HIGH,2024-10-17T10:14:06,2024-10-17T10:24:49.315907,2024-10-17T12:41:28.646150,CLOSED,,WEB-SERVER-01,False
ALT-CSE-01-01860,CSE-01,HIGH,2024-10-11T03:06:25,2024-10-11T03:16:55.262645,2024-10-11T04:52:09.133058,CLOSED,,DB-SERVER-01,False
ALT-CSE-01-01861,CSE-01,HIGH,2024-11-22T18:38:41,2024-11-22T18:45:16.705188,2024-11-22T21:17:30.780663,CLOSED,,WEB-SERVER-01,False
ALT-CSE-01-01862,CSE-01,HIGH,2024-12-23T15:20:17,2024-12-23T15:21:25.730450,2024-12-23T16:17:13.432929,CLOSED,,DB-SERVER-01,False
ALT-CSE-01-01863,CSE-01,LOW,2024-12-07T11:41:45,2024-12-07T11:51:10.911767,2024-12-07T13:34:48.316409,CLOSED,,ENDPOINT-01,False
ALT-CSE-01-01864,CSE-01,HIGH,2024-12-07T23:07:58,2024-12-07T23:15:55.036444,2024-12-08T01:23:29.125934,CLOSED,,DB-SERVER-01,False
ALT-CSE-01-01865,CSE-01,HIGH,2024-12-22T22:40:52,2024-12-22T22:54:41.628527,2024-12-22T23:44:16.149192,CLOSED,,ENDPOINT-01,False
ALT-CSE-01-01866,CSE-01,MEDIUM,2024-11-12T00:51:49,2024-11-12T00:59:33.994624,2024-11-12T04:09:37.704028,CLOSED,,WEB-SERVER-01,False
ALT-CSE-01-01867,CSE-01,CRITICAL,2024-11-13T04:02:24,2024-11-13T04:07:32.538356,2024-11-13T04:33:48.080543,CLOSED,CAS-CSE-01-0404,ROUTER-01,False
ALT-CSE-01-01868,CSE-01,MEDIUM,2024-10-10T01:30:32,2024-10-10T01:41:38.015290,2024-10-10T04:39:47.936132,CLOSED,,WEB-SERVER-01,False
ALT-CSE-01-01869,CSE-01,MEDIUM,2024-11-07T15:53:53,2024-11-07T16:04:49.830805,2024-11-07T18:34:33.686998,CLOSED,,FIREWALL-01,False
ALT-CSE-01-01870,CSE-01,MEDIUM,2024-12-26T06:20:36,2024-12-26T06:28:16.788965,2024-12-26T08:15:11.394086,CLOSED,,WEB-SERVER-01,False
ALT-CSE-01-01871,CSE-01,HIGH,2024-12-18T18:40:46,2024-12-18T18:51:49.038613,2024-12-18T20:44:38.944318,CLOSED,,DB-SERVER-01,False
ALT-CSE-01-01872,CSE-01,HIGH,2024-10-07T20:41:26,2024-10-07T20:49:10.180187,2024-10-07T21:14:09.707627,CLOSED,,ROUTER-01,False
ALT-CSE-01-01873,CSE-01,LOW,2024-10-13T05:28:49,2024-10-13T05:42:51.690709,2024-10-13T07:34:32.716559,CLOSED,,ROUTER-01,False
ALT-CSE-01-01874,CSE-01,CRITICAL,2024-10-04T20:11:15,2024-10-04T20:19:04.086318,2024-10-04T20:59:24.643520,CLOSED,CAS-CSE-01-0405,FIREWALL-01,False
ALT-CSE-01-01875,CSE-01,LOW,2024-10-06T22:02:54,2024-10-06T22:12:38.309378,2024-10-07T01:09:49.693787,CLOSED,,ROUTER-01,False
ALT-CSE-01-01876,CSE-01,MEDIUM,2024-12-13T15:38:52,2024-12-13T15:50:50.657359,2024-12-13T18:07:38.294415,CLOSED,,ROUTER-01,False
ALT-CSE-01-01877,CSE-01,LOW,2024-12-19T09:37:42,2024-12-19T09:39:08.600925,2024-12-19T11:20:10.074545,CLOSED,,DB-SERVER-01,False
ALT-CSE-01-01878,CSE-01,HIGH,2024-11-24T01:07:12,2024-11-24T01:17:16.330946,2024-11-24T02:29:47.689184,CLOSED,,WEB-SERVER-01,False
ALT-CSE-01-01879,CSE-01,MEDIUM,2024-12-20T04:50:09,2024-12-20T04:51:46.905742,2024-12-20T06:01:22.929808,CLOSED,,ROUTER-01,False
ALT-CSE-01-01880,CSE-01,HIGH,2024-11-04T02:32:09,2024-11-04T02:34:57.392391,2024-11-04T04:17:27.050514,CLOSED,,ROUTER-01,False
ALT-CSE-01-01881,CSE-01,CRITICAL,2024-11-08T13:23:27,2024-11-08T13:29:06.409049,2024-11-08T13:36:06.692102,CLOSED,CAS-CSE-01-0406,FIREWALL-01,False
ALT-CSE-01-01882,CSE-01,HIGH,2024-12-18T10:08:45,2024-12-18T10:16:21.006441,2024-12-18T12:22:12.516355,CLOSED,,DB-SERVER-01,False
ALT-CSE-01-01883,CSE-01,MEDIUM,2024-11-21T15:28:47,2024-11-21T15:30:07.128803,2024-11-21T17:38:12.116433,CLOSED,,ROUTER-01,False
ALT-CSE-01-01884,CSE-01,LOW,2024-10-10T14:08:11,2024-10-10T14:11:03.249169,2024-10-10T16:09:24.603873,CLOSED,,ENDPOINT-01,False
ALT-CSE-01-01885,CSE-01,LOW,2024-11-19T17:43:56,2024-11-19T17:47:40.192685,2024-11-19T19:39:55.101926,CLOSED,,WEB-SERVER-01,False
ALT-CSE-01-01886,CSE-01,MEDIUM,2024-11-08T16:45:09,2024-11-08T16:54:10.530467,2024-11-08T19:31:34.028553,CLOSED,,ENDPOINT-01,False
ALT-CSE-01-01887,CSE-01,HIGH,2024-12-20T01:16:31,2024-12-20T01:31:07.017777,2024-12-20T03:37:08.617203,CLOSED,,FIREWALL-01,False
ALT-CSE-01-01888,CSE-01,MEDIUM,2024-10-31T16:34:14,2024-10-31T16:48:51.823095,2024-10-31T18:28:09.396665,CLOSED,,WEB-SERVER-01,False
ALT-CSE-01-01889,CSE-01,LOW,2024-10-14T23:09:55,2024-10-14T23:16:02.550019,2024-10-15T02:01:29.937525,CLOSED,,DB-SERVER-01,False
ALT-CSE-01-01890,CSE-01,MEDIUM,2024-10-02T07:35:54,2024-10-02T07:48:35.494629,2024-10-02T10:07:36.962682,CLOSED,,ENDPOINT-01,False
ALT-CSE-01-01891,CSE-01,HIGH,2024-12-25T05:08:30,2024-12-25T05:09:44.084141,2024-12-25T07:04:03.958227,CLOSED,CAS-CSE-01-0407,DB-SERVER-01,False
ALT-CSE-01-01892,CSE-01,HIGH,2024-10-30T12:38:00,2024-10-30T12:49:37.477949,2024-10-30T14:18:39.073296,CLOSED,,ROUTER-01,False
ALT-CSE-01-01893,CSE-01,HIGH,2024-12-01T05:14:34,2024-12-01T05:27:54.123517,2024-12-01T08:10:54.419303,CLOSED,,ENDPOINT-01,False
ALT-CSE-01-01894,CSE-01,CRITICAL,2024-12-16T19:37:19,2024-12-16T19:42:16.390737,2024-12-16T19:57:28.451262,CLOSED,CAS-CSE-01-0408,DB-SERVER-01,False
ALT-CSE-01-01895,CSE-01,HIGH,2024-10-13T06:31:02,2024-10-13T06:36:24.900892,2024-10-13T08:48:38.987748,CLOSED,,DB-SERVER-01,False
ALT-CSE-01-01896,CSE-01,MEDIUM,2024-11-11T18:27:50,2024-11-11T18:40:13.758223,2024-11-11T20:19:09.889323,CLOSED,,ROUTER-01,False
ALT-CSE-01-01897,CSE-01,MEDIUM,2024-10-10T01:45:39,2024-10-10T01:51:04.709733,2024-10-10T04:07:59.662895,CLOSED,,ENDPOINT-01,False
ALT-CSE-01-01898,CSE-01,HIGH,2024-12-23T10:10:21,2024-12-23T10:21:36.607791,2024-12-23T12:14:36.564359,CLOSED,,FIREWALL-01,False
ALT-CSE-01-01899,CSE-01,LOW,2024-12-15T17:06:30,2024-12-15T17:09:23.206151,2024-12-15T18:03:10.455780,CLOSED,,FIREWALL-01,False
ALT-CSE-01-01900,CSE-01,MEDIUM,2024-10-02T03:26:28,2024-10-02T03:34:43.645332,2024-10-02T05:17:16.564647,CLOSED,,ROUTER-01,False
ALT-CSE-01-01901,CSE-01,LOW,2024-12-09T21:10:49,2024-12-09T21:21:12.405914,2024-12-09T22:49:02.072006,CLOSED,CAS-CSE-01-0409,ROUTER-01,False
ALT-CSE-01-01902,CSE-01,MEDIUM,2024-12-24T06:06:05,2024-12-24T06:10:40.351474,2024-12-24T07:52:56.265340,CLOSED,CAS-CSE-01-0410,WEB-SERVER-01,False
ALT-CSE-01-01903,CSE-01,MEDIUM,2024-11-24T10:17:03,2024-11-24T10:20:02.249010,2024-11-24T11:24:41.645222,CLOSED,,WEB-SERVER-01,False
ALT-CSE-01-01904,CSE-01,HIGH,2024-10-15T07:33:22,2024-10-15T07:37:21.810002,2024-10-15T09:29:36.567787,CLOSED,,DB-SERVER-01,False
ALT-CSE-01-01905,CSE-01,HIGH,2024-12-09T09:49:14,2024-12-09T10:01:09.739664,2024-12-09T12:27:51.213716,CLOSED,,ROUTER-01,False
ALT-CSE-01-01906,CSE-01,MEDIUM,2024-12-02T15:26:58,2024-12-02T15:39:53.884916,2024-12-02T17:21:05.510603,CLOSED,,ENDPOINT-01,False
ALT-CSE-01-01907,CSE-01,CRITICAL,2024-11-12T23:20:06,2024-11-12T23:28:00.046043,2024-11-13T00:26:16.109080,CLOSED,,WEB-SERVER-01,False
ALT-CSE-01-01908,CSE-01,HIGH,2024-10-22T13:28:33,2024-10-22T13:40:16.642946,2024-10-22T15:21:13.619904,CLOSED,,FIREWALL-01,False
ALT-CSE-01-01909,CSE-01,CRITICAL,2024-10-15T03:25:04,2024-10-15T03:36:32.622731,2024-10-15T04:06:44.641913,CLOSED,CAS-CSE-01-0411,DB-SERVER-01,False
ALT-CSE-01-01910,CSE-01,HIGH,2024-12-28T16:05:56,2024-12-28T16:12:24.385027,2024-12-28T17:38:09.394131,CLOSED,,ROUTER-01,False
ALT-CSE-01-01911,CSE-01,MEDIUM,2024-12-02T04:59:51,2024-12-02T05:03:31.860179,2024-12-02T07:29:49.736092,CLOSED,,FIREWALL-01,False
ALT-CSE-01-01912,CSE-01,CRITICAL,2024-12-23T16:11:21,2024-12-23T16:13:17.961691,2024-12-23T17:01:23.077333,CLOSED,CAS-CSE-01-0412,WEB-SERVER-01,False
ALT-CSE-01-01913,CSE-01,MEDIUM,2024-11-30T20:31:16,2024-11-30T20:32:48.290171,2024-11-30T23:05:26.318511,CLOSED,CAS-CSE-01-0413,WEB-SERVER-01,False
ALT-CSE-01-01914,CSE-01,LOW,2024-11-29T12:46:57,2024-11-29T12:58:34.652871,2024-11-29T13:34:04.130351,CLOSED,,ROUTER-01,False
ALT-CSE-01-01915,CSE-01,HIGH,2024-10-01T21:10:07,2024-10-01T21:22:58.226926,2024-10-01T23:27:24.020521,CLOSED,,FIREWALL-01,False
ALT-CSE-01-01916,CSE-01,MEDIUM,2024-11-29T09:19:22,2024-11-29T09:32:55.125247,2024-11-29T12:52:39.757398,CLOSED,,ROUTER-01,False
ALT-CSE-01-01917,CSE-01,CRITICAL,2024-10-14T19:12:33,2024-10-14T19:26:35.939148,2024-10-14T20:08:56.443237,CLOSED,CAS-CSE-01-0414,FIREWALL-01,False
ALT-CSE-01-01918,CSE-01,HIGH,2024-11-29T06:52:55,2024-11-29T07:00:31.619986,2024-11-29T08:32:18.937296,CLOSED,,ENDPOINT-01,False
ALT-CSE-01-01919,CSE-01,MEDIUM,2024-10-30T16:31:10,2024-10-30T16:38:52.417953,2024-10-30T17:43:24.885290,CLOSED,,ROUTER-01,False
ALT-CSE-01-01920,CSE-01,HIGH,2024-10-25T08:14:26,2024-10-25T08:22:57.024947,2024-10-25T10:24:56.787900,CLOSED,,DB-SERVER-01,False
ALT-CSE-01-01921,CSE-01,CRITICAL,2024-12-10T05:20:48,2024-12-10T05:22:36.205444,2024-12-10T06:15:37.209704,CLOSED,,ROUTER-01,False
ALT-CSE-01-01922,CSE-01,LOW,2024-10-06T18:50:07,2024-10-06T19:03:02.037951,2024-10-06T19:11:42.999554,CLOSED,CAS-CSE-01-0415,FIREWALL-01,False
ALT-CSE-01-01923,CSE-01,CRITICAL,2024-10-07T20:19:06,2024-10-07T20:25:21.448648,2024-10-07T21:18:55.136612,CLOSED,CAS-CSE-01-0416,DB-SERVER-01,False
ALT-CSE-01-01924,CSE-01,CRITICAL,2024-12-04T06:23:07,2024-12-04T06:28:10.728762,2024-12-04T07:25:19.562451,CLOSED,CAS-CSE-01-0417,DB-SERVER-01,False
ALT-CSE-01-01925,CSE-01,HIGH,2024-12-25T01:38:05,2024-12-25T01:49:09.795492,2024-12-25T04:15:21.707355,CLOSED,,FIREWALL-01,False
ALT-CSE-01-01926,CSE-01,CRITICAL,2024-12-16T17:08:22,2024-12-16T17:18:57.224726,2024-12-16T18:02:52.113642,CLOSED,CAS-CSE-01-0418,WEB-SERVER-01,False
ALT-CSE-01-01927,CSE-01,MEDIUM,2024-11-10T02:52:07,2024-11-10T03:05:50.439388,2024-11-10T05:07:06.287677,CLOSED,,ROUTER-01,False
ALT-CSE-01-01928,CSE-01,HIGH,2024-11-01T23:11:47,2024-11-01T23:25:42.327355,2024-11-02T01:55:32.681290,CLOSED,,FIREWALL-01,False
ALT-CSE-01-01929,CSE-01,MEDIUM,2024-10-20T16:14:31,2024-10-20T16:23:25.653939,2024-10-20T18:44:19.606254,CLOSED,,DB-SERVER-01,False
ALT-CSE-01-01930,CSE-01,CRITICAL,2024-11-26T11:28:24,2024-11-26T11:43:23.512154,2024-11-26T12:20:09.246898,CLOSED,,WEB-SERVER-01,False
ALT-CSE-01-01931,CSE-01,HIGH,2024-12-06T14:57:55,2024-12-06T14:59:56.543994,2024-12-06T17:41:17.472514,CLOSED,,ENDPOINT-01,False
ALT-CSE-01-01932,CSE-01,HIGH,2024-12-17T09:17:13,2024-12-17T09:21:34.866484,2024-12-17T11:34:27.425363,CLOSED,,ENDPOINT-01,False
ALT-CSE-01-01933,CSE-01,MEDIUM,2024-11-16T23:07:54,2024-11-16T23:22:41.329456,2024-11-17T00:46:21.743411,CLOSED,,DB-SERVER-01,False
ALT-CSE-01-01934,CSE-01,MEDIUM,2024-12-24T15:51:37,2024-12-24T16:02:51.253970,2024-12-24T16:27:35.643884,CLOSED,,WEB-SERVER-01,False
ALT-CSE-01-01935,CSE-01,HIGH,2024-11-27T13:07:29,2024-11-27T13:09:11.567755,2024-11-27T15:22:30.693707,CLOSED,,ENDPOINT-01,False
ALT-CSE-01-01936,CSE-01,HIGH,2024-11-21T14:35:00,2024-11-21T14:40:58.585537,2024-11-21T17:28:46.200369,CLOSED,,DB-SERVER-01,False
ALT-CSE-01-01937,CSE-01,LOW,2024-11-27T11:27:06,2024-11-27T11:41:30.233062,2024-11-27T15:08:33.313860,CLOSED,,WEB-SERVER-01,False
ALT-CSE-01-01938,CSE-01,CRITICAL,2024-12-29T12:49:40,2024-12-29T12:59:55.048272,2024-12-29T13:27:15.020696,CLOSED,CAS-CSE-01-0419,WEB-SERVER-01,False
ALT-CSE-01-01939,CSE-01,MEDIUM,2024-11-12T20:02:27,2024-11-12T20:04:35.574507,2024-11-12T22:05:44.815744,CLOSED,,WEB-SERVER-01,False
ALT-CSE-01-01940,CSE-01,HIGH,2024-11-28T15:50:20,2024-11-28T15:58:39.287748,2024-11-28T17:13:10.414056,CLOSED,CAS-CSE-01-0420,ROUTER-01,False
ALT-CSE-01-01941,CSE-01,MEDIUM,2024-12-08T22:59:26,2024-12-08T23:09:41.325361,2024-12-09T00:26:11.891568,CLOSED,,DB-SERVER-01,False
ALT-CSE-01-01942,CSE-01,MEDIUM,2024-11-27T07:49:10,2024-11-27T08:00:38.750437,2024-11-27T10:37:40.819746,CLOSED,,ROUTER-01,False
ALT-CSE-01-01943,CSE-01,LOW,2024-11-07T12:32:04,2024-11-07T12:43:58.579559,2024-11-07T13:30:45.036225,CLOSED,,DB-SERVER-01,False
ALT-CSE-01-01944,CSE-01,HIGH,2024-11-07T13:26:34,2024-11-07T13:30:08.971813,2024-11-07T15:15:47.450978,CLOSED,,ROUTER-01,False
ALT-CSE-01-01945,CSE-01,LOW,2024-10-26T00:18:19,2024-10-26T00:23:08.656318,2024-10-26T03:24:52.446182,CLOSED,,FIREWALL-01,False
ALT-CSE-01-01946,CSE-01,MEDIUM,2024-10-31T03:11:08,2024-10-31T03:15:20.233217,2024-10-31T04:44:08.326927,CLOSED,,ROUTER-01,False
ALT-CSE-01-01947,CSE-01,HIGH,2024-11-25T16:25:30,2024-11-25T16:35:23.396775,2024-11-25T19:17:52.762277,CLOSED,,ROUTER-01,False
ALT-CSE-01-01948,CSE-01,HIGH,2024-10-08T22:55:08,2024-10-08T22:56:26.709454,2024-10-09T01:16:04.414353,CLOSED,,FIREWALL-01,False
ALT-CSE-01-01949,CSE-01,HIGH,2024-10-15T14:12:15,2024-10-15T14:17:02.735936,2024-10-15T14:38:25.903019,CLOSED,,ENDPOINT-01,False
ALT-CSE-01-01950,CSE-01,MEDIUM,2024-11-19T11:42:29,2024-11-19T11:56:06.747958,2024-11-19T13:28:04.259586,CLOSED,,DB-SERVER-01,False
ALT-CSE-01-01951,CSE-01,MEDIUM,2024-12-11T23:09:15,2024-12-11T23:19:28.546293,2024-12-12T00:52:57.220462,CLOSED,,FIREWALL-01,False
ALT-CSE-01-01952,CSE-01,MEDIUM,2024-10-26T14:18:25,2024-10-26T14:30:30.130109,2024-10-26T16:06:12.789913,CLOSED,,DB-SERVER-01,False
ALT-CSE-01-01953,CSE-01,HIGH,2024-12-03T10:26:42,2024-12-03T10:36:31.575638,2024-12-03T12:12:32.461984,CLOSED,,ROUTER-01,False
ALT-CSE-01-01954,CSE-01,CRITICAL,2024-12-23T05:03:55,2024-12-23T05:12:42.320529,2024-12-23T05:35:18.848271,CLOSED,CAS-CSE-01-0421,WEB-SERVER-01,False
ALT-CSE-01-01955,CSE-01,LOW,2024-12-15T07:32:07,2024-12-15T07:39:54.457974,2024-12-15T09:17:55.263989,CLOSED,,ROUTER-01,False
ALT-CSE-01-01956,CSE-01,MEDIUM,2024-10-06T12:06:36,2024-10-06T12:21:11.400395,2024-10-06T13:57:29.410645,CLOSED,,WEB-SERVER-01,False
ALT-CSE-01-01957,CSE-01,MEDIUM,2024-11-29T11:14:49,2024-11-29T11:18:30.235685,2024-11-29T13:50:38.495983,CLOSED,,WEB-SERVER-01,False
ALT-CSE-01-01958,CSE-01,CRITICAL,2024-10-04T14:11:31,2024-10-04T14:17:47.002488,2024-10-04T15:24:33.481200,CLOSED,CAS-CSE-01-0422,FIREWALL-01,False
ALT-CSE-01-01959,CSE-01,HIGH,2024-10-05T02:15:09,2024-10-05T02:16:30.431226,2024-10-05T03:49:51.257936,CLOSED,,ENDPOINT-01,False
ALT-CSE-01-01960,CSE-01,MEDIUM,2024-10-07T22:25:10,2024-10-07T22:31:36.561371,2024-10-08T00:10:17.478488,CLOSED,,ROUTER-01,False
ALT-CSE-01-01961,CSE-01,HIGH,2024-11-23T10:36:44,2024-11-23T10:41:02.126556,2024-11-23T13:55:35.524021,CLOSED,,DB-SERVER-01,False
ALT-CSE-01-01962,CSE-01,CRITICAL,2024-11-25T14:07:00,2024-11-25T14:19:00.598640,2024-11-25T14:52:38.912763,CLOSED,CAS-CSE-01-0423,ROUTER-01,False
ALT-CSE-01-01963,CSE-01,MEDIUM,2024-10-14T11:57:34,2024-10-14T12:08:04.056916,2024-10-14T12:50:18.670052,CLOSED,,ENDPOINT-01,False
ALT-CSE-01-01964,CSE-01,MEDIUM,2024-10-16T19:57:09,2024-10-16T20:09:47.275442,2024-10-16T20:30:37.333554,CLOSED,,FIREWALL-01,False
ALT-CSE-01-01965,CSE-01,HIGH,2024-11-08T00:08:29,2024-11-08T00:12:35.438912,2024-11-08T01:11:30.736911,CLOSED,,DB-SERVER-01,False
ALT-CSE-01-01966,CSE-01,MEDIUM,2024-10-14T02:16:42,2024-10-14T02:30:57.801623,2024-10-14T04:33:21.402573,CLOSED,,FIREWALL-01,False
ALT-CSE-01-01967,CSE-01,CRITICAL,2024-10-01T19:12:50,2024-10-01T19:14:52.264172,2024-10-01T20:10:49.405902,CLOSED,CAS-CSE-01-0424,ENDPOINT-01,False
ALT-CSE-01-01968,CSE-01,LOW,2024-12-13T12:32:05,2024-12-13T12:44:16.146527,2024-12-13T14:29:56.763796,CLOSED,,FIREWALL-01,False
ALT-CSE-01-01969,CSE-01,HIGH,2024-12-01T06:13:42,2024-12-01T06:28:15.349480,2024-12-01T08:22:30.403575,CLOSED,,WEB-SERVER-01,False
ALT-CSE-01-01970,CSE-01,MEDIUM,2024-12-06T00:52:41,2024-12-06T01:02:46.738553,2024-12-06T03:04:34.867124,CLOSED,,DB-SERVER-01,False
ALT-CSE-01-01971,CSE-01,MEDIUM,2024-10-15T22:31:20,2024-10-15T22:42:44.091032,2024-10-16T00:34:29.196761,CLOSED,,WEB-SERVER-01,False
ALT-CSE-01-01972,CSE-01,MEDIUM,2024-11-09T04:33:56,2024-11-09T04:40:39.288579,2024-11-09T07:02:44.588939,CLOSED,,ROUTER-01,False
ALT-CSE-01-01973,CSE-01,CRITICAL,2024-12-16T21:04:47,2024-12-16T21:16:00.773312,2024-12-16T21:45:03.742080,CLOSED,CAS-CSE-01-0425,DB-SERVER-01,False
ALT-CSE-01-01974,CSE-01,HIGH,2024-12-24T22:10:07,2024-12-24T22:15:46.966380,2024-12-24T23:10:20.120020,CLOSED,,WEB-SERVER-01,False
ALT-CSE-01-01975,CSE-01,HIGH,2024-10-02T17:38:27,2024-10-02T17:42:59.930736,2024-10-02T20:36:26.994505,CLOSED,CAS-CSE-01-0426,DB-SERVER-01,False
ALT-CSE-01-01976,CSE-01,HIGH,2024-10-17T18:23:43,2024-10-17T18:34:41.855183,2024-10-17T21:01:42.744360,CLOSED,,WEB-SERVER-01,False
ALT-CSE-01-01977,CSE-01,HIGH,2024-12-24T15:16:35,2024-12-24T15:30:11.839577,2024-12-24T17:31:31.023766,CLOSED,,ENDPOINT-01,False
ALT-CSE-01-01978,CSE-01,MEDIUM,2024-10-24T06:19:27,2024-10-24T06:26:21.131359,2024-10-24T08:42:44.309753,CLOSED,,WEB-SERVER-01,False
ALT-CSE-01-01979,CSE-01,MEDIUM,2024-11-20T04:36:23,2024-11-20T04:43:55.216189,2024-11-20T06:22:34.754870,CLOSED,,WEB-SERVER-01,False
ALT-CSE-01-01980,CSE-01,CRITICAL,2024-11-23T05:37:05,2024-11-23T05:49:54.238786,2024-11-23T06:12:23.789095,CLOSED,CAS-CSE-01-0427,ENDPOINT-01,False
ALT-CSE-01-01981,CSE-01,HIGH,2024-10-23T13:37:08,2024-10-23T13:50:25.529505,2024-10-23T15:18:18.821365,CLOSED,CAS-CSE-01-0428,ROUTER-01,False
ALT-CSE-01-01982,CSE-01,MEDIUM,2024-12-05T06:30:54,2024-12-05T06:43:18.075602,2024-12-05T08:32:22.141946,CLOSED,,FIREWALL-01,False
ALT-CSE-01-01983,CSE-01,HIGH,2024-10-02T15:38:50,2024-10-02T15:40:40.059694,2024-10-02T18:03:56.227676,CLOSED,,FIREWALL-01,False
ALT-CSE-01-01984,CSE-01,MEDIUM,2024-12-05T06:51:42,2024-12-05T06:58:12.094169,2024-12-05T08:03:37.674787,CLOSED,,DB-SERVER-01,False
ALT-CSE-01-01985,CSE-01,HIGH,2024-11-10T07:43:34,2024-11-10T07:57:39.855673,2024-11-10T09:49:04.530705,CLOSED,,ENDPOINT-01,False
ALT-CSE-01-01986,CSE-01,MEDIUM,2024-10-03T21:54:23,2024-10-03T22:03:41.962672,2024-10-04T00:23:29.132394,CLOSED,,FIREWALL-01,False
ALT-CSE-01-01987,CSE-01,CRITICAL,2024-12-24T22:47:10,2024-12-24T22:51:20.322254,2024-12-24T23:27:13.142832,CLOSED,CAS-CSE-01-0429,ROUTER-01,False
ALT-CSE-01-01988,CSE-01,HIGH,2024-12-24T22:18:33,2024-12-24T22:31:42.627458,2024-12-25T00:06:22.471260,CLOSED,,DB-SERVER-01,False
ALT-CSE-01-01989,CSE-01,LOW,2024-10-30T12:13:56,2024-10-30T12:16:53.032549,2024-10-30T14:32:06.437243,CLOSED,,WEB-SERVER-01,False
ALT-CSE-01-01990,CSE-01,HIGH,2024-11-15T09:12:53,2024-11-15T09:20:09.473159,2024-11-15T11:10:11.082284,CLOSED,,ROUTER-01,False
ALT-CSE-01-01991,CSE-01,CRITICAL,2024-12-08T06:58:39,2024-12-08T07:01:47.628628,2024-12-08T07:51:01.786396,CLOSED,,ENDPOINT-01,False
ALT-CSE-01-01992,CSE-01,LOW,2024-11-23T15:16:55,2024-11-23T15:27:59.925983,2024-11-23T17:40:18.151742,CLOSED,,WEB-SERVER-01,False
ALT-CSE-01-01993,CSE-01,LOW,2024-12-16T15:17:37,2024-12-16T15:19:11.714358,2024-12-16T16:09:54.150946,CLOSED,CAS-CSE-01-0430,FIREWALL-01,False
ALT-CSE-01-01994,CSE-01,MEDIUM,2024-10-04T19:24:20,2024-10-04T19:37:32.412557,2024-10-04T20:58:00.644611,CLOSED,,DB-SERVER-01,False
ALT-CSE-01-01995,CSE-01,LOW,2024-11-04T13:49:36,2024-11-04T13:55:36.230423,2024-11-04T16:07:16.074892,CLOSED,,WEB-SERVER-01,False
ALT-CSE-01-01996,CSE-01,HIGH,2024-11-01T21:20:03,2024-11-01T21:26:14.444421,2024-11-01T22:33:09.894188,CLOSED,,ROUTER-01,False
ALT-CSE-01-01997,CSE-01,CRITICAL,2024-12-27T15:27:41,2024-12-27T15:33:03.687714,2024-12-27T16:21:53.846684,CLOSED,CAS-CSE-01-0431,FIREWALL-01,False
ALT-CSE-01-01998,CSE-01,MEDIUM,2024-12-12T13:46:03,2024-12-12T13:48:01.052658,2024-12-12T15:48:54.805280,CLOSED,,WEB-SERVER-01,False
ALT-CSE-01-01999,CSE-01,MEDIUM,2024-10-07T17:02:37,2024-10-07T17:12:57.302977,2024-10-07T17:53:06.509260,CLOSED,,FIREWALL-01,False
ALT-CSE-01-02000,CSE-01,LOW,2024-12-27T06:29:12,2024-12-27T06:43:18.265389,2024-12-27T07:46:18.289900,CLOSED,,ROUTER-01,False
ALT-CSE-01-02001,CSE-01,CRITICAL,2024-12-21T11:15:52,2024-12-21T11:20:52.532418,2024-12-21T12:18:16.405580,CLOSED,CAS-CSE-01-0432,ENDPOINT-01,False
ALT-CSE-01-02002,CSE-01,HIGH,2024-11-05T19:54:25,2024-11-05T19:59:00.096737,2024-11-05T22:44:31.579994,CLOSED,,FIREWALL-01,False
ALT-CSE-01-02003,CSE-01,HIGH,2024-12-01T20:52:13,2024-12-01T20:53:56.433402,2024-12-01T22:02:54.756181,CLOSED,,WEB-SERVER-01,False
ALT-CSE-01-02004,CSE-01,CRITICAL,2024-12-29T14:18:39,2024-12-29T14:25:51.335830,2024-12-29T15:29:21.196901,CLOSED,CAS-CSE-01-0433,WEB-SERVER-01,False
ALT-CSE-01-02005,CSE-01,MEDIUM,2024-11-25T00:18:48,2024-11-25T00:31:32.703260,2024-11-25T02:19:34.368145,CLOSED,,DB-SERVER-01,False
ALT-CSE-01-02006,CSE-01,CRITICAL,2024-12-01T12:08:36,2024-12-01T12:22:38.460048,2024-12-01T12:48:04.108017,CLOSED,CAS-CSE-01-0434,ENDPOINT-01,False
ALT-CSE-01-02007,CSE-01,LOW,2024-12-21T07:32:57,2024-12-21T07:41:43.449527,2024-12-21T09:34:20.062627,CLOSED,,ENDPOINT-01,False
ALT-CSE-01-02008,CSE-01,MEDIUM,2024-12-05T12:29:17,2024-12-05T12:38:55.880299,2024-12-05T12:52:42.234550,CLOSED,,ROUTER-01,False
ALT-CSE-01-02009,CSE-01,MEDIUM,2024-11-07T01:35:21,2024-11-07T01:39:12.522985,2024-11-07T02:46:23.091526,CLOSED,,FIREWALL-01,False
ALT-CSE-01-02010,CSE-01,HIGH,2024-12-21T11:09:40,2024-12-21T11:12:01.797269,2024-12-21T13:25:16.503286,CLOSED,,DB-SERVER-01,False
ALT-CSE-01-02011,CSE-01,HIGH,2024-12-29T00:08:01,2024-12-29T00:14:30.120391,2024-12-29T01:04:46.861010,CLOSED,,DB-SERVER-01,False
ALT-CSE-01-02012,CSE-01,HIGH,2024-11-03T11:40:23,2024-11-03T11:52:23.454546,2024-11-03T13:45:10.758879,CLOSED,CAS-CSE-01-0435,ROUTER-01,False
ALT-CSE-01-02013,CSE-01,MEDIUM,2024-12-10T22:56:13,2024-12-10T23:08:27.952331,2024-12-11T01:18:25.812338,CLOSED,,ROUTER-01,False
ALT-CSE-01-02014,CSE-01,MEDIUM,2024-12-04T16:34:44,2024-12-04T16:44:39.066897,2024-12-04T19:25:19.526738,CLOSED,,FIREWALL-01,False
ALT-CSE-01-02015,CSE-01,HIGH,2024-10-19T03:13:39,2024-10-19T03:25:42.456517,2024-10-19T04:57:44.578194,CLOSED,CAS-CSE-01-0436,DB-SERVER-01,False
ALT-CSE-01-02016,CSE-01,LOW,2024-12-19T02:19:08,2024-12-19T02:25:22.055145,2024-12-19T04:21:58.428602,CLOSED,,ROUTER-01,False
ALT-CSE-01-02017,CSE-01,MEDIUM,2024-12-27T09:41:52,2024-12-27T09:48:47.149260,2024-12-27T11:55:52.014823,CLOSED,,FIREWALL-01,False
ALT-CSE-01-02018,CSE-01,LOW,2024-10-13T13:28:24,2024-10-13T13:31:11.646989,2024-10-13T14:53:33.955324,CLOSED,,FIREWALL-01,False
ALT-CSE-01-02019,CSE-01,CRITICAL,2024-11-01T08:19:38,2024-11-01T08:34:04.116923,2024-11-01T08:53:47.151761,CLOSED,,FIREWALL-01,False
ALT-CSE-01-02020,CSE-01,CRITICAL,2024-10-17T20:39:42,2024-10-17T20:50:37.544579,2024-10-17T21:19:50.922873,CLOSED,CAS-CSE-01-0437,ROUTER-01,False
ALT-CSE-01-02021,CSE-01,HIGH,2024-10-19T16:33:58,2024-10-19T16:42:11.068738,2024-10-19T19:30:12.660096,CLOSED,,FIREWALL-01,False
ALT-CSE-01-02022,CSE-01,CRITICAL,2024-11-15T21:41:17,2024-11-15T21:48:17.296538,2024-11-15T22:30:23.847821,CLOSED,CAS-CSE-01-0438,ROUTER-01,False
ALT-CSE-01-02023,CSE-01,MEDIUM,2024-10-28T07:44:17,2024-10-28T07:46:39.817966,2024-10-28T09:00:12.061166,CLOSED,,FIREWALL-01,False
ALT-CSE-01-02024,CSE-01,HIGH,2024-11-28T13:39:28,2024-11-28T13:47:49.865483,2024-11-28T16:38:49.361898,CLOSED,,ROUTER-01,False
ALT-CSE-01-02025,CSE-01,MEDIUM,2024-11-22T01:50:00,2024-11-22T02:00:02.771800,2024-11-22T03:24:10.702673,CLOSED,,WEB-SERVER-01,False
ALT-CSE-01-02026,CSE-01,MEDIUM,2024-12-03T00:59:25,2024-12-03T01:06:27.149567,2024-12-03T03:11:31.458578,CLOSED,CAS-CSE-01-0439,WEB-SERVER-01,False
ALT-CSE-01-02027,CSE-01,MEDIUM,2024-11-08T00:15:57,2024-11-08T00:29:31.405640,2024-11-08T02:04:09.458949,CLOSED,,ROUTER-01,False
ALT-CSE-01-02028,CSE-01,MEDIUM,2024-11-20T02:02:11,2024-11-20T02:03:16.244275,2024-11-20T03:45:55.314310,CLOSED,,WEB-SERVER-01,False
ALT-CSE-01-02029,CSE-01,MEDIUM,2024-10-13T22:41:15,2024-10-13T22:46:20.983265,2024-10-14T01:21:54.517567,CLOSED,,WEB-SERVER-01,False
ALT-CSE-01-02030,CSE-01,MEDIUM,2024-12-09T01:54:50,2024-12-09T02:01:40.844011,2024-12-09T02:53:10.136541,CLOSED,,WEB-SERVER-01,False
ALT-CSE-01-02031,CSE-01,CRITICAL,2024-10-28T12:24:19,2024-10-28T12:35:36.438706,2024-10-28T13:04:58.748565,CLOSED,CAS-CSE-01-0440,DB-SERVER-01,False
ALT-CSE-01-02032,CSE-01,MEDIUM,2024-12-23T11:56:26,2024-12-23T11:58:02.066168,2024-12-23T14:39:04.088167,CLOSED,,ROUTER-01,False
ALT-CSE-01-02033,CSE-01,HIGH,2024-12-15T00:47:28,2024-12-15T00:49:38.675591,2024-12-15T03:04:01.167256,CLOSED,,WEB-SERVER-01,False
ALT-CSE-01-02034,CSE-01,HIGH,2024-12-20T13:31:37,2024-12-20T13:42:19.333477,2024-12-20T15:28:58.101470,CLOSED,,DB-SERVER-01,False
ALT-CSE-01-02035,CSE-01,MEDIUM,2024-12-20T16:47:44,2024-12-20T16:56:41.653867,2024-12-20T19:21:28.720915,CLOSED,,DB-SERVER-01,False
ALT-CSE-01-02036,CSE-01,MEDIUM,2024-10-01T20:12:52,2024-10-01T20:14:59.825922,2024-10-01T22:58:38.101626,CLOSED,,ENDPOINT-01,False
ALT-CSE-01-02037,CSE-01,HIGH,2024-10-14T00:15:42,2024-10-14T00:19:35.501407,2024-10-14T03:01:25.705957,CLOSED,,DB-SERVER-01,False
ALT-CSE-01-02038,CSE-01,HIGH,2024-11-08T09:02:03,2024-11-08T09:05:48.910109,2024-11-08T12:17:54.416762,CLOSED,,ROUTER-01,False
ALT-CSE-01-02039,CSE-01,MEDIUM,2024-12-11T14:18:09,2024-12-11T14:25:20.410574,2024-12-11T15:47:30.363840,CLOSED,,DB-SERVER-01,False
ALT-CSE-01-02040,CSE-01,MEDIUM,2024-10-07T02:52:11,2024-10-07T02:54:36.732185,2024-10-07T05:34:01.238558,CLOSED,,DB-SERVER-01,False
ALT-CSE-01-02041,CSE-01,MEDIUM,2024-11-02T16:14:53,2024-11-02T16:20:38.403509,2024-11-02T17:42:33.585175,CLOSED,,ENDPOINT-01,False
ALT-CSE-01-02042,CSE-01,MEDIUM,2024-10-13T11:25:27,2024-10-13T11:30:43.077785,2024-10-13T13:32:51.558827,CLOSED,,ROUTER-01,False
ALT-CSE-01-02043,CSE-01,MEDIUM,2024-12-09T19:04:44,2024-12-09T19:17:48.010835,2024-12-09T21:09:20.386232,CLOSED,,DB-SERVER-01,False
ALT-CSE-01-02044,CSE-01,HIGH,2024-10-24T11:49:15,2024-10-24T11:56:31.530609,2024-10-24T13:50:32.555242,CLOSED,,DB-SERVER-01,False
ALT-CSE-01-02045,CSE-01,HIGH,2024-10-15T03:36:27,2024-10-15T03:40:22.573634,2024-10-15T05:13:28.298858,CLOSED,,ENDPOINT-01,False
ALT-CSE-01-02046,CSE-01,MEDIUM,2024-10-02T01:02:45,2024-10-02T01:09:11.279537,2024-10-02T02:58:42.994086,CLOSED,CAS-CSE-01-0441,FIREWALL-01,False
ALT-CSE-01-02047,CSE-01,HIGH,2024-12-27T04:55:07,2024-12-27T05:09:19.183572,2024-12-27T05:47:59.357172,CLOSED,,DB-SERVER-01,False
ALT-CSE-01-02048,CSE-01,HIGH,2024-10-02T01:10:13,2024-10-02T01:19:48.725943,2024-10-02T03:05:33.323802,CLOSED,,FIREWALL-01,False
ALT-CSE-01-02049,CSE-01,MEDIUM,2024-11-14T04:27:18,2024-11-14T04:40:34.170558,2024-11-14T06:53:55.771484,CLOSED,,ROUTER-01,False
ALT-CSE-01-02050,CSE-01,CRITICAL,2024-10-24T10:32:55,2024-10-24T10:39:30.901736,2024-10-24T11:27:10.861103,CLOSED,CAS-CSE-01-0442,FIREWALL-01,False
ALT-CSE-01-02051,CSE-01,HIGH,2024-10-20T09:00:09,2024-10-20T09:04:57.320221,2024-10-20T11:19:23.654954,CLOSED,,WEB-SERVER-01,False
ALT-CSE-01-02052,CSE-01,MEDIUM,2024-10-26T09:52:10,2024-10-26T10:01:35.784244,2024-10-26T11:37:51.663304,CLOSED,,ENDPOINT-01,False
ALT-CSE-01-02053,CSE-01,MEDIUM,2024-12-04T13:29:38,2024-12-04T13:32:03.644397,2024-12-04T16:18:26.014175,CLOSED,,ENDPOINT-01,False
ALT-CSE-01-02054,CSE-01,LOW,2024-11-18T07:01:19,2024-11-18T07:12:20.895060,2024-11-18T09:11:30.065912,CLOSED,,ROUTER-01,False
ALT-CSE-01-02055,CSE-01,CRITICAL,2024-10-09T19:58:18,2024-10-09T20:05:04.897369,2024-10-09T20:48:49.303788,CLOSED,CAS-CSE-01-0443,ENDPOINT-01,False
ALT-CSE-01-02056,CSE-01,LOW,2024-12-10T03:18:07,2024-12-10T03:27:40.592093,2024-12-10T04:54:40.704786,CLOSED,,FIREWALL-01,False
ALT-CSE-01-02057,CSE-01,HIGH,2024-12-25T17:51:39,2024-12-25T17:56:06.818499,2024-12-25T18:34:01.220983,CLOSED,CAS-CSE-01-0444,WEB-SERVER-01,False
ALT-CSE-01-02058,CSE-01,MEDIUM,2024-10-27T14:26:51,2024-10-27T14:32:54.366544,2024-10-27T16:03:33.981395,CLOSED,CAS-CSE-01-0445,ROUTER-01,False
ALT-CSE-01-02059,CSE-01,LOW,2024-12-17T19:39:37,2024-12-17T19:46:14.380031,2024-12-17T21:21:10.682191,CLOSED,,FIREWALL-01,False
ALT-CSE-01-02060,CSE-01,MEDIUM,2024-11-28T11:31:14,2024-11-28T11:35:47.659394,2024-11-28T13:30:34.478443,CLOSED,,ENDPOINT-01,False
ALT-CSE-01-02061,CSE-01,MEDIUM,2024-11-08T00:29:17,2024-11-08T00:36:41.430345,2024-11-08T02:51:18.384534,CLOSED,CAS-CSE-01-0446,DB-SERVER-01,False
ALT-CSE-01-02062,CSE-01,CRITICAL,2024-10-10T13:14:05,2024-10-10T13:27:23.023844,2024-10-10T13:41:43.890456,CLOSED,,DB-SERVER-01,False
ALT-CSE-01-02063,CSE-01,MEDIUM,2024-10-10T13:10:52,2024-10-10T13:22:26.835088,2024-10-10T14:54:41.501251,CLOSED,,FIREWALL-01,False
ALT-CSE-01-02064,CSE-01,CRITICAL,2024-12-27T21:21:26,2024-12-27T21:32:58.735109,2024-12-27T22:25:08.807770,CLOSED,CAS-CSE-01-0447,DB-SERVER-01,False
ALT-CSE-01-02065,CSE-01,MEDIUM,2024-11-14T07:01:31,2024-11-14T07:15:01.477419,2024-11-14T08:25:05.033512,CLOSED,CAS-CSE-01-0448,ROUTER-01,False
ALT-CSE-01-02066,CSE-01,MEDIUM,2024-11-09T10:55:19,2024-11-09T10:56:49.839520,2024-11-09T13:41:20.886838,CLOSED,,DB-SERVER-01,False
ALT-CSE-01-02067,CSE-01,LOW,2024-11-18T03:49:20,2024-11-18T03:58:54.510311,2024-11-18T06:25:28.047408,CLOSED,,FIREWALL-01,False
ALT-CSE-01-02068,CSE-01,HIGH,2024-10-18T19:10:33,2024-10-18T19:19:09.530263,2024-10-18T21:12:14.587109,CLOSED,,WEB-SERVER-01,False
ALT-CSE-01-02069,CSE-01,MEDIUM,2024-12-03T17:49:12,2024-12-03T18:04:05.013756,2024-12-03T18:53:47.885313,CLOSED,,ROUTER-01,False
ALT-CSE-01-02070,CSE-01,HIGH,2024-12-02T07:49:51,2024-12-02T07:52:27.759718,2024-12-02T09:59:41.131781,CLOSED,,FIREWALL-01,False
ALT-CSE-01-02071,CSE-01,HIGH,2024-10-22T04:41:40,2024-10-22T04:55:45.485537,2024-10-22T08:31:52.549119,CLOSED,,ROUTER-01,False
ALT-CSE-01-02072,CSE-01,MEDIUM,2024-10-15T09:35:48,2024-10-15T09:49:39.113440,2024-10-15T11:28:57.348999,CLOSED,,WEB-SERVER-01,False
ALT-CSE-01-02073,CSE-01,CRITICAL,2024-12-26T12:33:53,2024-12-26T12:40:10.794103,2024-12-26T13:05:53.267277,CLOSED,CAS-CSE-01-0449,WEB-SERVER-01,False
ALT-CSE-01-02074,CSE-01,HIGH,2024-12-26T12:33:59,2024-12-26T12:36:01.502974,2024-12-26T15:23:36.994872,CLOSED,,ROUTER-01,False
ALT-CSE-01-02075,CSE-01,LOW,2024-12-29T08:13:47,2024-12-29T08:15:48.701564,2024-12-29T10:30:29.041429,CLOSED,CAS-CSE-01-0450,DB-SERVER-01,False
ALT-CSE-01-02076,CSE-01,MEDIUM,2024-12-20T15:54:48,2024-12-20T16:05:40.558247,2024-12-20T18:55:23.105625,CLOSED,,ROUTER-01,False
ALT-CSE-01-02077,CSE-01,CRITICAL,2024-12-02T09:51:17,2024-12-02T10:05:12.049303,2024-12-02T10:25:24.136146,CLOSED,CAS-CSE-01-0451,ENDPOINT-01,False
ALT-CSE-01-02078,CSE-01,HIGH,2024-12-16T12:54:28,2024-12-16T12:55:59.540635,2024-12-16T14:19:01.030676,CLOSED,,FIREWALL-01,False
ALT-CSE-01-02079,CSE-01,MEDIUM,2024-11-23T23:23:09,2024-11-23T23:27:50.672340,2024-11-24T00:22:52.082199,CLOSED,,DB-SERVER-01,False
ALT-CSE-01-02080,CSE-01,HIGH,2024-10-12T14:13:10,2024-10-12T14:15:24.039770,2024-10-12T16:43:27.880918,CLOSED,,DB-SERVER-01,False
ALT-CSE-01-02081,CSE-01,HIGH,2024-11-27T10:09:28,2024-11-27T10:21:20.797272,2024-11-27T12:31:11.781113,CLOSED,,ROUTER-01,False
ALT-CSE-01-02082,CSE-01,LOW,2024-12-04T15:30:03,2024-12-04T15:44:44.886111,2024-12-04T17:48:53.906740,CLOSED,CAS-CSE-01-0452,ROUTER-01,False
ALT-CSE-01-02083,CSE-01,CRITICAL,2024-11-17T03:00:24,2024-11-17T03:11:20.189723,2024-11-17T03:39:59.713115,CLOSED,CAS-CSE-01-0453,ROUTER-01,False
ALT-CSE-01-02084,CSE-01,HIGH,2024-11-21T03:02:07,2024-11-21T03:14:08.584354,2024-11-21T04:38:03.217432,CLOSED,,DB-SERVER-01,False
ALT-CSE-01-02085,CSE-01,CRITICAL,2024-12-07T14:22:45,2024-12-07T14:24:46.854529,2024-12-07T15:07:44.162151,CLOSED,,FIREWALL-01,False
ALT-CSE-01-02086,CSE-01,HIGH,2024-11-26T07:25:40,2024-11-26T07:33:16.178155,2024-11-26T08:40:07.951092,CLOSED,,DB-SERVER-01,False
ALT-CSE-01-02087,CSE-01,MEDIUM,2024-12-09T23:58:29,2024-12-10T00:00:25.661692,2024-12-10T03:18:49.412167,CLOSED,,DB-SERVER-01,False
ALT-CSE-01-02088,CSE-01,CRITICAL,2024-11-01T06:08:13,2024-11-01T06:15:34.518237,2024-11-01T06:51:24.793655,CLOSED,,DB-SERVER-01,False
ALT-CSE-01-02089,CSE-01,HIGH,2024-12-12T11:47:47,2024-12-12T12:02:34.079998,2024-12-12T13:50:45.603255,CLOSED,,DB-SERVER-01,False
ALT-CSE-01-02090,CSE-01,MEDIUM,2024-10-04T05:29:27,2024-10-04T05:42:36.138464,2024-10-04T07:10:44.375543,CLOSED,,DB-SERVER-01,False
ALT-CSE-01-02091,CSE-01,HIGH,2024-10-06T23:17:54,2024-10-06T23:24:00.241747,2024-10-07T01:28:58.399488,CLOSED,,WEB-SERVER-01,False
ALT-CSE-01-02092,CSE-01,CRITICAL,2024-10-24T16:07:33,2024-10-24T16:10:05.772717,2024-10-24T17:00:07.618250,CLOSED,CAS-CSE-01-0454,ENDPOINT-01,False
ALT-CSE-01-02093,CSE-01,HIGH,2024-11-28T01:07:45,2024-11-28T01:10:09.912840,2024-11-28T03:32:51.613320,CLOSED,,ENDPOINT-01,False
ALT-CSE-01-02094,CSE-01,LOW,2024-11-05T14:24:50,2024-11-05T14:27:32.454470,2024-11-05T16:13:17.596140,CLOSED,,ROUTER-01,False
ALT-CSE-01-02095,CSE-01,HIGH,2024-11-29T21:08:12,2024-11-29T21:17:15.419429,2024-11-29T22:57:16.891117,CLOSED,,ROUTER-01,False
ALT-CSE-01-02096,CSE-01,CRITICAL,2024-12-23T15:10:32,2024-12-23T15:24:25.100801,2024-12-23T16:25:29.978785,CLOSED,CAS-CSE-01-0455,DB-SERVER-01,False
ALT-CSE-01-02097,CSE-01,CRITICAL,2024-12-14T01:40:48,2024-12-14T01:45:30.500215,2024-12-14T02:23:55.164019,CLOSED,CAS-CSE-01-0456,ROUTER-01,False
ALT-CSE-01-02098,CSE-01,MEDIUM,2024-10-17T00:35:47,2024-10-17T00:46:48.425876,2024-10-17T02:19:19.020814,CLOSED,,WEB-SERVER-01,False
ALT-CSE-01-02099,CSE-01,MEDIUM,2024-10-17T23:56:51,2024-10-18T00:10:25.639342,2024-10-18T00:46:09.231678,CLOSED,,WEB-SERVER-01,False
ALT-CSE-01-02100,CSE-01,HIGH,2024-12-11T09:21:39,2024-12-11T09:29:48.096132,2024-12-11T11:34:42.465339,CLOSED,,DB-SERVER-01,False
ALT-CSE-01-02101,CSE-01,MEDIUM,2024-10-27T01:48:33,2024-10-27T01:51:05.688976,2024-10-27T03:57:07.731754,CLOSED,,DB-SERVER-01,False
ALT-CSE-01-02102,CSE-01,LOW,2024-10-18T08:34:07,2024-10-18T08:41:00.321900,2024-10-18T11:51:05.754062,CLOSED,,WEB-SERVER-01,False
ALT-CSE-01-02103,CSE-01,MEDIUM,2024-12-12T10:37:24,2024-12-12T10:42:28.450347,2024-12-12T11:53:24.125079,CLOSED,,FIREWALL-01,False
ALT-CSE-01-02104,CSE-01,CRITICAL,2024-10-07T14:07:13,2024-10-07T14:16:49.626241,2024-10-07T15:02:50.852834,CLOSED,CAS-CSE-01-0457,ROUTER-01,False
ALT-CSE-01-02105,CSE-01,CRITICAL,2024-11-17T19:55:48,2024-11-17T20:03:35.077776,2024-11-17T20:49:12.954581,CLOSED,,DB-SERVER-01,False
ALT-CSE-01-02106,CSE-01,CRITICAL,2024-11-22T18:28:51,2024-11-22T18:41:32.076192,2024-11-22T19:11:59.717586,CLOSED,CAS-CSE-01-0458,ROUTER-01,False
ALT-CSE-01-02107,CSE-01,HIGH,2024-11-12T05:02:50,2024-11-12T05:12:12.025850,2024-11-12T06:21:54.509465,CLOSED,,WEB-SERVER-01,False
ALT-CSE-01-02108,CSE-01,MEDIUM,2024-12-19T15:59:34,2024-12-19T16:05:24.959152,2024-12-19T17:53:50.400927,CLOSED,,ROUTER-01,False
ALT-CSE-01-02109,CSE-01,MEDIUM,2024-11-07T05:45:21,2024-11-07T05:57:42.977896,2024-11-07T07:30:34.680364,CLOSED,,WEB-SERVER-01,False
ALT-CSE-01-02110,CSE-01,MEDIUM,2024-11-08T15:49:46,2024-11-08T15:55:18.086461,2024-11-08T18:20:03.319885,CLOSED,,FIREWALL-01,False
ALT-CSE-01-02111,CSE-01,HIGH,2024-10-07T02:50:18,2024-10-07T02:59:31.880164,2024-10-07T04:31:00.998313,CLOSED,,WEB-SERVER-01,False
ALT-CSE-01-02112,CSE-01,HIGH,2024-10-10T05:07:20,2024-10-10T05:21:25.012201,2024-10-10T08:36:37.600602,CLOSED,,FIREWALL-01,False
ALT-CSE-01-02113,CSE-01,MEDIUM,2024-10-04T06:26:48,2024-10-04T06:39:08.267313,2024-10-04T08:40:37.437893,CLOSED,,DB-SERVER-01,False
ALT-CSE-01-02114,CSE-01,LOW,2024-12-10T22:17:12,2024-12-10T22:29:04.703147,2024-12-10T23:56:52.380408,CLOSED,,DB-SERVER-01,False
ALT-CSE-01-02115,CSE-01,HIGH,2024-11-23T21:39:42,2024-11-23T21:51:09.064817,2024-11-23T23:39:43.053946,CLOSED,,ENDPOINT-01,False
ALT-CSE-01-02116,CSE-01,MEDIUM,2024-10-18T07:29:55,2024-10-18T07:44:21.517478,2024-10-18T08:53:05.404068,CLOSED,,ROUTER-01,False
ALT-CSE-01-02117,CSE-01,LOW,2024-10-24T23:50:58,2024-10-24T23:54:20.239961,2024-10-25T01:30:03.841893,CLOSED,,ROUTER-01,False
ALT-CSE-01-02118,CSE-01,LOW,2024-11-19T19:58:27,2024-11-19T20:08:40.355499,2024-11-19T20:47:53.238098,CLOSED,,WEB-SERVER-01,False
ALT-CSE-01-02119,CSE-01,HIGH,2024-11-07T04:48:42,2024-11-07T04:59:49.525958,2024-11-07T05:50:34.143040,CLOSED,,ROUTER-01,False
ALT-CSE-01-02120,CSE-01,CRITICAL,2024-10-24T17:54:13,2024-10-24T18:07:48.208681,2024-10-24T18:46:23.834709,CLOSED,CAS-CSE-01-0459,ROUTER-01,False
ALT-CSE-01-02121,CSE-01,CRITICAL,2024-10-15T06:00:05,2024-10-15T06:02:43.284543,2024-10-15T06:37:31.646730,CLOSED,CAS-CSE-01-0460,ROUTER-01,False
ALT-CSE-01-02122,CSE-01,MEDIUM,2024-12-11T08:29:11,2024-12-11T08:39:53.537195,2024-12-11T11:24:05.425635,CLOSED,,FIREWALL-01,False
ALT-CSE-01-02123,CSE-01,MEDIUM,2024-12-02T03:16:36,2024-12-02T03:31:23.410538,2024-12-02T06:38:29.177976,CLOSED,,ROUTER-01,False
ALT-CSE-01-02124,CSE-01,HIGH,2024-10-05T04:11:15,2024-10-05T04:19:05.341336,2024-10-05T06:02:34.671081,CLOSED,,ENDPOINT-01,False
ALT-CSE-01-02125,CSE-01,CRITICAL,2024-11-09T20:37:22,2024-11-09T20:45:00.004980,2024-11-09T21:47:09.764252,CLOSED,CAS-CSE-01-0461,ENDPOINT-01,False
ALT-CSE-01-02126,CSE-01,CRITICAL,2024-12-07T00:06:14,2024-12-07T00:20:11.418927,2024-12-07T01:02:09.893929,CLOSED,CAS-CSE-01-0462,DB-SERVER-01,False
ALT-CSE-01-02127,CSE-01,CRITICAL,2024-10-01T05:48:30,2024-10-01T05:58:24.844355,2024-10-01T06:28:02.528462,CLOSED,CAS-CSE-01-0463,WEB-SERVER-01,False
ALT-CSE-01-02128,CSE-01,CRITICAL,2024-10-28T16:04:29,2024-10-28T16:07:13.740017,2024-10-28T16:54:42.302202,CLOSED,CAS-CSE-01-0464,ENDPOINT-01,False
ALT-CSE-01-02129,CSE-01,MEDIUM,2024-10-16T17:06:14,2024-10-16T17:19:19.832895,2024-10-16T19:40:31.545860,CLOSED,,ROUTER-01,False
ALT-CSE-01-02130,CSE-01,LOW,2024-11-05T09:01:47,2024-11-05T09:09:26.930498,2024-11-05T11:14:31.555280,CLOSED,,DB-SERVER-01,False
ALT-CSE-01-02131,CSE-01,MEDIUM,2024-11-18T15:51:18,2024-11-18T15:56:06.081871,2024-11-18T18:13:00.047928,CLOSED,,DB-SERVER-01,False
ALT-CSE-01-02132,CSE-01,HIGH,2024-11-30T11:38:30,2024-11-30T11:41:53.510497,2024-11-30T13:36:24.445298,CLOSED,,WEB-SERVER-01,False
ALT-CSE-01-02133,CSE-01,HIGH,2024-11-09T08:42:16,2024-11-09T08:44:02.739019,2024-11-09T11:35:16.505901,CLOSED,,ENDPOINT-01,False
ALT-CSE-01-02134,CSE-01,HIGH,2024-10-06T03:17:44,2024-10-06T03:26:27.807951,2024-10-06T04:42:13.467624,CLOSED,,ENDPOINT-01,False
ALT-CSE-01-02135,CSE-01,MEDIUM,2024-12-18T12:10:23,2024-12-18T12:18:44.843920,2024-12-18T14:14:22.772199,CLOSED,,ENDPOINT-01,False
ALT-CSE-01-02136,CSE-01,MEDIUM,2024-12-08T08:44:07,2024-12-08T08:51:39.799279,2024-12-08T10:04:14.908774,CLOSED,CAS-CSE-01-0465,DB-SERVER-01,False
ALT-CSE-01-02137,CSE-01,MEDIUM,2024-11-02T12:20:19,2024-11-02T12:29:42.051816,2024-11-02T14:57:06.423065,CLOSED,,WEB-SERVER-01,False
ALT-CSE-01-02138,CSE-01,CRITICAL,2024-10-08T00:05:09,2024-10-08T00:18:12.406066,2024-10-08T00:47:38.528264,CLOSED,CAS-CSE-01-0466,FIREWALL-01,False
ALT-CSE-01-02139,CSE-01,MEDIUM,2024-10-18T06:36:55,2024-10-18T06:47:45.412295,2024-10-18T08:03:16.733998,CLOSED,,FIREWALL-01,False
ALT-CSE-01-02140,CSE-01,HIGH,2024-11-20T10:21:05,2024-11-20T10:30:29.377743,2024-11-20T13:06:16.907750,CLOSED,,ENDPOINT-01,False
ALT-CSE-01-02141,CSE-01,HIGH,2024-12-13T21:02:45,2024-12-13T21:07:21.268223,2024-12-13T23:52:39.188027,CLOSED,,FIREWALL-01,False
ALT-CSE-01-02142,CSE-01,CRITICAL,2024-10-15T12:26:21,2024-10-15T12:36:27.833221,2024-10-15T13:19:53.748036,CLOSED,CAS-CSE-01-0467,ROUTER-01,False
ALT-CSE-01-02143,CSE-01,HIGH,2024-11-01T19:03:03,2024-11-01T19:04:44.735009,2024-11-01T20:45:00.839759,CLOSED,,ENDPOINT-01,False
ALT-CSE-01-02144,CSE-01,HIGH,2024-12-23T04:59:13,2024-12-23T05:04:43.487085,2024-12-23T07:55:02.555026,CLOSED,,ROUTER-01,False
ALT-CSE-01-02145,CSE-01,LOW,2024-12-03T22:07:38,2024-12-03T22:14:30.873657,2024-12-04T00:09:17.328919,CLOSED,,FIREWALL-01,False
ALT-CSE-01-02146,CSE-01,HIGH,2024-10-25T14:16:24,2024-10-25T14:30:31.244247,2024-10-25T15:54:14.518684,CLOSED,,DB-SERVER-01,False
ALT-CSE-01-02147,CSE-01,MEDIUM,2024-12-11T09:12:14,2024-12-11T09:22:38.345248,2024-12-11T10:39:54.140838,CLOSED,,FIREWALL-01,False
ALT-CSE-01-02148,CSE-01,HIGH,2024-10-24T19:16:14,2024-10-24T19:17:37.321673,2024-10-24T22:05:18.517414,CLOSED,,ROUTER-01,False
ALT-CSE-01-02149,CSE-01,MEDIUM,2024-10-31T00:43:14,2024-10-31T00:55:27.332184,2024-10-31T01:41:51.688293,CLOSED,,FIREWALL-01,False
ALT-CSE-01-02150,CSE-01,HIGH,2024-10-20T22:13:40,2024-10-20T22:28:19.678890,2024-10-21T01:03:09.211122,CLOSED,,WEB-SERVER-01,False
ALT-CSE-01-02151,CSE-01,MEDIUM,2024-10-08T18:24:46,2024-10-08T18:34:04.905275,2024-10-08T20:00:27.147045,CLOSED,,ENDPOINT-01,False
ALT-CSE-01-02152,CSE-01,HIGH,2024-11-03T03:49:16,2024-11-03T04:02:19.558375,2024-11-03T06:13:08.333680,CLOSED,CAS-CSE-01-0468,WEB-SERVER-01,False
ALT-CSE-01-02153,CSE-01,LOW,2024-11-21T18:59:55,2024-11-21T19:12:38.870486,2024-11-21T19:59:49.300413,CLOSED,,ENDPOINT-01,False
ALT-CSE-01-02154,CSE-01,HIGH,2024-10-06T00:55:34,2024-10-06T01:09:20.971625,2024-10-06T02:23:49.418298,CLOSED,,ROUTER-01,False
ALT-CSE-01-02155,CSE-01,HIGH,2024-11-29T19:11:21,2024-11-29T19:15:51.568857,2024-11-29T20:46:51.849774,CLOSED,,FIREWALL-01,False
ALT-CSE-01-02156,CSE-01,LOW,2024-10-07T14:16:17,2024-10-07T14:19:35.594631,2024-10-07T16:01:26.793385,CLOSED,,FIREWALL-01,False
ALT-CSE-01-02157,CSE-01,MEDIUM,2024-11-12T13:35:10,2024-11-12T13:48:51.430070,2024-11-12T15:34:57.453565,CLOSED,,ENDPOINT-01,False
ALT-CSE-01-02158,CSE-01,LOW,2024-12-14T11:13:49,2024-12-14T11:23:16.275219,2024-12-14T13:52:33.242605,CLOSED,,ENDPOINT-01,False
ALT-CSE-01-02159,CSE-01,LOW,2024-11-09T04:15:15,2024-11-09T04:27:47.620216,2024-11-09T05:50:13.604044,CLOSED,CAS-CSE-01-0469,ROUTER-01,False
ALT-CSE-01-02160,CSE-01,CRITICAL,2024-12-06T19:10:12,2024-12-06T19:25:05.662541,2024-12-06T19:57:13.985715,CLOSED,CAS-CSE-01-0470,DB-SERVER-01,False
ALT-CSE-01-02161,CSE-01,MEDIUM,2024-10-30T04:54:38,2024-10-30T05:06:06.746713,2024-10-30T06:14:14.404636,CLOSED,,ROUTER-01,False
ALT-CSE-01-02162,CSE-01,HIGH,2024-11-16T06:52:42,2024-11-16T06:54:08.442848,2024-11-16T08:03:15.349435,CLOSED,,FIREWALL-01,False
ALT-CSE-01-02163,CSE-01,HIGH,2024-12-02T08:44:34,2024-12-02T08:48:16.601255,2024-12-02T09:56:47.363252,CLOSED,,ROUTER-01,False
ALT-CSE-01-02164,CSE-01,HIGH,2024-10-01T06:16:54,2024-10-01T06:27:07.896198,2024-10-01T07:36:12.962574,CLOSED,,DB-SERVER-01,False
ALT-CSE-01-02165,CSE-01,HIGH,2024-10-01T20:19:59,2024-10-01T20:34:57.382469,2024-10-01T22:35:59.161803,CLOSED,,DB-SERVER-01,False
ALT-CSE-01-02166,CSE-01,MEDIUM,2024-10-12T09:36:06,2024-10-12T09:37:23.719837,2024-10-12T11:09:29.392869,CLOSED,,ENDPOINT-01,False
ALT-CSE-01-02167,CSE-01,LOW,2024-10-11T02:36:06,2024-10-11T02:50:14.824090,2024-10-11T04:14:20.196162,CLOSED,CAS-CSE-01-0471,FIREWALL-01,False
ALT-CSE-01-02168,CSE-01,MEDIUM,2024-11-27T13:27:28,2024-11-27T13:38:23.172512,2024-11-27T15:06:31.399097,CLOSED,,ENDPOINT-01,False
ALT-CSE-01-02169,CSE-01,HIGH,2024-12-05T18:06:18,2024-12-05T18:16:33.039847,2024-12-05T20:49:54.121256,CLOSED,,FIREWALL-01,False
ALT-CSE-01-02170,CSE-01,LOW,2024-11-06T09:18:53,2024-11-06T09:30:15.823053,2024-11-06T11:23:12.762301,CLOSED,,DB-SERVER-01,False
ALT-CSE-01-02171,CSE-01,HIGH,2024-10-18T12:43:38,2024-10-18T12:51:36.513371,2024-10-18T13:42:29.824368,CLOSED,,ENDPOINT-01,False
ALT-CSE-01-02172,CSE-01,CRITICAL,2024-10-05T03:42:47,2024-10-05T03:54:17.375311,2024-10-05T04:35:55.866044,CLOSED,,ENDPOINT-01,False
ALT-CSE-01-02173,CSE-01,MEDIUM,2024-10-14T11:24:17,2024-10-14T11:32:55.471578,2024-10-14T13:14:54.382423,CLOSED,,ROUTER-01,False
ALT-CSE-01-02174,CSE-01,MEDIUM,2024-11-14T23:41:49,2024-11-14T23:50:29.304271,2024-11-15T02:19:21.161615,CLOSED,,WEB-SERVER-01,False
ALT-CSE-01-02175,CSE-01,MEDIUM,2024-10-11T03:24:52,2024-10-11T03:31:46.141938,2024-10-11T05:25:52.534863,CLOSED,,WEB-SERVER-01,False
ALT-CSE-01-02176,CSE-01,LOW,2024-10-21T12:43:57,2024-10-21T12:56:15.543583,2024-10-21T14:54:24.332270,CLOSED,,WEB-SERVER-01,False
ALT-CSE-01-02177,CSE-01,LOW,2024-11-07T23:09:47,2024-11-07T23:17:16.749046,2024-11-08T00:50:00.164656,CLOSED,,ENDPOINT-01,False
ALT-CSE-01-02178,CSE-01,MEDIUM,2024-10-09T06:13:35,2024-10-09T06:18:56.533184,2024-10-09T07:21:17.014317,CLOSED,,ENDPOINT-01,False
ALT-CSE-01-02179,CSE-01,MEDIUM,2024-11-23T07:40:13,2024-11-23T07:42:08.543290,2024-11-23T09:56:12.398186,CLOSED,,ENDPOINT-01,False
ALT-CSE-01-02180,CSE-01,CRITICAL,2024-10-13T15:38:55,2024-10-13T15:40:16.653180,2024-10-13T16:21:50.084987,CLOSED,CAS-CSE-01-0472,ENDPOINT-01,False
ALT-CSE-01-02181,CSE-01,HIGH,2024-11-26T07:06:57,2024-11-26T07:13:44.675247,2024-11-26T09:33:56.431120,CLOSED,,WEB-SERVER-01,False
ALT-CSE-01-02182,CSE-01,HIGH,2024-12-13T21:24:14,2024-12-13T21:38:37.798755,2024-12-14T00:48:46.395150,CLOSED,CAS-CSE-01-0473,WEB-SERVER-01,False
ALT-CSE-01-02183,CSE-01,LOW,2024-10-01T04:44:52,2024-10-01T04:45:55.359384,2024-10-01T06:14:05.914382,CLOSED,,FIREWALL-01,False
ALT-CSE-01-02184,CSE-01,CRITICAL,2024-11-18T11:00:02,2024-11-18T11:12:27.547146,2024-11-18T11:54:05.479527,CLOSED,CAS-CSE-01-0474,DB-SERVER-01,False
ALT-CSE-01-02185,CSE-01,HIGH,2024-12-27T20:57:24,2024-12-27T20:59:01.591850,2024-12-27T22:01:44.363751,CLOSED,,ROUTER-01,False
ALT-CSE-01-02186,CSE-01,LOW,2024-12-12T06:13:40,2024-12-12T06:22:42.135464,2024-12-12T07:47:05.724676,CLOSED,CAS-CSE-01-0475,ROUTER-01,False
ALT-CSE-01-02187,CSE-01,MEDIUM,2024-11-20T11:20:06,2024-11-20T11:21:10.102739,2024-11-20T13:50:07.492710,CLOSED,CAS-CSE-01-0476,ENDPOINT-01,False
ALT-CSE-01-02188,CSE-01,MEDIUM,2024-12-23T09:57:32,2024-12-23T10:11:16.758871,2024-12-23T13:18:57.221632,CLOSED,,ROUTER-01,False
ALT-CSE-01-02189,CSE-01,LOW,2024-10-31T01:03:31,2024-10-31T01:12:34.497638,2024-10-31T02:46:18.759323,CLOSED,,ENDPOINT-01,False
ALT-CSE-01-02190,CSE-01,MEDIUM,2024-12-06T17:41:00,2024-12-06T17:42:46.303903,2024-12-06T18:35:08.718379,CLOSED,,FIREWALL-01,False
ALT-CSE-01-02191,CSE-01,CRITICAL,2024-11-03T16:58:58,2024-11-03T17:02:52.081560,2024-11-03T17:41:46.516210,CLOSED,CAS-CSE-01-0477,WEB-SERVER-01,False
ALT-CSE-01-02192,CSE-01,MEDIUM,2024-10-05T04:18:27,2024-10-05T04:28:02.262569,2024-10-05T07:07:24.760346,CLOSED,CAS-CSE-01-0478,ENDPOINT-01,False
ALT-CSE-01-02193,CSE-01,LOW,2024-12-15T11:38:57,2024-12-15T11:48:48.057596,2024-12-15T14:26:02.282867,CLOSED,,WEB-SERVER-01,False
ALT-CSE-01-02194,CSE-01,MEDIUM,2024-12-08T16:14:17,2024-12-08T16:19:40.613362,2024-12-08T20:09:26.224842,CLOSED,,WEB-SERVER-01,False
ALT-CSE-01-02195,CSE-01,LOW,2024-10-15T23:42:18,2024-10-15T23:53:05.878684,2024-10-16T01:13:05.538483,CLOSED,,ENDPOINT-01,False
ALT-CSE-01-02196,CSE-01,HIGH,2024-10-03T00:42:12,2024-10-03T00:43:24.842131,2024-10-03T02:49:58.500010,CLOSED,,ENDPOINT-01,False
ALT-CSE-01-02197,CSE-01,LOW,2024-11-06T20:20:44,2024-11-06T20:23:46.443388,2024-11-06T22:27:57.590939,CLOSED,,ENDPOINT-01,False
ALT-CSE-01-02198,CSE-01,LOW,2024-10-25T14:47:58,2024-10-25T14:49:06.347933,2024-10-25T16:51:55.164184,CLOSED,,ROUTER-01,False
ALT-CSE-01-02199,CSE-01,MEDIUM,2024-10-03T15:37:03,2024-10-03T15:51:38.059009,2024-10-03T18:19:31.417599,CLOSED,,ROUTER-01,False
ALT-CSE-01-02200,CSE-01,LOW,2024-10-20T17:29:26,2024-10-20T17:34:35.997508,2024-10-20T19:51:27.272842,CLOSED,,FIREWALL-01,False
ALT-CSE-01-02201,CSE-01,HIGH,2024-12-24T02:31:47,2024-12-24T02:44:39.073185,2024-12-24T03:35:34.275759,CLOSED,,ENDPOINT-01,False
ALT-CSE-01-02202,CSE-01,MEDIUM,2024-10-02T18:41:06,2024-10-02T18:42:30.052173,2024-10-02T21:08:30.141259,CLOSED,,ENDPOINT-01,False
ALT-CSE-01-02203,CSE-01,MEDIUM,2024-10-04T08:16:29,2024-10-04T08:23:02.049849,2024-10-04T08:29:10.852098,CLOSED,,WEB-SERVER-01,False
ALT-CSE-01-02204,CSE-01,LOW,2024-12-23T00:22:31,2024-12-23T00:27:12.243520,2024-12-23T02:16:00.491941,CLOSED,,WEB-SERVER-01,False
ALT-CSE-01-02205,CSE-01,MEDIUM,2024-11-11T07:21:46,2024-11-11T07:23:11.540446,2024-11-11T09:32:14.988142,CLOSED,,ENDPOINT-01,False
ALT-CSE-01-02206,CSE-01,HIGH,2024-11-07T04:05:03,2024-11-07T04:10:36.624454,2024-11-07T06:35:18.472090,CLOSED,,DB-SERVER-01,False
ALT-CSE-01-02207,CSE-01,MEDIUM,2024-10-12T09:33:46,2024-10-12T09:44:32.816729,2024-10-12T12:57:16.088425,CLOSED,,FIREWALL-01,False
ALT-CSE-01-02208,CSE-01,HIGH,2024-12-25T04:49:02,2024-12-25T05:03:24.316864,2024-12-25T07:11:10.004555,CLOSED,,ENDPOINT-01,False
ALT-CSE-01-02209,CSE-01,MEDIUM,2024-11-15T09:49:59,2024-11-15T09:57:28.845609,2024-11-15T12:42:07.465375,CLOSED,,DB-SERVER-01,False
ALT-CSE-01-02210,CSE-01,HIGH,2024-12-07T17:36:56,2024-12-07T17:40:11.041195,2024-12-07T18:13:30.060308,CLOSED,,WEB-SERVER-01,False
ALT-CSE-01-02211,CSE-01,HIGH,2024-10-31T09:25:54,2024-10-31T09:32:34.400319,2024-10-31T11:50:46.944516,CLOSED,,DB-SERVER-01,False
ALT-CSE-01-02212,CSE-01,CRITICAL,2024-10-01T00:02:11,2024-10-01T00:11:39.214301,2024-10-01T00:58:00.773592,CLOSED,CAS-CSE-01-0479,ENDPOINT-01,False
ALT-CSE-01-02213,CSE-01,LOW,2024-12-29T00:13:58,2024-12-29T00:19:41.481203,2024-12-29T02:04:56.556064,CLOSED,,WEB-SERVER-01,False
ALT-CSE-01-02214,CSE-01,HIGH,2024-12-10T07:50:11,2024-12-10T07:51:21.320911,2024-12-10T10:44:35.027274,CLOSED,,ENDPOINT-01,False
ALT-CSE-01-02215,CSE-01,MEDIUM,2024-10-06T11:10:02,2024-10-06T11:16:10.857126,2024-10-06T14:06:27.562244,CLOSED,,DB-SERVER-01,False
ALT-CSE-01-02216,CSE-01,MEDIUM,2024-12-18T22:54:45,2024-12-18T22:59:41.159990,2024-12-19T01:12:12.551626,CLOSED,,DB-SERVER-01,False
ALT-CSE-01-02217,CSE-01,CRITICAL,2024-12-03T21:10:29,2024-12-03T21:24:24.041767,2024-12-03T22:11:19.363700,CLOSED,CAS-CSE-01-0480,DB-SERVER-01,False
ALT-CSE-01-02218,CSE-01,CRITICAL,2024-11-16T16:20:41,2024-11-16T16:23:23.486334,2024-11-16T17:09:11.075401,CLOSED,CAS-CSE-01-0481,FIREWALL-01,False
ALT-CSE-01-02219,CSE-01,HIGH,2024-10-21T07:13:59,2024-10-21T07:24:29.349304,2024-10-21T08:38:55.603548,CLOSED,,WEB-SERVER-01,False
ALT-CSE-01-02220,CSE-01,HIGH,2024-11-05T18:27:25,2024-11-05T18:34:55.893602,2024-11-05T20:59:43.010822,CLOSED,,ROUTER-01,False
ALT-CSE-01-02221,CSE-01,HIGH,2024-12-11T22:28:25,2024-12-11T22:37:00.684051,2024-12-11T23:52:18.146344,CLOSED,,ENDPOINT-01,False
ALT-CSE-01-02222,CSE-01,HIGH,2024-11-24T08:22:19,2024-11-24T08:28:41.445045,2024-11-24T10:15:29.665165,CLOSED,,ROUTER-01,False
ALT-CSE-01-02223,CSE-01,CRITICAL,2024-12-16T06:25:15,2024-12-16T06:36:59.442687,2024-12-16T07:23:23.592564,CLOSED,CAS-CSE-01-0482,DB-SERVER-01,False
ALT-CSE-01-02224,CSE-01,LOW,2024-11-15T18:41:21,2024-11-15T18:48:50.434013,2024-11-15T20:37:44.799520,CLOSED,,ENDPOINT-01,False
ALT-CSE-01-02225,CSE-01,MEDIUM,2024-12-04T19:05:06,2024-12-04T19:13:43.327799,2024-12-04T21:37:19.886926,CLOSED,CAS-CSE-01-0483,WEB-SERVER-01,False
ALT-CSE-01-02226,CSE-01,MEDIUM,2024-10-30T13:36:57,2024-10-30T13:51:24.720115,2024-10-30T15:25:47.468990,CLOSED,,DB-SERVER-01,False
ALT-CSE-01-02227,CSE-01,MEDIUM,2024-11-12T06:32:45,2024-11-12T06:35:57.461534,2024-11-12T09:15:32.705798,CLOSED,CAS-CSE-01-0484,DB-SERVER-01,False
ALT-CSE-01-02228,CSE-01,LOW,2024-10-03T06:19:25,2024-10-03T06:28:33.794677,2024-10-03T08:02:21.782422,CLOSED,,DB-SERVER-01,False
ALT-CSE-01-02229,CSE-01,LOW,2024-12-07T10:27:49,2024-12-07T10:40:27.115923,2024-12-07T12:20:22.345703,CLOSED,,DB-SERVER-01,False
ALT-CSE-01-02230,CSE-01,LOW,2024-11-29T11:47:51,2024-11-29T11:54:14.986276,2024-11-29T13:42:43.187147,CLOSED,,ROUTER-01,False
ALT-CSE-01-02231,CSE-01,CRITICAL,2024-11-25T14:44:13,2024-11-25T14:51:52.716182,2024-11-25T15:26:15.046326,CLOSED,CAS-CSE-01-0485,FIREWALL-01,False
ALT-CSE-01-02232,CSE-01,CRITICAL,2024-12-03T15:11:08,2024-12-03T15:17:58.914086,2024-12-03T15:49:01.913197,CLOSED,CAS-CSE-01-0486,DB-SERVER-01,False
ALT-CSE-01-02233,CSE-01,CRITICAL,2024-12-07T11:02:01,2024-12-07T11:03:10.934322,2024-12-07T11:30:12.616114,CLOSED,CAS-CSE-01-0487,WEB-SERVER-01,False
ALT-CSE-01-02234,CSE-01,CRITICAL,2024-12-09T06:13:58,2024-12-09T06:26:55.715304,2024-12-09T06:44:24.723272,CLOSED,CAS-CSE-01-0488,DB-SERVER-01,False
ALT-CSE-01-02235,CSE-01,LOW,2024-11-24T19:45:33,2024-11-24T19:48:55.350893,2024-11-24T21:38:03.766782,CLOSED,,ROUTER-01,False
ALT-CSE-01-02236,CSE-01,LOW,2024-10-05T03:02:59,2024-10-05T03:17:47.479119,2024-10-05T03:58:36.661389,CLOSED,,ROUTER-01,False
ALT-CSE-01-02237,CSE-01,MEDIUM,2024-10-17T03:12:36,2024-10-17T03:17:27.844656,2024-10-17T04:54:22.373433,CLOSED,,ROUTER-01,False
ALT-CSE-01-02238,CSE-01,CRITICAL,2024-10-11T13:37:32,2024-10-11T13:49:37.484062,2024-10-11T14:06:10.420967,CLOSED,CAS-CSE-01-0489,FIREWALL-01,False
ALT-CSE-01-02239,CSE-01,MEDIUM,2024-11-19T13:05:29,2024-11-19T13:10:33.914826,2024-11-19T14:14:56.887182,CLOSED,,ROUTER-01,False
ALT-CSE-01-02240,CSE-01,LOW,2024-10-30T09:19:07,2024-10-30T09:32:50.762218,2024-10-30T10:18:52.128449,CLOSED,CAS-CSE-01-0490,WEB-SERVER-01,False
ALT-CSE-01-02241,CSE-01,MEDIUM,2024-11-14T19:41:07,2024-11-14T19:51:09.467856,2024-11-14T19:42:07,CLOSED,,FIREWALL-01,False
ALT-CSE-01-02242,CSE-01,HIGH,2024-10-14T08:49:35,2024-10-14T08:55:51.287104,2024-10-14T10:41:38.852699,CLOSED,,ENDPOINT-01,False
ALT-CSE-01-02243,CSE-01,CRITICAL,2024-11-21T21:10:24,2024-11-21T21:14:43.382180,2024-11-21T21:52:32.303836,CLOSED,CAS-CSE-01-0491,WEB-SERVER-01,False
ALT-CSE-01-02244,CSE-01,HIGH,2024-10-18T09:41:49,2024-10-18T09:45:59.305606,2024-10-18T11:47:34.080384,CLOSED,,WEB-SERVER-01,False
ALT-CSE-01-02245,CSE-01,HIGH,2024-12-14T17:43:38,2024-12-14T17:57:47.558402,2024-12-14T20:01:52.888235,CLOSED,,WEB-SERVER-01,False
ALT-CSE-01-02246,CSE-01,LOW,2024-12-24T08:16:42,2024-12-24T08:29:44.304854,2024-12-24T10:44:59.155992,CLOSED,,WEB-SERVER-01,False
ALT-CSE-01-02247,CSE-01,HIGH,2024-12-17T12:15:51,2024-12-17T12:19:58.880606,2024-12-17T13:40:31.640814,CLOSED,,FIREWALL-01,False
ALT-CSE-01-02248,CSE-01,CRITICAL,2024-10-21T04:51:21,2024-10-21T04:57:56.515171,2024-10-21T05:17:32.202409,CLOSED,CAS-CSE-01-0492,ENDPOINT-01,False
ALT-CSE-01-02249,CSE-01,LOW,2024-11-10T00:27:01,2024-11-10T00:36:56.088880,2024-11-10T03:18:40.985702,CLOSED,,DB-SERVER-01,False
ALT-CSE-01-02250,CSE-01,HIGH,2024-11-05T09:52:28,2024-11-05T09:55:44.108578,2024-11-05T11:30:38.442007,CLOSED,CAS-CSE-01-0493,ROUTER-01,False
ALT-CSE-01-02251,CSE-01,HIGH,2024-10-30T19:59:24,2024-10-30T20:08:18.212496,2024-10-30T22:39:59.665967,CLOSED,,ROUTER-01,False
ALT-CSE-01-02252,CSE-01,HIGH,2024-10-20T07:51:12,2024-10-20T08:01:44.200475,2024-10-20T10:25:27.276244,CLOSED,,ROUTER-01,False
ALT-CSE-01-02253,CSE-01,MEDIUM,2024-11-23T22:55:39,2024-11-23T23:04:56.414831,2024-11-24T00:43:31.479902,CLOSED,,DB-SERVER-01,False
ALT-CSE-01-02254,CSE-01,LOW,2024-12-28T18:06:53,2024-12-28T18:10:16.135426,2024-12-28T19:55:44.555284,CLOSED,,ENDPOINT-01,False
ALT-CSE-01-02255,CSE-01,MEDIUM,2024-12-10T09:56:27,2024-12-10T10:02:45.783321,2024-12-10T11:51:59.242733,CLOSED,,FIREWALL-01,False
ALT-CSE-01-02256,CSE-01,MEDIUM,2024-10-27T22:54:06,2024-10-27T23:03:43.162178,2024-10-28T01:07:49.993978,CLOSED,CAS-CSE-01-0494,DB-SERVER-01,False
ALT-CSE-01-02257,CSE-01,MEDIUM,2024-10-31T07:24:37,2024-10-31T07:36:20.901030,2024-10-31T10:20:59.426324,CLOSED,,ENDPOINT-01,False
ALT-CSE-01-02258,CSE-01,MEDIUM,2024-12-19T10:57:26,2024-12-19T11:09:01.680111,2024-12-19T12:50:28.568987,CLOSED,,ROUTER-01,False
ALT-CSE-01-02259,CSE-01,MEDIUM,2024-11-18T00:57:10,2024-11-18T00:58:43.003099,2024-11-18T03:12:21.114071,CLOSED,,WEB-SERVER-01,False
ALT-CSE-01-02260,CSE-01,MEDIUM,2024-10-07T08:34:09,2024-10-07T08:46:27.096190,2024-10-07T09:33:14.314076,CLOSED,,FIREWALL-01,False
ALT-CSE-01-02261,CSE-01,HIGH,2024-11-06T02:48:25,2024-11-06T03:00:30.519113,2024-11-06T04:45:29.429697,CLOSED,,WEB-SERVER-01,False
ALT-CSE-01-02262,CSE-01,CRITICAL,2024-10-08T15:38:42,2024-10-08T15:46:03.852234,2024-10-08T16:17:05.829704,CLOSED,CAS-CSE-01-0495,ROUTER-01,False
ALT-CSE-01-02263,CSE-01,MEDIUM,2024-10-11T00:44:35,2024-10-11T00:54:43.109854,2024-10-11T03:23:25.489723,CLOSED,CAS-CSE-01-0496,DB-SERVER-01,False
ALT-CSE-01-02264,CSE-01,HIGH,2024-10-07T01:37:39,2024-10-07T01:41:01.107320,2024-10-07T03:16:51.830782,CLOSED,,ROUTER-01,False
ALT-CSE-01-02265,CSE-01,CRITICAL,2024-12-09T15:38:57,2024-12-09T15:40:18.344771,2024-12-09T16:30:56.252241,CLOSED,CAS-CSE-01-0497,FIREWALL-01,False
ALT-CSE-01-02266,CSE-01,LOW,2024-10-14T08:16:20,2024-10-14T08:17:23.631045,2024-10-14T10:36:25.931022,CLOSED,,WEB-SERVER-01,False
ALT-CSE-01-02267,CSE-01,HIGH,2024-12-24T15:36:44,2024-12-24T15:50:42.172883,2024-12-24T18:23:05.230965,CLOSED,,DB-SERVER-01,False
ALT-CSE-01-02268,CSE-01,LOW,2024-12-16T12:09:37,2024-12-16T12:24:28.870897,2024-12-16T14:06:28.079735,CLOSED,,DB-SERVER-01,False
ALT-CSE-01-02269,CSE-01,MEDIUM,2024-12-04T05:23:17,2024-12-04T05:37:52.195618,2024-12-04T06:36:36.809010,CLOSED,,ENDPOINT-01,False
ALT-CSE-01-02270,CSE-01,HIGH,2024-11-08T07:05:43,2024-11-08T07:12:18.459196,2024-11-08T09:16:12.890975,CLOSED,,ROUTER-01,False
ALT-CSE-01-02271,CSE-01,MEDIUM,2024-10-05T23:52:43,2024-10-05T23:59:17.199345,2024-10-06T01:20:00.278620,CLOSED,,ENDPOINT-01,False
ALT-CSE-01-02272,CSE-01,HIGH,2024-11-09T09:00:25,2024-11-09T09:11:42.560590,2024-11-09T11:39:59.326646,CLOSED,,DB-SERVER-01,False
ALT-CSE-01-02273,CSE-01,LOW,2024-12-12T16:48:01,2024-12-12T17:02:11.931835,2024-12-12T18:05:18.390366,CLOSED,,ROUTER-01,False
ALT-CSE-01-02274,CSE-01,HIGH,2024-12-12T21:21:05,2024-12-12T21:22:47.066596,2024-12-12T22:20:20.094696,CLOSED,CAS-CSE-01-0498,FIREWALL-01,False
ALT-CSE-01-02275,CSE-01,HIGH,2024-11-13T21:44:01,2024-11-13T21:51:27.520616,2024-11-14T00:16:32.845089,CLOSED,,DB-SERVER-01,False
ALT-CSE-01-02276,CSE-01,LOW,2024-12-01T20:53:41,2024-12-01T20:54:41.354275,2024-12-01T22:21:26.387768,CLOSED,,FIREWALL-01,False
ALT-CSE-01-02277,CSE-01,LOW,2024-10-14T06:13:31,2024-10-14T06:15:44.286020,2024-10-14T06:47:31.311019,CLOSED,,ROUTER-01,False
ALT-CSE-01-02278,CSE-01,LOW,2024-10-24T14:03:33,2024-10-24T14:16:39.539410,2024-10-24T16:26:33.733869,CLOSED,,DB-SERVER-01,False
ALT-CSE-01-02279,CSE-01,HIGH,2024-11-29T00:58:46,2024-11-29T01:00:26.574010,2024-11-29T02:24:47.601891,CLOSED,,DB-SERVER-01,False
ALT-CSE-01-02280,CSE-01,LOW,2024-10-18T02:13:22,2024-10-18T02:22:29.973949,2024-10-18T04:34:01.344189,CLOSED,,ROUTER-01,False
ALT-CSE-01-02281,CSE-01,CRITICAL,2024-11-08T22:42:37,2024-11-08T22:55:34.506505,2024-11-08T23:24:01.406475,CLOSED,,ENDPOINT-01,False
ALT-CSE-01-02282,CSE-01,HIGH,2024-10-06T21:27:08,2024-10-06T21:38:22.630002,2024-10-07T00:17:49.831384,CLOSED,,DB-SERVER-01,False
ALT-CSE-01-02283,CSE-01,MEDIUM,2024-10-16T19:21:01,2024-10-16T19:24:09.499378,2024-10-16T20:41:31.199572,CLOSED,,ENDPOINT-01,False
ALT-CSE-01-02284,CSE-01,HIGH,2024-11-03T06:29:29,2024-11-03T06:30:44.793043,2024-11-03T08:50:50.761265,CLOSED,,WEB-SERVER-01,False
ALT-CSE-01-02285,CSE-01,MEDIUM,2024-11-07T15:14:39,2024-11-07T15:22:58.189039,2024-11-07T17:31:51.670754,CLOSED,,DB-SERVER-01,False
ALT-CSE-01-02286,CSE-01,HIGH,2024-10-18T04:01:37,2024-10-18T04:11:16.004531,2024-10-18T06:16:05.141437,CLOSED,,DB-SERVER-01,False
ALT-CSE-01-02287,CSE-01,MEDIUM,2024-12-06T12:35:40,2024-12-06T12:49:47.163698,2024-12-06T13:52:28.481829,CLOSED,CAS-CSE-01-0499,ROUTER-01,False
ALT-CSE-01-02288,CSE-01,HIGH,2024-10-30T03:07:57,2024-10-30T03:21:40.367897,2024-10-30T05:33:38.839342,CLOSED,,ENDPOINT-01,False
ALT-CSE-01-02289,CSE-01,LOW,2024-12-26T16:31:27,2024-12-26T16:42:37.921693,2024-12-26T17:11:49.717361,CLOSED,,DB-SERVER-01,False
ALT-CSE-01-02290,CSE-01,MEDIUM,2024-12-11T18:17:08,2024-12-11T18:23:26.444633,2024-12-11T19:10:26.894822,CLOSED,,WEB-SERVER-01,False
ALT-CSE-01-02291,CSE-01,HIGH,2024-12-13T02:06:18,2024-12-13T02:18:25.744107,2024-12-13T04:04:48.935256,CLOSED,CAS-CSE-01-0500,DB-SERVER-01,False
ALT-CSE-01-02292,CSE-01,MEDIUM,2024-11-22T00:57:53,2024-11-22T01:02:24.932093,2024-11-22T03:05:26.314090,CLOSED,,WEB-SERVER-01,False
ALT-CSE-01-02293,CSE-01,CRITICAL,2024-11-29T20:07:53,2024-11-29T20:21:32.005679,2024-11-29T20:55:34.972132,CLOSED,CAS-CSE-01-0501,WEB-SERVER-01,False
ALT-CSE-01-02294,CSE-01,MEDIUM,2024-10-04T13:35:22,2024-10-04T13:47:17.852015,2024-10-04T15:16:06.841922,CLOSED,,FIREWALL-01,False
ALT-CSE-01-02295,CSE-01,HIGH,2024-10-01T20:56:18,2024-10-01T21:08:02.987117,2024-10-02T00:03:04.083289,CLOSED,,ENDPOINT-01,False
ALT-CSE-01-02296,CSE-01,MEDIUM,2024-10-24T08:13:36,2024-10-24T08:17:03.032748,2024-10-24T10:49:18.767715,CLOSED,CAS-CSE-01-0502,WEB-SERVER-01,False
ALT-CSE-01-02297,CSE-01,HIGH,2024-10-15T03:29:26,2024-10-15T03:37:01.836686,2024-10-15T04:55:53.859732,CLOSED,,FIREWALL-01,False
ALT-CSE-01-02298,CSE-01,MEDIUM,2024-11-04T19:34:17,2024-11-04T19:42:26.154918,2024-11-04T21:09:55.578591,CLOSED,,FIREWALL-01,False
ALT-CSE-01-02299,CSE-01,MEDIUM,2024-12-04T10:35:44,2024-12-04T10:44:20.471694,2024-12-04T11:33:27.435433,CLOSED,,FIREWALL-01,False
ALT-CSE-01-02300,CSE-01,HIGH,2024-11-03T09:10:45,2024-11-03T09:21:09.828795,2024-11-03T10:59:26.995728,CLOSED,,ENDPOINT-01,False
ALT-CSE-01-02301,CSE-01,HIGH,2024-12-25T07:12:49,2024-12-25T07:22:34.762140,2024-12-25T08:46:50.035606,CLOSED,,ENDPOINT-01,False
ALT-CSE-01-02302,CSE-01,LOW,2024-12-10T12:23:25,2024-12-10T12:32:26.735084,2024-12-10T13:19:06.633015,CLOSED,,DB-SERVER-01,False
ALT-CSE-01-02303,CSE-01,CRITICAL,2024-11-24T16:25:17,2024-11-24T16:28:46.395846,2024-11-24T17:40:17.411666,CLOSED,CAS-CSE-01-0503,WEB-SERVER-01,False
ALT-CSE-01-02304,CSE-01,HIGH,2024-12-17T06:45:27,2024-12-17T06:52:23.351932,2024-12-17T08:40:47.579355,CLOSED,,ROUTER-01,False
ALT-CSE-01-02305,CSE-01,HIGH,2024-10-04T08:54:07,2024-10-04T09:00:09.696152,2024-10-04T09:54:16.252623,CLOSED,,ROUTER-01,False
ALT-CSE-01-02306,CSE-01,CRITICAL,2024-12-18T18:25:19,2024-12-18T18:29:25.385534,2024-12-18T19:09:26.938993,CLOSED,CAS-CSE-01-0504,WEB-SERVER-01,False
ALT-CSE-01-02307,CSE-01,LOW,2024-11-30T14:11:43,2024-11-30T14:12:52.504331,2024-11-30T15:31:10.523189,CLOSED,,FIREWALL-01,False
ALT-CSE-01-02308,CSE-01,HIGH,2024-10-26T19:04:44,2024-10-26T19:09:49.734292,2024-10-26T20:32:51.700207,CLOSED,,WEB-SERVER-01,False
ALT-CSE-01-02309,CSE-01,HIGH,2024-10-26T00:30:06,2024-10-26T00:35:52.089267,2024-10-26T03:19:58.933700,CLOSED,,WEB-SERVER-01,False
ALT-CSE-01-02310,CSE-01,LOW,2024-10-23T05:20:11,2024-10-23T05:32:39.641549,2024-10-23T07:54:34.895655,CLOSED,,ENDPOINT-01,False
ALT-CSE-01-02311,CSE-01,HIGH,2024-11-10T08:12:34,2024-11-10T08:27:15.936257,2024-11-10T11:43:14.801621,CLOSED,,DB-SERVER-01,False
ALT-CSE-01-02312,CSE-01,MEDIUM,2024-11-01T15:56:08,2024-11-01T16:07:22.366552,2024-11-01T18:32:11.249681,CLOSED,,FIREWALL-01,False
ALT-CSE-01-02313,CSE-01,LOW,2024-10-13T07:46:30,2024-10-13T07:58:40.118677,2024-10-13T10:12:15.179543,CLOSED,,WEB-SERVER-01,False
ALT-CSE-01-02314,CSE-01,MEDIUM,2024-10-18T18:46:24,2024-10-18T18:57:12.337804,2024-10-18T20:34:17.115716,CLOSED,,ROUTER-01,False
ALT-CSE-01-02315,CSE-01,LOW,2024-11-13T11:14:03,2024-11-13T11:18:10.770535,2024-11-13T13:54:55.283915,CLOSED,,WEB-SERVER-01,False
ALT-CSE-01-02316,CSE-01,LOW,2024-11-27T23:47:33,2024-11-27T23:49:47.788157,2024-11-28T01:36:29.580661,CLOSED,,ROUTER-01,False
ALT-CSE-01-02317,CSE-01,LOW,2024-10-05T06:32:16,2024-10-05T06:42:15.776078,2024-10-05T09:30:26.480098,CLOSED,,WEB-SERVER-01,False
ALT-CSE-01-02318,CSE-01,HIGH,2024-10-16T16:23:44,2024-10-16T16:32:58.100683,2024-10-16T17:21:49.263305,CLOSED,,WEB-SERVER-01,False
ALT-CSE-01-02319,CSE-01,HIGH,2024-12-16T11:19:31,2024-12-16T11:23:19.807449,2024-12-16T12:53:25.110537,CLOSED,,ENDPOINT-01,False
ALT-CSE-01-02320,CSE-01,HIGH,2024-12-01T01:36:16,2024-12-01T01:50:51.792317,2024-12-01T03:27:51.902120,CLOSED,,DB-SERVER-01,False
ALT-CSE-01-02321,CSE-01,CRITICAL,2024-12-28T01:51:03,2024-12-28T02:02:21.341331,2024-12-28T02:40:03.183979,CLOSED,CAS-CSE-01-0505,ENDPOINT-01,False
ALT-CSE-01-02322,CSE-01,CRITICAL,2024-11-17T03:56:30,2024-11-17T04:07:08.746128,2024-11-17T04:49:44.593407,CLOSED,CAS-CSE-01-0506,ROUTER-01,False
ALT-CSE-01-02323,CSE-01,HIGH,2024-11-22T21:43:04,2024-11-22T21:56:38.833668,2024-11-23T00:45:24.185252,CLOSED,,ENDPOINT-01,False
ALT-CSE-01-02324,CSE-01,LOW,2024-12-24T16:59:50,2024-12-24T17:11:51.154922,2024-12-24T19:44:35.013729,CLOSED,,FIREWALL-01,False
ALT-CSE-01-02325,CSE-01,CRITICAL,2024-12-20T13:24:21,2024-12-20T13:31:08.930402,2024-12-20T13:48:56.013159,CLOSED,CAS-CSE-01-0507,ENDPOINT-01,False
ALT-CSE-01-02326,CSE-01,MEDIUM,2024-12-16T07:20:38,2024-12-16T07:28:14.729419,2024-12-16T09:36:54.976958,CLOSED,,FIREWALL-01,False
ALT-CSE-01-02327,CSE-01,HIGH,2024-10-09T03:22:41,2024-10-09T03:36:22.308985,2024-10-09T06:19:15.092964,CLOSED,,DB-SERVER-01,False
ALT-CSE-01-02328,CSE-01,LOW,2024-12-15T09:09:05,2024-12-15T09:15:36.450226,2024-12-15T10:17:53.816132,CLOSED,,WEB-SERVER-01,False
ALT-CSE-01-02329,CSE-01,LOW,2024-10-18T00:24:42,2024-10-18T00:37:56.552510,2024-10-18T02:17:04.001596,CLOSED,,DB-SERVER-01,False
ALT-CSE-01-02330,CSE-01,CRITICAL,2024-12-25T12:20:10,2024-12-25T12:31:11.435496,2024-12-25T13:04:10.024722,CLOSED,CAS-CSE-01-0508,WEB-SERVER-01,False
ALT-CSE-01-02331,CSE-01,MEDIUM,2024-10-13T17:51:06,2024-10-13T18:01:19.672166,2024-10-13T19:57:38.656703,CLOSED,,ENDPOINT-01,False
ALT-CSE-01-02332,CSE-01,HIGH,2024-10-24T00:25:48,2024-10-24T00:38:49.164297,2024-10-24T02:12:12.497859,CLOSED,,DB-SERVER-01,False
ALT-CSE-01-02333,CSE-01,MEDIUM,2024-10-06T23:52:30,2024-10-06T23:54:15.452471,2024-10-07T01:45:24.481180,CLOSED,,ROUTER-01,False
ALT-CSE-01-02334,CSE-01,MEDIUM,2024-12-09T01:43:08,2024-12-09T01:55:54.994131,2024-12-09T03:38:27.424343,CLOSED,,WEB-SERVER-01,False
ALT-CSE-01-02335,CSE-01,LOW,2024-10-12T02:55:28,2024-10-12T03:07:32.444515,2024-10-12T06:03:53.546700,CLOSED,,FIREWALL-01,False
ALT-CSE-01-02336,CSE-01,HIGH,2024-10-18T07:53:38,2024-10-18T08:02:17.635010,2024-10-18T10:57:01.880681,CLOSED,,WEB-SERVER-01,False
ALT-CSE-01-02337,CSE-01,LOW,2024-12-27T13:20:28,2024-12-27T13:22:11.068892,2024-12-27T15:18:02.620861,CLOSED,,ENDPOINT-01,False
ALT-CSE-01-02338,CSE-01,MEDIUM,2024-12-18T11:20:09,2024-12-18T11:32:11.620321,2024-12-18T13:06:54.766582,CLOSED,CAS-CSE-01-0509,WEB-SERVER-01,False
ALT-CSE-01-02339,CSE-01,LOW,2024-10-04T05:13:37,2024-10-04T05:28:07.711250,2024-10-04T06:54:36.974027,CLOSED,,WEB-SERVER-01,False
ALT-CSE-01-02340,CSE-01,CRITICAL,2024-10-23T17:29:30,2024-10-23T17:41:19.274393,2024-10-23T18:11:55.091038,CLOSED,CAS-CSE-01-0510,DB-SERVER-01,False
ALT-CSE-01-02341,CSE-01,LOW,2024-10-17T11:12:36,2024-10-17T11:23:47.543596,2024-10-17T13:30:48.074848,CLOSED,,FIREWALL-01,False
ALT-CSE-01-02342,CSE-01,MEDIUM,2024-10-22T06:06:01,2024-10-22T06:12:28.441207,2024-10-22T09:36:39.709651,CLOSED,CAS-CSE-01-0511,WEB-SERVER-01,False
ALT-CSE-01-02343,CSE-01,MEDIUM,2024-12-28T12:52:23,2024-12-28T13:02:55.057204,2024-12-28T14:37:33.521015,CLOSED,CAS-CSE-01-0512,ENDPOINT-01,False
ALT-CSE-01-02344,CSE-01,HIGH,2024-11-28T07:01:09,2024-11-28T07:06:25.455682,2024-11-28T08:29:45.874763,CLOSED,,FIREWALL-01,False
ALT-CSE-01-02345,CSE-01,LOW,2024-12-09T10:48:04,2024-12-09T11:01:57.359999,2024-12-09T13:06:16.060711,CLOSED,CAS-CSE-01-0513,FIREWALL-01,False
ALT-CSE-01-02346,CSE-01,CRITICAL,2024-11-05T15:11:59,2024-11-05T15:14:45.076788,2024-11-05T15:43:31.405995,CLOSED,,ROUTER-01,False
ALT-CSE-01-02347,CSE-01,MEDIUM,2024-11-30T14:04:43,2024-11-30T14:18:24.200163,2024-11-30T15:55:21.450822,CLOSED,,FIREWALL-01,False
ALT-CSE-01-02348,CSE-01,HIGH,2024-10-04T03:11:09,2024-10-04T03:21:20.549031,2024-10-04T04:43:52.242347,CLOSED,,FIREWALL-01,False
ALT-CSE-01-02349,CSE-01,MEDIUM,2024-10-21T08:40:08,2024-10-21T08:52:50.730478,2024-10-21T11:16:48.437227,CLOSED,,ROUTER-01,False
ALT-CSE-01-02350,CSE-01,MEDIUM,2024-12-04T05:44:54,2024-12-04T05:55:52.006822,2024-12-04T07:46:45.737528,CLOSED,,ROUTER-01,False
ALT-CSE-01-02351,CSE-01,MEDIUM,2024-11-16T13:16:24,2024-11-16T13:26:58.386555,2024-11-16T15:22:06.802790,CLOSED,,WEB-SERVER-01,False
ALT-CSE-01-02352,CSE-01,HIGH,2024-12-20T17:26:30,2024-12-20T17:34:26.411358,2024-12-20T20:02:01.270955,CLOSED,,ROUTER-01,False
ALT-CSE-01-02353,CSE-01,HIGH,2024-11-01T19:49:25,2024-11-01T19:50:43.302387,2024-11-01T21:53:22.848607,CLOSED,,ENDPOINT-01,False
ALT-CSE-01-02354,CSE-01,MEDIUM,2024-12-22T16:07:09,2024-12-22T16:20:46.248456,2024-12-22T16:18:44.118652,CLOSED,,DB-SERVER-01,False
ALT-CSE-01-02355,CSE-01,MEDIUM,2024-12-06T10:53:47,2024-12-06T11:08:02.748157,2024-12-06T12:07:28.460236,CLOSED,,ENDPOINT-01,False
ALT-CSE-01-02356,CSE-01,HIGH,2024-11-22T08:49:29,2024-11-22T09:00:02.065725,2024-11-22T10:40:04.978010,CLOSED,,FIREWALL-01,False
ALT-CSE-01-02357,CSE-01,MEDIUM,2024-11-05T18:34:51,2024-11-05T18:44:08.179176,2024-11-05T19:59:17.290650,CLOSED,,FIREWALL-01,False
ALT-CSE-01-02358,CSE-01,LOW,2024-11-15T16:46:40,2024-11-15T16:56:32.679393,2024-11-15T19:08:08.840471,CLOSED,,WEB-SERVER-01,False
ALT-CSE-01-02359,CSE-01,MEDIUM,2024-10-09T21:18:06,2024-10-09T21:29:03.111531,2024-10-09T23:28:23.157815,CLOSED,,DB-SERVER-01,False
ALT-CSE-01-02360,CSE-01,CRITICAL,2024-10-31T06:50:47,2024-10-31T07:02:49.440596,2024-10-31T07:29:00.984374,CLOSED,CAS-CSE-01-0514,DB-SERVER-01,False
ALT-CSE-01-02361,CSE-01,MEDIUM,2024-10-30T14:36:10,2024-10-30T14:39:10.988415,2024-10-30T16:32:54.072151,CLOSED,,ROUTER-01,False
ALT-CSE-01-02362,CSE-01,LOW,2024-12-19T17:02:33,2024-12-19T17:13:37.050201,2024-12-19T18:42:02.213061,CLOSED,,FIREWALL-01,False
ALT-CSE-01-02363,CSE-01,CRITICAL,2024-11-14T03:23:05,2024-11-14T03:37:32.595946,2024-11-14T04:02:17.690882,CLOSED,CAS-CSE-01-0515,DB-SERVER-01,False
ALT-CSE-01-02364,CSE-01,MEDIUM,2024-12-25T11:11:02,2024-12-25T11:21:55.072857,2024-12-25T12:23:03.561771,CLOSED,CAS-CSE-01-0516,ROUTER-01,False
ALT-CSE-01-02365,CSE-01,HIGH,2024-10-11T21:33:53,2024-10-11T21:37:17.272089,2024-10-12T00:24:08.706893,CLOSED,,ENDPOINT-01,False
ALT-CSE-01-02366,CSE-01,HIGH,2024-12-21T14:51:25,2024-12-21T15:01:19.717885,2024-12-21T17:55:51.244424,CLOSED,,ROUTER-01,False
ALT-CSE-01-02367,CSE-01,LOW,2024-11-08T04:14:50,2024-11-08T04:20:26.484529,2024-11-08T07:14:36.494134,CLOSED,,WEB-SERVER-01,False
ALT-CSE-01-02368,CSE-01,MEDIUM,2024-10-31T22:51:30,2024-10-31T22:58:33.137464,2024-11-01T00:38:36.923024,CLOSED,,ROUTER-01,False
ALT-CSE-01-02369,CSE-01,MEDIUM,2024-12-20T14:54:05,2024-12-20T15:00:57.411796,2024-12-20T16:49:27.200571,CLOSED,,FIREWALL-01,False
ALT-CSE-01-02370,CSE-01,CRITICAL,2024-11-25T10:15:50,2024-11-25T10:23:33.983343,2024-11-25T11:09:54.207383,CLOSED,CAS-CSE-01-0517,ENDPOINT-01,False
ALT-CSE-01-02371,CSE-01,HIGH,2024-10-16T18:01:09,2024-10-16T18:11:44.029934,2024-10-16T20:07:48.214290,CLOSED,CAS-CSE-01-0518,ROUTER-01,False
ALT-CSE-01-02372,CSE-01,HIGH,2024-12-22T23:01:39,2024-12-22T23:05:04.852244,2024-12-23T00:56:45.681300,CLOSED,,WEB-SERVER-01,False
ALT-CSE-01-02373,CSE-01,CRITICAL,2024-12-09T13:52:15,2024-12-09T14:06:43.383378,2024-12-09T14:33:16.307964,CLOSED,CAS-CSE-01-0519,WEB-SERVER-01,False
ALT-CSE-01-02374,CSE-01,CRITICAL,2024-11-27T18:11:45,2024-11-27T18:18:30.106156,2024-11-27T18:57:28.366806,CLOSED,,WEB-SERVER-01,False
ALT-CSE-01-02375,CSE-01,CRITICAL,2024-11-13T08:27:56,2024-11-13T08:32:25.821304,2024-11-13T09:08:23.258195,CLOSED,CAS-CSE-01-0520,FIREWALL-01,False
ALT-CSE-01-02376,CSE-01,MEDIUM,2024-10-29T18:04:52,2024-10-29T18:07:19.914103,2024-10-29T20:21:40.959860,CLOSED,,ENDPOINT-01,False
ALT-CSE-01-02377,CSE-01,LOW,2024-11-18T12:57:03,2024-11-18T13:02:27.924321,2024-11-18T15:44:19.171771,CLOSED,,WEB-SERVER-01,False
ALT-CSE-01-02378,CSE-01,MEDIUM,2024-10-05T16:22:18,2024-10-05T16:29:40.810495,2024-10-05T17:41:03.718910,CLOSED,,FIREWALL-01,False
ALT-CSE-01-02379,CSE-01,MEDIUM,2024-12-21T21:21:05,2024-12-21T21:24:40.694205,2024-12-21T23:13:25.650877,CLOSED,CAS-CSE-01-0521,ENDPOINT-01,False
ALT-CSE-01-02380,CSE-01,HIGH,2024-12-03T02:35:08,2024-12-03T02:41:45.332620,2024-12-03T04:09:17.566771,CLOSED,,ENDPOINT-01,False
ALT-CSE-01-02381,CSE-01,MEDIUM,2024-11-15T23:52:07,2024-11-16T00:02:19.806381,2024-11-16T01:31:52.285449,CLOSED,,FIREWALL-01,False
ALT-CSE-01-02382,CSE-01,HIGH,2024-11-22T09:45:23,2024-11-22T09:58:45.376746,2024-11-22T12:11:32.683177,CLOSED,,WEB-SERVER-01,False
ALT-CSE-01-02383,CSE-01,MEDIUM,2024-10-01T07:07:32,2024-10-01T07:21:19.148393,2024-10-01T08:19:06.044038,CLOSED,,ENDPOINT-01,False
ALT-CSE-01-02384,CSE-01,MEDIUM,2024-12-28T18:00:43,2024-12-28T18:05:28.989709,2024-12-28T19:30:35.185857,CLOSED,CAS-CSE-01-0522,FIREWALL-01,False
ALT-CSE-01-02385,CSE-01,MEDIUM,2024-12-22T02:30:48,2024-12-22T02:45:03.785261,2024-12-22T04:35:19.248142,CLOSED,,ENDPOINT-01,False
ALT-CSE-01-02386,CSE-01,MEDIUM,2024-10-14T08:35:59,2024-10-14T08:45:43.491435,2024-10-14T10:48:23.844453,CLOSED,CAS-CSE-01-0523,DB-SERVER-01,False
ALT-CSE-01-02387,CSE-01,HIGH,2024-11-28T03:00:53,2024-11-28T03:11:40.242935,2024-11-28T05:23:19.189485,CLOSED,,DB-SERVER-01,False
ALT-CSE-01-02388,CSE-01,LOW,2024-10-01T16:07:45,2024-10-01T16:21:10.274594,2024-10-01T16:35:35.108166,CLOSED,,DB-SERVER-01,False
ALT-CSE-01-02389,CSE-01,LOW,2024-12-01T13:24:46,2024-12-01T13:38:48.471775,2024-12-01T15:58:25.952485,CLOSED,,ROUTER-01,False
ALT-CSE-01-02390,CSE-01,MEDIUM,2024-10-10T21:58:08,2024-10-10T21:59:34.121709,2024-10-11T00:08:41.308269,CLOSED,,FIREWALL-01,False
ALT-CSE-01-02391,CSE-01,MEDIUM,2024-11-05T15:17:12,2024-11-05T15:29:30.812208,2024-11-05T16:43:04.655274,CLOSED,,WEB-SERVER-01,False
ALT-CSE-01-02392,CSE-01,LOW,2024-12-03T14:27:30,2024-12-03T14:33:51.391358,2024-12-03T16:41:52.137451,CLOSED,,WEB-SERVER-01,False
ALT-CSE-01-02393,CSE-01,LOW,2024-11-22T06:10:52,2024-11-22T06:16:17.809465,2024-11-22T08:07:52.543454,CLOSED,,ENDPOINT-01,False
ALT-CSE-01-02394,CSE-01,HIGH,2024-11-27T06:04:42,2024-11-27T06:16:53.162631,2024-11-27T08:25:13.319475,CLOSED,,WEB-SERVER-01,False
ALT-CSE-01-02395,CSE-01,MEDIUM,2024-10-09T13:39:55,2024-10-09T13:51:48.784773,2024-10-09T16:11:44.772232,CLOSED,,DB-SERVER-01,False
ALT-CSE-01-02396,CSE-01,HIGH,2024-12-18T22:47:42,2024-12-18T22:56:03.216407,2024-12-19T01:33:50.221082,CLOSED,,ENDPOINT-01,False
ALT-CSE-01-02397,CSE-01,HIGH,2024-10-27T00:55:05,2024-10-27T01:04:50.777881,2024-10-27T02:30:08.112951,CLOSED,,WEB-SERVER-01,False
ALT-CSE-01-02398,CSE-01,LOW,2024-10-15T16:02:55,2024-10-15T16:16:34.842215,2024-10-15T18:25:07.754908,CLOSED,,FIREWALL-01,False
ALT-CSE-01-02399,CSE-01,LOW,2024-11-25T15:49:33,2024-11-25T15:53:16.743432,2024-11-25T19:38:15.739450,CLOSED,,WEB-SERVER-01,False
ALT-CSE-01-02400,CSE-01,MEDIUM,2024-10-23T19:19:55,2024-10-23T19:26:47.974052,2024-10-23T21:24:30.224921,CLOSED,,DB-SERVER-01,False
ALT-CSE-01-02401,CSE-01,HIGH,2024-11-11T00:37:28,2024-11-11T00:43:12.238840,2024-11-11T02:26:20.886424,CLOSED,,FIREWALL-01,False
ALT-CSE-01-02402,CSE-01,LOW,2024-10-27T19:27:18,2024-10-27T19:41:33.102263,2024-10-27T21:11:26.894701,CLOSED,,DB-SERVER-01,False
ALT-CSE-01-02403,CSE-01,MEDIUM,2024-10-15T07:06:47,2024-10-15T07:14:16.955769,2024-10-15T09:03:11.485795,CLOSED,,WEB-SERVER-01,False
ALT-CSE-01-02404,CSE-01,LOW,2024-10-31T21:28:08,2024-10-31T21:38:07.927591,2024-10-31T23:34:19.567222,CLOSED,,ROUTER-01,False
ALT-CSE-01-02405,CSE-01,HIGH,2024-12-04T21:39:08,2024-12-04T21:43:22.363068,2024-12-04T22:35:54.521001,CLOSED,,DB-SERVER-01,False
ALT-CSE-01-02406,CSE-01,LOW,2024-12-12T08:03:20,2024-12-12T08:07:30.140672,2024-12-12T11:01:06.584758,CLOSED,CAS-CSE-01-0524,FIREWALL-01,False
ALT-CSE-01-02407,CSE-01,MEDIUM,2024-10-27T00:16:00,2024-10-27T00:28:58.236834,2024-10-27T01:51:57.172236,CLOSED,,DB-SERVER-01,False
ALT-CSE-01-02408,CSE-01,MEDIUM,2024-10-24T12:51:22,2024-10-24T12:59:50.375853,2024-10-24T14:23:00.669823,CLOSED,,ENDPOINT-01,False
ALT-CSE-01-02409,CSE-01,MEDIUM,2024-10-07T21:56:04,2024-10-07T21:58:13.214859,2024-10-07T23:21:43.561797,CLOSED,CAS-CSE-01-0525,DB-SERVER-01,False
ALT-CSE-01-02410,CSE-01,CRITICAL,2024-12-01T19:08:33,2024-12-01T19:22:06.544588,2024-12-01T19:46:56.199062,CLOSED,CAS-CSE-01-0526,ROUTER-01,False
ALT-CSE-01-02411,CSE-01,CRITICAL,2024-10-13T07:31:28,2024-10-13T07:36:48.238973,2024-10-13T08:22:31.419475,CLOSED,CAS-CSE-01-0527,WEB-SERVER-01,False
ALT-CSE-01-02412,CSE-01,MEDIUM,2024-10-10T22:11:44,2024-10-10T22:19:55.545979,2024-10-11T00:03:41.335253,CLOSED,,FIREWALL-01,False
ALT-CSE-01-02413,CSE-01,LOW,2024-10-02T19:21:01,2024-10-02T19:33:00.542292,2024-10-02T20:37:28.464435,CLOSED,,DB-SERVER-01,False
ALT-CSE-01-02414,CSE-01,CRITICAL,2024-11-26T14:42:02,2024-11-26T14:48:16.844352,2024-11-26T15:13:46.506770,CLOSED,,FIREWALL-01,False
ALT-CSE-01-02415,CSE-01,MEDIUM,2024-10-17T19:49:19,2024-10-17T19:54:42.759132,2024-10-17T22:09:57.992412,CLOSED,,ENDPOINT-01,False
ALT-CSE-01-02416,CSE-01,MEDIUM,2024-10-26T22:54:52,2024-10-26T23:06:41.524713,2024-10-26T23:15:59.248721,CLOSED,,FIREWALL-01,False
ALT-CSE-01-02417,CSE-01,MEDIUM,2024-10-09T05:13:52,2024-10-09T05:26:05.345384,2024-10-09T06:52:51.127786,CLOSED,,WEB-SERVER-01,False
ALT-CSE-01-02418,CSE-01,MEDIUM,2024-12-22T04:35:17,2024-12-22T04:45:05.729050,2024-12-22T07:03:45.823993,CLOSED,,FIREWALL-01,False
ALT-CSE-01-02419,CSE-01,MEDIUM,2024-12-07T00:32:43,2024-12-07T00:41:48.676678,2024-12-07T02:31:23.235805,CLOSED,,DB-SERVER-01,False
ALT-CSE-01-02420,CSE-01,MEDIUM,2024-11-26T02:53:28,2024-11-26T03:00:13.116078,2024-11-26T04:37:31.060843,CLOSED,,ENDPOINT-01,False
ALT-CSE-01-02421,CSE-01,CRITICAL,2024-12-08T22:48:35,2024-12-08T22:50:15.123767,2024-12-08T23:33:36.752950,CLOSED,CAS-CSE-01-0528,FIREWALL-01,False
ALT-CSE-01-02422,CSE-01,CRITICAL,2024-10-27T08:59:11,2024-10-27T09:08:38.721706,2024-10-27T09:55:57.414557,CLOSED,,ROUTER-01,False
ALT-CSE-01-02423,CSE-01,MEDIUM,2024-11-15T03:37:10,2024-11-15T03:40:58.179849,2024-11-15T05:08:53.677696,CLOSED,,FIREWALL-01,False
ALT-CSE-01-02424,CSE-01,MEDIUM,2024-10-29T07:11:37,2024-10-29T07:20:39.880127,2024-10-29T08:11:45.640550,CLOSED,,DB-SERVER-01,False
ALT-CSE-01-02425,CSE-01,CRITICAL,2024-10-23T18:40:16,2024-10-23T18:53:39.177842,2024-10-23T19:33:15.442111,CLOSED,CAS-CSE-01-0529,ROUTER-01,False
ALT-CSE-01-02426,CSE-01,CRITICAL,2024-11-16T01:43:31,2024-11-16T01:53:58.443187,2024-11-16T02:39:04.478384,CLOSED,CAS-CSE-01-0530,WEB-SERVER-01,False
ALT-CSE-01-02427,CSE-01,HIGH,2024-10-05T23:49:51,2024-10-05T23:53:22.165061,2024-10-06T01:27:56.555545,CLOSED,,FIREWALL-01,False
ALT-CSE-01-02428,CSE-01,MEDIUM,2024-11-09T20:04:49,2024-11-09T20:15:52.721143,2024-11-09T21:15:41.175934,CLOSED,,DB-SERVER-01,False
ALT-CSE-01-02429,CSE-01,CRITICAL,2024-12-08T09:25:08,2024-12-08T09:30:54.244490,2024-12-08T10:04:25.902690,CLOSED,CAS-CSE-01-0531,FIREWALL-01,False
ALT-CSE-01-02430,CSE-01,LOW,2024-12-06T01:43:33,2024-12-06T01:55:46.454392,2024-12-06T03:58:37.732554,CLOSED,,WEB-SERVER-01,False
ALT-CSE-01-02431,CSE-01,MEDIUM,2024-10-29T02:58:33,2024-10-29T02:59:53.052659,2024-10-29T04:46:51.134432,CLOSED,,FIREWALL-01,False
ALT-CSE-01-02432,CSE-01,HIGH,2024-11-19T20:08:47,2024-11-19T20:18:21.916954,2024-11-19T21:47:23.957828,CLOSED,,WEB-SERVER-01,False
ALT-CSE-01-02433,CSE-01,MEDIUM,2024-10-10T23:32:37,2024-10-10T23:33:41.995276,2024-10-11T01:18:32.508328,CLOSED,,FIREWALL-01,False
ALT-CSE-01-02434,CSE-01,HIGH,2024-11-30T06:18:30,2024-11-30T06:25:18.763000,2024-11-30T07:37:21.534913,CLOSED,CAS-CSE-01-0532,DB-SERVER-01,False
ALT-CSE-01-02435,CSE-01,HIGH,2024-11-13T15:32:53,2024-11-13T15:47:18.987127,2024-11-13T17:30:58.909178,CLOSED,,DB-SERVER-01,False
ALT-CSE-01-02436,CSE-01,MEDIUM,2024-10-04T21:45:22,2024-10-04T21:57:57.132475,2024-10-05T00:34:46.605220,CLOSED,,WEB-SERVER-01,False
ALT-CSE-01-02437,CSE-01,MEDIUM,2024-11-07T15:16:14,2024-11-07T15:30:00.216300,2024-11-07T16:40:55.593820,CLOSED,,ROUTER-01,False
ALT-CSE-01-02438,CSE-01,LOW,2024-11-24T21:19:43,2024-11-24T21:21:22.467312,2024-11-25T00:05:23.874732,CLOSED,CAS-CSE-01-0533,ENDPOINT-01,False
ALT-CSE-01-02439,CSE-01,MEDIUM,2024-12-25T14:32:09,2024-12-25T14:40:10.357751,2024-12-25T17:13:56.903989,CLOSED,,WEB-SERVER-01,False
ALT-CSE-01-02440,CSE-01,MEDIUM,2024-10-25T09:43:20,2024-10-25T09:44:44.357591,2024-10-25T11:08:58.327185,CLOSED,CAS-CSE-01-0534,WEB-SERVER-01,False
ALT-CSE-01-02441,CSE-01,HIGH,2024-11-22T10:29:08,2024-11-22T10:36:17.615433,2024-11-22T13:30:43.534957,CLOSED,,WEB-SERVER-01,False
ALT-CSE-01-02442,CSE-01,LOW,2024-12-28T03:30:54,2024-12-28T03:34:23.990268,2024-12-28T06:01:15.142106,CLOSED,,ENDPOINT-01,False
ALT-CSE-01-02443,CSE-01,LOW,2024-11-25T11:45:48,2024-11-25T11:55:01.827445,2024-11-25T13:56:02.616327,CLOSED,,WEB-SERVER-01,False
ALT-CSE-01-02444,CSE-01,MEDIUM,2024-10-13T19:20:38,2024-10-13T19:30:08.842692,2024-10-13T22:02:19.789137,CLOSED,,DB-SERVER-01,False
ALT-CSE-01-02445,CSE-01,LOW,2024-11-10T09:20:38,2024-11-10T09:24:28.495652,2024-11-10T11:54:27.751147,CLOSED,,DB-SERVER-01,False
ALT-CSE-01-02446,CSE-01,LOW,2024-10-05T14:57:57,2024-10-05T15:08:09.724542,2024-10-05T18:54:55.193190,CLOSED,,DB-SERVER-01,False
ALT-CSE-01-02447,CSE-01,MEDIUM,2024-11-26T09:38:43,2024-11-26T09:46:47.905261,2024-11-26T11:09:40.806299,CLOSED,,ENDPOINT-01,False
ALT-CSE-01-02448,CSE-01,MEDIUM,2024-11-27T21:38:23,2024-11-27T21:44:47.422836,2024-11-27T23:34:44.676449,CLOSED,,ENDPOINT-01,False
ALT-CSE-01-02449,CSE-01,HIGH,2024-10-01T09:44:18,2024-10-01T09:53:06.313960,2024-10-01T11:06:15.849163,CLOSED,,ROUTER-01,False
ALT-CSE-01-02450,CSE-01,MEDIUM,2024-10-21T10:25:21,2024-10-21T10:28:48.543486,2024-10-21T12:45:05.412146,CLOSED,,DB-SERVER-01,False
ALT-CSE-01-02451,CSE-01,HIGH,2024-11-11T21:59:59,2024-11-11T22:13:53.237011,2024-11-12T00:26:12.745012,CLOSED,,ENDPOINT-01,False
ALT-CSE-01-02452,CSE-01,MEDIUM,2024-10-10T19:00:06,2024-10-10T19:14:50.274927,2024-10-10T20:30:39.231066,CLOSED,,ENDPOINT-01,False
ALT-CSE-01-02453,CSE-01,CRITICAL,2024-12-17T21:22:15,2024-12-17T21:32:19.529855,2024-12-17T22:31:02.644928,CLOSED,CAS-CSE-01-0535,WEB-SERVER-01,False
ALT-CSE-01-02454,CSE-01,LOW,2024-11-02T15:38:47,2024-11-02T15:53:03.886140,2024-11-02T18:15:34.028685,CLOSED,,DB-SERVER-01,False
ALT-CSE-01-02455,CSE-01,MEDIUM,2024-10-11T20:27:12,2024-10-11T20:37:05.355055,2024-10-11T21:49:56.558811,CLOSED,,ENDPOINT-01,False
ALT-CSE-01-02456,CSE-01,HIGH,2024-11-01T16:31:04,2024-11-01T16:38:57.746620,2024-11-01T18:33:13.960106,CLOSED,,DB-SERVER-01,False
ALT-CSE-01-02457,CSE-01,HIGH,2024-10-09T15:26:29,2024-10-09T15:31:28.382310,2024-10-09T17:44:39.372765,CLOSED,,FIREWALL-01,False
ALT-CSE-01-02458,CSE-01,MEDIUM,2024-10-14T04:59:11,2024-10-14T05:12:09.115947,2024-10-14T06:05:03.901877,CLOSED,,DB-SERVER-01,False
ALT-CSE-01-02459,CSE-01,LOW,2024-11-28T11:39:58,2024-11-28T11:45:09.442028,2024-11-28T12:55:24.979923,CLOSED,,WEB-SERVER-01,False
ALT-CSE-01-02460,CSE-01,LOW,2024-11-17T07:07:43,2024-11-17T07:17:48.644436,2024-11-17T08:38:18.342569,CLOSED,,FIREWALL-01,False
ALT-CSE-01-02461,CSE-01,LOW,2024-12-05T03:03:23,2024-12-05T03:15:56.434697,2024-12-05T04:58:38.591990,CLOSED,CAS-CSE-01-0536,ENDPOINT-01,False
ALT-CSE-01-02462,CSE-01,HIGH,2024-11-08T17:31:36,2024-11-08T17:40:01.919889,2024-11-08T20:07:14.067000,CLOSED,,DB-SERVER-01,False
ALT-CSE-01-02463,CSE-01,MEDIUM,2024-10-24T23:53:38,2024-10-24T23:56:59.671808,2024-10-25T01:58:57.132388,CLOSED,,WEB-SERVER-01,False
ALT-CSE-01-02464,CSE-01,LOW,2024-12-21T08:20:49,2024-12-21T08:33:18.903531,2024-12-21T10:20:59.554356,CLOSED,,FIREWALL-01,False
ALT-CSE-01-02465,CSE-01,HIGH,2024-10-11T05:47:15,2024-10-11T05:51:09.219748,2024-10-11T06:02:05.401499,CLOSED,,ENDPOINT-01,False
ALT-CSE-01-02466,CSE-01,LOW,2024-11-15T14:37:40,2024-11-15T14:42:23.410235,2024-11-15T16:53:45.664790,CLOSED,,WEB-SERVER-01,False
ALT-CSE-01-02467,CSE-01,HIGH,2024-12-29T16:25:12,2024-12-29T16:31:29.576409,2024-12-29T16:34:31.365043,CLOSED,,DB-SERVER-01,False
ALT-CSE-01-02468,CSE-01,LOW,2024-12-11T14:59:46,2024-12-11T15:05:44.987641,2024-12-11T16:46:33.316966,CLOSED,,WEB-SERVER-01,False
ALT-CSE-01-02469,CSE-01,LOW,2024-12-14T23:51:59,2024-12-15T00:00:36.107007,2024-12-15T02:59:46.787885,CLOSED,,ENDPOINT-01,False
ALT-CSE-01-02470,CSE-01,HIGH,2024-10-17T13:08:40,2024-10-17T13:20:28.617979,2024-10-17T14:31:08.423694,CLOSED,,DB-SERVER-01,False
ALT-CSE-01-02471,CSE-01,LOW,2024-12-11T11:40:31,2024-12-11T11:54:17.080608,2024-12-11T13:45:08.943710,CLOSED,CAS-CSE-01-0537,FIREWALL-01,False
ALT-CSE-01-02472,CSE-01,HIGH,2024-11-23T11:03:26,2024-11-23T11:14:01.257135,2024-11-23T13:25:15.093706,CLOSED,,WEB-SERVER-01,False
ALT-CSE-01-02473,CSE-01,LOW,2024-10-30T15:26:47,2024-10-30T15:33:37.418211,2024-10-30T18:11:29.297183,CLOSED,,DB-SERVER-01,False
ALT-CSE-01-02474,CSE-01,HIGH,2024-10-22T22:51:53,2024-10-22T23:04:07.373243,2024-10-23T01:06:39.395230,CLOSED,,ROUTER-01,False
ALT-CSE-01-02475,CSE-01,HIGH,2024-11-17T13:50:36,2024-11-17T14:05:24.591730,2024-11-17T15:04:29.800874,CLOSED,,FIREWALL-01,False
ALT-CSE-01-02476,CSE-01,LOW,2024-12-18T11:22:02,2024-12-18T11:29:30.363942,2024-12-18T12:55:59.470929,CLOSED,,ROUTER-01,False
ALT-CSE-01-02477,CSE-01,LOW,2024-12-11T23:04:06,2024-12-11T23:11:30.924524,2024-12-12T00:37:44.101529,CLOSED,,DB-SERVER-01,False
ALT-CSE-01-02478,CSE-01,HIGH,2024-12-08T01:10:55,2024-12-08T01:21:29.496979,2024-12-08T02:55:26.396187,CLOSED,,DB-SERVER-01,False
ALT-CSE-01-02479,CSE-01,MEDIUM,2024-10-25T07:51:05,2024-10-25T07:52:18.988984,2024-10-25T09:43:16.907953,CLOSED,,WEB-SERVER-01,False
ALT-CSE-01-02480,CSE-01,MEDIUM,2024-10-02T03:27:14,2024-10-02T03:41:52.786822,2024-10-02T05:15:33.159639,CLOSED,,FIREWALL-01,False
ALT-CSE-01-02481,CSE-01,MEDIUM,2024-11-02T00:27:21,2024-11-02T00:32:59.895240,2024-11-02T02:09:11.716409,CLOSED,,ENDPOINT-01,False
ALT-CSE-01-02482,CSE-01,LOW,2024-12-13T06:50:24,2024-12-13T07:01:55.759807,2024-12-13T09:03:24.084006,CLOSED,,FIREWALL-01,False
ALT-CSE-01-02483,CSE-01,LOW,2024-12-13T03:01:38,2024-12-13T03:08:52.224439,2024-12-13T05:49:42.689794,CLOSED,,ENDPOINT-01,False
ALT-CSE-01-02484,CSE-01,MEDIUM,2024-11-07T15:50:28,2024-11-07T16:04:09.443602,2024-11-07T17:56:55.755352,CLOSED,,ENDPOINT-01,False
ALT-CSE-01-02485,CSE-01,HIGH,2024-10-25T11:53:13,2024-10-25T11:56:30.680889,2024-10-25T13:36:15.558065,CLOSED,,DB-SERVER-01,False
ALT-CSE-01-02486,CSE-01,LOW,2024-10-17T06:42:29,2024-10-17T06:43:52.975582,2024-10-17T09:07:36.389646,CLOSED,,WEB-SERVER-01,False
ALT-CSE-01-02487,CSE-01,HIGH,2024-11-06T03:47:29,2024-11-06T03:54:40.789536,2024-11-06T05:46:15.465405,CLOSED,,FIREWALL-01,False
ALT-CSE-01-02488,CSE-01,MEDIUM,2024-10-22T17:43:38,2024-10-22T17:52:15.935903,2024-10-22T20:18:24.238555,CLOSED,,WEB-SERVER-01,False
ALT-CSE-01-02489,CSE-01,MEDIUM,2024-12-01T09:06:49,2024-12-01T09:14:32.115272,2024-12-01T10:59:44.325000,CLOSED,,DB-SERVER-01,False
ALT-CSE-01-02490,CSE-01,CRITICAL,2024-10-20T20:15:53,2024-10-20T20:17:05.747206,2024-10-20T21:12:29.257609,CLOSED,CAS-CSE-01-0538,WEB-SERVER-01,False
ALT-CSE-01-02491,CSE-01,MEDIUM,2024-10-06T17:17:40,2024-10-06T17:26:14.877850,2024-10-06T19:22:18.151647,CLOSED,,ROUTER-01,False
ALT-CSE-01-02492,CSE-01,MEDIUM,2024-11-02T16:09:39,2024-11-02T16:16:06.926202,2024-11-02T18:03:58.341712,CLOSED,,DB-SERVER-01,False
ALT-CSE-01-02493,CSE-01,CRITICAL,2024-12-11T00:08:51,2024-12-11T00:16:20.121096,2024-12-11T00:59:01.467572,CLOSED,,FIREWALL-01,False
ALT-CSE-01-02494,CSE-01,LOW,2024-12-29T03:16:58,2024-12-29T03:29:08.663430,2024-12-29T05:46:21.704964,CLOSED,,DB-SERVER-01,False
ALT-CSE-01-02495,CSE-01,MEDIUM,2024-10-30T07:03:26,2024-10-30T07:10:48.914828,2024-10-30T09:19:06.760120,CLOSED,CAS-CSE-01-0539,ENDPOINT-01,False
ALT-CSE-01-02496,CSE-01,HIGH,2024-11-22T03:49:10,2024-11-22T03:51:20.859149,2024-11-22T05:33:16.732900,CLOSED,,DB-SERVER-01,False
ALT-CSE-01-02497,CSE-01,LOW,2024-12-05T18:07:55,2024-12-05T18:09:41.555664,2024-12-05T20:15:50.551206,CLOSED,,WEB-SERVER-01,False
ALT-CSE-01-02498,CSE-01,CRITICAL,2024-11-15T18:43:03,2024-11-15T18:50:15.711648,2024-11-15T19:35:25.050417,CLOSED,CAS-CSE-01-0540,WEB-SERVER-01,False
ALT-CSE-01-02499,CSE-01,MEDIUM,2024-12-10T22:14:44,2024-12-10T22:16:06.226455,2024-12-11T00:38:47.002105,CLOSED,CAS-CSE-01-0541,FIREWALL-01,False
ALT-CSE-01-02500,CSE-01,HIGH,2024-12-24T06:25:49,2024-12-24T06:31:11.091940,2024-12-24T08:23:41.434379,CLOSED,,FIREWALL-01,False
ALT-CSE-01-02501,CSE-01,LOW,2024-12-01T01:30:05,2024-12-01T01:38:21.056283,2024-12-01T03:55:03.897135,CLOSED,,ENDPOINT-01,False
ALT-CSE-01-02502,CSE-01,MEDIUM,2024-12-15T22:41:00,2024-12-15T22:45:51.963920,2024-12-16T00:58:45.241166,CLOSED,,DB-SERVER-01,False
ALT-CSE-01-02503,CSE-01,HIGH,2024-12-26T12:21:01,2024-12-26T12:25:51.830608,2024-12-26T13:57:45.741851,CLOSED,,DB-SERVER-01,False
ALT-CSE-01-02504,CSE-01,HIGH,2024-12-17T07:53:24,2024-12-17T08:07:38.437075,2024-12-17T09:10:25.408846,CLOSED,,FIREWALL-01,False
ALT-CSE-01-02505,CSE-01,MEDIUM,2024-10-31T21:05:40,2024-10-31T21:15:25.884826,2024-10-31T23:02:20.714044,CLOSED,,WEB-SERVER-01,False
ALT-CSE-01-02506,CSE-01,LOW,2024-10-06T17:48:18,2024-10-06T17:51:14.048315,2024-10-06T19:24:12.285551,CLOSED,,ENDPOINT-01,False
ALT-CSE-01-02507,CSE-01,LOW,2024-12-26T21:19:31,2024-12-26T21:27:32.251969,2024-12-26T23:06:43.457377,CLOSED,,DB-SERVER-01,False
ALT-CSE-01-02508,CSE-01,LOW,2024-10-21T09:31:06,2024-10-21T09:40:33.679378,2024-10-21T11:29:02.374595,CLOSED,,ENDPOINT-01,False
ALT-CSE-01-02509,CSE-01,LOW,2024-11-06T04:04:50,2024-11-06T04:18:31.028086,2024-11-06T06:41:17.955616,CLOSED,CAS-CSE-01-0542,ENDPOINT-01,False
ALT-CSE-01-02510,CSE-01,HIGH,2024-11-14T10:48:03,2024-11-14T10:54:32.420093,2024-11-14T12:48:06.976459,CLOSED,CAS-CSE-01-0543,WEB-SERVER-01,False
ALT-CSE-01-02511,CSE-01,CRITICAL,2024-11-30T07:43:31,2024-11-30T07:45:48.036724,2024-11-30T08:26:58.771194,CLOSED,CAS-CSE-01-0544,FIREWALL-01,False
ALT-CSE-01-02512,CSE-01,LOW,2024-12-18T23:09:31,2024-12-18T23:19:35.309348,2024-12-19T00:41:41.824262,CLOSED,CAS-CSE-01-0545,FIREWALL-01,False
ALT-CSE-01-02513,CSE-01,HIGH,2024-10-02T04:22:13,2024-10-02T04:27:06.623544,2024-10-02T06:20:00.453404,CLOSED,,FIREWALL-01,False
ALT-CSE-01-02514,CSE-01,MEDIUM,2024-12-21T20:06:36,2024-12-21T20:16:19.338481,2024-12-21T23:49:07.475715,CLOSED,,ROUTER-01,False
ALT-CSE-01-02515,CSE-01,HIGH,2024-12-14T00:26:42,2024-12-14T00:32:41.556454,2024-12-14T03:04:15.364022,CLOSED,CAS-CSE-01-0546,ENDPOINT-01,False
ALT-CSE-01-02516,CSE-01,MEDIUM,2024-10-13T16:25:12,2024-10-13T16:33:49.365759,2024-10-13T18:08:56.784025,CLOSED,,WEB-SERVER-01,False
ALT-CSE-01-02517,CSE-01,CRITICAL,2024-10-08T08:36:32,2024-10-08T08:42:00.280270,2024-10-08T09:13:55.379003,CLOSED,CAS-CSE-01-0547,ENDPOINT-01,False
ALT-CSE-01-02518,CSE-01,LOW,2024-11-12T16:35:23,2024-11-12T16:43:40.755140,2024-11-12T19:10:37.745076,CLOSED,,ENDPOINT-01,False
ALT-CSE-01-02519,CSE-01,CRITICAL,2024-11-18T11:28:41,2024-11-18T11:33:37.046862,2024-11-18T12:17:35.576115,CLOSED,,ENDPOINT-01,False
ALT-CSE-01-02520,CSE-01,MEDIUM,2024-10-23T21:50:16,2024-10-23T21:59:13.717587,2024-10-23T23:47:00.178762,CLOSED,,ENDPOINT-01,False
ALT-CSE-01-02521,CSE-01,HIGH,2024-11-06T20:50:54,2024-11-06T20:54:44.987540,2024-11-06T23:24:40.531070,CLOSED,,ENDPOINT-01,False
ALT-CSE-01-02522,CSE-01,CRITICAL,2024-11-28T09:48:51,2024-11-28T09:58:57.145941,2024-11-28T10:39:26.969930,CLOSED,CAS-CSE-01-0548,ROUTER-01,False
ALT-CSE-01-02523,CSE-01,MEDIUM,2024-12-02T01:39:30,2024-12-02T01:52:00.765477,2024-12-02T02:08:09.923095,CLOSED,,ROUTER-01,False
ALT-CSE-01-02524,CSE-01,MEDIUM,2024-10-05T19:36:41,2024-10-05T19:51:35.486868,2024-10-05T21:13:45.582463,CLOSED,,DB-SERVER-01,False
ALT-CSE-01-02525,CSE-01,MEDIUM,2024-11-09T08:36:22,2024-11-09T08:38:54.766731,2024-11-09T09:55:32.405265,CLOSED,,ROUTER-01,False
ALT-CSE-01-02526,CSE-01,CRITICAL,2024-11-10T04:53:21,2024-11-10T04:59:32.543058,2024-11-10T05:37:54.907393,CLOSED,CAS-CSE-01-0549,FIREWALL-01,False
ALT-CSE-01-02527,CSE-01,MEDIUM,2024-11-04T03:03:15,2024-11-04T03:04:33.258471,2024-11-04T05:52:24.970005,CLOSED,,WEB-SERVER-01,False
ALT-CSE-01-02528,CSE-01,CRITICAL,2024-10-10T17:47:12,2024-10-10T17:55:17.213090,2024-10-10T18:41:38.259126,CLOSED,CAS-CSE-01-0550,FIREWALL-01,False
ALT-CSE-01-02529,CSE-01,MEDIUM,2024-11-12T05:01:15,2024-11-12T05:04:14.074005,2024-11-12T07:01:50.482227,CLOSED,,FIREWALL-01,False
ALT-CSE-01-02530,CSE-01,HIGH,2024-11-22T05:07:13,2024-11-22T05:09:39.831701,2024-11-22T06:12:37.351815,CLOSED,,ROUTER-01,False
ALT-CSE-01-02531,CSE-01,MEDIUM,2024-10-16T11:43:02,2024-10-16T11:47:42.390337,2024-10-16T13:48:47.390445,CLOSED,,WEB-SERVER-01,False
ALT-CSE-01-02532,CSE-01,CRITICAL,2024-11-17T20:46:03,2024-11-17T20:59:46.513725,2024-11-17T21:47:25.278510,CLOSED,CAS-CSE-01-0551,FIREWALL-01,False
ALT-CSE-01-02533,CSE-01,HIGH,2024-10-07T14:39:00,2024-10-07T14:51:02.910306,2024-10-07T17:14:57.173066,CLOSED,,WEB-SERVER-01,False
ALT-CSE-01-02534,CSE-01,LOW,2024-10-30T19:11:59,2024-10-30T19:15:05.039170,2024-10-30T20:36:52.144507,CLOSED,,ENDPOINT-01,False
ALT-CSE-01-02535,CSE-01,HIGH,2024-12-27T15:55:58,2024-12-27T16:09:15.045259,2024-12-27T17:47:15.402734,CLOSED,,ENDPOINT-01,False
ALT-CSE-01-02536,CSE-01,CRITICAL,2024-10-09T22:52:01,2024-10-09T22:54:37.894033,2024-10-09T23:27:13.713081,CLOSED,CAS-CSE-01-0552,ENDPOINT-01,False
ALT-CSE-01-02537,CSE-01,HIGH,2024-10-20T18:34:36,2024-10-20T18:48:14.468332,2024-10-20T19:53:18.749176,CLOSED,,FIREWALL-01,False
ALT-CSE-01-02538,CSE-01,HIGH,2024-12-06T02:39:45,2024-12-06T02:51:29.474700,2024-12-06T04:00:10.756164,CLOSED,,ENDPOINT-01,False
ALT-CSE-01-02539,CSE-01,HIGH,2024-10-27T11:26:18,2024-10-27T11:34:16.570321,2024-10-27T13:00:44.953544,CLOSED,,FIREWALL-01,False
ALT-CSE-01-02540,CSE-01,MEDIUM,2024-12-29T18:42:33,2024-12-29T18:47:03.334201,2024-12-29T21:07:19.127641,CLOSED,,ROUTER-01,False
ALT-CSE-01-02541,CSE-01,MEDIUM,2024-12-16T10:01:50,2024-12-16T10:12:21.625700,2024-12-16T12:00:36.835325,CLOSED,,DB-SERVER-01,False
ALT-CSE-01-02542,CSE-01,MEDIUM,2024-10-11T00:23:57,2024-10-11T00:35:46.058382,2024-10-11T02:30:15.095565,CLOSED,,DB-SERVER-01,False
ALT-CSE-01-02543,CSE-01,MEDIUM,2024-12-20T22:31:18,2024-12-20T22:42:28.454071,2024-12-21T00:32:49.137494,CLOSED,,WEB-SERVER-01,False
ALT-CSE-01-02544,CSE-01,LOW,2024-10-13T04:47:50,2024-10-13T04:58:49.227288,2024-10-13T06:20:21.585729,CLOSED,CAS-CSE-01-0553,FIREWALL-01,False
ALT-CSE-01-02545,CSE-01,MEDIUM,2024-10-31T20:51:08,2024-10-31T20:56:56.784410,2024-10-31T22:42:37.249069,CLOSED,,FIREWALL-01,False
ALT-CSE-01-02546,CSE-01,LOW,2024-10-01T04:56:14,2024-10-01T05:04:59.110958,2024-10-01T07:34:08.221109,CLOSED,,DB-SERVER-01,False
ALT-CSE-01-02547,CSE-01,MEDIUM,2024-11-11T20:34:34,2024-11-11T20:47:10.738771,2024-11-11T22:34:40.251884,CLOSED,,DB-SERVER-01,False
ALT-CSE-01-02548,CSE-01,MEDIUM,2024-10-05T17:54:55,2024-10-05T18:05:21.734226,2024-10-05T20:10:14.686106,CLOSED,,FIREWALL-01,False
ALT-CSE-01-02549,CSE-01,LOW,2024-11-10T00:59:41,2024-11-10T01:05:53.267608,2024-11-10T03:26:22.888689,CLOSED,,ENDPOINT-01,False
ALT-CSE-01-02550,CSE-01,HIGH,2024-12-09T17:03:30,2024-12-09T17:07:41.194069,2024-12-09T18:32:13.190793,CLOSED,,ENDPOINT-01,False
ALT-CSE-01-02551,CSE-01,MEDIUM,2024-10-31T00:57:46,2024-10-31T01:05:21.912556,2024-10-31T02:58:52.548857,CLOSED,,ROUTER-01,False
ALT-CSE-01-02552,CSE-01,HIGH,2024-12-29T22:47:29,2024-12-29T22:57:37.633308,2024-12-30T01:20:18.679728,CLOSED,,ENDPOINT-01,False
ALT-CSE-01-02553,CSE-01,HIGH,2024-11-13T16:29:13,2024-11-13T16:37:51.649267,2024-11-13T18:14:22.054592,CLOSED,,WEB-SERVER-01,False
ALT-CSE-01-02554,CSE-01,CRITICAL,2024-12-20T09:17:05,2024-12-20T09:25:27.227000,2024-12-20T09:48:56.945048,CLOSED,CAS-CSE-01-0554,ROUTER-01,False
ALT-CSE-01-02555,CSE-01,LOW,2024-11-18T10:11:12,2024-11-18T10:14:11.440799,2024-11-18T13:34:53.670197,CLOSED,,WEB-SERVER-01,False
ALT-CSE-01-02556,CSE-01,LOW,2024-10-21T05:56:24,2024-10-21T06:05:48.800018,2024-10-21T07:28:58.142599,CLOSED,,FIREWALL-01,False
ALT-CSE-01-02557,CSE-01,HIGH,2024-11-13T14:34:02,2024-11-13T14:44:02.718792,2024-11-13T16:43:09.743074,CLOSED,,FIREWALL-01,False
ALT-CSE-01-02558,CSE-01,MEDIUM,2024-11-29T22:00:21,2024-11-29T22:09:13.778275,2024-11-29T23:12:47.062762,CLOSED,,WEB-SERVER-01,False
ALT-CSE-01-02559,CSE-01,LOW,2024-11-20T07:44:40,2024-11-20T07:48:47.885571,2024-11-20T10:23:49.381137,CLOSED,,FIREWALL-01,False
ALT-CSE-01-02560,CSE-01,MEDIUM,2024-11-03T12:20:45,2024-11-03T12:21:53.494947,2024-11-03T14:25:25.791869,CLOSED,,ENDPOINT-01,False
ALT-CSE-01-02561,CSE-01,LOW,2024-11-21T09:24:48,2024-11-21T09:26:47.537006,2024-11-21T12:04:12.844436,CLOSED,,ROUTER-01,False
ALT-CSE-01-02562,CSE-01,MEDIUM,2024-10-04T10:30:50,2024-10-04T10:35:56.239843,2024-10-04T12:05:03.361588,CLOSED,,WEB-SERVER-01,False
ALT-CSE-01-02563,CSE-01,HIGH,2024-11-06T09:41:47,2024-11-06T09:51:57.528523,2024-11-06T10:07:46.087024,CLOSED,CAS-CSE-01-0555,ROUTER-01,False
ALT-CSE-01-02564,CSE-01,MEDIUM,2024-12-12T03:55:00,2024-12-12T04:08:39.715795,2024-12-12T06:31:49.883147,CLOSED,,ENDPOINT-01,False
ALT-CSE-01-02565,CSE-01,LOW,2024-11-12T08:21:57,2024-11-12T08:35:13.906250,2024-11-12T10:40:43.906814,CLOSED,,WEB-SERVER-01,False
ALT-CSE-01-02566,CSE-01,HIGH,2024-12-28T03:51:58,2024-12-28T04:00:17.610520,2024-12-28T05:45:21.676827,CLOSED,,WEB-SERVER-01,False
ALT-CSE-01-02567,CSE-01,HIGH,2024-11-14T19:45:31,2024-11-14T19:47:17.559020,2024-11-14T21:16:31.724828,CLOSED,,FIREWALL-01,False
ALT-CSE-01-02568,CSE-01,LOW,2024-12-13T11:13:11,2024-12-13T11:22:53.853128,2024-12-13T14:06:03.878337,CLOSED,,FIREWALL-01,False
ALT-CSE-01-02569,CSE-01,MEDIUM,2024-12-13T22:07:48,2024-12-13T22:21:28.950947,2024-12-13T23:32:34.742657,CLOSED,,FIREWALL-01,False
ALT-CSE-01-02570,CSE-01,CRITICAL,2024-10-18T13:35:23,2024-10-18T13:39:29.223904,2024-10-18T14:40:23.028618,CLOSED,CAS-CSE-01-0556,WEB-SERVER-01,False
ALT-CSE-01-02571,CSE-01,CRITICAL,2024-12-23T03:25:32,2024-12-23T03:40:05.205529,2024-12-23T03:57:15.358617,CLOSED,CAS-CSE-01-0557,ENDPOINT-01,False
ALT-CSE-01-02572,CSE-01,LOW,2024-11-23T04:17:10,2024-11-23T04:27:18.909630,2024-11-23T05:42:22.283775,CLOSED,,DB-SERVER-01,False
ALT-CSE-01-02573,CSE-01,MEDIUM,2024-11-18T21:27:45,2024-11-18T21:29:54.277234,2024-11-18T23:29:13.250848,CLOSED,,DB-SERVER-01,False
ALT-CSE-01-02574,CSE-01,MEDIUM,2024-10-04T07:30:38,2024-10-04T07:36:01.271501,2024-10-04T08:59:56.502139,CLOSED,CAS-CSE-01-0558,ROUTER-01,False
ALT-CSE-01-02575,CSE-01,LOW,2024-10-23T19:01:59,2024-10-23T19:07:29.767707,2024-10-23T20:11:23.113081,CLOSED,,ROUTER-01,False
ALT-CSE-01-02576,CSE-01,HIGH,2024-10-13T20:04:51,2024-10-13T20:07:05.176131,2024-10-13T22:00:16.688852,CLOSED,,FIREWALL-01,False
ALT-CSE-01-02577,CSE-01,MEDIUM,2024-10-05T19:53:53,2024-10-05T19:57:15.732259,2024-10-05T22:49:58.860020,CLOSED,,WEB-SERVER-01,False
ALT-CSE-01-02578,CSE-01,MEDIUM,2024-12-13T03:11:14,2024-12-13T03:24:32.500842,2024-12-13T04:03:07.801179,CLOSED,,DB-SERVER-01,False
ALT-CSE-01-02579,CSE-01,HIGH,2024-12-16T16:46:30,2024-12-16T16:49:23.852521,2024-12-16T18:30:36.873795,CLOSED,,WEB-SERVER-01,False
ALT-CSE-01-02580,CSE-01,CRITICAL,2024-11-30T07:17:41,2024-11-30T07:19:14.098284,2024-11-30T08:28:44.880763,CLOSED,CAS-CSE-01-0559,ROUTER-01,False
ALT-CSE-01-02581,CSE-01,HIGH,2024-10-15T14:47:49,2024-10-15T15:02:34.428287,2024-10-15T16:10:32.470842,CLOSED,CAS-CSE-01-0560,ENDPOINT-01,False
ALT-CSE-01-02582,CSE-01,MEDIUM,2024-11-15T01:43:31,2024-11-15T01:52:21.736665,2024-11-15T03:21:54.915383,CLOSED,,DB-SERVER-01,False
ALT-CSE-01-02583,CSE-01,CRITICAL,2024-11-16T03:46:35,2024-11-16T03:57:14.885234,2024-11-16T04:38:01.010246,CLOSED,CAS-CSE-01-0561,ROUTER-01,False
ALT-CSE-01-02584,CSE-01,MEDIUM,2024-10-24T18:51:02,2024-10-24T19:00:07.182492,2024-10-24T19:46:16.519557,CLOSED,,FIREWALL-01,False
ALT-CSE-01-02585,CSE-01,LOW,2024-11-28T05:26:37,2024-11-28T05:36:24.240441,2024-11-28T07:34:59.438899,CLOSED,,DB-SERVER-01,False
ALT-CSE-01-02586,CSE-01,MEDIUM,2024-11-10T06:47:33,2024-11-10T06:55:49.601627,2024-11-10T09:09:16.456002,CLOSED,,FIREWALL-01,False
ALT-CSE-01-02587,CSE-01,MEDIUM,2024-10-29T10:21:46,2024-10-29T10:34:01.134348,2024-10-29T12:47:01.655751,CLOSED,,ROUTER-01,False
ALT-CSE-01-02588,CSE-01,MEDIUM,2024-11-25T09:24:59,2024-11-25T09:37:14.430082,2024-11-25T12:10:37.506069,CLOSED,,DB-SERVER-01,False
ALT-CSE-01-02589,CSE-01,CRITICAL,2024-10-18T18:32:35,2024-10-18T18:47:27.462504,2024-10-18T19:21:30.737134,CLOSED,CAS-CSE-01-0562,DB-SERVER-01,False
ALT-CSE-01-02590,CSE-01,MEDIUM,2024-10-25T17:01:09,2024-10-25T17:12:15.067453,2024-10-25T18:49:43.970750,CLOSED,,ROUTER-01,False
ALT-CSE-01-02591,CSE-01,HIGH,2024-12-15T09:19:48,2024-12-15T09:28:09.077162,2024-12-15T10:52:29.604468,CLOSED,,FIREWALL-01,False
ALT-CSE-01-02592,CSE-01,HIGH,2024-12-11T00:31:01,2024-12-11T00:33:23.350214,2024-12-11T02:54:06.644290,CLOSED,,FIREWALL-01,False
ALT-CSE-01-02593,CSE-01,HIGH,2024-10-03T09:08:09,2024-10-03T09:19:31.951291,2024-10-03T10:36:04.346910,CLOSED,,ROUTER-01,False
ALT-CSE-01-02594,CSE-01,CRITICAL,2024-11-10T02:22:55,2024-11-10T02:24:48.179772,2024-11-10T03:08:24.490616,CLOSED,CAS-CSE-01-0563,DB-SERVER-01,False
ALT-CSE-01-02595,CSE-01,HIGH,2024-10-11T00:52:53,2024-10-11T00:57:30.339623,2024-10-11T02:37:57.271007,CLOSED,,ROUTER-01,False
ALT-CSE-01-02596,CSE-01,LOW,2024-11-18T18:38:29,2024-11-18T18:49:58.919570,2024-11-18T20:40:49.105226,CLOSED,,ENDPOINT-01,False
ALT-CSE-01-02597,CSE-01,CRITICAL,2024-10-16T15:30:45,2024-10-16T15:31:53.428264,2024-10-16T16:18:08.993045,CLOSED,CAS-CSE-01-0564,WEB-SERVER-01,False
ALT-CSE-01-02598,CSE-01,MEDIUM,2024-12-10T02:04:44,2024-12-10T02:10:38.462775,2024-12-10T04:18:10.900441,CLOSED,,DB-SERVER-01,False
ALT-CSE-01-02599,CSE-01,HIGH,2024-11-15T04:28:00,2024-11-15T04:40:38.372686,2024-11-15T06:25:43.978520,CLOSED,,FIREWALL-01,False
ALT-CSE-01-02600,CSE-01,HIGH,2024-10-22T09:26:31,2024-10-22T09:33:42.041704,2024-10-22T11:10:54.501760,CLOSED,,ROUTER-01,False
ALT-CSE-01-02601,CSE-01,MEDIUM,2024-10-12T06:08:06,2024-10-12T06:20:46.851059,2024-10-12T08:45:46.797502,CLOSED,,DB-SERVER-01,False
ALT-CSE-01-02602,CSE-01,MEDIUM,2024-12-06T07:18:49,2024-12-06T07:28:47.381799,2024-12-06T08:59:00.399628,CLOSED,,ENDPOINT-01,False
ALT-CSE-01-02603,CSE-01,LOW,2024-12-02T19:29:45,2024-12-02T19:38:30.060386,2024-12-02T21:23:01.182215,CLOSED,,ROUTER-01,False
ALT-CSE-01-02604,CSE-01,MEDIUM,2024-10-23T02:20:45,2024-10-23T02:25:24.816726,2024-10-23T04:07:25.990432,CLOSED,,ROUTER-01,False
ALT-CSE-01-02605,CSE-01,LOW,2024-10-24T10:50:55,2024-10-24T10:59:11.194918,2024-10-24T11:54:55.724530,CLOSED,,ROUTER-01,False
ALT-CSE-01-02606,CSE-01,LOW,2024-11-14T06:08:41,2024-11-14T06:23:02.108417,2024-11-14T07:55:27.422929,CLOSED,CAS-CSE-01-0565,WEB-SERVER-01,False
ALT-CSE-01-02607,CSE-01,LOW,2024-10-15T10:56:05,2024-10-15T11:09:02.868910,2024-10-15T12:57:42.370752,CLOSED,,WEB-SERVER-01,False
ALT-CSE-01-02608,CSE-01,MEDIUM,2024-12-09T07:11:09,2024-12-09T07:15:55.332661,2024-12-09T09:14:54.951005,CLOSED,,ENDPOINT-01,False
ALT-CSE-01-02609,CSE-01,LOW,2024-10-14T19:19:17,2024-10-14T19:20:50.564509,2024-10-14T22:05:48.348464,CLOSED,,FIREWALL-01,False
ALT-CSE-01-02610,CSE-01,HIGH,2024-11-09T06:44:21,2024-11-09T06:54:05.567919,2024-11-09T10:01:35.840395,CLOSED,,FIREWALL-01,False
ALT-CSE-01-02611,CSE-01,MEDIUM,2024-12-09T18:49:45,2024-12-09T18:55:11.120698,2024-12-09T21:09:21.900225,CLOSED,,ENDPOINT-01,False
ALT-CSE-01-02612,CSE-01,LOW,2024-11-09T17:30:48,2024-11-09T17:35:32.711807,2024-11-09T20:06:29.111504,CLOSED,,ENDPOINT-01,False
ALT-CSE-01-02613,CSE-01,HIGH,2024-10-30T03:24:12,2024-10-30T03:29:43.005682,2024-10-30T07:19:58.499763,CLOSED,,ENDPOINT-01,False
ALT-CSE-01-02614,CSE-01,CRITICAL,2024-12-18T02:07:08,2024-12-18T02:10:16.897343,2024-12-18T02:33:19.935283,CLOSED,CAS-CSE-01-0566,ENDPOINT-01,False
ALT-CSE-01-02615,CSE-01,CRITICAL,2024-12-28T02:56:38,2024-12-28T03:00:47.923915,2024-12-28T03:49:13.762793,CLOSED,CAS-CSE-01-0567,ENDPOINT-01,False
ALT-CSE-01-02616,CSE-01,CRITICAL,2024-12-21T02:28:36,2024-12-21T02:38:47.425370,2024-12-21T03:16:16.219982,CLOSED,CAS-CSE-01-0568,ROUTER-01,False
ALT-CSE-01-02617,CSE-01,MEDIUM,2024-10-14T20:38:50,2024-10-14T20:40:15.246401,2024-10-14T22:45:59.755341,CLOSED,,WEB-SERVER-01,False
ALT-CSE-01-02618,CSE-01,HIGH,2024-10-22T04:01:24,2024-10-22T04:15:43.451211,2024-10-22T05:21:09.093225,CLOSED,,WEB-SERVER-01,False
ALT-CSE-01-02619,CSE-01,MEDIUM,2024-10-10T00:51:17,2024-10-10T01:01:34.174581,2024-10-10T02:11:35.145659,CLOSED,,DB-SERVER-01,False
ALT-CSE-01-02620,CSE-01,MEDIUM,2024-10-31T09:18:45,2024-10-31T09:29:02.546382,2024-10-31T11:13:59.679467,CLOSED,,DB-SERVER-01,False
ALT-CSE-01-02621,CSE-01,CRITICAL,2024-10-22T01:37:11,2024-10-22T01:41:43.757293,2024-10-22T02:24:51.958814,CLOSED,CAS-CSE-01-0569,ROUTER-01,False
ALT-CSE-01-02622,CSE-01,CRITICAL,2024-12-18T04:40:42,2024-12-18T04:49:18.304063,2024-12-18T05:19:55.885681,CLOSED,CAS-CSE-01-0570,ROUTER-01,False
ALT-CSE-01-02623,CSE-01,MEDIUM,2024-12-14T19:28:25,2024-12-14T19:30:12.252523,2024-12-14T20:45:17.693745,CLOSED,CAS-CSE-01-0571,DB-SERVER-01,False
ALT-CSE-01-02624,CSE-01,MEDIUM,2024-11-13T00:41:56,2024-11-13T00:49:30.620581,2024-11-13T02:40:36.298971,CLOSED,,ROUTER-01,False
ALT-CSE-01-02625,CSE-01,HIGH,2024-10-25T00:44:55,2024-10-25T00:51:30.793038,2024-10-25T02:33:58.528927,CLOSED,,ENDPOINT-01,False
ALT-CSE-01-02626,CSE-01,HIGH,2024-10-16T15:32:29,2024-10-16T15:43:02.686806,2024-10-16T17:46:57.791575,CLOSED,,ROUTER-01,False
ALT-CSE-01-02627,CSE-01,MEDIUM,2024-11-15T09:41:09,2024-11-15T09:48:26.066649,2024-11-15T11:08:20.406734,CLOSED,CAS-CSE-01-0572,WEB-SERVER-01,False
ALT-CSE-01-02628,CSE-01,HIGH,2024-12-15T12:02:12,2024-12-15T12:11:05.902896,2024-12-15T13:22:08.449474,CLOSED,,FIREWALL-01,False
ALT-CSE-01-02629,CSE-01,HIGH,2024-11-09T19:03:01,2024-11-09T19:04:43.700667,2024-11-09T20:43:17.811335,CLOSED,,WEB-SERVER-01,False
ALT-CSE-01-02630,CSE-01,MEDIUM,2024-10-29T10:36:35,2024-10-29T10:39:05.834270,2024-10-29T11:29:51.374117,CLOSED,,FIREWALL-01,False
ALT-CSE-01-02631,CSE-01,CRITICAL,2024-12-22T20:47:26,2024-12-22T21:01:12.694117,2024-12-22T21:30:06.211901,CLOSED,CAS-CSE-01-0573,ROUTER-01,False
ALT-CSE-01-02632,CSE-01,MEDIUM,2024-11-26T21:14:24,2024-11-26T21:28:42.939371,2024-11-26T23:39:27.059965,CLOSED,,ENDPOINT-01,False
ALT-CSE-01-02633,CSE-01,MEDIUM,2024-12-16T17:31:54,2024-12-16T17:35:42.410387,2024-12-16T18:52:22.769769,CLOSED,,DB-SERVER-01,False
ALT-CSE-01-02634,CSE-01,HIGH,2024-11-25T02:17:19,2024-11-25T02:27:27.649628,2024-11-25T04:30:33.830126,CLOSED,,FIREWALL-01,False
ALT-CSE-01-02635,CSE-01,HIGH,2024-12-23T10:23:30,2024-12-23T10:26:52.889686,2024-12-23T10:29:13.974344,CLOSED,,DB-SERVER-01,False
ALT-CSE-01-02636,CSE-01,LOW,2024-11-07T00:59:04,2024-11-07T01:09:21.010733,2024-11-07T03:03:03.217297,CLOSED,,DB-SERVER-01,False
ALT-CSE-01-02637,CSE-01,HIGH,2024-12-25T02:16:01,2024-12-25T02:28:51.169855,2024-12-25T04:36:27.075696,CLOSED,,WEB-SERVER-01,False
ALT-CSE-01-02638,CSE-01,CRITICAL,2024-11-15T16:04:18,2024-11-15T16:05:27.481440,2024-11-15T16:33:33.164910,CLOSED,CAS-CSE-01-0574,FIREWALL-01,False
ALT-CSE-01-02639,CSE-01,HIGH,2024-10-05T04:19:38,2024-10-05T04:29:48.536141,2024-10-05T05:51:58.332787,CLOSED,,ENDPOINT-01,False
ALT-CSE-01-02640,CSE-01,MEDIUM,2024-11-11T16:06:32,2024-11-11T16:18:17.260086,2024-11-11T17:58:32.892712,CLOSED,,ENDPOINT-01,False
ALT-CSE-01-02641,CSE-01,LOW,2024-12-02T04:38:44,2024-12-02T04:43:28.434297,2024-12-02T06:40:39.518002,CLOSED,,ENDPOINT-01,False
ALT-CSE-01-02642,CSE-01,HIGH,2024-10-26T12:05:28,2024-10-26T12:13:35.975822,2024-10-26T12:56:44.507997,CLOSED,,ENDPOINT-01,False
ALT-CSE-01-02643,CSE-01,HIGH,2024-12-23T22:13:39,2024-12-23T22:16:42.561992,2024-12-23T23:24:43.508058,CLOSED,,WEB-SERVER-01,False
ALT-CSE-01-02644,CSE-01,MEDIUM,2024-11-29T07:07:06,2024-11-29T07:15:39.053063,2024-11-29T09:45:26.582881,CLOSED,,ROUTER-01,False
ALT-CSE-01-02645,CSE-01,LOW,2024-12-01T18:59:35,2024-12-01T19:09:10.717052,2024-12-01T20:52:20.574127,CLOSED,CAS-CSE-01-0575,ROUTER-01,False
ALT-CSE-01-02646,CSE-01,CRITICAL,2024-10-25T04:25:08,2024-10-25T04:35:29.505403,2024-10-25T05:22:48.072507,CLOSED,,ENDPOINT-01,False
ALT-CSE-01-02647,CSE-01,CRITICAL,2024-11-24T04:48:54,2024-11-24T04:55:30.708359,2024-11-24T05:55:23.802690,CLOSED,,ENDPOINT-01,False
ALT-CSE-01-02648,CSE-01,CRITICAL,2024-10-14T23:52:45,2024-10-14T23:56:44.553738,2024-10-15T00:23:22.551881,CLOSED,CAS-CSE-01-0576,FIREWALL-01,False
ALT-CSE-01-02649,CSE-01,LOW,2024-11-18T12:12:42,2024-11-18T12:25:44.948139,2024-11-18T14:25:51.535236,CLOSED,,DB-SERVER-01,False
ALT-CSE-01-02650,CSE-01,MEDIUM,2024-10-27T09:26:13,2024-10-27T09:39:59.424159,2024-10-27T12:03:23.353986,CLOSED,,DB-SERVER-01,False
ALT-CSE-01-02651,CSE-01,CRITICAL,2024-10-12T07:20:02,2024-10-12T07:24:16.678637,2024-10-12T08:04:17.505742,CLOSED,CAS-CSE-01-0577,FIREWALL-01,False
ALT-CSE-01-02652,CSE-01,LOW,2024-12-02T21:56:57,2024-12-02T22:05:02.991464,2024-12-02T23:09:54.474529,CLOSED,CAS-CSE-01-0578,DB-SERVER-01,False
ALT-CSE-01-02653,CSE-01,HIGH,2024-10-21T15:02:45,2024-10-21T15:15:56.435850,2024-10-21T16:23:10.666930,CLOSED,,WEB-SERVER-01,False
ALT-CSE-01-02654,CSE-01,CRITICAL,2024-10-27T14:57:39,2024-10-27T15:00:45.090479,2024-10-27T15:06:39.828928,CLOSED,CAS-CSE-01-0579,ROUTER-01,False
ALT-CSE-01-02655,CSE-01,LOW,2024-10-23T08:16:07,2024-10-23T08:20:07.776342,2024-10-23T10:02:12.134118,CLOSED,CAS-CSE-01-0580,FIREWALL-01,False
ALT-CSE-01-02656,CSE-01,HIGH,2024-10-02T01:46:52,2024-10-02T01:58:39.588599,2024-10-02T03:32:11.162850,CLOSED,,WEB-SERVER-01,False
ALT-CSE-01-02657,CSE-01,LOW,2024-12-22T20:20:18,2024-12-22T20:33:47.077409,2024-12-23T00:09:40.138849,CLOSED,,DB-SERVER-01,False
ALT-CSE-01-02658,CSE-01,MEDIUM,2024-12-27T14:37:42,2024-12-27T14:43:38.254951,2024-12-27T17:01:49.799810,CLOSED,,ENDPOINT-01,False
ALT-CSE-01-02659,CSE-01,CRITICAL,2024-10-18T20:40:26,2024-10-18T20:47:44.416939,2024-10-18T21:24:52.964349,CLOSED,,ENDPOINT-01,False
ALT-CSE-01-02660,CSE-01,CRITICAL,2024-12-04T00:11:59,2024-12-04T00:19:53.755540,2024-12-04T01:08:27.300716,CLOSED,CAS-CSE-01-0581,WEB-SERVER-01,False
ALT-CSE-01-02661,CSE-01,HIGH,2024-11-05T23:31:30,2024-11-05T23:38:53.119821,2024-11-06T01:13:05.403787,CLOSED,,WEB-SERVER-01,False
ALT-CSE-01-02662,CSE-01,MEDIUM,2024-12-10T16:53:43,2024-12-10T16:56:08.028330,2024-12-10T18:04:55.570085,CLOSED,,DB-SERVER-01,False
ALT-CSE-01-02663,CSE-01,CRITICAL,2024-11-04T13:52:24,2024-11-04T13:54:57.471894,2024-11-04T14:25:34.234326,CLOSED,CAS-CSE-01-0582,FIREWALL-01,False
ALT-CSE-01-02664,CSE-01,MEDIUM,2024-10-27T02:14:34,2024-10-27T02:27:18.527897,2024-10-27T04:54:13.594729,CLOSED,,ENDPOINT-01,False
ALT-CSE-01-02665,CSE-01,CRITICAL,2024-12-18T13:58:36,2024-12-18T14:01:52.467271,2024-12-18T15:12:34.235022,CLOSED,CAS-CSE-01-0583,DB-SERVER-01,False
ALT-CSE-01-02666,CSE-01,MEDIUM,2024-12-29T09:55:01,2024-12-29T09:58:06.147762,2024-12-29T11:30:48.475554,CLOSED,,ROUTER-01,False
ALT-CSE-01-02667,CSE-01,LOW,2024-12-08T12:05:19,2024-12-08T12:06:55.818325,2024-12-08T13:36:29.911597,CLOSED,,ROUTER-01,False
ALT-CSE-01-02668,CSE-01,HIGH,2024-12-17T13:51:02,2024-12-17T13:53:05.996514,2024-12-17T15:36:26.317040,CLOSED,,ENDPOINT-01,False
ALT-CSE-01-02669,CSE-01,MEDIUM,2024-12-27T19:21:10,2024-12-27T19:32:15.742447,2024-12-27T21:27:56.115275,CLOSED,,DB-SERVER-01,False
ALT-CSE-01-02670,CSE-01,HIGH,2024-10-09T16:30:31,2024-10-09T16:31:36.718162,2024-10-09T19:36:52.993062,CLOSED,,FIREWALL-01,False
ALT-CSE-01-02671,CSE-01,HIGH,2024-10-26T13:45:30,2024-10-26T13:46:46.768085,2024-10-26T16:20:58.160429,CLOSED,,ENDPOINT-01,False
ALT-CSE-01-02672,CSE-01,MEDIUM,2024-12-11T16:53:17,2024-12-11T16:57:07.053437,2024-12-11T19:29:59.650358,CLOSED,,DB-SERVER-01,False
ALT-CSE-01-02673,CSE-01,HIGH,2024-11-25T10:13:49,2024-11-25T10:25:20.330930,2024-11-25T12:03:01.452581,CLOSED,CAS-CSE-01-0584,DB-SERVER-01,False
ALT-CSE-01-02674,CSE-01,MEDIUM,2024-12-29T10:00:44,2024-12-29T10:13:24.504446,2024-12-29T11:29:53.102611,CLOSED,,FIREWALL-01,False
ALT-CSE-01-02675,CSE-01,MEDIUM,2024-11-09T12:31:15,2024-11-09T12:42:53.027898,2024-11-09T14:46:08.513253,CLOSED,CAS-CSE-01-0585,WEB-SERVER-01,False
ALT-CSE-01-02676,CSE-01,LOW,2024-10-29T02:58:56,2024-10-29T03:12:21.527947,2024-10-29T04:51:39.365985,CLOSED,,DB-SERVER-01,False
ALT-CSE-01-02677,CSE-01,MEDIUM,2024-11-28T20:36:58,2024-11-28T20:40:15.489639,2024-11-28T22:45:11.010451,CLOSED,,ENDPOINT-01,False
ALT-CSE-01-02678,CSE-01,HIGH,2024-10-28T04:05:06,2024-10-28T04:11:07.134395,2024-10-28T04:57:40.166179,CLOSED,,ENDPOINT-01,False
ALT-CSE-01-02679,CSE-01,HIGH,2024-10-07T16:41:08,2024-10-07T16:46:41.909653,2024-10-07T18:41:37.056493,CLOSED,,DB-SERVER-01,False
ALT-CSE-01-02680,CSE-01,HIGH,2024-11-22T03:42:46,2024-11-22T03:52:47.282972,2024-11-22T05:17:05.545351,CLOSED,,WEB-SERVER-01,False
ALT-CSE-01-02681,CSE-01,CRITICAL,2024-11-01T15:08:05,2024-11-01T15:10:52.929930,2024-11-01T16:04:20.056710,CLOSED,CAS-CSE-01-0586,ENDPOINT-01,False
ALT-CSE-01-02682,CSE-01,HIGH,2024-11-05T21:20:22,2024-11-05T21:25:35.658661,2024-11-05T22:05:53.716840,CLOSED,,ENDPOINT-01,False
ALT-CSE-01-02683,CSE-01,CRITICAL,2024-10-30T09:44:30,2024-10-30T09:58:17.515050,2024-10-30T10:29:03.391836,CLOSED,,ROUTER-01,False
ALT-CSE-01-02684,CSE-01,MEDIUM,2024-11-30T05:52:43,2024-11-30T05:53:43.267015,2024-11-30T07:41:36.896032,CLOSED,,DB-SERVER-01,False
ALT-CSE-01-02685,CSE-01,LOW,2024-10-11T05:41:50,2024-10-11T05:46:36.897048,2024-10-11T08:44:49.934755,CLOSED,,DB-SERVER-01,False
ALT-CSE-01-02686,CSE-01,LOW,2024-11-17T05:02:14,2024-11-17T05:14:58.882927,2024-11-17T06:53:10.305952,CLOSED,,FIREWALL-01,False
ALT-CSE-01-02687,CSE-01,LOW,2024-12-03T05:34:51,2024-12-03T05:49:10.551848,2024-12-03T08:12:08.544785,CLOSED,,DB-SERVER-01,False
ALT-CSE-01-02688,CSE-01,MEDIUM,2024-11-28T04:19:56,2024-11-28T04:25:45.251717,2024-11-28T06:48:36.574303,CLOSED,,DB-SERVER-01,False
ALT-CSE-01-02689,CSE-01,MEDIUM,2024-11-03T13:08:54,2024-11-03T13:20:02.088560,2024-11-03T14:46:45.504760,CLOSED,,WEB-SERVER-01,False
ALT-CSE-01-02690,CSE-01,HIGH,2024-11-15T23:25:22,2024-11-15T23:27:27.144642,2024-11-16T02:39:15.831748,CLOSED,,ROUTER-01,False
ALT-CSE-01-02691,CSE-01,CRITICAL,2024-12-28T12:55:46,2024-12-28T12:57:46.195114,2024-12-28T13:43:12.328306,CLOSED,CAS-CSE-01-0587,ROUTER-01,False
ALT-CSE-01-02692,CSE-01,LOW,2024-10-06T06:19:27,2024-10-06T06:25:16.173233,2024-10-06T09:12:08.699006,CLOSED,,FIREWALL-01,False
ALT-CSE-01-02693,CSE-01,LOW,2024-10-08T14:03:52,2024-10-08T14:17:18.710025,2024-10-08T15:46:52.405752,CLOSED,,ROUTER-01,False
ALT-CSE-01-02694,CSE-01,MEDIUM,2024-12-25T19:23:21,2024-12-25T19:26:15.188193,2024-12-25T22:00:05.829773,CLOSED,,DB-SERVER-01,False
ALT-CSE-01-02695,CSE-01,LOW,2024-10-19T14:44:16,2024-10-19T14:46:24.272704,2024-10-19T16:58:56.834145,CLOSED,,FIREWALL-01,False
ALT-CSE-01-02696,CSE-01,LOW,2024-10-23T06:37:17,2024-10-23T06:47:17.367261,2024-10-23T08:55:38.722358,CLOSED,,DB-SERVER-01,False
ALT-CSE-01-02697,CSE-01,HIGH,2024-11-05T02:23:57,2024-11-05T02:32:05.016693,2024-11-05T04:42:07.207039,CLOSED,,ENDPOINT-01,False
ALT-CSE-01-02698,CSE-01,MEDIUM,2024-11-13T03:56:52,2024-11-13T04:08:02.235435,2024-11-13T05:15:09.606524,CLOSED,,ENDPOINT-01,False
ALT-CSE-01-02699,CSE-01,MEDIUM,2024-12-10T15:05:57,2024-12-10T15:09:32.559308,2024-12-10T17:39:28.077099,CLOSED,,ROUTER-01,False
ALT-CSE-01-02700,CSE-01,CRITICAL,2024-12-21T22:16:22,2024-12-21T22:31:06.711141,2024-12-21T22:58:37.073635,CLOSED,CAS-CSE-01-0588,WEB-SERVER-01,False
ALT-CSE-01-02701,CSE-01,CRITICAL,2024-12-10T17:06:07,2024-12-10T17:11:50.000688,2024-12-10T17:43:20.637777,CLOSED,CAS-CSE-01-0589,WEB-SERVER-01,False
ALT-CSE-01-02702,CSE-01,LOW,2024-11-26T22:59:38,2024-11-26T23:04:31.766936,2024-11-26T23:45:58.385348,CLOSED,,DB-SERVER-01,False
ALT-CSE-01-02703,CSE-01,HIGH,2024-12-26T01:48:11,2024-12-26T02:00:00.410963,2024-12-26T03:06:10.220351,CLOSED,,DB-SERVER-01,False
ALT-CSE-01-02704,CSE-01,MEDIUM,2024-10-19T21:41:31,2024-10-19T21:50:12.330339,2024-10-20T00:12:21.024896,CLOSED,,FIREWALL-01,False
ALT-CSE-01-02705,CSE-01,CRITICAL,2024-10-10T03:46:04,2024-10-10T03:50:20.584911,2024-10-10T04:46:06.343680,CLOSED,CAS-CSE-01-0590,ENDPOINT-01,False
ALT-CSE-01-02706,CSE-01,MEDIUM,2024-12-22T09:58:05,2024-12-22T10:07:44.644820,2024-12-22T12:31:23.699619,CLOSED,,FIREWALL-01,False
ALT-CSE-01-02707,CSE-01,CRITICAL,2024-11-01T12:09:50,2024-11-01T12:11:01.436156,2024-11-01T12:57:13.440001,CLOSED,CAS-CSE-01-0591,ENDPOINT-01,False
ALT-CSE-01-02708,CSE-01,MEDIUM,2024-10-29T21:02:18,2024-10-29T21:05:36.106394,2024-10-30T00:22:27.564100,CLOSED,,FIREWALL-01,False
ALT-CSE-01-02709,CSE-01,HIGH,2024-12-06T21:38:34,2024-12-06T21:52:38.493851,2024-12-06T23:09:53.264271,CLOSED,,WEB-SERVER-01,False
ALT-CSE-01-02710,CSE-01,MEDIUM,2024-10-16T20:03:10,2024-10-16T20:09:52.276246,2024-10-16T22:37:08.416031,CLOSED,,ENDPOINT-01,False
ALT-CSE-01-02711,CSE-01,MEDIUM,2024-11-20T05:20:04,2024-11-20T05:23:06.503494,2024-11-20T06:47:28.623136,CLOSED,,WEB-SERVER-01,False
ALT-CSE-01-02712,CSE-01,MEDIUM,2024-11-16T09:31:30,2024-11-16T09:41:31.489292,2024-11-16T11:16:45.192162,CLOSED,,ROUTER-01,False
ALT-CSE-01-02713,CSE-01,HIGH,2024-10-06T18:33:28,2024-10-06T18:45:20.082638,2024-10-06T20:45:31.164748,CLOSED,,ROUTER-01,False
ALT-CSE-01-02714,CSE-01,LOW,2024-11-11T05:13:57,2024-11-11T05:19:02.496915,2024-11-11T06:45:04.392735,CLOSED,,DB-SERVER-01,False
ALT-CSE-01-02715,CSE-01,CRITICAL,2024-10-27T12:51:51,2024-10-27T12:54:14.760221,2024-10-27T13:47:59.933752,CLOSED,CAS-CSE-01-0592,WEB-SERVER-01,False
ALT-CSE-01-02716,CSE-01,CRITICAL,2024-11-05T06:13:37,2024-11-05T06:27:56.877290,2024-11-05T06:59:32.237338,CLOSED,CAS-CSE-01-0593,ENDPOINT-01,False
ALT-CSE-01-02717,CSE-01,MEDIUM,2024-12-06T00:42:31,2024-12-06T00:45:58.328116,2024-12-06T01:56:12.575739,CLOSED,,DB-SERVER-01,False
ALT-CSE-01-02718,CSE-01,LOW,2024-11-14T19:20:22,2024-11-14T19:34:42.677953,2024-11-14T21:14:55.768881,CLOSED,,WEB-SERVER-01,False
ALT-CSE-01-02719,CSE-01,MEDIUM,2024-10-21T23:47:21,2024-10-21T23:49:26.411894,2024-10-22T01:28:54.876559,CLOSED,,ROUTER-01,False
ALT-CSE-01-02720,CSE-01,HIGH,2024-11-25T00:35:05,2024-11-25T00:42:02.432042,2024-11-25T02:50:21.513415,CLOSED,,DB-SERVER-01,False
ALT-CSE-01-02721,CSE-01,MEDIUM,2024-10-24T12:02:27,2024-10-24T12:11:25.063485,2024-10-24T12:30:35.012608,CLOSED,,WEB-SERVER-01,False
ALT-CSE-01-02722,CSE-01,LOW,2024-12-16T00:33:08,2024-12-16T00:38:50.251533,2024-12-16T02:53:46.460626,CLOSED,,DB-SERVER-01,False
ALT-CSE-01-02723,CSE-01,HIGH,2024-10-29T04:38:16,2024-10-29T04:53:10.390259,2024-10-29T05:27:28.898916,CLOSED,,FIREWALL-01,False
ALT-CSE-01-02724,CSE-01,LOW,2024-12-14T01:50:26,2024-12-14T01:58:19.467564,2024-12-14T04:55:34.374013,CLOSED,,WEB-SERVER-01,False
ALT-CSE-01-02725,CSE-01,MEDIUM,2024-10-30T02:17:14,2024-10-30T02:24:48.946109,2024-10-30T03:33:11.609348,CLOSED,,FIREWALL-01,False
ALT-CSE-01-02726,CSE-01,MEDIUM,2024-10-28T12:15:22,2024-10-28T12:17:11.441928,2024-10-28T14:19:13.192249,CLOSED,,ENDPOINT-01,False
ALT-CSE-01-02727,CSE-01,MEDIUM,2024-12-16T23:37:50,2024-12-16T23:51:50.468055,2024-12-17T01:28:14.662130,CLOSED,,FIREWALL-01,False
ALT-CSE-01-02728,CSE-01,MEDIUM,2024-10-12T05:58:20,2024-10-12T06:08:13.259239,2024-10-12T08:18:23.761248,CLOSED,,ENDPOINT-01,False
ALT-CSE-01-02729,CSE-01,MEDIUM,2024-12-13T21:48:17,2024-12-13T21:56:21.320388,2024-12-13T23:45:51.134492,CLOSED,,WEB-SERVER-01,False
ALT-CSE-01-02730,CSE-01,HIGH,2024-11-01T08:52:16,2024-11-01T08:57:54.876610,2024-11-01T11:53:20.017755,CLOSED,,FIREWALL-01,False
ALT-CSE-01-02731,CSE-01,CRITICAL,2024-12-07T22:24:31,2024-12-07T22:31:08.008110,2024-12-07T23:04:51.550143,CLOSED,CAS-CSE-01-0594,FIREWALL-01,False
ALT-CSE-01-02732,CSE-01,LOW,2024-11-23T13:17:01,2024-11-23T13:30:21.975037,2024-11-23T15:10:15.887869,CLOSED,,DB-SERVER-01,False
ALT-CSE-01-02733,CSE-01,HIGH,2024-10-14T21:05:15,2024-10-14T21:15:35.287503,2024-10-14T22:54:13.479306,CLOSED,,ENDPOINT-01,False
ALT-CSE-01-02734,CSE-01,HIGH,2024-12-27T21:23:29,2024-12-27T21:31:07.822253,2024-12-27T23:53:44.575983,CLOSED,,ENDPOINT-01,False
ALT-CSE-01-02735,CSE-01,LOW,2024-11-01T19:48:58,2024-11-01T19:58:10.073012,2024-11-01T21:57:02.779197,CLOSED,,ROUTER-01,False
ALT-CSE-01-02736,CSE-01,HIGH,2024-10-11T01:39:50,2024-10-11T01:48:23.554784,2024-10-11T04:33:46.421495,CLOSED,,ROUTER-01,False
ALT-CSE-01-02737,CSE-01,HIGH,2024-12-22T11:47:05,2024-12-22T11:52:14.430484,2024-12-22T13:18:31.650097,CLOSED,,ROUTER-01,False
ALT-CSE-01-02738,CSE-01,HIGH,2024-11-14T00:56:30,2024-11-14T01:04:18.690933,2024-11-14T02:47:53.156377,CLOSED,,FIREWALL-01,False
ALT-CSE-01-02739,CSE-01,HIGH,2024-10-07T22:54:20,2024-10-07T23:04:40.769819,2024-10-07T23:43:25.669980,CLOSED,,ENDPOINT-01,False
ALT-CSE-01-02740,CSE-01,CRITICAL,2024-10-29T05:06:54,2024-10-29T05:07:59.651603,2024-10-29T05:33:46.179799,CLOSED,CAS-CSE-01-0595,ROUTER-01,False
ALT-CSE-01-02741,CSE-01,LOW,2024-10-20T21:51:47,2024-10-20T21:54:47.576806,2024-10-20T23:30:52.829891,CLOSED,,FIREWALL-01,False
ALT-CSE-01-02742,CSE-01,MEDIUM,2024-11-20T20:03:38,2024-11-20T20:12:58.308900,2024-11-20T20:15:07.407476,CLOSED,,WEB-SERVER-01,False
ALT-CSE-01-02743,CSE-01,HIGH,2024-11-05T13:35:39,2024-11-05T13:39:13.470300,2024-11-05T15:35:18.401991,CLOSED,,WEB-SERVER-01,False
ALT-CSE-01-02744,CSE-01,MEDIUM,2024-12-03T04:29:34,2024-12-03T04:40:45.906852,2024-12-03T05:27:35.906267,CLOSED,CAS-CSE-01-0596,DB-SERVER-01,False
ALT-CSE-01-02745,CSE-01,HIGH,2024-10-25T10:53:59,2024-10-25T11:05:34.597815,2024-10-25T12:49:15.846470,CLOSED,,ENDPOINT-01,False
ALT-CSE-01-02746,CSE-01,CRITICAL,2024-12-23T21:46:32,2024-12-23T21:58:08.846200,2024-12-23T22:41:42.424688,CLOSED,CAS-CSE-01-0597,DB-SERVER-01,False
ALT-CSE-01-02747,CSE-01,HIGH,2024-12-04T04:36:01,2024-12-04T04:51:00.413193,2024-12-04T07:19:20.436022,CLOSED,,ROUTER-01,False
ALT-CSE-01-02748,CSE-01,MEDIUM,2024-10-28T08:33:18,2024-10-28T08:45:54.978011,2024-10-28T10:41:37.449318,CLOSED,,WEB-SERVER-01,False
ALT-CSE-01-02749,CSE-01,CRITICAL,2024-12-20T22:38:21,2024-12-20T22:47:25.510801,2024-12-20T23:17:05.945331,CLOSED,CAS-CSE-01-0598,WEB-SERVER-01,False
ALT-CSE-01-02750,CSE-01,CRITICAL,2024-10-11T09:26:12,2024-10-11T09:31:38.244312,2024-10-11T10:17:18.741129,CLOSED,CAS-CSE-01-0599,DB-SERVER-01,False
ALT-CSE-01-02751,CSE-01,CRITICAL,2024-12-06T05:29:36,2024-12-06T05:30:42.656763,2024-12-06T06:26:28.280418,CLOSED,CAS-CSE-01-0600,ROUTER-01,False
ALT-CSE-01-02752,CSE-01,MEDIUM,2024-10-30T21:22:45,2024-10-30T21:26:28.548840,2024-10-30T23:10:22.354145,CLOSED,CAS-CSE-01-0601,ROUTER-01,False
ALT-CSE-01-02753,CSE-01,MEDIUM,2024-11-22T18:29:29,2024-11-22T18:33:49.254894,2024-11-22T20:14:31.214995,CLOSED,,FIREWALL-01,False
ALT-CSE-01-02754,CSE-01,CRITICAL,2024-12-12T03:46:09,2024-12-12T03:57:15.409102,2024-12-12T04:34:55.754675,CLOSED,CAS-CSE-01-0602,WEB-SERVER-01,False
ALT-CSE-01-02755,CSE-01,MEDIUM,2024-12-28T04:26:21,2024-12-28T04:35:25.089824,2024-12-28T05:42:48.904437,CLOSED,,ROUTER-01,False
ALT-CSE-01-02756,CSE-01,LOW,2024-10-13T23:36:22,2024-10-13T23:44:05.423847,2024-10-14T01:23:31.539331,CLOSED,,ENDPOINT-01,False
ALT-CSE-01-02757,CSE-01,HIGH,2024-10-10T03:08:42,2024-10-10T03:20:05.850816,2024-10-10T05:00:03.408178,CLOSED,,FIREWALL-01,False
ALT-CSE-01-02758,CSE-01,HIGH,2024-12-11T21:37:14,2024-12-11T21:51:01.504690,2024-12-12T00:33:04.234666,CLOSED,CAS-CSE-01-0603,ENDPOINT-01,False
ALT-CSE-01-02759,CSE-01,LOW,2024-12-15T04:43:54,2024-12-15T04:49:54.477239,2024-12-15T05:50:42.162758,CLOSED,,WEB-SERVER-01,False
ALT-CSE-01-02760,CSE-01,CRITICAL,2024-11-11T05:00:03,2024-11-11T05:07:31.078536,2024-11-11T06:00:43.384716,CLOSED,CAS-CSE-01-0604,ENDPOINT-01,False
ALT-CSE-01-02761,CSE-01,LOW,2024-12-05T16:00:02,2024-12-05T16:08:32.473265,2024-12-05T18:40:02.736027,CLOSED,,FIREWALL-01,False
ALT-CSE-01-02762,CSE-01,MEDIUM,2024-11-18T13:52:47,2024-11-18T14:06:39.690100,2024-11-18T16:08:23.286666,CLOSED,,ROUTER-01,False
ALT-CSE-01-02763,CSE-01,MEDIUM,2024-10-26T15:10:07,2024-10-26T15:23:15.560539,2024-10-26T17:19:13.647238,CLOSED,,ROUTER-01,False
ALT-CSE-01-02764,CSE-01,MEDIUM,2024-11-17T21:25:21,2024-11-17T21:30:50.053862,2024-11-18T00:13:38.755983,CLOSED,,ENDPOINT-01,False
ALT-CSE-01-02765,CSE-01,CRITICAL,2024-10-06T10:25:09,2024-10-06T10:30:33.805358,2024-10-06T11:04:18.092957,CLOSED,CAS-CSE-01-0605,FIREWALL-01,False
ALT-CSE-01-02766,CSE-01,MEDIUM,2024-12-20T07:54:28,2024-12-20T07:58:16.500388,2024-12-20T10:37:27.714479,CLOSED,,DB-SERVER-01,False
ALT-CSE-01-02767,CSE-01,LOW,2024-12-06T00:55:02,2024-12-06T01:02:28.264658,2024-12-06T03:09:22.698605,CLOSED,CAS-CSE-01-0606,FIREWALL-01,False
ALT-CSE-01-02768,CSE-01,CRITICAL,2024-12-01T18:34:49,2024-12-01T18:39:56.482794,2024-12-01T19:19:22.331377,CLOSED,CAS-CSE-01-0607,ROUTER-01,False
ALT-CSE-01-02769,CSE-01,HIGH,2024-11-11T15:26:26,2024-11-11T15:36:32.143888,2024-11-11T16:29:00.078921,CLOSED,,ROUTER-01,False
ALT-CSE-01-02770,CSE-01,MEDIUM,2024-10-26T02:16:54,2024-10-26T02:30:36.506597,2024-10-26T03:53:33.242165,CLOSED,,FIREWALL-01,False
ALT-CSE-01-02771,CSE-01,HIGH,2024-12-19T18:17:17,2024-12-19T18:29:17.176535,2024-12-19T18:55:10.348696,CLOSED,CAS-CSE-01-0608,WEB-SERVER-01,False
ALT-CSE-01-02772,CSE-01,CRITICAL,2024-12-11T08:29:03,2024-12-11T08:43:56.098376,2024-12-11T09:06:07.219850,CLOSED,CAS-CSE-01-0609,DB-SERVER-01,False
ALT-CSE-01-02773,CSE-01,MEDIUM,2024-12-10T16:04:54,2024-12-10T16:10:47.218375,2024-12-10T18:46:03.259763,CLOSED,,WEB-SERVER-01,False
ALT-CSE-01-02774,CSE-01,LOW,2024-11-14T20:46:35,2024-11-14T20:53:45.479343,2024-11-14T23:14:18.270648,CLOSED,,DB-SERVER-01,False
ALT-CSE-01-02775,CSE-01,LOW,2024-10-17T07:14:18,2024-10-17T07:15:38.430094,2024-10-17T10:28:53.193528,CLOSED,,ENDPOINT-01,False
ALT-CSE-01-02776,CSE-01,MEDIUM,2024-12-28T04:57:30,2024-12-28T05:10:49.488269,2024-12-28T07:05:26.401862,CLOSED,,ENDPOINT-01,False
ALT-CSE-01-02777,CSE-01,HIGH,2024-11-12T03:17:49,2024-11-12T03:31:20.138781,2024-11-12T04:11:39.470803,CLOSED,,FIREWALL-01,False
ALT-CSE-01-02778,CSE-01,MEDIUM,2024-11-27T05:59:47,2024-11-27T06:04:45.613457,2024-11-27T09:28:05.979840,CLOSED,CAS-CSE-01-0610,ROUTER-01,False
ALT-CSE-01-02779,CSE-01,LOW,2024-12-02T12:07:26,2024-12-02T12:11:49.718483,2024-12-02T13:56:54.692067,CLOSED,,ROUTER-01,False
ALT-CSE-01-02780,CSE-01,HIGH,2024-10-25T16:24:06,2024-10-25T16:29:22.848992,2024-10-25T19:43:06.374751,CLOSED,,DB-SERVER-01,False
ALT-CSE-01-02781,CSE-01,LOW,2024-10-30T16:39:48,2024-10-30T16:47:49.233438,2024-10-30T18:56:59.101666,CLOSED,,ROUTER-01,False
ALT-CSE-01-02782,CSE-01,CRITICAL,2024-11-03T00:30:32,2024-11-03T00:36:49.622778,2024-11-03T01:12:13.256067,CLOSED,CAS-CSE-01-0611,WEB-SERVER-01,False
ALT-CSE-01-02783,CSE-01,LOW,2024-10-29T02:06:13,2024-10-29T02:08:35.164339,2024-10-29T03:38:36.864853,CLOSED,,FIREWALL-01,False
ALT-CSE-01-02784,CSE-01,CRITICAL,2024-11-05T05:21:25,2024-11-05T05:28:27.427353,2024-11-05T06:13:41.864325,CLOSED,CAS-CSE-01-0612,ROUTER-01,False
ALT-CSE-01-02785,CSE-01,LOW,2024-11-02T12:22:22,2024-11-02T12:30:34.259405,2024-11-02T14:46:02.908102,CLOSED,,FIREWALL-01,False
ALT-CSE-01-02786,CSE-01,HIGH,2024-12-14T02:13:54,2024-12-14T02:20:59.787532,2024-12-14T03:52:08.878878,CLOSED,CAS-CSE-01-0613,FIREWALL-01,False
ALT-CSE-01-02787,CSE-01,MEDIUM,2024-11-12T15:50:53,2024-11-12T16:05:43.585603,2024-11-12T17:57:24.827366,CLOSED,,DB-SERVER-01,False
ALT-CSE-01-02788,CSE-01,MEDIUM,2024-10-09T04:21:08,2024-10-09T04:32:10.721464,2024-10-09T06:45:00.945598,CLOSED,,ROUTER-01,False
ALT-CSE-01-02789,CSE-01,MEDIUM,2024-11-29T14:29:38,2024-11-29T14:41:48.963790,2024-11-29T16:56:38.688565,CLOSED,,ROUTER-01,False
ALT-CSE-01-02790,CSE-01,CRITICAL,2024-12-24T07:06:04,2024-12-24T07:17:11.138923,2024-12-24T07:51:22.188896,CLOSED,CAS-CSE-01-0614,FIREWALL-01,False
ALT-CSE-01-02791,CSE-01,CRITICAL,2024-10-21T01:19:15,2024-10-21T01:26:31.975540,2024-10-21T02:01:26.082724,CLOSED,,ROUTER-01,False
ALT-CSE-01-02792,CSE-01,CRITICAL,2024-12-23T05:12:32,2024-12-23T05:14:07.831685,2024-12-23T06:11:42.419105,CLOSED,CAS-CSE-01-0615,FIREWALL-01,False
ALT-CSE-01-02793,CSE-01,MEDIUM,2024-10-01T16:30:51,2024-10-01T16:45:28.182013,2024-10-01T17:43:44.196755,CLOSED,,DB-SERVER-01,False
ALT-CSE-01-02794,CSE-01,HIGH,2024-12-17T22:29:13,2024-12-17T22:39:06.573928,2024-12-18T00:32:56.422007,CLOSED,,FIREWALL-01,False
ALT-CSE-01-02795,CSE-01,MEDIUM,2024-12-10T01:35:40,2024-12-10T01:48:01.612552,2024-12-10T03:02:50.124554,CLOSED,,ENDPOINT-01,False
ALT-CSE-01-02796,CSE-01,HIGH,2024-12-12T04:08:49,2024-12-12T04:18:10.806504,2024-12-12T06:50:52.762607,CLOSED,,FIREWALL-01,False
ALT-CSE-01-02797,CSE-01,MEDIUM,2024-10-15T16:48:05,2024-10-15T16:56:18.829986,2024-10-15T18:40:38.993891,CLOSED,,WEB-SERVER-01,False
ALT-CSE-01-02798,CSE-01,CRITICAL,2024-12-08T15:48:09,2024-12-08T15:55:57.866628,2024-12-08T16:38:14.295745,CLOSED,CAS-CSE-01-0616,DB-SERVER-01,False
ALT-CSE-01-02799,CSE-01,CRITICAL,2024-10-18T20:47:57,2024-10-18T21:01:03.731720,2024-10-18T21:29:02.926101,CLOSED,CAS-CSE-01-0617,FIREWALL-01,False
ALT-CSE-01-02800,CSE-01,CRITICAL,2024-12-17T08:54:19,2024-12-17T09:07:43.566928,2024-12-17T09:43:56.149658,CLOSED,CAS-CSE-01-0618,ENDPOINT-01,False
ALT-CSE-01-02801,CSE-01,CRITICAL,2024-10-02T23:16:19,2024-10-02T23:22:43.290786,2024-10-03T00:09:33.054992,CLOSED,CAS-CSE-01-0619,ENDPOINT-01,False
ALT-CSE-01-02802,CSE-01,LOW,2024-10-09T06:03:48,2024-10-09T06:12:28.460655,2024-10-09T07:23:20.723752,CLOSED,,WEB-SERVER-01,False
ALT-CSE-01-02803,CSE-01,MEDIUM,2024-10-22T08:01:57,2024-10-22T08:12:37.640818,2024-10-22T10:12:10.780334,CLOSED,,DB-SERVER-01,False
ALT-CSE-01-02804,CSE-01,HIGH,2024-11-30T22:34:42,2024-11-30T22:45:40.275789,2024-12-01T01:20:27.180001,CLOSED,CAS-CSE-01-0620,ROUTER-01,False
ALT-CSE-01-02805,CSE-01,MEDIUM,2024-12-16T03:14:55,2024-12-16T03:26:31.230709,2024-12-16T05:59:37.291381,CLOSED,,WEB-SERVER-01,False
ALT-CSE-01-02806,CSE-01,MEDIUM,2024-10-14T21:09:05,2024-10-14T21:11:49.681166,2024-10-14T22:49:32.037198,CLOSED,,FIREWALL-01,False
ALT-CSE-01-02807,CSE-01,LOW,2024-11-07T23:24:20,2024-11-07T23:25:37.985441,2024-11-08T02:21:02.158897,CLOSED,,DB-SERVER-01,False
ALT-CSE-01-02808,CSE-01,LOW,2024-12-01T00:38:18,2024-12-01T00:52:08.071293,2024-12-01T02:36:52.342143,CLOSED,,ROUTER-01,False
ALT-CSE-01-02809,CSE-01,MEDIUM,2024-11-29T09:47:06,2024-11-29T09:53:22.784777,2024-11-29T11:37:34.539207,CLOSED,,FIREWALL-01,False
ALT-CSE-01-02810,CSE-01,HIGH,2024-11-01T04:47:19,2024-11-01T04:54:16.898571,2024-11-01T07:20:06.689860,CLOSED,,WEB-SERVER-01,False
ALT-CSE-01-02811,CSE-01,LOW,2024-11-15T08:31:27,2024-11-15T08:38:50.370463,2024-11-15T11:05:50.651918,CLOSED,,ENDPOINT-01,False
ALT-CSE-01-02812,CSE-01,MEDIUM,2024-11-24T02:52:57,2024-11-24T03:05:47.856426,2024-11-24T04:15:39.946812,CLOSED,,FIREWALL-01,False
ALT-CSE-01-02813,CSE-01,MEDIUM,2024-12-01T07:39:33,2024-12-01T07:50:35.092246,2024-12-01T09:41:43.235003,CLOSED,,FIREWALL-01,False
ALT-CSE-01-02814,CSE-01,LOW,2024-10-27T13:58:36,2024-10-27T14:13:24.104930,2024-10-27T15:22:41.233452,CLOSED,,ENDPOINT-01,False
ALT-CSE-01-02815,CSE-01,MEDIUM,2024-11-19T11:29:14,2024-11-19T11:42:39.740963,2024-11-19T15:22:42.855715,CLOSED,,DB-SERVER-01,False
ALT-CSE-01-02816,CSE-01,CRITICAL,2024-10-31T09:16:40,2024-10-31T09:27:06.076032,2024-10-31T10:14:20.020392,CLOSED,CAS-CSE-01-0621,WEB-SERVER-01,False
ALT-CSE-01-02817,CSE-01,LOW,2024-10-31T03:56:33,2024-10-31T04:08:32.485773,2024-10-31T06:29:53.246915,CLOSED,,WEB-SERVER-01,False
ALT-CSE-01-02818,CSE-01,MEDIUM,2024-11-01T10:56:57,2024-11-01T11:04:30.888183,2024-11-01T13:51:53.581560,CLOSED,CAS-CSE-01-0622,ENDPOINT-01,False
ALT-CSE-01-02819,CSE-01,HIGH,2024-10-28T05:44:25,2024-10-28T05:51:59.856779,2024-10-28T07:43:54.236837,CLOSED,,ROUTER-01,False
ALT-CSE-01-02820,CSE-01,LOW,2024-10-11T23:03:37,2024-10-11T23:12:10.550593,2024-10-12T00:10:08.636051,CLOSED,,WEB-SERVER-01,False
ALT-CSE-01-02821,CSE-01,MEDIUM,2024-12-27T17:45:04,2024-12-27T17:50:09.415774,2024-12-27T19:33:29.867604,CLOSED,,ENDPOINT-01,False
ALT-CSE-01-02822,CSE-01,HIGH,2024-11-09T09:36:12,2024-11-09T09:44:06.093429,2024-11-09T11:48:20.202307,CLOSED,,FIREWALL-01,False
ALT-CSE-01-02823,CSE-01,LOW,2024-12-29T18:23:39,2024-12-29T18:24:41.293348,2024-12-29T21:00:56.544461,CLOSED,,WEB-SERVER-01,False
ALT-CSE-01-02824,CSE-01,MEDIUM,2024-12-18T07:48:25,2024-12-18T07:52:53.477255,2024-12-18T10:03:06.323021,CLOSED,CAS-CSE-01-0623,ROUTER-01,False
ALT-CSE-01-02825,CSE-01,MEDIUM,2024-12-01T18:40:34,2024-12-01T18:47:56.226301,2024-12-01T20:40:02.776653,CLOSED,,ENDPOINT-01,False
ALT-CSE-01-02826,CSE-01,HIGH,2024-12-18T16:11:53,2024-12-18T16:14:33.140434,2024-12-18T18:00:27.862393,CLOSED,,ROUTER-01,False
ALT-CSE-01-02827,CSE-01,LOW,2024-12-15T22:07:25,2024-12-15T22:19:48.405739,2024-12-16T01:00:14.111656,CLOSED,CAS-CSE-01-0624,WEB-SERVER-01,False
ALT-CSE-01-02828,CSE-01,HIGH,2024-12-06T16:50:47,2024-12-06T17:05:26.108690,2024-12-06T19:30:21.138737,CLOSED,,DB-SERVER-01,False
ALT-CSE-01-02829,CSE-01,MEDIUM,2024-10-23T06:50:22,2024-10-23T06:53:06.346669,2024-10-23T09:24:05.113477,CLOSED,,FIREWALL-01,False
ALT-CSE-01-02830,CSE-01,LOW,2024-10-07T22:55:11,2024-10-07T23:06:35.760631,2024-10-08T02:13:11.423381,CLOSED,,DB-SERVER-01,False
ALT-CSE-01-02831,CSE-01,MEDIUM,2024-12-19T22:04:09,2024-12-19T22:07:16.648041,2024-12-20T00:04:01.025201,CLOSED,,ROUTER-01,False
ALT-CSE-01-02832,CSE-01,HIGH,2024-10-18T11:46:50,2024-10-18T11:49:31.921210,2024-10-18T13:18:56.832669,CLOSED,,ENDPOINT-01,False
ALT-CSE-01-02833,CSE-01,CRITICAL,2024-10-12T03:16:21,2024-10-12T03:30:15.114432,2024-10-12T03:54:39.845099,CLOSED,CAS-CSE-01-0625,WEB-SERVER-01,False
ALT-CSE-01-02834,CSE-01,LOW,2024-10-21T07:09:04,2024-10-21T07:11:24.460317,2024-10-21T09:16:38.043974,CLOSED,,FIREWALL-01,False
ALT-CSE-01-02835,CSE-01,HIGH,2024-10-20T04:02:58,2024-10-20T04:13:27.333538,2024-10-20T05:06:19.578774,CLOSED,,WEB-SERVER-01,False
ALT-CSE-01-02836,CSE-01,CRITICAL,2024-12-21T07:20:17,2024-12-21T07:28:11.761165,2024-12-21T07:58:07.164512,CLOSED,CAS-CSE-01-0626,ENDPOINT-01,False
ALT-CSE-01-02837,CSE-01,MEDIUM,2024-10-31T18:54:06,2024-10-31T19:05:21.260528,2024-10-31T20:54:11.660645,CLOSED,CAS-CSE-01-0627,ROUTER-01,False
ALT-CSE-01-02838,CSE-01,CRITICAL,2024-10-31T10:41:16,2024-10-31T10:50:19.396754,2024-10-31T11:41:01.671190,CLOSED,CAS-CSE-01-0628,DB-SERVER-01,False
ALT-CSE-01-02839,CSE-01,LOW,2024-11-22T01:17:15,2024-11-22T01:18:50.420658,2024-11-22T04:12:33.982034,CLOSED,,FIREWALL-01,False
ALT-CSE-01-02840,CSE-01,MEDIUM,2024-12-16T09:02:26,2024-12-16T09:15:37.649219,2024-12-16T11:38:21.769921,CLOSED,CAS-CSE-01-0629,FIREWALL-01,False
ALT-CSE-01-02841,CSE-01,HIGH,2024-11-15T14:02:30,2024-11-15T14:14:26.042252,2024-11-15T16:10:22.482986,CLOSED,CAS-CSE-01-0630,ROUTER-01,False
ALT-CSE-01-02842,CSE-01,LOW,2024-11-22T08:00:43,2024-11-22T08:12:14.707980,2024-11-22T09:52:13.566347,CLOSED,,FIREWALL-01,False
ALT-CSE-01-02843,CSE-01,MEDIUM,2024-10-13T19:11:16,2024-10-13T19:18:05.542469,2024-10-13T19:37:08.221091,CLOSED,,ROUTER-01,False
ALT-CSE-01-02844,CSE-01,LOW,2024-10-17T09:49:59,2024-10-17T09:54:50.195697,2024-10-17T11:47:26.297274,CLOSED,,FIREWALL-01,False
ALT-CSE-01-02845,CSE-01,MEDIUM,2024-10-22T11:38:29,2024-10-22T11:50:32.535148,2024-10-22T13:06:41.804124,CLOSED,,ROUTER-01,False
ALT-CSE-01-02846,CSE-01,HIGH,2024-12-11T12:14:06,2024-12-11T12:27:13.347974,2024-12-11T15:29:00.862901,CLOSED,,DB-SERVER-01,False
ALT-CSE-01-02847,CSE-01,LOW,2024-12-01T06:21:04,2024-12-01T06:28:51.915483,2024-12-01T09:41:19.305225,CLOSED,CAS-CSE-01-0631,FIREWALL-01,False
ALT-CSE-01-02848,CSE-01,LOW,2024-10-23T05:13:58,2024-10-23T05:18:55.747853,2024-10-23T07:29:58.766571,CLOSED,CAS-CSE-01-0632,WEB-SERVER-01,False
ALT-CSE-01-02849,CSE-01,CRITICAL,2024-12-14T11:18:49,2024-12-14T11:20:46.468962,2024-12-14T12:06:57.057078,CLOSED,CAS-CSE-01-0633,ROUTER-01,False
ALT-CSE-01-02850,CSE-01,CRITICAL,2024-12-28T04:22:11,2024-12-28T04:31:25.783352,2024-12-28T05:11:49.469888,CLOSED,CAS-CSE-01-0634,ENDPOINT-01,False
ALT-CSE-01-02851,CSE-01,LOW,2024-11-19T14:50:02,2024-11-19T15:00:02.869345,2024-11-19T16:22:26.895466,CLOSED,CAS-CSE-01-0635,DB-SERVER-01,False
ALT-CSE-01-02852,CSE-01,CRITICAL,2024-10-05T13:39:35,2024-10-05T13:40:40.631888,2024-10-05T14:25:52.238201,CLOSED,CAS-CSE-01-0636,ROUTER-01,False
ALT-CSE-01-02853,CSE-01,HIGH,2024-10-02T01:53:36,2024-10-02T02:00:24.753941,2024-10-02T04:43:42.914257,CLOSED,,ENDPOINT-01,False
ALT-CSE-01-02854,CSE-01,LOW,2024-11-03T14:51:52,2024-11-03T15:06:34.111270,2024-11-03T17:55:37.021758,CLOSED,,ENDPOINT-01,False
ALT-CSE-01-02855,CSE-01,HIGH,2024-12-07T10:40:18,2024-12-07T10:50:16.784286,2024-12-07T12:56:22.260523,CLOSED,,WEB-SERVER-01,False
ALT-CSE-01-02856,CSE-01,LOW,2024-12-10T19:51:25,2024-12-10T19:56:00.778597,2024-12-10T21:14:45.861566,CLOSED,,ENDPOINT-01,False
ALT-CSE-01-02857,CSE-01,MEDIUM,2024-11-12T01:01:52,2024-11-12T01:07:23.399049,2024-11-12T02:45:30.319106,CLOSED,CAS-CSE-01-0637,ENDPOINT-01,False
ALT-CSE-01-02858,CSE-01,LOW,2024-11-05T22:08:20,2024-11-05T22:12:58.779666,2024-11-06T01:19:53.489041,CLOSED,CAS-CSE-01-0638,WEB-SERVER-01,False
ALT-CSE-01-02859,CSE-01,HIGH,2024-10-28T20:53:43,2024-10-28T20:55:50.838097,2024-10-28T23:51:54.092048,CLOSED,,DB-SERVER-01,False
ALT-CSE-01-02860,CSE-01,MEDIUM,2024-11-22T17:28:40,2024-11-22T17:38:52.121665,2024-11-22T19:55:42.546229,CLOSED,,FIREWALL-01,False
ALT-CSE-01-02861,CSE-01,MEDIUM,2024-10-07T20:09:46,2024-10-07T20:17:39.868526,2024-10-07T21:55:17.188498,CLOSED,,WEB-SERVER-01,False
ALT-CSE-01-02862,CSE-01,MEDIUM,2024-10-20T15:58:38,2024-10-20T16:09:11.146620,2024-10-20T17:44:57.527405,CLOSED,,ROUTER-01,False
ALT-CSE-01-02863,CSE-01,MEDIUM,2024-10-14T04:37:23,2024-10-14T04:45:04.671541,2024-10-14T05:47:23.657420,CLOSED,,WEB-SERVER-01,False
ALT-CSE-01-02864,CSE-01,HIGH,2024-11-07T19:46:50,2024-11-07T19:51:09.946431,2024-11-07T21:03:26.973750,CLOSED,,DB-SERVER-01,False
ALT-CSE-01-02865,CSE-01,LOW,2024-10-10T10:57:39,2024-10-10T11:02:41.080547,2024-10-10T12:53:16.161418,CLOSED,,WEB-SERVER-01,False
ALT-CSE-01-02866,CSE-01,CRITICAL,2024-11-08T22:10:55,2024-11-08T22:21:17.941670,2024-11-08T23:04:41.493337,CLOSED,CAS-CSE-01-0639,ROUTER-01,False
ALT-CSE-01-02867,CSE-01,LOW,2024-11-26T14:47:13,2024-11-26T15:01:05.162239,2024-11-26T18:08:34.707263,CLOSED,,FIREWALL-01,False
ALT-CSE-01-02868,CSE-01,HIGH,2024-11-13T09:08:50,2024-11-13T09:21:31.518393,2024-11-13T13:05:51.972778,CLOSED,,FIREWALL-01,False
ALT-CSE-01-02869,CSE-01,LOW,2024-10-28T13:37:42,2024-10-28T13:45:07.902636,2024-10-28T15:12:33.881788,CLOSED,,FIREWALL-01,False
ALT-CSE-01-02870,CSE-01,HIGH,2024-11-15T10:22:09,2024-11-15T10:33:25.042407,2024-11-15T12:09:42.746955,CLOSED,,FIREWALL-01,False
ALT-CSE-01-02871,CSE-01,LOW,2024-10-14T21:17:17,2024-10-14T21:28:05.987813,2024-10-14T23:22:28.926127,CLOSED,,DB-SERVER-01,False
ALT-CSE-01-02872,CSE-01,HIGH,2024-10-16T04:28:31,2024-10-16T04:39:38.567780,2024-10-16T05:32:05.205018,CLOSED,,WEB-SERVER-01,False
ALT-CSE-01-02873,CSE-01,MEDIUM,2024-11-01T05:49:16,2024-11-01T05:55:12.137628,2024-11-01T07:50:56.842975,CLOSED,,FIREWALL-01,False
ALT-CSE-01-02874,CSE-01,MEDIUM,2024-10-08T02:02:09,2024-10-08T02:13:03.658285,2024-10-08T04:04:39.893355,CLOSED,CAS-CSE-01-0640,DB-SERVER-01,False
ALT-CSE-01-02875,CSE-01,MEDIUM,2024-12-09T09:33:03,2024-12-09T09:38:19.974420,2024-12-09T11:51:09.634768,CLOSED,,FIREWALL-01,False
ALT-CSE-01-02876,CSE-01,CRITICAL,2024-12-10T15:35:38,2024-12-10T15:48:53.526647,2024-12-10T16:24:51.913704,CLOSED,CAS-CSE-01-0641,DB-SERVER-01,False
ALT-CSE-01-02877,CSE-01,HIGH,2024-12-07T02:46:40,2024-12-07T03:00:15.714971,2024-12-07T04:33:29.988784,CLOSED,,FIREWALL-01,False
ALT-CSE-01-02878,CSE-01,HIGH,2024-12-04T02:42:21,2024-12-04T02:54:39.146826,2024-12-04T04:21:21.457162,CLOSED,,DB-SERVER-01,False
ALT-CSE-01-02879,CSE-01,MEDIUM,2024-10-10T10:25:11,2024-10-10T10:37:58.236373,2024-10-10T13:05:27.385848,CLOSED,CAS-CSE-01-0642,ROUTER-01,False
ALT-CSE-01-02880,CSE-01,CRITICAL,2024-11-11T19:14:17,2024-11-11T19:23:41.226314,2024-11-11T20:06:30.461516,CLOSED,CAS-CSE-01-0643,ROUTER-01,False
ALT-CSE-01-02881,CSE-01,CRITICAL,2024-12-18T14:08:17,2024-12-18T14:18:16.212596,2024-12-18T14:37:54.753093,CLOSED,,ENDPOINT-01,False
ALT-CSE-01-02882,CSE-01,HIGH,2024-11-29T19:51:27,2024-11-29T20:00:07.338977,2024-11-29T21:01:57.724269,CLOSED,,ROUTER-01,False
ALT-CSE-01-02883,CSE-01,LOW,2024-11-27T13:39:34,2024-11-27T13:51:55.096799,2024-11-27T15:06:47.473619,CLOSED,,ENDPOINT-01,False
ALT-CSE-01-02884,CSE-01,HIGH,2024-12-09T23:16:49,2024-12-09T23:24:42.713688,2024-12-10T01:28:00.556275,CLOSED,,ENDPOINT-01,False
ALT-CSE-01-02885,CSE-01,LOW,2024-11-02T02:54:45,2024-11-02T03:06:36.612904,2024-11-02T04:13:36.828084,CLOSED,,WEB-SERVER-01,False
ALT-CSE-01-02886,CSE-01,MEDIUM,2024-12-04T19:32:24,2024-12-04T19:37:04.294397,2024-12-04T21:29:48.353875,CLOSED,,WEB-SERVER-01,False
ALT-CSE-01-02887,CSE-01,HIGH,2024-10-11T09:27:20,2024-10-11T09:41:05.557850,2024-10-11T12:09:42.474693,CLOSED,,ROUTER-01,False
ALT-CSE-01-02888,CSE-01,HIGH,2024-12-08T22:44:12,2024-12-08T22:47:38.152557,2024-12-09T00:29:57.149857,CLOSED,,FIREWALL-01,False
ALT-CSE-01-02889,CSE-01,MEDIUM,2024-10-29T13:42:01,2024-10-29T13:47:12.317545,2024-10-29T15:29:25.244792,CLOSED,,FIREWALL-01,False
ALT-CSE-01-02890,CSE-01,HIGH,2024-10-12T10:59:10,2024-10-12T11:04:31.017601,2024-10-12T13:00:17.818804,CLOSED,,DB-SERVER-01,False
ALT-CSE-01-02891,CSE-01,MEDIUM,2024-10-25T00:29:44,2024-10-25T00:35:57.879168,2024-10-25T01:51:10.522325,CLOSED,,ENDPOINT-01,False
ALT-CSE-01-02892,CSE-01,HIGH,2024-12-19T23:09:45,2024-12-19T23:12:05.841833,2024-12-20T00:57:44.654885,CLOSED,CAS-CSE-01-0644,ROUTER-01,False
ALT-CSE-01-02893,CSE-01,LOW,2024-10-03T16:12:02,2024-10-03T16:26:21.957425,2024-10-03T18:40:34.544389,CLOSED,,ROUTER-01,False
ALT-CSE-01-02894,CSE-01,MEDIUM,2024-11-08T09:16:11,2024-11-08T09:28:04.178092,2024-11-08T11:34:39.951376,CLOSED,,DB-SERVER-01,False
ALT-CSE-01-02895,CSE-01,MEDIUM,2024-11-14T21:08:55,2024-11-14T21:21:22.387554,2024-11-14T23:07:19.145440,CLOSED,,ENDPOINT-01,False
ALT-CSE-01-02896,CSE-01,MEDIUM,2024-11-28T21:20:41,2024-11-28T21:25:59.566326,2024-11-28T23:37:34.659884,CLOSED,,ROUTER-01,False
ALT-CSE-01-02897,CSE-01,MEDIUM,2024-11-27T12:01:49,2024-11-27T12:16:31.974505,2024-11-27T13:54:20.962755,CLOSED,,DB-SERVER-01,False
ALT-CSE-01-02898,CSE-01,LOW,2024-11-11T13:30:18,2024-11-11T13:38:05.139652,2024-11-11T15:21:17.902051,CLOSED,,DB-SERVER-01,False
ALT-CSE-01-02899,CSE-01,HIGH,2024-10-02T10:33:05,2024-10-02T10:40:48.997432,2024-10-02T14:52:10.432062,CLOSED,,WEB-SERVER-01,False
ALT-CSE-01-02900,CSE-01,HIGH,2024-10-03T06:48:05,2024-10-03T06:58:30.283836,2024-10-03T08:54:27.454517,CLOSED,,ROUTER-01,False
ALT-CSE-01-02901,CSE-01,LOW,2024-12-15T07:21:12,2024-12-15T07:34:16.336012,2024-12-15T09:25:11.583354,CLOSED,,WEB-SERVER-01,False
ALT-CSE-01-02902,CSE-01,LOW,2024-10-27T12:35:14,2024-10-27T12:47:41.356920,2024-10-27T15:07:53.308505,CLOSED,CAS-CSE-01-0645,ROUTER-01,False
ALT-CSE-01-02903,CSE-01,MEDIUM,2024-10-25T06:45:30,2024-10-25T06:48:51.139391,2024-10-25T08:17:06.518108,CLOSED,,ROUTER-01,False
ALT-CSE-01-02904,CSE-01,HIGH,2024-10-31T11:45:30,2024-10-31T11:59:09.568208,2024-10-31T13:33:52.261713,CLOSED,,ROUTER-01,False
ALT-CSE-01-02905,CSE-01,LOW,2024-12-15T22:23:42,2024-12-15T22:34:46.897671,2024-12-16T00:22:59.964744,CLOSED,,ENDPOINT-01,False
ALT-CSE-01-02906,CSE-01,CRITICAL,2024-12-04T13:57:04,2024-12-04T14:00:18.171424,2024-12-04T15:05:40.523870,CLOSED,CAS-CSE-01-0646,FIREWALL-01,False
ALT-CSE-01-02907,CSE-01,HIGH,2024-12-24T20:59:43,2024-12-24T21:13:08.804597,2024-12-24T22:26:40.835277,CLOSED,CAS-CSE-01-0647,ROUTER-01,False
ALT-CSE-01-02908,CSE-01,MEDIUM,2024-11-05T05:17:32,2024-11-05T05:22:18.837012,2024-11-05T07:31:25.019116,CLOSED,,WEB-SERVER-01,False
ALT-CSE-01-02909,CSE-01,MEDIUM,2024-11-19T22:56:25,2024-11-19T23:07:19.095758,2024-11-20T01:29:52.394535,CLOSED,,DB-SERVER-01,False
ALT-CSE-01-02910,CSE-01,MEDIUM,2024-12-23T13:43:06,2024-12-23T13:49:44.414562,2024-12-23T16:31:04.850264,CLOSED,,DB-SERVER-01,False
ALT-CSE-01-02911,CSE-01,LOW,2024-12-22T10:16:19,2024-12-22T10:21:59.502985,2024-12-22T10:59:56.284736,CLOSED,,DB-SERVER-01,False
ALT-CSE-01-02912,CSE-01,CRITICAL,2024-10-26T04:23:16,2024-10-26T04:28:01.468288,2024-10-26T05:14:50.152215,CLOSED,CAS-CSE-01-0648,DB-SERVER-01,False
ALT-CSE-01-02913,CSE-01,LOW,2024-10-10T19:50:10,2024-10-10T19:52:20.900309,2024-10-10T22:02:41.168690,CLOSED,,FIREWALL-01,False
ALT-CSE-01-02914,CSE-01,MEDIUM,2024-12-24T01:24:35,2024-12-24T01:25:42.649225,2024-12-24T04:34:49.841131,CLOSED,,FIREWALL-01,False
ALT-CSE-01-02915,CSE-01,MEDIUM,2024-10-06T17:42:03,2024-10-06T17:53:02.846523,2024-10-06T21:31:39.022412,CLOSED,,ROUTER-01,False
ALT-CSE-01-02916,CSE-01,LOW,2024-12-02T06:58:32,2024-12-02T07:02:03.739138,2024-12-02T07:38:17.081654,CLOSED,,FIREWALL-01,False
ALT-CSE-01-02917,CSE-01,MEDIUM,2024-12-27T16:33:10,2024-12-27T16:43:12.571478,2024-12-27T19:07:47.476283,CLOSED,CAS-CSE-01-0649,ROUTER-01,False
ALT-CSE-01-02918,CSE-01,MEDIUM,2024-12-21T21:36:47,2024-12-21T21:41:52.597472,2024-12-21T23:53:23.868952,CLOSED,CAS-CSE-01-0650,WEB-SERVER-01,False
ALT-CSE-01-02919,CSE-01,CRITICAL,2024-12-01T01:06:14,2024-12-01T01:12:53.924307,2024-12-01T01:21:51.232798,CLOSED,,FIREWALL-01,False
ALT-CSE-01-02920,CSE-01,MEDIUM,2024-11-06T00:22:58,2024-11-06T00:23:58.438513,2024-11-06T02:13:12.419264,CLOSED,,ROUTER-01,False
ALT-CSE-01-02921,CSE-01,MEDIUM,2024-12-10T06:34:47,2024-12-10T06:49:19.442086,2024-12-10T07:27:48.182747,CLOSED,,FIREWALL-01,False
ALT-CSE-01-02922,CSE-01,HIGH,2024-11-23T22:56:41,2024-11-23T23:10:34.110514,2024-11-24T00:11:01.600719,CLOSED,CAS-CSE-01-0651,DB-SERVER-01,False
ALT-CSE-01-02923,CSE-01,CRITICAL,2024-10-16T22:12:31,2024-10-16T22:22:19.619681,2024-10-16T22:27:15.612142,CLOSED,CAS-CSE-01-0652,ENDPOINT-01,False
ALT-CSE-01-02924,CSE-01,MEDIUM,2024-11-19T14:41:53,2024-11-19T14:52:19.348506,2024-11-19T16:52:32.214691,CLOSED,,ROUTER-01,False
ALT-CSE-01-02925,CSE-01,HIGH,2024-12-22T22:56:59,2024-12-22T23:01:51.196127,2024-12-23T01:44:30.536613,CLOSED,,FIREWALL-01,False
ALT-CSE-01-02926,CSE-01,LOW,2024-10-25T10:00:38,2024-10-25T10:14:44.301323,2024-10-25T12:41:14.408068,CLOSED,,ROUTER-01,False
ALT-CSE-01-02927,CSE-01,MEDIUM,2024-12-17T23:10:03,2024-12-17T23:16:37.578767,2024-12-18T00:56:34.342409,CLOSED,,FIREWALL-01,False
ALT-CSE-01-02928,CSE-01,MEDIUM,2024-10-24T14:02:42,2024-10-24T14:15:35.881289,2024-10-24T16:23:26.551511,CLOSED,CAS-CSE-01-0653,ROUTER-01,False
ALT-CSE-01-02929,CSE-01,HIGH,2024-12-29T11:29:32,2024-12-29T11:36:26.424062,2024-12-29T13:19:41.593060,CLOSED,,ROUTER-01,False
ALT-CSE-01-02930,CSE-01,MEDIUM,2024-11-13T22:06:17,2024-11-13T22:13:07.308322,2024-11-14T00:20:12.043680,CLOSED,,ROUTER-01,False
ALT-CSE-01-02931,CSE-01,MEDIUM,2024-12-11T18:53:15,2024-12-11T19:07:14.388486,2024-12-11T20:26:58.822793,CLOSED,,FIREWALL-01,False
ALT-CSE-01-02932,CSE-01,HIGH,2024-11-03T23:47:30,2024-11-03T23:51:28.430972,2024-11-04T02:08:29.758079,CLOSED,,ROUTER-01,False
ALT-CSE-01-02933,CSE-01,LOW,2024-11-07T00:17:07,2024-11-07T00:22:47.036613,2024-11-07T02:18:42.138792,CLOSED,,ENDPOINT-01,False
ALT-CSE-01-02934,CSE-01,CRITICAL,2024-10-23T01:04:24,2024-10-23T01:18:58.211765,2024-10-23T01:55:40.575750,CLOSED,CAS-CSE-01-0654,ENDPOINT-01,False
ALT-CSE-01-02935,CSE-01,MEDIUM,2024-12-29T15:30:03,2024-12-29T15:32:47.216775,2024-12-29T17:48:20.285373,CLOSED,,ENDPOINT-01,False
ALT-CSE-01-02936,CSE-01,MEDIUM,2024-12-18T02:23:46,2024-12-18T02:27:18.089465,2024-12-18T03:43:08.136084,CLOSED,,WEB-SERVER-01,False
ALT-CSE-01-02937,CSE-01,LOW,2024-11-24T23:56:56,2024-11-25T00:01:11.078474,2024-11-25T01:37:40.382174,CLOSED,,WEB-SERVER-01,False
ALT-CSE-01-02938,CSE-01,MEDIUM,2024-12-27T10:00:15,2024-12-27T10:12:56.421450,2024-12-27T12:34:21.337961,CLOSED,,ROUTER-01,False
ALT-CSE-01-02939,CSE-01,MEDIUM,2024-12-14T22:04:15,2024-12-14T22:12:34.599797,2024-12-15T00:28:44.136970,CLOSED,,ROUTER-01,False
ALT-CSE-01-02940,CSE-01,HIGH,2024-10-13T01:49:48,2024-10-13T01:59:27.253955,2024-10-13T03:31:15.185477,CLOSED,,ENDPOINT-01,False
ALT-CSE-01-02941,CSE-01,MEDIUM,2024-12-29T08:09:17,2024-12-29T08:11:01.268423,2024-12-29T10:42:53.881635,CLOSED,,ROUTER-01,False
ALT-CSE-01-02942,CSE-01,MEDIUM,2024-10-20T06:24:24,2024-10-20T06:33:35.928775,2024-10-20T08:02:49.940627,CLOSED,,FIREWALL-01,False
ALT-CSE-01-02943,CSE-01,CRITICAL,2024-11-17T12:30:00,2024-11-17T12:40:01.477029,2024-11-17T13:18:38.305425,CLOSED,CAS-CSE-01-0655,DB-SERVER-01,False
ALT-CSE-01-02944,CSE-01,HIGH,2024-12-09T02:07:28,2024-12-09T02:09:20.875340,2024-12-09T04:02:13.982846,CLOSED,CAS-CSE-01-0656,DB-SERVER-01,False
ALT-CSE-01-02945,CSE-01,HIGH,2024-11-08T21:22:04,2024-11-08T21:25:24.810811,2024-11-09T00:14:03.643584,CLOSED,CAS-CSE-01-0657,FIREWALL-01,False
ALT-CSE-01-02946,CSE-01,LOW,2024-12-27T06:22:00,2024-12-27T06:33:43.124428,2024-12-27T08:25:46.117074,CLOSED,,ENDPOINT-01,False
ALT-CSE-01-02947,CSE-01,LOW,2024-10-30T10:38:19,2024-10-30T10:48:32.972720,2024-10-30T12:43:23.131906,CLOSED,,FIREWALL-01,False
ALT-CSE-01-02948,CSE-01,HIGH,2024-10-31T09:42:10,2024-10-31T09:48:15.614750,2024-10-31T11:48:57.331410,CLOSED,,ROUTER-01,False
ALT-CSE-01-02949,CSE-01,MEDIUM,2024-11-14T07:31:06,2024-11-14T07:41:18.369394,2024-11-14T08:54:09.093388,CLOSED,,WEB-SERVER-01,False
ALT-CSE-01-02950,CSE-01,MEDIUM,2024-10-08T00:36:26,2024-10-08T00:48:43.693935,2024-10-08T03:04:00.192769,CLOSED,,DB-SERVER-01,False
ALT-CSE-01-02951,CSE-01,HIGH,2024-11-22T10:12:44,2024-11-22T10:14:05.742384,2024-11-22T11:44:28.406920,CLOSED,,ENDPOINT-01,False
ALT-CSE-01-02952,CSE-01,MEDIUM,2024-12-11T23:45:53,2024-12-11T23:57:01.875984,2024-12-12T01:31:35.143798,CLOSED,,WEB-SERVER-01,False
ALT-CSE-01-02953,CSE-01,LOW,2024-11-06T02:24:29,2024-11-06T02:26:02.492597,2024-11-06T03:52:39.814173,CLOSED,,ENDPOINT-01,False
ALT-CSE-01-02954,CSE-01,HIGH,2024-11-17T08:47:48,2024-11-17T08:52:20.850691,2024-11-17T09:39:18.866628,CLOSED,,FIREWALL-01,False
ALT-CSE-01-02955,CSE-01,LOW,2024-10-01T12:45:31,2024-10-01T12:51:46.621235,2024-10-01T14:45:33.747666,CLOSED,,ROUTER-01,False
ALT-CSE-01-02956,CSE-01,HIGH,2024-11-07T20:06:39,2024-11-07T20:14:49.784841,2024-11-07T22:45:58.382320,CLOSED,,WEB-SERVER-01,False
ALT-CSE-01-02957,CSE-01,MEDIUM,2024-10-25T15:03:26,2024-10-25T15:13:14.710498,2024-10-25T16:24:56.741028,CLOSED,,ENDPOINT-01,False
ALT-CSE-01-02958,CSE-01,LOW,2024-11-23T19:26:44,2024-11-23T19:30:30.154829,2024-11-23T21:52:37.451100,CLOSED,,DB-SERVER-01,False
ALT-CSE-01-02959,CSE-01,HIGH,2024-10-24T12:17:55,2024-10-24T12:28:16.961379,2024-10-24T14:09:43.582440,CLOSED,,FIREWALL-01,False
ALT-CSE-01-02960,CSE-01,MEDIUM,2024-10-02T07:52:00,2024-10-02T08:02:15.519340,2024-10-02T09:11:41.230957,CLOSED,,FIREWALL-01,False
ALT-CSE-01-02961,CSE-01,MEDIUM,2024-10-16T19:13:48,2024-10-16T19:25:26.486673,2024-10-16T21:17:03.245431,CLOSED,,ROUTER-01,False
ALT-CSE-01-02962,CSE-01,HIGH,2024-11-03T22:46:17,2024-11-03T22:54:08.791292,2024-11-04T01:02:42.517696,CLOSED,,WEB-SERVER-01,False
ALT-CSE-01-02963,CSE-01,LOW,2024-11-09T09:57:37,2024-11-09T10:06:21.747325,2024-11-09T12:54:28.441678,CLOSED,,ENDPOINT-01,False
ALT-CSE-01-02964,CSE-01,LOW,2024-11-15T18:49:43,2024-11-15T18:57:46.829127,2024-11-15T21:54:20.267757,CLOSED,,WEB-SERVER-01,False
ALT-CSE-01-02965,CSE-01,MEDIUM,2024-12-24T01:57:05,2024-12-24T02:02:25.048167,2024-12-24T04:12:35.646063,CLOSED,,ENDPOINT-01,False
ALT-CSE-01-02966,CSE-01,HIGH,2024-11-14T13:28:24,2024-11-14T13:30:35.695887,2024-11-14T16:10:13.028864,CLOSED,,ENDPOINT-01,False
ALT-CSE-01-02967,CSE-01,MEDIUM,2024-11-14T14:35:16,2024-11-14T14:39:40.023271,2024-11-14T16:51:54.061615,CLOSED,,ROUTER-01,False
ALT-CSE-01-02968,CSE-01,MEDIUM,2024-10-23T05:58:08,2024-10-23T06:05:59.868646,2024-10-23T08:14:47.876474,CLOSED,,WEB-SERVER-01,False
ALT-CSE-01-02969,CSE-01,HIGH,2024-11-28T05:38:20,2024-11-28T05:43:53.568398,2024-11-28T07:06:05.666178,CLOSED,,DB-SERVER-01,False
ALT-CSE-01-02970,CSE-01,HIGH,2024-10-13T06:08:42,2024-10-13T06:13:24.305579,2024-10-13T08:23:01.581032,CLOSED,,ENDPOINT-01,False
ALT-CSE-01-02971,CSE-01,HIGH,2024-11-24T07:13:53,2024-11-24T07:25:44.298330,2024-11-24T09:48:04.968751,CLOSED,,FIREWALL-01,False
ALT-CSE-01-02972,CSE-01,MEDIUM,2024-12-09T02:58:26,2024-12-09T03:04:51.448784,2024-12-09T05:53:05.695667,CLOSED,,ROUTER-01,False
ALT-CSE-01-02973,CSE-01,HIGH,2024-10-27T21:38:09,2024-10-27T21:49:25.101520,2024-10-27T22:32:40.352349,CLOSED,,FIREWALL-01,False
ALT-CSE-01-02974,CSE-01,LOW,2024-11-27T13:08:33,2024-11-27T13:23:16.724368,2024-11-27T14:14:16.915826,CLOSED,,DB-SERVER-01,False
ALT-CSE-01-02975,CSE-01,MEDIUM,2024-12-06T15:24:08,2024-12-06T15:34:49.812497,2024-12-06T17:45:01.728436,CLOSED,,ENDPOINT-01,False
ALT-CSE-01-02976,CSE-01,HIGH,2024-12-01T00:14:30,2024-12-01T00:29:27.066026,2024-12-01T01:48:29.362669,CLOSED,,FIREWALL-01,False
ALT-CSE-01-02977,CSE-01,HIGH,2024-12-13T12:42:39,2024-12-13T12:52:35.137524,2024-12-13T14:34:11.944897,CLOSED,,FIREWALL-01,False
ALT-CSE-01-02978,CSE-01,LOW,2024-11-18T03:46:05,2024-11-18T03:49:20.464066,2024-11-18T05:11:25.096112,CLOSED,,ROUTER-01,False
ALT-CSE-01-02979,CSE-01,HIGH,2024-10-29T21:06:56,2024-10-29T21:11:52.749984,2024-10-29T22:31:55.739644,CLOSED,,FIREWALL-01,False
ALT-CSE-01-02980,CSE-01,MEDIUM,2024-10-04T20:22:14,2024-10-04T20:25:29.140193,2024-10-04T21:57:50.205899,CLOSED,,WEB-SERVER-01,False
ALT-CSE-01-02981,CSE-01,MEDIUM,2024-12-08T17:00:28,2024-12-08T17:13:18.156731,2024-12-08T18:52:19.432361,CLOSED,,WEB-SERVER-01,False
ALT-CSE-01-02982,CSE-01,CRITICAL,2024-12-04T05:18:25,2024-12-04T05:26:27.610272,2024-12-04T05:57:20.632699,CLOSED,CAS-CSE-01-0658,ROUTER-01,False
ALT-CSE-01-02983,CSE-01,LOW,2024-11-07T20:59:34,2024-11-07T21:03:27.336347,2024-11-07T22:13:22.128067,CLOSED,CAS-CSE-01-0659,DB-SERVER-01,False
ALT-CSE-01-02984,CSE-01,HIGH,2024-11-19T10:22:46,2024-11-19T10:29:15.695366,2024-11-19T11:42:59.242543,CLOSED,,WEB-SERVER-01,False
ALT-CSE-01-02985,CSE-01,CRITICAL,2024-12-24T01:40:32,2024-12-24T01:50:59.217433,2024-12-24T02:30:27.407526,CLOSED,CAS-CSE-01-0660,FIREWALL-01,False
ALT-CSE-01-02986,CSE-01,MEDIUM,2024-11-04T06:53:57,2024-11-04T06:57:41.141547,2024-11-04T08:23:18.035347,CLOSED,,FIREWALL-01,False
ALT-CSE-01-02987,CSE-01,CRITICAL,2024-12-16T16:49:01,2024-12-16T17:02:33.507550,2024-12-16T17:39:03.197254,CLOSED,CAS-CSE-01-0661,WEB-SERVER-01,False
ALT-CSE-01-02988,CSE-01,LOW,2024-12-19T02:20:55,2024-12-19T02:24:29.106380,2024-12-19T05:22:50.588245,CLOSED,,ROUTER-01,False
ALT-CSE-01-02989,CSE-01,MEDIUM,2024-10-08T17:55:10,2024-10-08T17:57:14.662842,2024-10-08T18:48:46.123355,CLOSED,,FIREWALL-01,False
ALT-CSE-01-02990,CSE-01,HIGH,2024-12-27T20:31:27,2024-12-27T20:43:58.710179,2024-12-27T22:02:54.048309,CLOSED,CAS-CSE-01-0662,WEB-SERVER-01,False
ALT-CSE-01-02991,CSE-01,MEDIUM,2024-12-23T12:40:47,2024-12-23T12:47:32.503038,2024-12-23T14:49:49.507014,CLOSED,,DB-SERVER-01,False
ALT-CSE-01-02992,CSE-01,HIGH,2024-11-10T09:06:12,2024-11-10T09:12:12.480173,2024-11-10T10:37:51.406120,CLOSED,,DB-SERVER-01,False
ALT-CSE-01-02993,CSE-01,MEDIUM,2024-12-27T15:39:50,2024-12-27T15:50:21.134420,2024-12-27T18:54:39.871243,CLOSED,CAS-CSE-01-0663,DB-SERVER-01,False
ALT-CSE-01-02994,CSE-01,HIGH,2024-10-09T20:40:07,2024-10-09T20:43:57.825985,2024-10-09T22:12:42.303694,CLOSED,,ROUTER-01,False
ALT-CSE-01-02995,CSE-01,HIGH,2024-11-07T20:27:20,2024-11-07T20:37:33.934590,2024-11-07T21:21:42.224106,CLOSED,,DB-SERVER-01,False
ALT-CSE-01-02996,CSE-01,HIGH,2024-10-17T04:11:45,2024-10-17T04:12:57.146239,2024-10-17T06:05:54.004223,CLOSED,,ROUTER-01,False
ALT-CSE-01-02997,CSE-01,MEDIUM,2024-12-16T03:49:11,2024-12-16T03:50:15.723339,2024-12-16T05:46:48.121992,CLOSED,,ROUTER-01,False
ALT-CSE-01-02998,CSE-01,LOW,2024-12-14T01:56:02,2024-12-14T02:10:54.084544,2024-12-14T04:08:10.816032,CLOSED,,DB-SERVER-01,False
ALT-CSE-01-02999,CSE-01,MEDIUM,2024-11-25T23:46:50,2024-11-25T23:50:03.591630,2024-11-26T01:49:38.747949,CLOSED,,DB-SERVER-01,False
ALT-CSE-01-03000,CSE-01,MEDIUM,2024-10-25T06:25:44,2024-10-25T06:30:33.595158,2024-10-25T08:06:34.667093,CLOSED,,ENDPOINT-01,False
ALT-CSE-01-03001,CSE-01,MEDIUM,2024-10-30T12:45:32,2024-10-30T12:49:32.570900,2024-10-30T15:05:32.158555,CLOSED,,WEB-SERVER-01,False
ALT-CSE-01-03002,CSE-01,MEDIUM,2024-11-10T19:58:13,2024-11-10T20:07:03.590516,2024-11-10T22:01:26.442892,CLOSED,,WEB-SERVER-01,False
ALT-CSE-01-03003,CSE-01,HIGH,2024-11-16T20:51:09,2024-11-16T20:58:07.489690,2024-11-16T22:48:25.151458,CLOSED,CAS-CSE-01-0664,WEB-SERVER-01,False
ALT-CSE-01-03004,CSE-01,LOW,2024-12-05T10:47:15,2024-12-05T10:52:02.516203,2024-12-05T12:29:45.459958,CLOSED,,FIREWALL-01,False
ALT-CSE-01-03005,CSE-01,HIGH,2024-12-16T11:40:46,2024-12-16T11:50:11.399942,2024-12-16T13:41:54.185392,CLOSED,,FIREWALL-01,False
ALT-CSE-01-03006,CSE-01,HIGH,2024-12-04T04:33:15,2024-12-04T04:47:22.348497,2024-12-04T07:05:18.221467,CLOSED,CAS-CSE-01-0665,DB-SERVER-01,False
ALT-CSE-01-03007,CSE-01,LOW,2024-11-08T03:09:06,2024-11-08T03:16:41.325235,2024-11-08T05:17:52.596554,CLOSED,,DB-SERVER-01,False
ALT-CSE-01-03008,CSE-01,CRITICAL,2024-12-25T12:52:16,2024-12-25T13:01:16.771074,2024-12-25T13:31:05.416368,CLOSED,CAS-CSE-01-0666,DB-SERVER-01,False
ALT-CSE-01-03009,CSE-01,HIGH,2024-10-06T08:12:09,2024-10-06T08:25:28.211231,2024-10-06T10:53:25.209171,CLOSED,,DB-SERVER-01,False
ALT-CSE-01-03010,CSE-01,HIGH,2024-10-13T19:54:43,2024-10-13T20:01:22.540852,2024-10-13T21:23:24.983141,CLOSED,,WEB-SERVER-01,False
ALT-CSE-01-03011,CSE-01,MEDIUM,2024-11-26T11:35:41,2024-11-26T11:41:16.163587,2024-11-26T14:52:01.839991,CLOSED,,ENDPOINT-01,False
ALT-CSE-01-03012,CSE-01,CRITICAL,2024-12-21T03:49:20,2024-12-21T04:01:28.655931,2024-12-21T04:15:12.741425,CLOSED,CAS-CSE-01-0667,DB-SERVER-01,False
ALT-CSE-01-03013,CSE-01,CRITICAL,2024-11-11T17:12:48,2024-11-11T17:24:49.029159,2024-11-11T18:15:15.765633,CLOSED,CAS-CSE-01-0668,FIREWALL-01,False
ALT-CSE-01-03014,CSE-01,MEDIUM,2024-12-04T12:01:52,2024-12-04T12:08:14.926886,2024-12-04T14:50:28.094753,CLOSED,,DB-SERVER-01,False
ALT-CSE-01-03015,CSE-01,MEDIUM,2024-10-15T21:51:38,2024-10-15T22:00:23.740935,2024-10-16T00:33:17.102204,CLOSED,,FIREWALL-01,False
ALT-CSE-01-03016,CSE-01,CRITICAL,2024-11-29T14:02:45,2024-11-29T14:14:26.144902,2024-11-29T14:27:37.543241,CLOSED,CAS-CSE-01-0669,ROUTER-01,False
ALT-CSE-01-03017,CSE-01,HIGH,2024-11-13T17:52:00,2024-11-13T17:56:33.955846,2024-11-13T19:19:08.554247,CLOSED,,DB-SERVER-01,False
ALT-CSE-01-03018,CSE-01,MEDIUM,2024-12-22T08:38:52,2024-12-22T08:43:42.760033,2024-12-22T09:48:04.488827,CLOSED,,ROUTER-01,False
ALT-CSE-01-03019,CSE-01,CRITICAL,2024-12-16T09:32:10,2024-12-16T09:33:10.292323,2024-12-16T09:58:25.716038,CLOSED,CAS-CSE-01-0670,DB-SERVER-01,False
ALT-CSE-01-03020,CSE-01,HIGH,2024-12-14T01:18:49,2024-12-14T01:25:13.322299,2024-12-14T02:50:37.103075,CLOSED,,ENDPOINT-01,False
ALT-CSE-01-03021,CSE-01,MEDIUM,2024-12-26T13:51:08,2024-12-26T14:03:06.195358,2024-12-26T16:33:29.876926,CLOSED,,DB-SERVER-01,False
ALT-CSE-01-03022,CSE-01,LOW,2024-11-25T11:02:41,2024-11-25T11:07:52.640527,2024-11-25T12:23:34.971118,CLOSED,,ENDPOINT-01,False
ALT-CSE-01-03023,CSE-01,CRITICAL,2024-11-27T11:41:28,2024-11-27T11:47:12.950082,2024-11-27T12:42:41.415196,CLOSED,CAS-CSE-01-0671,WEB-SERVER-01,False
ALT-CSE-01-03024,CSE-01,LOW,2024-10-22T20:41:07,2024-10-22T20:44:32.939959,2024-10-22T23:36:14.403452,CLOSED,,ENDPOINT-01,False
ALT-CSE-01-03025,CSE-01,CRITICAL,2024-11-24T17:17:06,2024-11-24T17:31:21.007465,2024-11-24T18:12:02.395921,CLOSED,CAS-CSE-01-0672,ENDPOINT-01,False
ALT-CSE-01-03026,CSE-01,LOW,2024-10-28T00:46:28,2024-10-28T00:56:31.149356,2024-10-28T02:39:38.680093,CLOSED,CAS-CSE-01-0673,ROUTER-01,False
ALT-CSE-01-03027,CSE-01,HIGH,2024-11-17T10:46:07,2024-11-17T11:00:26.180199,2024-11-17T12:07:42.954764,CLOSED,,DB-SERVER-01,False
ALT-CSE-01-03028,CSE-01,CRITICAL,2024-10-14T00:44:45,2024-10-14T00:46:47.074612,2024-10-14T01:23:16.487985,CLOSED,CAS-CSE-01-0674,WEB-SERVER-01,False
ALT-CSE-01-03029,CSE-01,HIGH,2024-11-09T19:56:52,2024-11-09T20:10:22.493436,2024-11-09T22:30:15.753902,CLOSED,,FIREWALL-01,False
ALT-CSE-01-03030,CSE-01,MEDIUM,2024-10-27T17:10:13,2024-10-27T17:11:27.571525,2024-10-27T18:33:39.315056,CLOSED,,ENDPOINT-01,False
ALT-CSE-01-03031,CSE-01,MEDIUM,2024-11-15T01:21:33,2024-11-15T01:25:58.428341,2024-11-15T03:48:24.554933,CLOSED,,WEB-SERVER-01,False
ALT-CSE-01-03032,CSE-01,CRITICAL,2024-12-19T19:59:32,2024-12-19T20:13:15.001049,2024-12-19T20:38:20.276533,CLOSED,CAS-CSE-01-0675,DB-SERVER-01,False
ALT-CSE-01-03033,CSE-01,HIGH,2024-12-11T13:46:43,2024-12-11T13:50:17.152090,2024-12-11T15:53:57.605813,CLOSED,,FIREWALL-01,False
ALT-CSE-01-03034,CSE-01,MEDIUM,2024-12-08T00:14:17,2024-12-08T00:20:04.176599,2024-12-08T01:57:03.998027,CLOSED,,ENDPOINT-01,False
ALT-CSE-01-03035,CSE-01,CRITICAL,2024-10-06T00:51:41,2024-10-06T01:04:28.263499,2024-10-06T02:08:25.107890,CLOSED,CAS-CSE-01-0676,FIREWALL-01,False
ALT-CSE-01-03036,CSE-01,HIGH,2024-11-13T13:50:27,2024-11-13T13:53:17.908616,2024-11-13T15:03:21.956372,CLOSED,,DB-SERVER-01,False
ALT-CSE-01-03037,CSE-01,MEDIUM,2024-12-19T14:21:06,2024-12-19T14:28:00.339968,2024-12-19T16:35:10.495790,CLOSED,,ROUTER-01,False
ALT-CSE-01-03038,CSE-01,MEDIUM,2024-12-08T19:14:28,2024-12-08T19:27:25.526669,2024-12-08T20:48:51.698357,CLOSED,,ENDPOINT-01,False
ALT-CSE-01-03039,CSE-01,MEDIUM,2024-12-11T19:14:25,2024-12-11T19:20:28.440278,2024-12-11T20:22:18.262955,CLOSED,,ROUTER-01,False
ALT-CSE-01-03040,CSE-01,HIGH,2024-10-21T09:30:33,2024-10-21T09:36:00.070390,2024-10-21T12:06:32.618534,CLOSED,,ROUTER-01,False
ALT-CSE-01-03041,CSE-01,MEDIUM,2024-12-23T06:18:45,2024-12-23T06:24:36.418318,2024-12-23T07:34:04.586570,CLOSED,CAS-CSE-01-0677,DB-SERVER-01,False
ALT-CSE-01-03042,CSE-01,LOW,2024-10-02T01:48:11,2024-10-02T01:55:11.339794,2024-10-02T04:13:00.038549,CLOSED,,WEB-SERVER-01,False
ALT-CSE-01-03043,CSE-01,CRITICAL,2024-10-03T12:43:16,2024-10-03T12:55:24.896039,2024-10-03T13:32:19.095325,CLOSED,CAS-CSE-01-0678,ROUTER-01,False
ALT-CSE-01-03044,CSE-01,HIGH,2024-11-02T11:03:37,2024-11-02T11:09:06.836472,2024-11-02T14:00:57.510708,CLOSED,,ROUTER-01,False
ALT-CSE-01-03045,CSE-01,HIGH,2024-11-01T06:22:58,2024-11-01T06:24:07.012060,2024-11-01T07:27:07.247495,CLOSED,,ROUTER-01,False
ALT-CSE-01-03046,CSE-01,CRITICAL,2024-10-15T16:46:53,2024-10-15T16:58:35.117123,2024-10-15T17:38:27.866959,CLOSED,,ENDPOINT-01,False
ALT-CSE-01-03047,CSE-01,HIGH,2024-11-06T10:04:49,2024-11-06T10:09:48.985827,2024-11-06T12:49:18.475192,CLOSED,,DB-SERVER-01,False
ALT-CSE-01-03048,CSE-01,LOW,2024-10-30T18:15:36,2024-10-30T18:18:19.058148,2024-10-30T20:30:15.729951,CLOSED,,FIREWALL-01,False
ALT-CSE-01-03049,CSE-01,LOW,2024-12-16T01:03:51,2024-12-16T01:12:24.543739,2024-12-16T02:57:40.525329,CLOSED,,DB-SERVER-01,False
ALT-CSE-01-03050,CSE-01,HIGH,2024-10-25T03:36:17,2024-10-25T03:49:27.110936,2024-10-25T06:27:58.698769,CLOSED,,WEB-SERVER-01,False
ALT-CSE-01-03051,CSE-01,LOW,2024-11-13T22:27:13,2024-11-13T22:38:39.360101,2024-11-14T00:19:19.198970,CLOSED,,WEB-SERVER-01,False
ALT-CSE-01-03052,CSE-01,MEDIUM,2024-11-10T03:50:02,2024-11-10T04:03:24.880258,2024-11-10T06:17:01.489491,CLOSED,,ROUTER-01,False
ALT-CSE-01-03053,CSE-01,HIGH,2024-10-15T17:35:56,2024-10-15T17:43:01.936285,2024-10-15T19:53:22.600991,CLOSED,,ROUTER-01,False
ALT-CSE-01-03054,CSE-01,MEDIUM,2024-12-26T17:38:18,2024-12-26T17:48:23.235850,2024-12-26T19:54:42.517572,CLOSED,,FIREWALL-01,False
ALT-CSE-01-03055,CSE-01,HIGH,2024-11-26T04:24:12,2024-11-26T04:31:27.756527,2024-11-26T06:20:24.775943,CLOSED,CAS-CSE-01-0679,ENDPOINT-01,False
ALT-CSE-01-03056,CSE-01,CRITICAL,2024-10-26T21:57:37,2024-10-26T22:09:04.663268,2024-10-26T22:53:46.610028,CLOSED,CAS-CSE-01-0680,ROUTER-01,False
ALT-CSE-01-03057,CSE-01,MEDIUM,2024-10-12T13:09:13,2024-10-12T13:17:56.668549,2024-10-12T14:55:27.208695,CLOSED,,WEB-SERVER-01,False
ALT-CSE-01-03058,CSE-01,MEDIUM,2024-10-01T07:13:26,2024-10-01T07:15:25.599242,2024-10-01T08:18:44.781836,CLOSED,,FIREWALL-01,False
ALT-CSE-01-03059,CSE-01,MEDIUM,2024-12-25T12:52:25,2024-12-25T12:58:16.698554,2024-12-25T15:21:59.882054,CLOSED,,DB-SERVER-01,False
ALT-CSE-01-03060,CSE-01,CRITICAL,2024-11-09T08:03:58,2024-11-09T08:12:53.808504,2024-11-09T08:38:53.227301,CLOSED,CAS-CSE-01-0681,ENDPOINT-01,False
ALT-CSE-01-03061,CSE-01,HIGH,2024-12-18T05:56:41,2024-12-18T06:08:13.115646,2024-12-18T06:22:04.716401,CLOSED,,ROUTER-01,False
ALT-CSE-01-03062,CSE-01,MEDIUM,2024-10-06T06:18:59,2024-10-06T06:31:09.183958,2024-10-06T07:49:21.077814,CLOSED,,DB-SERVER-01,False
ALT-CSE-01-03063,CSE-01,LOW,2024-10-01T19:48:07,2024-10-01T19:49:44.964608,2024-10-01T22:24:17.767419,CLOSED,,WEB-SERVER-01,False
ALT-CSE-01-03064,CSE-01,HIGH,2024-11-01T12:15:39,2024-11-01T12:28:52.812160,2024-11-01T14:00:08.293818,CLOSED,,ROUTER-01,False
ALT-CSE-01-03065,CSE-01,MEDIUM,2024-12-06T08:39:23,2024-12-06T08:47:07.412419,2024-12-06T09:40:43.853446,CLOSED,,DB-SERVER-01,False
ALT-CSE-01-03066,CSE-01,CRITICAL,2024-11-30T01:09:28,2024-11-30T01:18:21.295270,2024-11-30T01:55:30.770194,CLOSED,,WEB-SERVER-01,False
ALT-CSE-01-03067,CSE-01,MEDIUM,2024-12-28T20:49:29,2024-12-28T20:54:06.688515,2024-12-28T21:59:26.890899,CLOSED,,ENDPOINT-01,False
ALT-CSE-01-03068,CSE-01,HIGH,2024-12-24T03:29:11,2024-12-24T03:43:08.450598,2024-12-24T05:18:09.019970,CLOSED,,WEB-SERVER-01,False
ALT-CSE-01-03069,CSE-01,HIGH,2024-10-24T03:56:30,2024-10-24T04:10:08.706631,2024-10-24T05:02:58.450382,CLOSED,CAS-CSE-01-0682,ENDPOINT-01,False
ALT-CSE-01-03070,CSE-01,HIGH,2024-10-05T10:21:54,2024-10-05T10:24:29.085875,2024-10-05T11:45:26.897845,CLOSED,,ROUTER-01,False
ALT-CSE-01-03071,CSE-01,MEDIUM,2024-12-24T05:42:06,2024-12-24T05:54:47.642342,2024-12-24T08:10:11.130305,CLOSED,,DB-SERVER-01,False
ALT-CSE-01-03072,CSE-01,LOW,2024-10-28T15:45:41,2024-10-28T15:56:29.297079,2024-10-28T17:27:43.746284,CLOSED,,ROUTER-01,False
ALT-CSE-01-03073,CSE-01,HIGH,2024-10-15T17:57:44,2024-10-15T18:01:09.563701,2024-10-15T20:18:01.330294,CLOSED,,DB-SERVER-01,False
ALT-CSE-01-03074,CSE-01,MEDIUM,2024-10-01T06:02:06,2024-10-01T06:13:22.213451,2024-10-01T08:36:09.731727,CLOSED,,DB-SERVER-01,False
ALT-CSE-01-03075,CSE-01,CRITICAL,2024-12-28T01:57:30,2024-12-28T01:59:49.961632,2024-12-28T03:00:28.144121,CLOSED,CAS-CSE-01-0683,FIREWALL-01,False
ALT-CSE-01-03076,CSE-01,LOW,2024-10-27T00:31:01,2024-10-27T00:41:12.095023,2024-10-27T02:32:36.034375,CLOSED,CAS-CSE-01-0684,WEB-SERVER-01,False
ALT-CSE-01-03077,CSE-01,LOW,2024-10-20T09:04:32,2024-10-20T09:08:58.605960,2024-10-20T10:53:22.816351,CLOSED,,WEB-SERVER-01,False
ALT-CSE-01-03078,CSE-01,MEDIUM,2024-12-12T08:43:17,2024-12-12T08:56:17.424918,2024-12-12T11:26:12.006100,CLOSED,,WEB-SERVER-01,False
ALT-CSE-01-03079,CSE-01,HIGH,2024-12-19T01:01:20,2024-12-19T01:05:48.624896,2024-12-19T03:03:31.199558,CLOSED,,WEB-SERVER-01,False
ALT-CSE-01-03080,CSE-01,LOW,2024-10-21T08:27:02,2024-10-21T08:30:28.687099,2024-10-21T09:46:56.568746,CLOSED,,DB-SERVER-01,False
ALT-CSE-01-03081,CSE-01,LOW,2024-10-05T04:55:49,2024-10-05T04:57:24.004286,2024-10-05T07:19:42.922785,CLOSED,,DB-SERVER-01,False
ALT-CSE-01-03082,CSE-01,HIGH,2024-12-09T01:57:13,2024-12-09T02:04:16.905114,2024-12-09T03:31:22.037398,CLOSED,,ENDPOINT-01,False
ALT-CSE-01-03083,CSE-01,MEDIUM,2024-12-06T16:40:31,2024-12-06T16:46:33.309194,2024-12-06T18:27:17.454218,CLOSED,,ROUTER-01,False
ALT-CSE-01-03084,CSE-01,CRITICAL,2024-10-16T23:36:50,2024-10-16T23:47:59.010217,2024-10-17T00:12:33.619667,CLOSED,CAS-CSE-01-0685,ENDPOINT-01,False
ALT-CSE-01-03085,CSE-01,MEDIUM,2024-12-23T03:49:42,2024-12-23T03:58:14.024123,2024-12-23T05:38:49.862316,CLOSED,,FIREWALL-01,False
ALT-CSE-01-03086,CSE-01,MEDIUM,2024-11-28T13:49:58,2024-11-28T13:58:24.943725,2024-11-28T15:27:05.589319,CLOSED,,ROUTER-01,False
ALT-CSE-01-03087,CSE-01,CRITICAL,2024-11-30T10:09:31,2024-11-30T10:21:01.467858,2024-11-30T11:02:37.119061,CLOSED,,FIREWALL-01,False
ALT-CSE-01-03088,CSE-01,MEDIUM,2024-10-31T05:17:28,2024-10-31T05:31:10.482721,2024-10-31T06:42:23.164486,CLOSED,,ENDPOINT-01,False
ALT-CSE-01-03089,CSE-01,CRITICAL,2024-11-14T17:30:40,2024-11-14T17:42:46.965576,2024-11-14T18:25:18.274486,CLOSED,CAS-CSE-01-0686,WEB-SERVER-01,False
ALT-CSE-01-03090,CSE-01,MEDIUM,2024-11-26T08:35:31,2024-11-26T08:39:58.957143,2024-11-26T10:48:08.636878,CLOSED,CAS-CSE-01-0687,ROUTER-01,False
ALT-CSE-01-03091,CSE-01,HIGH,2024-12-25T13:15:46,2024-12-25T13:19:21.967024,2024-12-25T15:07:03.006813,CLOSED,,WEB-SERVER-01,False
ALT-CSE-01-03092,CSE-01,MEDIUM,2024-12-11T23:16:00,2024-12-11T23:30:12.437746,2024-12-12T01:15:56.953429,CLOSED,,FIREWALL-01,False
ALT-CSE-01-03093,CSE-01,LOW,2024-10-29T10:33:03,2024-10-29T10:47:11.401856,2024-10-29T13:02:25.893019,CLOSED,,DB-SERVER-01,False
ALT-CSE-01-03094,CSE-01,LOW,2024-12-25T05:46:46,2024-12-25T05:59:44.794139,2024-12-25T08:27:36.693451,CLOSED,,ENDPOINT-01,False
ALT-CSE-01-03095,CSE-01,LOW,2024-10-07T18:59:44,2024-10-07T19:13:26.141065,2024-10-07T21:36:57.639648,CLOSED,,ENDPOINT-01,False
ALT-CSE-01-03096,CSE-01,LOW,2024-11-20T00:53:48,2024-11-20T01:04:58.433174,2024-11-20T02:37:00.967171,CLOSED,,ROUTER-01,False
ALT-CSE-01-03097,CSE-01,LOW,2024-11-21T18:15:21,2024-11-21T18:18:53.540801,2024-11-21T19:39:55.143361,CLOSED,,WEB-SERVER-01,False
ALT-CSE-01-03098,CSE-01,CRITICAL,2024-12-28T01:27:23,2024-12-28T01:39:47.207151,2024-12-28T02:25:19.014577,CLOSED,CAS-CSE-01-0688,ROUTER-01,False
ALT-CSE-01-03099,CSE-01,CRITICAL,2024-12-28T04:34:14,2024-12-28T04:39:42.292465,2024-12-28T05:41:14.172968,CLOSED,CAS-CSE-01-0689,WEB-SERVER-01,False
ALT-CSE-01-03100,CSE-01,MEDIUM,2024-10-11T10:48:01,2024-10-11T11:02:51.963255,2024-10-11T12:29:35.674331,CLOSED,,ENDPOINT-01,False
ALT-CSE-01-03101,CSE-01,HIGH,2024-12-28T01:05:40,2024-12-28T01:19:04.364810,2024-12-28T02:49:48.886504,CLOSED,,DB-SERVER-01,False
ALT-CSE-01-03102,CSE-01,HIGH,2024-11-18T13:03:35,2024-11-18T13:09:24.989776,2024-11-18T16:02:41.538514,CLOSED,CAS-CSE-01-0690,DB-SERVER-01,False
ALT-CSE-01-03103,CSE-01,HIGH,2024-10-06T15:54:48,2024-10-06T16:03:26.440218,2024-10-06T18:24:55.052922,CLOSED,,FIREWALL-01,False
ALT-CSE-01-03104,CSE-01,HIGH,2024-10-28T20:34:48,2024-10-28T20:36:13.954697,2024-10-28T21:53:54.496038,CLOSED,,DB-SERVER-01,False
ALT-CSE-01-03105,CSE-01,LOW,2024-10-22T04:14:50,2024-10-22T04:22:58.380459,2024-10-22T06:03:05.094365,CLOSED,,DB-SERVER-01,False
ALT-CSE-01-03106,CSE-01,LOW,2024-10-05T12:46:56,2024-10-05T12:57:35.971219,2024-10-05T15:57:40.591148,CLOSED,,FIREWALL-01,False
ALT-CSE-01-03107,CSE-01,HIGH,2024-10-27T04:40:49,2024-10-27T04:54:41.293520,2024-10-27T07:49:11.376722,CLOSED,CAS-CSE-01-0691,ROUTER-01,False
ALT-CSE-01-03108,CSE-01,LOW,2024-10-10T08:17:46,2024-10-10T08:28:09.410005,2024-10-10T11:23:50.778477,CLOSED,,ROUTER-01,False
ALT-CSE-01-03109,CSE-01,LOW,2024-12-24T16:30:00,2024-12-24T16:39:15.760198,2024-12-24T18:45:52.046437,CLOSED,,WEB-SERVER-01,False
ALT-CSE-01-03110,CSE-01,CRITICAL,2024-12-06T06:39:38,2024-12-06T06:42:34.950425,2024-12-06T07:34:15.705701,CLOSED,CAS-CSE-01-0692,WEB-SERVER-01,False
ALT-CSE-01-03111,CSE-01,MEDIUM,2024-10-27T02:05:37,2024-10-27T02:15:17.014683,2024-10-27T04:34:45.183441,CLOSED,,FIREWALL-01,False
ALT-CSE-01-03112,CSE-01,MEDIUM,2024-11-18T20:15:55,2024-11-18T20:28:15.467708,2024-11-18T21:39:20.615283,CLOSED,,FIREWALL-01,False
ALT-CSE-01-03113,CSE-01,CRITICAL,2024-11-04T15:42:45,2024-11-04T15:54:44.660383,2024-11-04T16:38:48.781924,CLOSED,CAS-CSE-01-0693,FIREWALL-01,False
ALT-CSE-01-03114,CSE-01,HIGH,2024-10-21T16:50:18,2024-10-21T16:55:46.001735,2024-10-21T19:14:35.074865,CLOSED,CAS-CSE-01-0694,ENDPOINT-01,False
ALT-CSE-01-03115,CSE-01,HIGH,2024-12-26T14:12:53,2024-12-26T14:26:28.074103,2024-12-26T16:56:39.577217,CLOSED,,ENDPOINT-01,False
ALT-CSE-01-03116,CSE-01,HIGH,2024-11-30T00:26:59,2024-11-30T00:31:56.517008,2024-11-30T01:47:36.867404,CLOSED,,WEB-SERVER-01,False
ALT-CSE-01-03117,CSE-01,LOW,2024-12-28T08:24:14,2024-12-28T08:33:46.894561,2024-12-28T09:14:36.805497,CLOSED,,ROUTER-01,False
ALT-CSE-01-03118,CSE-01,HIGH,2024-11-20T23:31:36,2024-11-20T23:45:00.224945,2024-11-21T01:33:57.031282,CLOSED,,FIREWALL-01,False
ALT-CSE-01-03119,CSE-01,MEDIUM,2024-10-13T08:34:31,2024-10-13T08:38:05.792081,2024-10-13T10:43:11.705355,CLOSED,,FIREWALL-01,False
ALT-CSE-01-03120,CSE-01,HIGH,2024-12-13T08:28:36,2024-12-13T08:41:00.609695,2024-12-13T10:39:59.644379,CLOSED,,ROUTER-01,False
ALT-CSE-01-03121,CSE-01,HIGH,2024-11-17T14:50:50,2024-11-17T15:02:12.809236,2024-11-17T16:39:07.386089,CLOSED,,ROUTER-01,False
ALT-CSE-01-03122,CSE-01,MEDIUM,2024-12-20T10:21:28,2024-12-20T10:26:50.822377,2024-12-20T12:23:23.579827,CLOSED,CAS-CSE-01-0695,FIREWALL-01,False
ALT-CSE-01-03123,CSE-01,HIGH,2024-11-13T15:44:30,2024-11-13T15:58:06.843415,2024-11-13T18:05:32.109970,CLOSED,,FIREWALL-01,False
ALT-CSE-01-03124,CSE-01,MEDIUM,2024-10-05T01:50:45,2024-10-05T02:00:42.236982,2024-10-05T05:06:11.155749,CLOSED,,FIREWALL-01,False
ALT-CSE-01-03125,CSE-01,MEDIUM,2024-10-17T22:22:23,2024-10-17T22:25:56.745425,2024-10-18T00:11:31.319229,CLOSED,,ENDPOINT-01,False
ALT-CSE-01-03126,CSE-01,HIGH,2024-12-02T17:11:29,2024-12-02T17:14:34.973653,2024-12-02T19:39:33.246522,CLOSED,,DB-SERVER-01,False
ALT-CSE-01-03127,CSE-01,LOW,2024-12-10T23:31:43,2024-12-10T23:32:55.001146,2024-12-11T02:09:23.912408,CLOSED,,FIREWALL-01,False
ALT-CSE-01-03128,CSE-01,LOW,2024-10-13T14:22:10,2024-10-13T14:29:32.248278,2024-10-13T16:17:13.535832,CLOSED,,FIREWALL-01,False
ALT-CSE-01-03129,CSE-01,HIGH,2024-12-08T00:00:29,2024-12-08T00:06:25.827489,2024-12-08T02:14:42.657834,CLOSED,CAS-CSE-01-0696,DB-SERVER-01,False
ALT-CSE-01-03130,CSE-01,MEDIUM,2024-11-05T21:33:54,2024-11-05T21:45:50.227287,2024-11-05T22:45:26.052165,CLOSED,,WEB-SERVER-01,False
ALT-CSE-01-03131,CSE-01,CRITICAL,2024-11-01T19:02:30,2024-11-01T19:12:01.985663,2024-11-01T19:39:55.658482,CLOSED,CAS-CSE-01-0697,ENDPOINT-01,False
ALT-CSE-01-03132,CSE-01,MEDIUM,2024-11-17T13:05:23,2024-11-17T13:18:07.839700,2024-11-17T15:47:15.460813,CLOSED,,DB-SERVER-01,False
ALT-CSE-01-03133,CSE-01,HIGH,2024-11-02T01:12:27,2024-11-02T01:13:49.497247,2024-11-02T03:09:47.287244,CLOSED,,FIREWALL-01,False
ALT-CSE-01-03134,CSE-01,HIGH,2024-12-11T05:13:59,2024-12-11T05:17:10.722820,2024-12-11T07:43:09.902463,CLOSED,,WEB-SERVER-01,False
ALT-CSE-01-03135,CSE-01,HIGH,2024-10-30T10:46:49,2024-10-30T10:50:15.751899,2024-10-30T13:29:43.768367,CLOSED,,ROUTER-01,False
ALT-CSE-01-03136,CSE-01,MEDIUM,2024-10-31T21:34:49,2024-10-31T21:44:40.499754,2024-10-31T23:26:09.966810,CLOSED,,WEB-SERVER-01,False
ALT-CSE-01-03137,CSE-01,CRITICAL,2024-10-02T02:24:55,2024-10-02T02:36:33.278840,2024-10-02T03:14:58.092119,CLOSED,CAS-CSE-01-0698,ENDPOINT-01,False
ALT-CSE-01-03138,CSE-01,MEDIUM,2024-11-26T14:38:41,2024-11-26T14:43:32.291223,2024-11-26T18:05:10.385568,CLOSED,,FIREWALL-01,False
ALT-CSE-01-03139,CSE-01,MEDIUM,2024-11-29T16:38:41,2024-11-29T16:46:12.997168,2024-11-29T18:13:35.161095,CLOSED,,WEB-SERVER-01,False
ALT-CSE-01-03140,CSE-01,LOW,2024-11-14T02:27:20,2024-11-14T02:33:25.401422,2024-11-14T04:29:40.069710,CLOSED,,FIREWALL-01,False
ALT-CSE-01-03141,CSE-01,HIGH,2024-11-18T03:26:45,2024-11-18T03:35:39.410806,2024-11-18T05:28:02.794596,CLOSED,,ENDPOINT-01,False
ALT-CSE-01-03142,CSE-01,MEDIUM,2024-10-04T13:32:56,2024-10-04T13:37:35.952049,2024-10-04T15:47:39.520531,CLOSED,,DB-SERVER-01,False
ALT-CSE-01-03143,CSE-01,LOW,2024-11-27T01:10:31,2024-11-27T01:15:39.285395,2024-11-27T02:48:23.852320,CLOSED,,DB-SERVER-01,False
ALT-CSE-01-03144,CSE-01,HIGH,2024-11-29T15:29:45,2024-11-29T15:44:17.195432,2024-11-29T17:16:12.865851,CLOSED,,FIREWALL-01,False
ALT-CSE-01-03145,CSE-01,LOW,2024-11-08T04:12:17,2024-11-08T04:27:12.089133,2024-11-08T06:26:55.159678,CLOSED,,ENDPOINT-01,False
ALT-CSE-01-03146,CSE-01,LOW,2024-10-08T07:28:05,2024-10-08T07:37:57.034154,2024-10-08T09:06:52.089994,CLOSED,,DB-SERVER-01,False
ALT-CSE-01-03147,CSE-01,CRITICAL,2024-10-03T08:11:53,2024-10-03T08:26:26.781894,2024-10-03T08:50:30.677476,CLOSED,CAS-CSE-01-0699,WEB-SERVER-01,False
ALT-CSE-01-03148,CSE-01,HIGH,2024-11-04T20:20:00,2024-11-04T20:29:35.956057,2024-11-04T22:49:50.697366,CLOSED,,WEB-SERVER-01,False
ALT-CSE-01-03149,CSE-01,HIGH,2024-12-13T08:59:37,2024-12-13T09:12:23.945371,2024-12-13T11:16:32.930761,CLOSED,,DB-SERVER-01,False
ALT-CSE-01-03150,CSE-01,LOW,2024-12-14T13:09:37,2024-12-14T13:14:29.193533,2024-12-14T15:49:50.464183,CLOSED,,DB-SERVER-01,False
ALT-CSE-01-03151,CSE-01,HIGH,2024-12-03T21:20:26,2024-12-03T21:30:11.372265,2024-12-03T23:29:58.752389,CLOSED,,FIREWALL-01,False
ALT-CSE-01-03152,CSE-01,HIGH,2024-11-30T16:08:09,2024-11-30T16:23:02.560202,2024-11-30T18:06:50.276902,CLOSED,,FIREWALL-01,False
ALT-CSE-01-03153,CSE-01,MEDIUM,2024-12-18T05:43:39,2024-12-18T05:54:33.001386,2024-12-18T07:44:10.595117,CLOSED,,WEB-SERVER-01,False
ALT-CSE-01-03154,CSE-01,MEDIUM,2024-11-13T13:27:35,2024-11-13T13:35:17.911952,2024-11-13T15:28:14.460316,CLOSED,CAS-CSE-01-0700,ENDPOINT-01,False
ALT-CSE-01-03155,CSE-01,MEDIUM,2024-10-07T22:21:09,2024-10-07T22:33:45.472555,2024-10-08T01:00:59.693187,CLOSED,,ENDPOINT-01,False
ALT-CSE-01-03156,CSE-01,MEDIUM,2024-11-04T09:27:25,2024-11-04T09:29:54.406803,2024-11-04T11:49:06.503346,CLOSED,,ROUTER-01,False
ALT-CSE-01-03157,CSE-01,MEDIUM,2024-10-14T22:32:21,2024-10-14T22:39:00.819258,2024-10-15T01:07:20.958387,CLOSED,,ROUTER-01,False
ALT-CSE-01-03158,CSE-01,HIGH,2024-12-20T19:54:25,2024-12-20T20:01:55.320192,2024-12-20T21:29:30.566485,CLOSED,,WEB-SERVER-01,False
ALT-CSE-01-03159,CSE-01,HIGH,2024-10-15T00:24:54,2024-10-15T00:30:16.937068,2024-10-15T03:21:37.769361,CLOSED,CAS-CSE-01-0701,WEB-SERVER-01,False
ALT-CSE-01-03160,CSE-01,LOW,2024-11-23T01:41:45,2024-11-23T01:48:57.208390,2024-11-23T03:50:16.882634,CLOSED,,ROUTER-01,False
ALT-CSE-01-03161,CSE-01,HIGH,2024-10-02T07:22:56,2024-10-02T07:32:21.424964,2024-10-02T09:40:46.605743,CLOSED,,ENDPOINT-01,False
ALT-CSE-01-03162,CSE-01,LOW,2024-11-24T08:15:19,2024-11-24T08:25:08.831044,2024-11-24T10:09:45.506052,CLOSED,,ROUTER-01,False
ALT-CSE-01-03163,CSE-01,MEDIUM,2024-11-10T09:10:07,2024-11-10T09:19:11.916970,2024-11-10T10:58:03.174568,CLOSED,,ENDPOINT-01,False
ALT-CSE-01-03164,CSE-01,LOW,2024-10-05T04:36:10,2024-10-05T04:38:56.345986,2024-10-05T07:05:33.322430,CLOSED,,FIREWALL-01,False
ALT-CSE-01-03165,CSE-01,MEDIUM,2024-12-21T15:12:41,2024-12-21T15:20:00.195642,2024-12-21T16:56:49.974093,CLOSED,CAS-CSE-01-0702,FIREWALL-01,False
ALT-CSE-01-03166,CSE-01,MEDIUM,2024-10-26T19:04:52,2024-10-26T19:15:00.154460,2024-10-26T21:11:20.021895,CLOSED,,WEB-SERVER-01,False
ALT-CSE-01-03167,CSE-01,CRITICAL,2024-10-17T05:14:28,2024-10-17T05:29:24.151856,2024-10-17T06:18:43.463350,CLOSED,,ROUTER-01,False
ALT-CSE-01-03168,CSE-01,HIGH,2024-12-09T00:55:32,2024-12-09T00:58:27.840639,2024-12-09T01:56:21.358330,CLOSED,,DB-SERVER-01,False
ALT-CSE-01-03169,CSE-01,HIGH,2024-11-21T07:32:52,2024-11-21T07:37:45.230212,2024-11-21T08:55:29.129290,CLOSED,,ENDPOINT-01,False
ALT-CSE-01-03170,CSE-01,HIGH,2024-10-06T17:46:29,2024-10-06T18:01:02.966662,2024-10-06T19:46:54.207670,CLOSED,,ENDPOINT-01,False
ALT-CSE-01-03171,CSE-01,HIGH,2024-11-04T15:43:21,2024-11-04T15:48:24.937638,2024-11-04T18:28:20.654619,CLOSED,,FIREWALL-01,False
ALT-CSE-01-03172,CSE-01,HIGH,2024-11-20T14:57:23,2024-11-20T15:03:57.697175,2024-11-20T16:16:01.942710,CLOSED,,FIREWALL-01,False
ALT-CSE-01-03173,CSE-01,LOW,2024-11-09T10:43:10,2024-11-09T10:48:35.904541,2024-11-09T12:00:44.181961,CLOSED,,WEB-SERVER-01,False
ALT-CSE-01-03174,CSE-01,MEDIUM,2024-11-03T23:47:13,2024-11-03T23:50:58.523204,2024-11-04T01:10:40.757262,CLOSED,,FIREWALL-01,False
ALT-CSE-01-03175,CSE-01,HIGH,2024-10-13T21:27:58,2024-10-13T21:37:12.478869,2024-10-13T23:59:43.482500,CLOSED,,WEB-SERVER-01,False
ALT-CSE-01-03176,CSE-01,HIGH,2024-10-07T12:21:29,2024-10-07T12:26:20.360348,2024-10-07T14:20:36.017231,CLOSED,,FIREWALL-01,False
ALT-CSE-01-03177,CSE-01,HIGH,2024-11-21T19:11:20,2024-11-21T19:23:17.904545,2024-11-21T22:20:00.240319,CLOSED,,WEB-SERVER-01,False
ALT-CSE-01-03178,CSE-01,MEDIUM,2024-10-28T13:06:32,2024-10-28T13:10:08.254817,2024-10-28T14:58:36.378025,CLOSED,,ROUTER-01,False
ALT-CSE-01-03179,CSE-01,HIGH,2024-10-19T21:29:17,2024-10-19T21:30:25.168151,2024-10-19T23:18:46.295315,CLOSED,,ROUTER-01,False
ALT-CSE-01-03180,CSE-01,MEDIUM,2024-11-23T17:42:59,2024-11-23T17:53:07.142015,2024-11-23T20:08:25.640694,CLOSED,,WEB-SERVER-01,False
ALT-CSE-01-03181,CSE-01,LOW,2024-12-16T06:29:47,2024-12-16T06:41:36.842293,2024-12-16T08:26:44.764447,CLOSED,CAS-CSE-01-0703,FIREWALL-01,False
ALT-CSE-01-03182,CSE-01,LOW,2024-10-16T08:14:49,2024-10-16T08:29:47.709293,2024-10-16T10:09:46.455188,CLOSED,,ROUTER-01,False
ALT-CSE-01-03183,CSE-01,HIGH,2024-12-07T17:22:11,2024-12-07T17:30:39.948948,2024-12-07T19:32:12.482757,CLOSED,,DB-SERVER-01,False
ALT-CSE-01-03184,CSE-01,MEDIUM,2024-11-30T12:27:54,2024-11-30T12:34:25.774340,2024-11-30T13:45:45.948973,CLOSED,,FIREWALL-01,False
ALT-CSE-01-03185,CSE-01,MEDIUM,2024-11-04T18:27:31,2024-11-04T18:29:41.230298,2024-11-04T19:36:16.302368,CLOSED,,ENDPOINT-01,False
ALT-CSE-01-03186,CSE-01,MEDIUM,2024-11-06T05:42:33,2024-11-06T05:56:17.329629,2024-11-06T06:05:52.718722,CLOSED,,WEB-SERVER-01,False
ALT-CSE-01-03187,CSE-01,MEDIUM,2024-12-29T20:54:55,2024-12-29T21:00:58.978890,2024-12-29T23:28:55.085325,CLOSED,,ENDPOINT-01,False
ALT-CSE-01-03188,CSE-01,LOW,2024-12-21T03:43:00,2024-12-21T03:45:19.547713,2024-12-21T04:56:12.205271,CLOSED,,ENDPOINT-01,False
ALT-CSE-01-03189,CSE-01,HIGH,2024-10-02T12:27:40,2024-10-02T12:41:14.132358,2024-10-02T14:10:49.152809,CLOSED,,ROUTER-01,False
ALT-CSE-01-03190,CSE-01,HIGH,2024-12-12T12:30:29,2024-12-12T12:40:36.253058,2024-12-12T15:56:17.909419,CLOSED,,ROUTER-01,False
ALT-CSE-01-03191,CSE-01,CRITICAL,2024-12-06T05:27:39,2024-12-06T05:42:08.189626,2024-12-06T06:07:09.131175,CLOSED,CAS-CSE-01-0704,ENDPOINT-01,False
ALT-CSE-01-03192,CSE-01,LOW,2024-12-24T11:30:34,2024-12-24T11:36:17.242462,2024-12-24T14:23:12.984324,CLOSED,,FIREWALL-01,False
ALT-CSE-01-03193,CSE-01,HIGH,2024-10-28T03:51:06,2024-10-28T03:59:55.173330,2024-10-28T05:51:42.366622,CLOSED,,WEB-SERVER-01,False
ALT-CSE-01-03194,CSE-01,MEDIUM,2024-12-20T16:51:59,2024-12-20T17:01:58.298919,2024-12-20T18:45:57.630493,CLOSED,,ROUTER-01,False
ALT-CSE-01-03195,CSE-01,HIGH,2024-11-20T10:43:10,2024-11-20T10:46:25.624817,2024-11-20T12:46:14.812593,CLOSED,,DB-SERVER-01,False
ALT-CSE-01-03196,CSE-01,LOW,2024-10-27T13:11:06,2024-10-27T13:18:10.805887,2024-10-27T14:08:32.213350,CLOSED,CAS-CSE-01-0705,FIREWALL-01,False
ALT-CSE-01-03197,CSE-01,HIGH,2024-12-11T06:05:08,2024-12-11T06:14:32.035497,2024-12-11T08:43:08.427474,CLOSED,,DB-SERVER-01,False
ALT-CSE-01-03198,CSE-01,HIGH,2024-10-08T06:46:05,2024-10-08T06:55:02.073713,2024-10-08T09:07:43.121326,CLOSED,,WEB-SERVER-01,False
ALT-CSE-01-03199,CSE-01,MEDIUM,2024-10-19T02:03:06,2024-10-19T02:16:13.679244,2024-10-19T04:51:53.703851,CLOSED,,FIREWALL-01,False
